fecha,const,D.ln_terminos_intercambio.L0,D.ln_remesas_12m.L1,D.diferencial_tasas_pp.L1,D.deficit_fiscal_12m_pct_pib.L1,D.ln_dolar_amplio.L0,D.ln_vix.L0,D.embig_colombia_pp.L0,D.ln_reservas_netas_sin_flar.L1,D.asinh_balanza_comercial.L1,D.asinh_flujos_capital.L1,D.diferencial_bei_5y_pp.L1,factor_monedas_regionales_4.L0,D.yield_real_10y_tips_pct.L0,D.yield_2y_us_pct.L0,D.yield_10y_us_pct.L0,D.spread_10y_2y_us_pct.L0,D.ln_brent_global.L0,D.ln_commodities_global.L0,D.epu_global.L0,D.estres_financiero_stl.L0,D.ln_empleo_manufactura_us.L0,D.ln_produccion_industrial_us.L0,dummy_pandemia_2020,ajuste_total
2006-05-01,0.003217562237414923,0.0002621550765105142,0.0009646396060871833,0.0007061379642309836,8.607768725321397e-05,-0.004255076002313166,0.0038751773465047173,0.003614803263114263,0.0007052888652593337,0.0021505562355708958,-0.00014081700109141348,-0.0006012446133448009,-0.002709352630425704,-0.002180436324571518,-38.76645387474329,58.461784763449614,-19.688231311199434,0.00012797007057703563,-0.004842139318471435,9.875366362920112e-05,-0.00023784002279523384,-0.0013193640490743773,-8.867749590838736e-05,-0.0,0.006533752065042878
2006-06-01,0.003217562237414923,6.94331088587793e-05,0.004261460016935842,-0.00032459567710617723,-5.789529662491683e-05,0.0022636419549733784,0.0030667153468397403,0.010390305688523293,0.00784248679525504,-0.0031385896738004957,-0.0006489181690366118,-0.0019123247530861028,0.011831360365972526,-0.004934299085150464,-75.17452951300693,-1.7812078056332095,76.95065381571644,0.00032752117630753037,0.0031061687100602114,-0.00013050394748264773,-0.0006437229065237385,0.0005738989291947613,-0.0011032262646155715,-0.0,0.028972975633205344
2006-07-01,0.003217562237414923,-0.0007144534020360498,0.003042780906749073,-0.00014616296571447643,1.5951289159116187e-05,-0.00048458824452980866,-0.0019261609759177224,-0.0007377345756488286,0.002104801436934945,-0.001922411117116716,0.0005611185790918986,0.0002027716124340374,-0.012581150360138571,0.0013303257337415385,1.6244431006453395,-9.229005278635706,7.60613831974579,-0.001335772010605901,-0.004998025875677671,4.6660125068138785e-05,0.000208558532919851,-0.0014355055571373032,0.0001789314110471703,-0.0,-0.013796361464537762
2006-08-01,0.003217562237414923,0.001005089809756084,0.00215048356664207,0.00029422415176290855,-1.583051699678639e-05,-0.001389939967480085,-0.0026867485737146393,-0.007738073993273345,-0.0035527326752511643,-0.008017576617573036,0.000837575099280951,0.00029100569888552123,-0.005978628629246173,0.012750478972663454,105.20715527132792,-103.2415447341805,-1.9784130646098286,0.00011211226613440318,-0.0007039367204782279,0.00012113215940445943,0.00036212083212043734,-0.0017835446087093203,-0.0015281732595316265,-0.0,-0.025055928230588782
2006-09-01,0.003217562237414923,0.001928255133182168,0.0014535980691301588,-0.0002494261518815912,2.1976251825852176e-06,0.0005142583640207235,-0.0017823193849781148,0.002397528621231607,-0.004516634531525715,0.005658314504942234,-0.0001653938685672386,-0.0018987198835821433,0.002121595517187358,-0.0016890122286927144,65.79973137795633,-77.08127844595738,11.274777161947966,0.003100728276360852,0.011220066547132576,4.491395101588747e-05,-0.0003019133047982603,-0.001960642908605528,0.0005803183402234464,-0.0,0.012905368871308042
2006-10-01,0.003217562237414923,0.00014736459108466177,0.0014606028283520394,-0.0005979394051955891,-2.735932548987202e-05,0.0006404627989836287,-0.0014572876729035142,-0.006152000747541285,-0.0004691112022920222,-0.0013656691976922796,-0.0003211189494700335,-0.0021774507009131787,-0.006825312223489652,-0.005423363401457231,-13.068938318747666,4.917895177639962,8.15472165795292,0.0012862630737209527,0.002061657656282638,-3.868527623175165e-05,0.00032433895349931994,-0.003007780945172782,0.0004004307972016658,-0.0,-0.014645879266093013
2006-11-01,0.003217562237414923,9.855188837875034e-05,0.001884477650726313,-0.0009111457602980418,2.860063518297389e-05,-0.0015409271096487969,-0.0008609327111675003,0.0020457521958570546,-0.00184923110051157,-0.0042041457343387715,0.0004569146615074216,-0.000658325429339229,-0.0030809376323280716,0.007051611306169728,27.023491701401866,-65.47896056915648,38.44354802111495,-0.0003033966368289761,-0.0033293644895428793,3.0032885703179977e-05,-2.6697200834594718e-05,-0.0019726431544365985,0.0001467169500464312,-0.0,-0.015698373187960236
2006-12-01,0.003217562237414923,-0.0011486076100464355,0.0015618531722751108,-0.0008541991502794157,-4.62920678758177e-05,-0.001390088856818806,0.00026275550832587866,-0.0020336409215958606,-0.0047243947091199735,0.004048897505990442,1.1880923620185594e-05,0.0018318074906022242,-0.004281529500767388,0.002442371857068732,32.772650265433676,-15.04239778713041,-17.73061274522839,-0.0011359814316930395,-0.0022974711889314357,1.8137974219154024e-05,-0.00014762484173497253,-0.0014535242506498102,-0.0035408729346609255,-0.0,-0.010019227719783683
2007-01-01,0.003217562237414923,0.0017389207151847351,0.0010949909101873124,-0.00043393316834194326,-9.372237867573963e-06,0.0020071039088588685,0.0001381069301390854,-0.003968514287118447,0.00025279253181477977,-0.008202538312068271,-8.132847849047264e-05,-0.00027948908943517054,0.001955355316629722,-0.010983004073200157,-99.174208454774,95.43163358640585,3.751327554436398,0.0028133563955958594,0.005384807787713131,-9.26767163282571e-05,0.00044641991347575216,-0.0002910161010647712,0.0011843428925333082,-0.0,0.004644573143879917
2007-02-01,0.003217562237414923,-0.0014654658477160948,0.0015266121790033864,-0.0005341592019747277,-8.275127297319374e-05,-0.000688101453697108,0.00019794368277160123,-0.0003728509583753552,-0.014460627233108819,0.010121605224891177,0.0007995001029764017,0.00017533488703306972,-0.0027309498554336006,0.004491840415391643,13.328262066742468,-18.051856030163858,4.721085114485038,-0.0012928033653440403,-0.007132812772901736,0.00011909430234572697,0.0003452695589536424,-0.0006406013365155962,-0.0032717338164342117,-0.0,-0.014186943460045585
2007-03-01,0.003217562237414923,-0.00010540093257839327,0.0013870291852633163,-0.0008565176908301738,8.821657015852108e-08,-0.0008985309611800687,0.0059798129992980325,0.0019075256961369744,-0.015328661767756772,-0.00472659722730178,0.00017832333465087475,-0.0013379302269047216,-0.0015887909698178114,0.010837877629519254,134.70645483094273,-77.35531041605479,-57.356164104380625,-0.0013949337107293112,-0.0030994944684786534,-0.0001252706573080725,-0.0010566111357512415,-0.0016912749538069082,-0.0006227532533511987,-0.0,-0.014344238149632905
2007-04-01,0.003217562237414923,-0.0013362991704802285,0.000570166704481551,-0.0009589402365636774,1.928794413570364e-05,-0.002693216631776319,-0.0030988862211836893,-0.0069729345115930545,-0.017482174041246953,-0.0031543683769532658,0.0002230400222467479,-2.142806775255147e-05,-0.00899229117527632,-0.0046540752609698696,-45.28379788094788,63.25245081211584,-17.961509965290222,-0.0015577202167166204,-0.007494808060897351,5.974269650680478e-05,0.0006301820862604327,-0.001460817140437469,-0.0023357775044423597,-0.0,-0.050350789047509135
2007-05-01,0.003217562237414923,-0.0011315941501105274,0.0013409670821698768,-0.0007471395234443927,-2.866197532549714e-05,-0.0017971955153169527,0.000541833424242374,-0.003023605948162456,-0.009203110034237363,0.004409293206792575,-0.0005723254937160056,0.0002669228580172981,-0.010157966206392796,-0.006957220123287828,-49.01218837098343,25.71496433681482,23.299134839533934,7.533535040425265e-05,-0.0003766264793319495,1.78619871592102e-05,-0.00025543881758539845,-0.000994852980094844,-0.00033633023210469096,-0.0,-0.023801485967587632
2007-06-01,0.003217562237414923,-0.00010715852006550209,-0.001052968201946378,-0.0011389322003725522,-6.848851303254628e-05,-0.0005519676657342738,0.0022786788746769664,-0.005259452492205967,-0.00718679946522469,-0.0025865432336805473,6.5154207467722e-06,-0.0001515281666972674,-0.002335950922295498,-0.01871954140015656,-104.76679418982776,174.45070953519422,-69.66450613384744,-0.0010289814579205736,-0.0003308230274039236,7.577218190780903e-06,-0.0008948474564542671,-0.0011133331117492182,-0.00019890000065080367,-0.0,-0.017806670565536746
2007-07-01,0.003217562237414923,-0.0004563575732886447,-0.00028956131576658256,-0.0009794816923203956,2.6209509410127646e-05,-0.002483167835284824,0.0028174343903197875,0.006586426889518649,0.0046814129931555155,0.0039007809189051936,-0.001385641824339687,0.0031361060630500713,-0.007782807851361275,0.0032022208792678955,78.98609931843775,-48.23452016517263,-30.754818845599125,-0.0014761681438007785,-0.002674335194923718,0.0001315568838961777,-0.0007038877183245803,-0.0012910249383710772,0.0004185075083906766,-0.0,0.005356091851539171
2007-08-01,0.003217562237414923,0.0011667867133153165,0.0021296843373293183,-0.0005512431849803161,2.7567774734758215e-05,0.0011151355347647565,0.007223318516388299,0.012402402736622409,-0.002283107028604405,-0.004657087908830735,0.0010018968381607571,0.00029051445817758454,0.007305275030371192,0.011705096622246582,247.58567872218688,-161.24334726210913,-86.35881892338305,0.0015506836196925236,0.004288042607966367,-0.0004050770642426247,-0.005587339694988577,-0.0035314042453434597,-0.0006721119949947313,-0.0,0.01924913259991349
2007-09-01,0.003217562237414923,-0.0015958707164805078,0.002976472659629313,-0.0016730914023472831,-1.4093723082440485e-05,-0.0026736530332291696,-0.002335471042333851,-0.001419477974864476,0.0009616058304068567,0.004209154892939012,-0.0006682259822328708,-0.0020900088772212617,-0.009465317228575697,0.01067151316968997,147.50139069897904,-74.9673175337778,-72.54148618081315,-0.001609237358211392,-0.006484554465760271,-0.0002683300540248488,-0.0016645811509172902,-0.0021853492981111122,-0.0007733828222201264,-0.0,-0.020297351951439713
2007-10-01,0.003217562237414923,-0.0011636617794663965,0.0028604137336022397,-0.0002824551856923903,2.8442156837278705e-05,-0.004188913973698413,-0.00291339711373963,-0.004863457323715992,-0.004902435106783565,-0.004729008502462337,0.0009018017751754954,-0.0010471147467847207,-0.027885368287084253,0.0032505963604948637,21.45537047087606,3.0094582430334484,-24.4641160456267,-0.0012022072197474855,-0.007711048439036773,0.0002605527125157199,0.0020962642095323472,-0.0016576806777158864,0.000982421822460199,-0.0,-0.048236025065085
2007-11-01,0.003217562237414923,0.00023052158200468292,0.0035271601809361984,-0.0006355241678078868,8.217461842111791e-06,-0.002823344795430171,0.005677198230811005,0.008820052651703297,-0.0012531318260976718,-0.0013171779077310688,-0.000324271455253873,9.537651116361655e-05,-0.0027073524210590254,0.025619536868822252,308.85458386159576,-185.57347146432463,-123.29914486995845,-0.002141268655514258,-0.0076889513873578735,-4.519647805355511e-05,-0.003122333747528812,-0.00029636943477272156,-0.0018564007052880378,-0.0,0.004951830055485291
2007-12-01,0.003217562237414923,-0.0003639248925849529,0.004404747186579736,-0.0011003983275932783,9.062743354151278e-06,0.001999448949494274,-0.0032507375494725166,-0.0022142568812300893,-0.002426634149902337,0.006708307079350671,-0.0001979333973479725,-5.694612110466984e-05,-0.005463155995385557,-0.0012388842753247172,107.39917487701832,-24.956482991009658,-82.44407107376189,0.00030102947841246776,-0.00015500496491119674,-0.00018078852820531003,-0.0016704331773402337,-0.0007117265452461038,-0.00011931939482167708,-0.0,-0.0038891742790802706
2008-01-01,0.003217562237414923,0.00046621691562915565,0.0018183282473310262,-0.0016182328346960049,-9.538230104421917e-06,-0.001274217812280709,0.003427990730808103,0.012602639418452933,-0.000722240691314678,-0.00946204822069445,0.00018178643416011972,-0.0002188371360168137,-0.010314462429664707,0.018875286851911668,313.7768421725881,-172.84077171087256,-140.9475581852735,-0.0002535540744457598,-0.00593104583959707,-0.0004972018064509943,0.0015723583403542676,-0.001306448028405577,0.0004604569285961229,-0.0,-0.00047292455696451964
2008-02-01,0.003217562237414923,-0.0013094078046397117,0.0026083394889555626,-0.001059206946346477,-2.8940798210952705e-05,-0.0015920276666093285,-0.000273739451030584,0.002457466836762387,-0.004516854665486611,0.0021684606280870777,0.0003420286962092266,-0.002333208565694425,-0.01567907013395155,0.003778597039740401,245.9710214233524,-3.3226376374305273,-242.64978141015274,-0.000556762794135848,-0.006043486683508127,0.00047609599034078513,0.00046465944108594796,-0.0016062348153793224,0.00137132125340153,-0.0,-0.01951203294385028
2008-03-01,0.003217562237414923,-0.0014985694961987441,0.001967776674856347,-0.0035416471343929757,1.5837586694510886e-05,-0.0038653890021985494,0.001221789502421221,0.0034174856502219367,-0.005012145387556193,0.00013420318390554596,0.00010810640843187203,-0.0015261087313700773,-0.022780538519107756,0.018524269640569666,174.18727223789764,-111.32548785205256,-62.87277823726058,-0.0016167380843944154,-0.0079341962916456,-0.000259505008084369,-0.0037151397526208126,-0.0023854395813490683,0.0010638292599893285,-0.0,-0.03545840825991599
2008-04-01,0.003217562237414923,0.0004466286366779412,0.001702453835222274,-0.00203684278303179,-2.6492765797225014e-05,-0.0006340698141180439,-0.004455635695876086,-0.011663157113523217,-0.002974560361115306,0.010510687322154114,-0.0003820433724648059,-0.0003396819308712968,-0.012309252540221987,-0.016003435112730367,-210.52684726348377,80.74156261797219,129.79192126846783,-0.0009482321197375269,-0.005145374438983088,0.00034927405031662994,0.0014224695759885208,-0.0036512875099366723,0.0022584906003606147,-0.0,-0.034025876344024236
2008-05-01,0.003217562237414923,-0.001369032418416269,0.00292235165467328,-0.001165127640981122,-7.827485816868302e-05,0.0006007136642031414,-0.0031928896998498902,-0.008934960941905372,-0.0008151304898902531,-0.007485099579849506,0.00011555575172729151,0.003078432988694985,0.010849394582212464,-0.005765531439404048,-194.9527436810896,100.31527476778365,94.6467721573204,-0.0021989411715858023,-0.00916354026184556,0.00017398564337702563,0.0029687714483282264,-0.0020422642156276167,0.002123514519760707,-0.0,-0.006857266212690314
2008-06-01,0.003217562237414923,-0.0005499622169372215,0.002139495590766153,-0.0010592069463464706,5.6565712049423375e-05,0.0005370769973776258,0.003681619866508541,0.0003828215820818741,-0.001722214413290028,0.0017508136053973767,-0.0002788009063553478,-0.001109414424942327,0.013447603145893078,-0.00994470106149946,-160.53607871138823,107.42053227816524,53.126274404682945,-0.0013858826280099734,-0.006255809958126473,-0.0001213898345267765,-0.0012050475723915858,-0.003676935296207882,0.0008118707081845751,-0.0,0.009444035647001586
2008-07-01,0.003217562237414923,0.0005401609624855929,0.000896845759405462,7.061379642309679e-05,-8.099859751667078e-05,-0.0013416546713475776,0.001857138674009076,0.008977636585048764,-0.004734266426325415,-0.004153557531678597,0.0006946226267141634,-0.0026068255270752204,-0.0092055893853516,0.003508992223634023,98.16627086822878,-44.916775955780025,-53.25348780812017,-5.543530497405275e-05,-0.0010740307439315536,-0.00011312591867499801,-0.0010853159660885962,-0.004543671305367082,0.001251115928606316,-0.0,-0.011972678256009216
2008-08-01,0.003217562237414923,0.0031702252430579106,0.0030950554609761117,-7.858632182570996e-05,-1.5051017416554026e-05,0.005341932853238749,-0.003145432356650962,0.0010778805145873114,-0.004915054838410956,-0.002218268745809669,-0.00015759642349101558,-0.003543542984767548,0.009187728637750433,-0.006318309804156085,74.71459682788465,-59.70960891299958,-15.016074428805705,0.002943903890564323,0.014946522653120435,7.861445622656784e-05,0.0001348529008557024,-0.004324802690683855,0.005522192776641197,-0.0,0.012913312520581144
2008-09-01,0.003217562237414923,0.0007834754124002419,-0.0013674244858500433,-0.0008040861334630188,5.6136788671328e-05,0.004842108625004146,0.0073876903863304465,0.011799540593247027,-0.002845519930791055,0.0012035453928317483,-0.0002994863266036351,0.0019466197847184629,0.032265923084640456,-0.010253832185437623,168.45768527748808,-97.63367620325951,-70.82850877529835,0.0028273402261633322,0.01175627519880049,-0.0009444198711546202,-0.006479816440008731,-0.004962111507688801,0.015720108566791756,-0.0,0.06134992834624617
2008-10-01,0.003217562237414923,0.0035075782650434715,0.0023993465361791554,-0.0006708310660194321,-1.088120229498816e-05,0.013464984584157166,0.013728691350091872,0.06419959828737752,-0.004235503710119607,0.000959279040476649,0.00012157048700209596,-0.002403053246707186,0.08426441489908286,-0.05322895786177323,226.9914588106894,62.58694459902223,-289.5670631624556,0.005681907550110019,0.027233065370257475,-0.0005967075675184308,-0.022859083096049046,-0.007965510673411114,-0.003452089611277064,-0.0,0.13469562782806027
2008-11-01,0.003217562237414923,0.004535594263043664,-0.00020715000190054002,-0.0029657794497701282,-7.567581625766103e-06,0.005158312668958486,0.00046930729331569115,0.003710528119094332,0.006477423835016055,0.00299558287305801,-0.0012410723778876935,-0.00637437303200037,0.016674481477452503,-0.008026790214318158,195.4664982761734,-140.64690865247007,-54.83386970466747,0.0057682505202644105,0.022318118623724334,0.0008412896544326602,0.007529763954431657,-0.006979481575838367,0.004637296241702722,-0.0,0.04425121656442593
2008-12-01,0.003217562237414923,-0.002997128130915724,-0.0044137380885777575,-0.002047800096269851,7.491605467612711e-05,-0.002072314151829268,-0.003484760901472907,-0.0032451255043846683,-0.0019102066186137702,-0.0008468672536883265,0.0009614004543584477,-0.0062590401479737596,0.010877520169333106,0.042377511499714665,191.738597076228,-543.3222084264285,351.51999063640045,0.00505263370318835,0.015716759843370783,-1.0843283066040853e-05,0.0026821075846466835,-0.011597621353455706,0.009981909676075875,-0.0,-0.011563838107498814
2009-01-01,0.003217562237414923,0.004224101523342037,0.00015449685752253102,-0.0002425925586793527,-1.1490565117977609e-06,0.0012970809313109421,-0.00310572099181536,-0.00810271721663427,-0.004068871356916174,-0.010057941500842046,0.00037655270985204644,0.0024629063191861336,-0.0028234346659929276,0.015220578239703738,6.805535869541878,49.49213117079822,-56.29193102098692,-0.0015549739098768107,-0.0034732241493842957,-1.8377337403844715e-05,0.00816537091190168,-0.018620545240572193,0.008814610587919148,-0.0,-0.0024002683132990435
2009-02-01,0.003217562237414923,-0.00023279011108332366,-0.0019980946321573683,0.0011605719121796298,-6.711513934776149e-05,0.004849370119714529,0.00038318716458104487,-0.006131727527582333,0.003908164473466738,0.01769188300296825,-0.001180073937689043,0.004856786381762573,0.011182890162508513,0.009432628894365226,-82.32941850720604,172.4933383202133,-90.14537480492527,4.909123180477233e-05,0.004686380074704497,-1.832501758205416e-05,0.0012420819293893358,-0.011841112927440431,0.002130153148830294,-0.0,0.061866519522800895
2009-03-01,0.003217562237414923,-0.004654600774781726,0.0005509384129527996,0.0019494451655376807,-1.6180216594058197e-05,0.0008490765064056636,-0.0003342161995177153,0.0013767359372119051,0.0027138598016773568,-0.0055732095269880495,0.0001253612387029812,0.005264205751403382,-0.01114158895645205,0.0025379429297366497,21.479345685313117,-24.687344448949727,3.2096920251862793,-0.001328266811782284,2.147492056721965e-05,0.00020038491745686882,0.00026240144756305936,-0.011614483436065137,0.005506586927042574,-0.0,-0.008393308178840236
2009-04-01,0.003217562237414923,0.0005186719147997232,-0.00011589218446777699,0.004249762801090124,1.6134746000774807e-05,-0.005017425551956757,-0.0031726214512110547,-0.016023215847550582,-0.0048249251495963,0.0036379099268069076,0.0009534167505724652,0.004002504178653952,-0.032584639824005626,0.008345950401437548,2.065293472236381,52.64839225495535,-54.711549124439514,-0.0013974909035550148,-0.0026570035937964983,0.0003880299583077984,0.004300983127735152,-0.012053660944014838,0.0029051872012677148,-0.0,-0.0431741594538529
2009-05-01,0.003217562237414923,-0.0035952888529078905,-0.002161182704209783,0.002627516586259483,-4.11046744670601e-05,-0.006002649746955122,-0.0033941997387461936,-0.023128321221733125,0.004121911114803877,-0.007367280020986151,-0.0004665831889340606,0.0031242197263859784,-0.025714445330665504,-0.008812596811809865,-1.1532567434402095,179.03095817825033,-177.854123651706,-0.002461557917664198,-0.011185498560151351,-1.3393874378318143e-05,0.004436690339017561,-0.011408600066518983,0.0035423289998631653,-0.0,-0.06110469060227834
2009-06-01,0.003217562237414923,-0.0017266553947822517,-0.0021259148963056825,0.0032949308556777944,9.749650968886817e-05,-0.0029319782556072507,-0.001810350575790038,-0.006065115519145807,-0.001658783737589328,0.009110766993522961,0.00026802801026677947,0.0023133399102774825,-0.010447960825348239,-0.008570129460782023,-124.56836415462462,209.83998110205349,-85.24765877259055,-0.0033408281391009032,-0.010204877806524746,-0.00016998710099670153,0.0017620152550832258,-0.009479850925858017,0.0013176756097667806,-0.0,-0.013192442417822409
2009-07-01,0.003217562237414923,0.0023907238606866066,-0.0016721808893660271,0.004449048818721986,8.921059001387095e-05,-0.0007495181846358607,-0.0021000755365741457,1.5385210403623007e-05,-0.0013361243522611991,-0.00054417461059478,6.496297354693165e-05,-0.0007197080807032185,-0.002803704649325822,0.002332642106968557,80.73286494172221,-78.07464433756051,-2.666588648973394,0.0011643908610348213,0.0047826181108606165,0.00014578918341868544,0.0015967061875154188,-0.004116770020384604,-0.0039178351928207305,-0.0,-0.006079096187781387
2009-08-01,0.003217562237414923,-0.0018562149603154313,-0.005210041380864484,0.0011180517766990557,4.0578815211805176e-05,-0.00254805812540163,-0.0006247013625192959,-0.008871359581040378,-0.003802107414896785,-0.011536701966257171,0.00040759082054504054,-0.0006408569774610172,-0.015668805194137922,0.0028860104166135835,-47.045242206949005,12.169955529145453,34.87604383464529,-0.002189793807189168,-0.007336688820002452,4.054786188748645e-05,0.0016234888193926832,-0.002943300936436829,-0.003806276941981531,-0.0,-0.056943919879006384
2009-09-01,0.003217562237414923,-0.0010776929281776052,-0.002310486027646525,-0.0,-4.377729954702789e-05,-0.0014185166947342101,-0.00031821607808174204,-0.002633412286095529,-0.01031201846784761,0.008868284594918029,0.00025689345217920137,-0.0017391304782584944,-0.0026130409537659135,0.007781963083718306,77.82158890291466,-90.6458609657769,12.81430398469933,0.0012877139272284906,0.004132240391502726,-6.012855519250817e-05,0.001278902708780407,-0.0022496693000251316,-0.003062444086242684,-0.0,-0.010983050922786237
2009-10-01,0.003217562237414923,-0.0016162408527232652,-0.005898707996274441,0.00014122759284619673,1.4284226476022122e-05,-0.0028400964462111343,-0.000534369447328675,-0.0077738583442567705,0.0010530015184092873,-0.010084646918938327,-0.0006120508179180913,-0.0008144386298702664,-0.013933932007377534,0.009354756168487674,3.4945098267501726,-6.987815237482608,3.493475771315561,-0.0013543449914068429,-0.008282333952153718,0.00018971298180719132,0.0001256263482472671,-0.003739725253680824,-0.0009393593709899776,-0.0,-0.044157573372316156
2009-11-01,0.003217562237414923,0.00022138099219443246,-0.0032181581985242383,0.0014828897248850641,6.186864737572888e-05,-0.0009402082707197837,-0.00037576435994266547,-0.0012237652775216922,-0.0005723596719765973,0.005892211011519571,7.343958079539996e-05,0.0022050039448924053,-0.01367179895334527,0.012274983388895953,71.38253131119909,7.345035484216617,-78.72552543482678,-0.0009666896688337867,-0.005115672085732712,-0.0001649003063231392,0.00046384784618057595,-0.0020535497036693645,-0.0015105805765798042,-0.0,-0.0018788991100826583
2009-12-01,0.003217562237414923,0.00011244089614418154,0.0008816324493982448,0.00041191381246807353,-2.9923651189464447e-05,0.0009378789317968515,-0.002208533356818241,-0.0012657540809149213,-0.0022938966461769736,0.002061081127288407,-0.00014532472605892932,0.005028290031819288,-0.004340179940317649,-0.005267617949702111,-34.92895169451346,91.68816113775424,-56.74696357943562,0.0005415550397744465,-0.0026296730845169775,3.5198160109427856e-05,0.00115694989536798,-0.002343107656955088,-0.0014132659300202634,-0.0,0.0046930893640668445
2010-01-01,0.003217562237414923,-0.0013976569194949426,-0.0009178324505039473,0.0013534310981093839,9.246606978523509e-05,0.00036993511393743355,-0.0005548851720570284,0.0003853170998408023,0.0007609612019196603,-0.003670328040606726,-0.00028326492965108233,0.00042810826855513306,-0.00251819262199349,-0.0006011538459790048,-26.61835950642162,70.0543157841751,-43.428698804196344,-0.00042148046010468705,-0.005702107764432072,-0.00020938392680480133,0.0005013947894343493,-0.0012809029446088937,-0.0037830208861140786,-0.0,-0.0069735605262142486
2010-02-01,0.003217562237414923,0.0010283270534202148,-0.0020473762157698873,-3.530689821154996e-05,-6.071888798317824e-05,0.0029194144843775654,0.0017126800048372275,0.006175802034350213,0.000869505496336023,-0.005530210541660268,0.00034264212406971337,-0.0028916414011077047,0.01268489642665582,-0.002608146372005039,35.28026197953259,-20.606225465713816,-14.678469627376128,0.0005977958413674011,0.003210759535975192,6.396098213864811e-05,-0.00042973950239429815,-0.0005699368546405244,-0.0013072094196500722,-0.0,0.012909946570168857
2010-03-01,0.003217562237414923,-0.0012450394395425973,-0.0039289860794210745,7.061379642309837e-05,-6.005482932178041e-05,-0.001481517407035105,-0.004635462199673593,-0.011215145281287656,0.0004867664390448222,-0.0003421483764629054,0.0001245419342366793,-0.00370206286113721,-0.013521892490183846,-0.005268797839488143,-49.83615288347983,17.782717488103707,32.052884842980156,-0.0012346053015149462,-0.004821544438524583,-2.6421510004105747e-06,0.0013672170491412453,0.0,-0.002384614883799968,-0.0,-0.04912836451810142
2010-04-01,0.003217562237414923,-0.0012281176557462153,-0.0009772724459966046,0.00010592069463464832,-3.950212877846345e-06,-0.0010339643169831219,-0.0003799106654693999,-0.003947748832005215,-0.0026585871188376147,0.003677174053773777,0.00039950413447846695,0.0010671247913637805,-0.007654264031004675,0.0004336094963636511,-49.7872238744242,58.44221105129946,-8.640725787315455,-0.0013587358129711958,-0.007272421077118862,5.683240641971919e-05,-0.00016501005891846092,0.0025615838680291816,-0.0011817950447727767,-0.0,-0.0020810760304165177
2010-05-01,0.003217562237414923,0.0022481772334349208,-0.0008918142857007451,0.00014122759284619673,5.651847810639466e-05,0.005779577064619763,0.011800017485500745,0.014177036388432235,-0.0035866222570165585,0.004946293486618138,-0.0001957073495673259,0.004486439256260346,0.012844171204546291,0.011439621420391287,112.51225632332734,-208.86129549456302,96.32011769484137,0.0020496697758187184,0.008296562266510227,-0.00048370983240681923,-0.0045906157201494975,0.0025535600996243585,-0.0046826195445579645,-0.0,0.04068386860640494
2010-06-01,0.003217562237414923,-0.0011769190969616323,-0.0004669512751100121,0.0016514516905402022,-1.8157661985447574e-06,0.0010403302101403768,-0.001268807936208421,-0.0019467556932003824,-0.00024919438812684463,-0.005502150765484752,-0.00015119260136839516,-0.00010258005542409727,-0.0017161112852241913,0.0029603434731330694,51.842731544849556,-105.6540047566447,53.79659118433306,0.00029164284886851286,0.0026547310015647605,0.00012337013978153986,-0.00011041962265188188,0.0012737868142355254,-0.0006447165873349872,-0.0,-0.014806424119693245
2010-07-01,0.003217562237414923,0.0011290565665067933,0.0002382224176430392,4.327942361415686e-05,3.4646639307039104e-05,-0.0031702185901848,-0.0030621415674299906,-0.005838687348175791,-0.004079325573878729,-0.008751060551752088,0.0006070896770201493,-0.0005753102224493515,-0.006267955049523309,0.0009362425452096863,52.78363638898854,-94.2767845695668,41.48624799017368,-0.00020214659588181202,-8.553419976468186e-05,-0.00014271539388850503,0.0009102036863743254,0.0012011961193217067,-0.0013225296306019945,-0.0,-0.03208031581569555
2010-08-01,0.003217562237414923,-0.0008344279231107624,0.001073983113170383,-0.0,-1.2783831702306858e-05,-0.001544130575373604,-0.0006346180209388849,-0.008094543823607334,-0.0022573587138301474,-0.0015309307701603231,-0.00020669889674255045,-0.0020298554982660848,-0.011821462895745332,0.01292746244056698,47.075578192563476,-153.06153558348782,105.96876506323673,-0.00035482128731064593,-0.0037387406072989945,0.0003260440494417343,0.0005398814741575006,-0.0005650482951932964,-0.0012764973933592138,-0.0,-0.034009312905501854
2010-09-01,0.003217562237414923,5.919252965106779e-05,0.0012948758283717835,3.5306898211548397e-05,1.3315497256218027e-05,-0.0018550251135538195,-0.001838431965576229,0.002432786395073246,-0.0003150046828289423,0.004816053855894456,-0.00030205111998104193,0.0002554923370060432,-0.009493733651057757,0.0066529265474723626,19.794230613438625,-24.966269847084625,5.166821308836306,-0.00019188605006269439,-0.002594655607615371,-0.000133337065832593,0.0011768126127889183,0.0007768404752771914,-0.0010271571438363115,-0.0,-0.0022380419956213975
2010-10-01,0.003217562237414923,-0.0012629001770787691,0.0006494248437065446,-0.0,-3.7464107134962935e-05,-0.005207069308603756,-0.0019496608575852179,-0.004288970819885624,-0.004932473082785474,-0.008081109919139295,0.0005539779084477717,8.770489381290158e-05,-0.010522784125281638,0.022656715627138526,50.88616941781277,-52.663072539067585,1.7712020017032415,-0.0011155219456484872,-0.007110967934289198,8.271763825047267e-05,0.0007860083080917927,-7.059127988670451e-05,0.000990259500792918,-0.0,-0.02125626215122971
2010-11-01,0.003217562237414923,-0.0006541297587542577,0.0003433270007187937,-0.0,-2.6383721584473967e-05,0.0005834866388284397,-0.0002673086316612213,-0.0015828908882229804,-0.004571059945218563,0.006475164567503277,-7.692618596606286e-05,0.0023840280618879165,0.0004636289345024947,-0.008318222991465996,-38.16462706335959,109.12344523519869,-70.94593653231738,-0.0005766664919074352,-0.004281777171467156,-5.106414606733782e-05,4.06438185505864e-05,0.0016220549571086974,-0.00030331638886131146,-0.0,0.007301789417061089
2010-12-01,0.003217562237414923,-0.00029036612658690856,0.0007764736547154645,-0.0,-1.8205177229270626e-05,0.0013949642724371595,-0.0026173015339753204,0.0022145087224718046,-0.000263464164650409,0.0002791141303759998,-0.0006087462283261302,-0.00020800779989801449,-0.003783147277636225,-0.022305226459882112,-80.33262564764748,258.32895952517384,-177.96665858551577,-0.0012963292140740594,-0.007601754081506749,-3.8939027367434695e-05,0.0004826213178074626,0.0005634373582401091,-0.0033981772451385857,-0.0,-0.0038256906322191647
2011-01-01,0.003217562237414923,-6.992776167477784e-05,0.00035204061666140805,-3.5306898211548397e-05,8.533708586591856e-05,-0.002224318541210915,-0.00028376557443391114,-0.0036436390852918883,-0.0047004583100991575,-0.006668070695411829,0.0009478373188521513,-0.002165079626306867,-0.0037918584544361163,-0.0009680995694323212,1.8015661134267766,50.446349638101694,-52.24067340383122,-0.0010023058149139464,-0.005047946320430729,0.00025341105684134315,0.00045957629404704074,0.0018987312160493976,0.000735745900199174,-0.0,-0.015408187228667517
2011-02-01,0.003217562237414923,-0.0012129881254135135,0.0010026310579127006,-3.530689821154996e-05,-9.180653855119386e-05,-0.0014969933256599427,0.00012840690759589,0.0012621527511582345,-0.003532099552438282,-0.002498119859340278,-0.000295535350382833,-0.0016467648007193465,-0.009536245715116258,-0.010465032457135834,-77.3724205997843,89.21697997884043,-11.830846519664997,-0.001333273830180326,-0.0048279077036714555,0.00023067286229127673,2.4027480751134867e-05,0.002174585056820837,0.0013884502560860947,-0.0,-0.01383072615565969
2011-03-01,0.003217562237414923,-0.0025014076448720097,0.0017877928784394382,-6.683091447186081e-05,6.448900104156943e-06,-0.0019227937220224066,0.003371962739011935,0.0010170104864621419,-0.0032553045819238456,0.014262966792825738,-0.0004919522628373681,0.0005116197795119458,-0.00015702495039851707,0.01616313319526864,36.81467570351588,-79.25885392262383,42.430562869534974,-0.001858211346083925,-0.0045093325990881485,-0.0004346547674962291,-0.0005593597518864205,0.0015397424473896494,-0.0036114523559208547,-0.0,0.00889456498645654
2011-04-01,0.003217562237414923,-0.0016630061354053717,-7.659173229307514e-05,-0.0012064952855446527,-2.7883518774239733e-05,-0.0033573283188773223,-0.004744896377500027,-0.0008774148861734106,-0.004120131464248161,-0.013746282967221444,0.0006633350578423639,0.002791691294793324,-0.008988487001125922,0.005923813654199112,-18.15706597043863,19.891784972245798,-1.732059416030417,-0.0013443115799598416,-0.006797346158674552,0.00015243380078605413,0.0010060146007295177,0.0020949730441004255,0.0011290812586530626,-0.0,-0.027311684700527614
2011-05-01,0.003217562237414923,0.0009244022947482752,-0.0003618599682636036,-0.0007391669980417874,-6.910684598317748e-05,5.415799458568665e-05,0.0007844923541922981,-0.000956790666633787,-0.005349964536471457,-0.0010863096775533244,0.0001200667566744538,0.0025476906733943486,-0.005430742547482933,0.0050103429818596865,87.71112021323034,-140.16245927676232,52.436386332196214,0.00128840713062316,0.005231786725505952,0.0003213313414939728,-0.0004021239178509938,0.0005577514253324946,-0.00042062793060511773,-0.0,-0.009711432508818197
2011-06-01,0.003217562237414923,0.0005821690763247275,0.0007508702331115197,-0.0009179793535002787,-3.631639376000742e-05,-1.1138766302940986e-05,0.002425195399494744,-0.0007187777985443674,-0.0019025762425100914,0.0023606324265340543,-0.00044868035861238525,-0.000619842392824491,-0.002011914017932058,0.0013637166146860155,70.84088718095373,-81.37770826284088,10.524462722828664,0.00018744165343954382,0.0014563754801458662,-0.00040595865323979146,-0.0007360952214114351,0.0009055329797033105,-0.0010539890806871514,-0.0,-0.007972131236963944
2011-07-01,0.003217562237414923,5.489242066734785e-05,0.0002857344610825841,-0.0012063190222279298,-7.278935102818646e-05,-0.00135327982214154,7.545062252865467e-05,-0.0009541577809248264,-0.0028388044076248734,-0.000850785076725378,0.0001985605310429114,-0.00019916422103169088,-0.010017522323662332,0.007784617835736843,1.9351423081485737,0.3572202467340085,-2.2898412618706656,-0.0005047911172218119,-0.002170443279239089,-0.00036877626388896604,0.0004985969227868839,0.0013216645678091746,-0.0017151903957037487,-0.0,-0.00629365045043452
2011-08-01,0.003217562237414923,0.0010252949877411325,-0.0008394319414467304,-0.0006296396847726245,-3.8757382259588365e-05,0.0012602307300291443,0.011686493230963501,0.007325558039326141,-0.006813657199562238,0.013783118900545462,6.938239641031276e-05,0.0014546289146001063,0.009630279962387793,0.028806006219446744,86.14685979372312,-342.52038890955026,256.33011510286707,0.00110314374340216,0.003435470587047465,-0.0008094661228287068,-0.004433016804182721,0.0013195253134112661,-0.0023480022451031713,-0.0,0.024790710922488225
2011-09-01,0.003217562237414923,-0.0012864011184654006,0.00123465607904104,-0.0007767517606540836,6.559062484412105e-05,0.006020025385785248,0.0008173752533163052,0.010702336987021813,-0.0014888247081595522,-0.0014054013447231848,-0.000745308943277462,-0.000692025130865749,0.026199143290625275,0.0033979645947692094,9.299447461105283,-160.40657106770476,151.09038069779032,-0.00043482830366974707,0.0018596193257769766,0.0002724554719730141,-0.0005194207394378671,0.0002775228606390416,0.00028874285980248093,-0.0,0.030261124112607597
2011-10-01,0.003217562237414923,0.00028435301827622514,0.0003393553280796187,-7.061379642309679e-05,-1.623346807016366e-05,0.0018447599427631372,-0.002081147954686695,-0.0018788272419093764,-0.0005546782967270967,0.010904141195591185,-0.0002928797165308312,-0.0005861978003280559,0.010182926073382833,-0.006393881744950895,-33.79575584478604,86.49623399001675,-52.690813139070656,0.000547940671797131,0.004452930748702591,0.0003651400362745399,0.0007806261524035383,0.0006933941008769037,-0.0024136054456165216,-0.0,0.028990070200372642
2011-11-01,0.003217562237414923,-0.0012933134932559885,0.00027860067619001305,-3.5306898211548397e-05,1.3488003441455673e-05,0.0013544856431093846,-0.0005337284227066323,-0.0024448976693344344,-0.0021325755466247006,-0.008539299048350919,0.0005456410137917639,-0.0011927624961926022,-0.000892652688151627,0.010884483276067208,13.210832445009098,-67.77397831872213,54.55497878174746,-0.0002051181482597488,-0.001511360126943978,-0.00033310722538342543,-0.001163997956388313,-0.000624028145059533,3.02174523564676e-05,-0.0,-0.012744761528065324
2011-12-01,0.003217562237414923,0.001654348486427324,-0.0002583081692943434,-5.296034731732573e-05,0.00012409245288286794,0.0019282972582009732,-0.004737031946146651,-0.002410670155118028,0.0010470433036760764,0.010912079190881451,-0.0009685803346108761,-0.0012118181925467885,0.004207983682424214,0.0019426059404027462,-1.7824837998951186,-17.32273525258317,19.10647463163445,0.0004918135905147753,0.0026291025037786016,0.0001915167076634121,0.0011857401567480067,0.0020782388768396678,-0.001846822707637339,-0.0,0.021379811691345306
2012-01-01,0.003217562237414923,-0.001094028740639012,-0.001549889355763095,-0.000829712107971403,2.074322961551018e-05,-0.001144137698897482,-0.004163674379512155,0.0024327863950732408,0.0020267640594749314,-0.014920174653705206,0.00044470791964353404,-0.00037924775109905706,-0.01421034609950037,0.004517290638076165,8.143254977121721,-5.676376523445343,-2.470875720608294,-0.000478075299932504,-0.002357654547801852,0.000297621306254151,0.0010314089781633836,0.0025558861442822977,-0.002075149717544346,-0.0,-0.030654586376284255
2012-02-01,0.003217562237414923,-0.0004989114769101713,0.00012027265726299695,6.833593202235376e-06,-2.2143265460781786e-05,-0.003491064369168707,-0.0018236541913147478,-0.005246288063661191,-0.0015322735906509405,-0.0018751160918999835,0.0006001555856309904,0.0002780013833585268,-0.02044272426341768,0.008642692682622471,-18.34837839584597,0.48934280374534067,17.858804713307464,-0.00139449965488401,-0.004122195779852127,0.00017848907203762637,0.0012893680115075683,0.0014470813402212208,-0.0011203586296505998,-0.0,-0.02601965160677712
2012-03-01,0.003217562237414923,-0.0003771600878453656,-0.0006678052732521115,-0.0008748962975068759,-7.385787646661759e-06,0.0011476207926092992,-0.0025420131705596247,-0.00644214475266798,-0.0020927044593138013,0.011012966335307215,-0.00029751681746153645,0.0017871627510354278,0.003491944818640733,-0.006674400541577993,-32.55980907604182,100.42782361264503,-67.8536722641501,-0.0009275568887804192,-0.002747670069792271,0.00011335089390869617,0.000739790114006943,0.002680640871985424,0.0018115466925147051,-0.0,0.016693603814122007
2012-04-01,0.003217562237414923,0.0007435089025711317,-0.0007855215533232187,-0.0006854408170035235,1.8954848273274474e-05,0.0006313315711628602,0.0018995813828416503,-0.0003928265477758984,-0.0020976799856110883,0.003599492998018512,-2.0835871613201464e-05,0.0025663054513559947,0.004209844875935,0.004273914771913089,25.756230366862145,-58.65752188494749,32.89445043494958,0.0009127935555721123,0.0022319268188008,3.9736904649736565e-05,-0.00045242144422336946,0.001165731596147909,-0.0025013084041501797,-0.0,0.011733568155190261
2012-05-01,0.003217562237414923,0.0037057767413626497,0.0008624455031268773,3.5306898211548397e-05,-0.0001030143366174241,0.0034410342136594924,0.0031974917889458472,0.006526717620571245,-0.002958695134361253,0.0029281614463241264,9.540866741227759e-05,0.0007337347739076298,0.018603771736973945,0.007524983088322366,3.3785480752884594,-122.17911123912293,118.78306904793573,0.0014673441698598644,0.008124211852824382,-0.0003894425934961367,-0.0005086350703006914,0.0007534096186542356,-0.0008049083593058073,-0.0,0.03895854896474624
2012-06-01,0.003217562237414923,0.0027953375774327914,0.0001773120346238212,7.061379642309992e-05,-1.1913942026788633e-05,0.0028010346173705093,0.00011942699615407419,-0.0003752434501717563,-0.0007772749330965502,0.004316494433431055,-0.0005113118652601227,-0.0006678330734876582,0.00782015112900702,0.00938673118168892,-3.3785480752884594,-88.47317891714772,91.83829163528253,0.002746544680883535,0.009016021920723302,-0.0003104004227264331,-0.000173809456313543,0.0006843141468338323,-1.929500558427601e-05,-0.0,0.026869105449671114
2012-07-01,0.003217562237414923,-0.00039587653431754954,-0.00026490173794257977,-0.0,-4.257546492898069e-05,-0.0009532192919599308,-0.003600741641392242,-0.005305264703541755,-0.004001666215982905,-0.0034139399093357373,0.0007484735616346074,-8.804824692248475e-05,-0.017434558963170477,0.0059837520553291095,21.43579886725364,-46.83499974646129,25.398645278569674,-0.001400776337974184,-0.004642816511089883,0.00041349663156422953,0.0008265026223177053,0.001776533120830893,-0.0007317076792243575,-0.0,-0.029865373646669892
2012-08-01,0.003217562237414923,0.0015955001928838971,0.0004173184235106225,5.694661001862918e-05,1.094975890045025e-05,-0.0017756997932537075,-0.002200106916725397,-0.005393958609945994,-0.002954131015908155,-0.0010579792022411328,-0.00014019569087125048,0.0013623673983202895,-0.008981450282867452,-0.0009588374346120386,-10.079865155541924,74.17947561974795,-64.09598403954189,-0.0018460352685721476,-0.003890344273142188,0.0004421809738607645,0.0008187283974346716,-0.0002730609287797514,0.0014964632187991131,-0.0,-0.016427357541647796
2012-09-01,0.003217562237414923,-0.0032677397335654536,-0.0008712959968315072,0.0008621716756820195,1.7738509658184523e-06,-0.0031726621271353796,-0.0005093004276367791,-0.0005553099380058554,-0.0036311699176837468,0.0058717953788400045,-0.00021286022958874688,0.0011085739635154459,-0.008275720343566136,0.00752215135283591,6.572633786437286,21.971491888163307,-28.53494495561892,8.069323827695044e-05,-0.0012814751492821114,-0.0004621933056955563,0.0009629359974628164,-0.00040976296175730936,0.0002561275540967868,-0.0,0.006415014100015129
2012-10-01,0.003217562237414923,-0.00019862835773551955,-0.001006170537522532,0.0007756128284537089,1.2125811750408541e-05,-0.00046264851170699163,0.0012244624412117136,-0.0038554375695834604,-0.0035865638919273866,-0.0015419393051317768,0.00012392027471874267,-0.0005093141778547813,-0.0029560316781912757,0.0020891718496225927,-10.705667181362898,11.269564770253877,-0.5675674922585633,0.00019049082811271498,0.0013898028207620235,2.464263606323394e-05,0.00046218194084849724,0.0004780367690285641,-0.001210203400899574,-0.0,-0.009008830360149475
2012-11-01,0.003217562237414923,0.0007066864017558584,9.41874291759884e-05,7.061379642309992e-05,4.3017379855754075e-05,0.0014827066001830865,0.0005030332307984191,0.0029597298513974017,-0.003571391299256934,0.006195290876721105,-3.5689006637292185e-06,-0.00011779096560690507,0.005825725686894614,0.0014116791344878697,4.4735792979525,-45.1125130772779,40.634896751785945,0.00044571444363793454,0.0017034697764078041,-0.00017935234909716643,-0.0003932818049345763,-0.0007513265453910343,-0.0012775453512085706,-0.0,0.014328132089539009
2012-12-01,0.003217562237414923,0.00011981458821439386,-0.001032273977559526,0.00014711207588145585,-0.00011168502369598057,-0.0012264610267643673,0.0006933568602422973,-0.0016239639052826544,-0.0030759017617396816,-0.003446714658909396,-0.00012619627972016692,-0.0006193587546636355,-0.008408547913803783,-0.0008849173395176599,5.382190996114818,31.807282243443666,-37.18545638935258,-7.384743463365013e-05,-0.000695118558427448,-6.273146632657583e-05,0.0005946854880307559,0.0006147732125341781,-0.0008259156482705669,-0.0,-0.012809479081096834
2013-01-01,0.003217562237414923,-0.00021353110593538133,-0.000670019047271478,0.0009633468194817833,0.00015134178754037575,-0.00011357729786566265,-0.004832369244688613,-0.0009020953278625623,-0.003535764289088187,-0.010208968231903162,0.0003113181952311517,0.002067092636454849,-0.00931744398076044,-0.008785990297135029,-4.0307717659994236,95.79374726117713,-91.75022081751835,-0.000578130445425813,-0.003195978713675507,4.035166255577299e-05,0.0005485740827492445,0.0015689840490790393,-8.553612182559428e-05,-0.0,-0.02081615497358182
2013-02-01,0.003217562237414923,-0.0006636204562699616,0.001348696935051073,0.0006696921338190606,-0.00010019665921192707,0.0014957785275713073,0.0008017977125669662,0.004589504420966439,-0.0023956577500718616,0.005405603695045862,-0.00020257176008672836,0.001032688733828802,-0.0007486692082976971,-0.0022444453454632893,-1.0421878928840604,33.984857720110114,-32.93848584383167,-0.0005008081538984888,-0.0011756486408615102,0.0005750079214309016,-0.0001678719988479292,0.000817403205434098,-0.0016282800207980729,-0.0,0.01430994892370249
2013-03-01,0.003217562237414923,0.00128157781161042,0.0005690497154611817,0.000958655503513583,2.4972129825470423e-05,0.0017628369661411235,-0.001497489390481571,0.0025567426542507754,-0.0040171812757810255,0.009910383463382126,-0.00023388712279773748,0.001222846435128287,-0.0010651266153321435,0.0008538862381452391,5.562249749439376,-13.070346288036593,7.50559080279822,0.0012525638786956652,0.003383053310720473,-0.00028720966171788054,0.00021928012877502415,0.00020422280477170058,-0.0014030159558153406,-0.0,0.016407987456913506
2013-04-01,0.003217562237414923,0.0019120991987551517,-0.0001651157701943677,0.0010629491521476995,5.4873741779543776e-05,-0.0007448934089879541,0.0013510774693450492,-0.002397505726573257,-0.004678020204632489,0.006532485498250642,0.0002792703611507447,-0.0003393863952599357,-0.003353005994681434,0.0039687362787581,11.60938597861965,-97.09050569110217,85.46783581700133,0.001096548927783944,0.0027193825002329044,0.00011659472285969533,-0.00015947839890553277,6.806290091565581e-05,0.00030127841422491537,-0.0,-0.002440379976804832
2013-05-01,0.003217562237414923,9.997585028029286e-05,0.002156711135826991,0.0014589721486772402,9.569181210744683e-05,0.0009803488687273557,-0.0006721297089261359,0.0008360900278720104,-0.004331595274621692,-0.015478469280631707,0.00018820158395422204,-0.0008053058970656094,0.01135648741619509,-0.01753746881802887,-8.896272426487219,82.74297468529038,-73.83759504891037,-5.634018667563711e-05,0.000840464623639984,0.0003655585948488623,-9.510610825315878e-05,0.0,-0.0002724288938881641,-0.0,-0.008545569975765305
2013-06-01,0.003217562237414923,-0.0003090984216589613,0.0015628163985940214,-0.00014122759284619673,4.1562855250533565e-06,0.0015273950687354893,0.004809109269847184,0.010852342788457167,-0.0023730579726757473,0.008918620760417174,-0.0006765878632814768,-0.0012067979201804129,0.03352623801184265,-0.03578015776116402,-40.633095570214074,181.94744128857212,-141.2900558099123,-6.500398330808501e-05,0.002228261721985934,-0.00026182146819413475,-0.002217298639236064,0.0002721947922636617,-0.0007233323517511102,-0.0,0.047454221806523936
2013-07-01,0.003217562237414923,-0.0006500686967926593,0.0019824328366456864,-7.061379642309837e-05,9.037831797076216e-06,0.0011831089118504818,-0.004126837585743642,-0.002549137048750662,-0.0017234622202617809,-0.0012300209826426375,0.00014342498442732456,-0.002906806861989541,0.004680926211196093,-0.012300351019295462,-3.625150280928604,138.12679321318186,-134.4841387260189,-0.0008824514897983707,-0.0015965130210764844,0.0002451837648648178,0.0012469728565822323,-0.0013618837033851161,0.0010841527369226996,-0.0,0.0018988621798875028
2013-08-01,0.003217562237414923,-0.0004998634703434281,0.0023457713604008805,-0.0,3.947909939181218e-05,-0.0003157603994585519,0.0003255262694506241,0.0032679148472950295,-0.003915482160747335,-0.011901526452041969,0.0006119872660374054,0.0007544269654381095,0.010346064948320102,-0.005470382009430262,-7.56197834954131,75.84813458051943,-68.27934788334419,-0.0005665333919321462,-0.0020963447683716337,-0.00014347403130446454,-0.00026594683583389486,0.0020419733359299734,-0.0020119538264178516,-0.0,0.002571786617733603
2013-09-01,0.003217562237414923,0.0004510525577566739,0.0009252932916858892,-3.5306898211548397e-05,-1.7183481740403696e-06,-0.0004908739341573427,0.0006498891747312547,-0.0003828215820818741,-0.003101102336013198,0.011103075965120215,-0.00047497465467462215,-0.00015975345749623683,-0.00857334880196397,-0.006564493808009903,-23.307822753720483,35.3452307145219,-12.031452271239145,-5.2604927179194464e-05,0.0005103655557571344,-0.0002427901330179114,0.00017154553368276925,0.0012227334276711929,-0.0017698520735174286,-0.0,0.002357566351592684
2013-10-01,0.003217562237414923,0.00016620580031149405,0.001480509818442963,-0.0,-2.058577066391642e-05,-0.001964236538840801,0.0009268411852920328,-0.002451422646960965,-0.005202214766502527,-0.0073949742334099575,0.0005171777289556043,0.001028732655485041,-0.008187863475879853,0.01388517897988229,33.53838925715363,-94.73187337704987,61.18475423011226,0.0004235456129516255,0.002080567587276029,-0.00038574096610447244,0.0004476586635944779,0.0015597174903607368,0.0002753490889433375,-0.0,-0.0083278813334217
2013-11-01,0.003217562237414923,0.0002580342389245905,0.0005261464725727143,3.5306898211548397e-05,1.0559546913752796e-05,0.001769203065029317,-0.003424860433174085,0.002880056440378632,-0.0012040986702701144,-0.009113454504231339,-0.00029643869790771415,0.00021006075326465758,0.014538812495622727,-0.0070356237995691006,15.545235467051246,50.16253081192931,-65.70572287534414,0.00021984322594689753,0.0014971786810346712,0.0008381504651252416,0.0005141240147922841,0.0014214884076802264,-0.00081496047276603,-0.0,0.00809049400141809
2013-12-01,0.003217562237414923,-0.00010587670996144653,0.0011893809686739968,-3.5306898211548397e-05,-3.760358472360179e-06,0.0003226461987567039,0.001823958348920013,-0.0014723096884469216,-0.0006542719093532689,0.012837750838158767,-0.0007184747502102883,-0.0003270101460616255,0.0014091970738822495,-0.011248833241991276,-17.769058928627786,89.78461763118499,-72.00278634548842,-0.0005033903385774955,-0.002942340136547769,-0.000232980166432229,-6.593140718111408e-05,0.0004056847036955005,-0.000698513815049155,-0.0,0.014969537871788976
2014-01-01,0.003217562237414923,0.001277100200679442,0.0019910069824192714,3.5306898211548397e-05,-0.00011079487327175096,0.0018618792823808558,6.656308117073065e-05,0.0012154316218863906,-0.0011280704175693494,-0.012039794043857936,0.00047614979127580956,-0.0008526496853825848,0.008476960344346472,0.006292706195799371,-26.328699772812538,-21.43321480404355,47.75884734427238,0.00044736976803555755,0.001311730878304886,8.318851664658526e-05,-4.5128948290798465e-05,-0.00013520580431561284,0.00124160927305665,-0.0,0.010615688715238786
2014-02-01,0.003217562237414923,-5.838556477227151e-05,0.0008099745251639012,-7.061379642309837e-05,6.140940286161916e-06,0.0003596227049931289,0.001612797858022152,0.001499336832615797,-0.00040581232778356973,0.008336492334113002,-0.0002672816263125143,-0.0005436984231785079,0.004625302845207858,0.004707760246233952,32.76677878434697,-72.73102092066175,39.95479432571763,-0.00013386537023543554,-0.003062774252474348,0.00018533773670997717,0.0001452968458221963,0.001755928793902409,-0.002627540430945798,-0.0,0.010643771511204606
2014-03-01,0.003217562237414923,-0.0006465453602577312,0.00044912056552181277,-0.0,1.3611587124612599e-05,-0.00040725658885253476,-0.0008143991269248844,-0.002794808180054382,-0.001643603486794212,0.0028205486086871146,9.421229291033403e-05,-0.00024229024758291447,-0.0030851787454150115,-0.00021291111188795377,-35.329680278678744,6.782291259909545,28.544730602037127,0.0002434870136990637,0.0005691199892704184,-0.0001674574376131403,0.00015943568338419714,0.0008091548011723356,-0.00336217480963901,-0.0,-0.0076587890479054566
2014-04-01,0.003217562237414923,0.0005705207950439851,0.0001574047221771352,3.530689821154996e-05,3.0263542107339312e-06,-0.0008886708007226497,-0.0008571190477706074,-0.0037018373067889457,-0.001401252931369356,-0.00735458736017807,0.00027425414537401684,0.0006028187109832426,-0.01129960758469792,0.0007584921489452366,-8.853704188608853,-8.852211319752191,17.70712719382456,-4.7232207082261445e-05,-0.001183643564795246,5.1940503082325534e-05,4.602597423884102e-05,0.0008756790049393697,-0.0003388906339409166,-0.0,-0.01926812447920835
2014-05-01,0.003217562237414923,0.001472940887055342,-0.0024539509731876024,-5.296034731732416e-05,2.1828026369838166e-05,-0.0006523426421141679,-0.00252032717701712,-0.0018356479162825329,-0.0017631249486319243,0.0067656890958908015,1.4072937523174518e-05,0.0008057060535617772,-0.004412830865812156,0.010309994939252344,13.74660509416778,-71.53702447952325,57.78424209977025,-0.00030462057148555736,0.0016148787451124526,4.181661756590147e-05,0.00034046406280341434,0.000740225181716364,-0.0013352394047256952,-0.0,0.0038368483524721005
2014-06-01,0.003217562237414923,-0.0033778128512587163,-0.002227042680670921,-0.0007944052097598562,2.0666546640164932e-05,0.00031566336028151376,-0.0015158089250431105,-0.0023748629094762644,-0.0020014968437670915,-0.002497166670994932,4.9549811726238786e-05,-0.00018051115060475112,0.0006451152965485799,-8.430312521138313e-05,-30.9882093051763,19.338827604013698,11.649812060927477,-0.0003781885343011118,-0.00021418011664842495,0.00019769175463021287,0.00042179441542592323,0.0017469559373332313,-0.0011943057493770798,-0.0,-0.009794725642240543
2014-07-01,0.003217562237414923,0.0034857373437726783,-0.0026896599469084076,-0.0009944776329586331,5.005828390793953e-05,-0.00044854374872052653,0.0012344364009576696,0.0003017058075877587,-0.0023434932340550235,0.001679971786160464,0.00013655031405492455,5.923291423822425e-07,-0.0014286850564087662,0.005308265152830632,-26.41334695847875,-27.549999850859713,53.958054350234164,0.000853515076016344,0.0028768419114438633,-3.179737169305795e-05,-0.00036884852673075555,0.0012742583738591118,-0.0007736042179098795,-0.0,0.006047926177464672
2014-08-01,0.003217562237414923,-0.0007596446828484392,-0.0017593242436901198,-0.0007708672776188245,-6.439904345831082e-06,0.0019524169290145766,0.0018077303804878953,0.0019688948278139395,-0.002937928135175569,-0.004397948982460598,0.00011344792882991691,0.00032103541719211506,0.012116202464689018,0.0032880578612011144,16.6275451473609,-59.831944613936045,43.19873611336757,0.0009189526897399321,0.00463798476506641,-4.548162108231226e-05,-0.0004642109281119262,0.001138440051876298,0.0006581333275200172,-0.0,0.015333659897943289
2014-09-01,0.003217562237414923,0.0014671526623627718,-0.002113590487137308,-0.0008826724552887287,3.6556609441399514e-05,0.0030371912393321455,-3.6478730930480874e-05,-0.00040441124489529586,-0.003011532201831148,0.00529960692635903,0.00017461827346157565,-0.0006299670804692357,0.012862875814795904,-0.013990071181859779,-46.13320547815286,55.926989040048724,-9.785646418250678,0.0008435139021534558,0.004381913298652512,-0.00030799240292853444,-0.00043463042958719587,0.0012704956440829822,-0.0010002790722450686,-0.0,0.017917004966072025
2014-10-01,0.003217562237414923,0.0034457671363334864,-0.00040621398892842515,-0.0008826724552887287,-2.243214622580079e-05,0.0025622936595192675,0.005716425557621246,0.0054165556377263144,-0.001950779535904683,0.0023082485707479608,-0.0004536748619560646,-0.0006572432752500664,0.010323434473917599,0.004534375442177784,59.30783045646081,-112.6467134221648,53.32198733304783,0.0019454516769433416,0.007625377815085556,0.00011361249301764782,-0.0009869421204532836,0.0021353166540767888,-4.0628692668354895e-05,-0.0,0.02704820162175584
2014-11-01,0.003217562237414923,0.0009882827547511499,-0.0007147756654678869,-0.0,-4.221384859320847e-05,0.003205125438104621,-0.005793992919581249,-0.0003342436960187501,-0.0012450512149281981,-0.0018700711838709545,-3.6874707622335103e-05,-0.0011073411487922977,0.00865114567010764,-0.0036260962848968605,-40.00778283448362,10.506189996411228,29.508616774234937,0.0017773545542737641,0.006310569304254944,-8.384251441896421e-05,0.0005139745104676103,0.0017973331635730279,-0.002149944486478171,-0.0,0.016480836124822637
2014-12-01,0.003217562237414923,0.004042680784063132,-0.0013761502632300643,-0.0,-1.9513432362218362e-05,0.0043682802098549715,0.0037885105733112935,0.006553715001684261,-7.514912168865794e-05,0.006448621397869136,-0.0006251972204228559,-0.00010594671232498968,0.02159000773212949,-0.003828683361157103,-52.95733437113588,-57.88436025502987,110.82733850989796,0.00449778880408916,0.01347597323964901,0.00010308312888234882,-0.0009483913624481294,0.0003988698091077462,3.0283916105629695e-05,-0.0,0.04718022909273695
2015-01-01,0.003217562237414923,0.004624381302763726,0.001138912474249446,0.00010592069463464832,-5.239498031083918e-05,0.004245838337887343,0.0031175847399442696,0.007240183858381025,0.00027488137427694536,-0.004603210056454895,-7.326309372706504e-05,-0.003231869463266381,0.007549493216169823,0.013920044723059282,41.078349552619926,-159.41320517610174,118.31825084306882,0.004941024585241117,0.013453073948982125,-0.00022880766064445213,-0.0009112075011257063,-6.64647503735704e-05,0.002746545854446024,-0.0,0.040803449428553094
2015-02-01,0.003217562237414923,-0.0016484420244806792,-0.00013459688176578589,-3.5306898211548397e-05,3.2299435495666144e-05,0.0025341263085174753,-0.0035872558325553403,-0.0052913104092843005,0.0012359283431781665,0.0033693994011224056,-0.00031890061804459456,0.00037795424253892466,0.01707071979279114,0.0008554200948670712,-33.00114873772327,45.880781279158036,-12.877910686417833,-0.0036343723967590855,-0.0037034185425030945,0.00017079805823445122,0.0011332214232661927,0.000664403781887909,0.002235435450101829,-0.0,0.016265519982747667
2015-03-01,0.003217562237414923,-0.002469511711198221,0.0011925684638704117,-0.0,2.486970693508793e-06,0.0038863384774533724,-0.001385166366902682,0.003433546253046555,5.763045469836663e-05,0.0024573018984763114,0.00020089946772467053,0.0019125381959441338,0.017219732100552703,-0.0012335157767983163,-10.523651267676113,33.015958968694505,-22.482522645930885,0.0007194764739604917,0.004588812680584267,5.203206277045863e-05,-0.00020385982557296232,0.0007302192864595555,0.0011727682616382957,-0.0,0.0453369146923228
2015-04-01,0.003217562237414923,-0.0008481540222669343,0.0035972442381424397,-0.0,4.911196037086619e-06,-0.0017816434210484087,-0.0018155016537524983,-0.0014928461969767669,0.0006870204340846302,-0.001332800586026857,-0.00014827401962089489,-0.0008368777109643266,-0.005410942626442217,0.012040232517068712,49.15163604679212,-52.7169002474797,3.5570824730340638,-0.0011702046663090116,-0.001525271354152618,0.0001381426414640322,0.0006215108354293562,0.00033170175631666294,0.0019094596220991464,-0.0,-0.0019964584330220414
2015-05-01,0.003217562237414923,-0.001592423111832714,0.0013046077305823385,3.5306898211548397e-05,4.044165515706316e-06,-0.001679677373197197,-0.0002269156490462705,-0.0016481864538050314,-0.0012565344436139588,-0.003196550568083052,0.000662048624696691,0.001576495088590595,0.0012233924899449783,-0.01505431996995516,-33.76101624835653,128.45248598313742,-94.67612909657524,-0.0013666613268539752,-0.00413297680484119,-4.6543713464655395e-05,-0.0001212693650710612,0.0009942962511414783,0.0015427357895915078,-0.0,-0.00442093129841585
2015-06-01,0.003217562237414923,0.0003536545341264495,0.001068425756585571,-0.0,-2.465998588589378e-05,0.0013730260760582342,0.0014098981679769448,0.0038708685693037664,0.0008107999347295799,0.006560778674860355,-0.0008640135072962589,0.00046841200325806464,0.010240029135682858,-0.009776979728416204,-38.96510565150904,81.299413414242,-42.32292075893416,0.000767644914715352,0.0028083593374622125,-0.0001961077720255114,-0.00032553498809670964,6.62433182224728e-05,0.0010982136059956642,-0.0,0.034313624083470495
2015-07-01,0.003217562237414923,0.002405520234359082,0.0035097217807027923,3.5306898211548397e-05,1.1548411502354603e-05,0.0034126454055282973,1.7901535799944313e-05,0.004168911231557332,0.00014405006554262306,0.0019261541377885692,0.00035204810701117053,0.00026731012578848676,0.013918848381796049,-0.0003485984372806564,10.230566503433181,-19.12841019840337,8.8951525941899,0.0015462345273422032,0.0076615601154269375,-5.092026655741454e-05,-0.0004736724160877065,0.0010591616856545033,-0.002255042499092546,-0.0,0.03783515048212087
2015-08-01,0.003217562237414923,0.0032593889372707257,0.003909720151061746,-0.0,6.198152313480259e-06,0.003195596981195468,0.005898987005945533,0.008201965560532652,0.0006314498551208844,-0.0028972053551961337,-0.0002907420363636462,-0.00010034230964217015,0.029073559770317017,-0.003072315013826714,-14.62585938689674,-77.02745073754548,91.64257870691753,0.0036276931500051944,0.008968146675489364,4.372629106124743e-05,-0.001184010178133925,-0.0003308402282539567,0.0006418254543707811,-0.0,0.05206894757599481
2015-09-01,0.003217562237414923,-0.0001366012253186859,0.006283643249261627,3.5306898211548397e-05,-2.1419216461860073e-05,0.00148933720021107,0.004421132994073126,0.0036523390554606206,0.0006944401083216952,0.00252738875878363,-0.0001452233149863411,-0.00407732665806314,0.01188713141056267,-0.0055623544182508,-7.688704482995291,2.799040837423118,4.892823209125339,-0.00043679199811164977,0.0005969263552165804,-0.0004373283103897136,-0.00045887148794500733,0.0005292799376006687,0.000975347375065693,-0.0,0.028193482503822784
2015-10-01,0.003217562237414923,0.0004559589069924317,0.003540027769335275,-8.826724552887413e-05,2.729350117017741e-05,-0.0016144967021127163,-0.007264907415268726,-0.0020125778359242463,-0.0001126516058916318,-0.004127777228105627,0.00015420100121162628,-0.003147865323259983,-0.0029655131483389747,0.004635256018882803,33.5511107995081,-50.333800793240194,16.772597960881583,-0.00031164963333200115,-0.00020192282246536518,0.0004911000072346998,0.00035039542151388373,0.0005289365280469739,0.001694302527827657,-0.0,-0.016844627891107446
2015-11-01,0.003217562237414923,0.0008099716948095452,0.001266009696313727,-0.0008650190061829514,4.096809433249798e-06,0.0030346352278690413,-0.0006843906948942197,-0.0005044609018355229,-0.0004870440632605576,-0.003966965677138706,0.0005874552525160845,-0.0008677862548426176,0.010277338121982636,-0.007150309086770593,-117.41738948115024,94.52145597143954,22.90819826512486,0.0016671313534807372,0.008197902520128161,0.00014353943108170235,0.0006035489587078411,-0.00033054511066141906,0.00257520995449228,-0.0,0.029792635876799627
2015-12-01,0.003217562237414923,0.0028044516620940644,0.002370496334727747,-0.0016770776650485834,2.1276096831102877e-05,0.001833075528930595,0.0020682200973993355,0.0081153321733789,0.000333938879676115,0.009367079903985262,-0.0007211931134555256,-0.0002969025931606599,0.00999950407531257,-0.0020704116020248157,-47.94553597357188,-9.997273480516274,57.9408124424622,0.002829471133331804,0.007997041785076358,-9.560139436633514e-05,-0.0013987197461260666,0.0002644468096350587,0.0017155628733648148,-0.0,0.044680541851027586
2016-01-01,0.003217562237414923,0.0041226276266185784,0.0016401138745711777,-0.0008604632773814653,4.094011190658354e-06,0.0040387780742873625,0.005346937243806305,0.013061494160877717,0.00012998653503432103,-0.005411794564614849,0.0001587385168700512,5.369416327154572e-05,0.021215462298242862,0.003685031779708735,40.7348679090497,-77.05681130577017,36.30964103491917,0.003960397202411144,0.008114371749481495,-0.00042426143489758495,-0.0013171971736575493,0.0013869401247303906,-0.0018238861575922383,-0.0,0.04799626518906771
2016-02-01,0.003217562237414923,-0.0034254250292886273,0.0018646833571901813,-0.00021639711807078585,1.1538096598080955e-05,-0.0015610045873702357,-0.0010123079662591589,0.006267321141593458,-1.5508665126693852e-05,0.004843816792045243,8.801910626843918e-05,-0.0009462132897136803,0.0024819599126922093,0.011401451985813427,81.20943348992361,-149.62145567315852,68.39677564036299,-0.0008746041830485057,-0.0027002099804701034,-2.9913858108607076e-05,-0.00039195762377318004,-0.001122579070040694,0.0018140206897831418,-0.0,0.0044477090762132365
2016-03-01,0.003217562237414923,-0.003770989349861821,0.0027259844376464623,-0.0009849407121773526,3.5615605355326397e-05,-0.0039714445013877275,-0.0068415263703322324,-0.0204077031820254,-0.0005606264593957589,0.0005254900704247206,2.284099924953803e-05,-0.0006829603239827808,-0.03108929051536387,0.00794815056007971,-69.23454781365871,53.62707786244581,15.612998860318996,-0.0031855885544358332,-0.009871681284468442,-0.00014967393018661538,0.0024297656423580994,-0.001587453766202472,0.0025989503012504955,-0.0,-0.05807060998994428
2016-04-01,0.003217562237414923,-0.0008266948241804257,-0.0006374088368843211,-0.0009945234520701445,-1.9047911369304394e-05,-0.003179938423228166,-0.0020032011768814344,-0.005472510182706165,-0.001819785257913144,-0.005707250659706095,0.0006077482482223898,0.00337504924285798,-0.02009303800735348,0.00866021404594492,52.30755713087766,-41.03139409404221,-11.277957497033904,-0.0015692156935199746,-0.00478008383724194,0.00021986097111830998,0.00015537770885733912,0.0007941132816443022,-0.0011782737478533663,-0.0,-0.03304550647330357
2016-05-01,0.003217562237414923,-0.0024394834150999727,0.0014159093121570404,-0.0005626325069840408,3.7218752687883634e-05,0.0019104312103330717,0.0007383841227795748,0.00107474394639492,-0.00032789075634501993,0.004972308462453482,-0.0005257906515417489,5.5124452558438955e-05,0.009799790426651616,-0.001264192911234928,-23.53240690528563,0.46487566355802473,23.06476860781681,-0.0021696208313540756,-0.005380479255828634,0.0002168918212317101,0.00017652189191833776,-0.0014564657679127348,0.0007922832299978151,-0.0,0.007517979859484076
2016-06-01,0.003217562237414923,-0.0008293756595893842,0.002113425969288691,-0.0017368716055681445,7.893121101849976e-06,0.0007077689565225441,0.0034986149799353197,-0.00254336759484931,-0.001151325205122637,0.008946367124708065,-0.0003180474845737674,0.000590894213290699,-0.003839596798145452,0.0022308176184347183,41.50452122149408,-79.3224684871108,37.80831278387422,-0.0005878544633612289,-0.003514290223956982,-0.0013664367856974008,-0.0006293064180730577,0.0011918472813714934,-0.0016445360414633406,-0.0,-0.005290298520827729
2016-07-01,0.003217562237414923,0.0012841545941288533,0.00021683358954785573,-0.0011112181834968201,-5.32951188949408e-06,0.0015404453832220425,-0.005858447663857331,-0.007532686013316615,0.0024459046035588327,-0.008432072166309585,-0.0003672774090895843,0.0007980459961768188,-0.013754135968473776,0.007999121798835928,28.801571890482048,-68.55203337667713,39.74293508076233,0.0013124398123359547,0.0009257172502077262,0.00033687425255232755,0.00031122528844936687,0.0013882897812648107,-0.0004087803115501604,-0.0,-0.023219738073039377
2016-08-01,0.003217562237414923,-0.000617908388415939,-0.001759131305767419,-0.0006119862356668536,4.6271185269775275e-05,-0.001744943261377291,-0.0011574015902240352,-0.00381438744718212,-0.0003201847837379784,0.0056439724204874996,0.0004940307921259402,-0.00021561282399917755,-0.0003607925251580612,-0.0029356188826669526,-31.75052326626241,25.700284052702365,6.052422309688036,-0.00036415081701600155,-0.0004590536637382951,0.0009115944149633824,-0.0002260078233853419,-0.0015206312418234711,0.0005263183114950722,-0.0,-0.003084965300411101
2016-09-01,0.003217562237414923,-0.00020037693255183834,-0.0014723052492515288,-0.0008473655570771772,3.2879696841308704e-05,0.0014765473694937725,0.0026682486134727017,-0.0006509867152033991,0.0002646977832902797,-0.00968532871957218,7.097540119937674e-05,0.0006486474841086888,0.012361694280968642,-0.0016195816142341496,-16.42106472914627,36.19179376500136,-19.764070070940846,-0.00029096936042632293,-3.2823861359166435e-05,-2.4132517800778256e-05,-0.00036936111298677956,-0.00013236294805056282,0.0003684009424496546,-0.0,0.012443024134965187
2016-10-01,0.003217562237414923,-0.0017026692689328475,-0.0011687959178042742,-0.0,1.7893494520620382e-05,0.001928512417825058,0.0004947443767301049,-0.0005507996903131127,-0.00033660604697212664,0.004461531694858514,-0.000184087638611449,0.0023660928641608308,-0.006169406179611893,0.0010745256281316426,-35.25237244437091,65.58172255794322,-30.323761120875194,-0.0011412322490196635,-0.004606150157137055,0.00012228450347939087,0.0008356010283621351,-6.618953401562504e-05,-5.441924877130057e-05,-0.0,0.004127385011412774
2016-11-01,0.003217562237414923,0.0009045011265566923,0.0010227259746583151,-0.0,1.279037788178765e-05,0.004313028695719228,0.000850686735387433,0.005493779320302839,0.0006767671297387267,0.0072205605428740036,-0.0004379588200037846,-0.00024009283301076038,0.0157585269644539,-0.013126273869511944,-66.7880973608793,184.7269084138454,-117.91703933992063,0.001886454840988007,0.0015184727454737616,-0.0013237961309383022,0.0003001833261841788,-0.00033102830489012674,0.0014588230713906728,-0.0,0.05094742617612639
2016-12-01,0.003217562237414923,-0.0022376202008187324,0.00238117332060737,3.5306898211548397e-05,2.8432775533252307e-05,0.002888510824823681,-0.0038996031165311486,-0.005871861708108599,0.0010900869087906565,0.00024929087151781304,-0.00016463488162385558,-0.0006450005654597231,0.0016957024763705195,-0.013933908428045058,-106.25912896602303,171.22104703047546,-64.94733527792962,-0.003253135849736462,-0.007388770552829562,0.0005535829544077718,0.0008280190233251102,0.00086039416456457,-0.00237736805539359,-0.0,-0.011361054380164378
2017-01-01,0.003217562237414923,-0.0020501775203955377,-0.0008993884959388791,0.0008291426418712173,-8.455189206985096e-05,-0.00018996174981705864,-0.001398452859669319,-0.003958806951982821,0.0003300962163445585,-0.011227076846259251,0.000677392740108373,0.0013815498172831,-0.007779680650595428,0.007975465008626155,-4.809721590164422,-29.066962542469824,33.8779078999838,-0.00043616241401636153,-0.005034137221392724,-0.0008211203631324971,3.718386132242301e-05,0.00066122430038648,0.0009185449840029172,-0.0,-0.01662758780835457
2017-02-01,0.003217562237414923,0.00035875944824517524,0.0008135605590462678,0.0009008953704946919,-6.088711995654626e-06,-0.0026776995841970514,-0.00013130598222193298,-0.002971316837982641,-0.0014939803422138595,0.0006093271186442454,0.000527635050513501,0.0002732487518166543,-0.024669211218847416,0.0012388842753247207,2.6666309935295898,-6.6305949907486,3.968079622600677,-9.92598869062318e-05,-0.0007611857884721556,0.0008072425304026186,0.0003646837634005587,0.0010568446079087098,0.0014038296214873177,-0.0,-0.01712194963647048
2017-03-01,0.003217562237414923,0.0011718758239967928,-0.0017550032373120895,9.835493073217322e-05,1.1525009537647406e-05,-0.000753766273154469,0.0006109341314751893,-0.0009884516896504127,-1.9355077552817202e-05,0.00811481863426144,-0.0005909593071230225,0.00027612592747564886,-0.002991616925531223,-0.005052995997624433,-54.79559724135437,30.725834647166344,24.067797365687447,0.0011436309954533997,0.006584993298688036,-0.0006299698942216171,0.0006719151506050701,0.0007257867298045568,-0.0022952375685031034,-0.0,0.005584938398191258
2017-04-01,0.003217562237414923,-0.00016330472120394627,0.0019215492924054404,0.0014209806245648107,1.2858901794019533e-05,-0.001446143266993462,0.001929275593816906,0.00039241902285746345,0.00026155374250110756,-0.0025909946286159615,-0.00010123581631181878,0.0018415168800653536,-0.007962494148239652,0.005580819693402068,35.22399361911867,-90.22013272651832,54.98554722415059,-0.0002566931887077396,-0.00033934234308992937,0.0007706971348820906,1.6231898107433465e-05,0.00039561149041599365,-0.0035357078688624537,-0.0,-0.009226722718850906
2017-05-01,0.003217562237414923,0.0004032119402634177,5.597152891416672e-05,0.0011286818105692023,-2.6588891453094618e-05,-0.0008385429278433748,-0.0037033759508235623,-0.0005193470086873722,-1.9812681789292885e-05,0.005318602507789674,-0.0001531734912468184,0.0004948082599170132,0.007873566062278188,-0.004469717481903698,-29.73415880308156,3.06817937948305,26.665886489733072,0.0007163669285691011,0.0027015303450284734,0.0004153801451486806,0.0008268657042490561,0.0006589261555412792,-0.00041493214796205804,-0.0,0.01357304917853714
2017-06-01,0.003217562237414923,0.00045862936961924293,0.0019395568887972958,0.001800651808789006,4.4757732854658715e-06,-0.002483044533296601,-0.0006355745468528769,0.00043751692085309884,-0.0010501768619433775,-0.0025450272835915045,0.00021940727697253434,-0.0011250289937480126,-0.0057337745937727945,0.0005094764096049689,-19.791784162985884,-57.16502633352437,76.95187702151868,0.0015196765379301006,0.004084296639970599,-0.00035601022737213195,0.00024298724311614368,0.0008558085445614232,-0.0007171216975498924,-0.0,-0.004289188078785733
2017-07-01,0.003217562237414923,-0.0002204299098178649,0.002770124884624538,0.0013416621320388672,2.413239919656002e-05,-0.002856044877325179,-0.0004672305557920202,0.0009078189924472421,-0.0003950872295693223,0.004321555888987769,-0.00020711558226531047,-0.000126102787248469,-0.010705860060233297,-0.005180778061450789,-14.791239437504608,64.19198899530664,-49.39549670772483,-0.0008256883122406674,-0.0032096532838907484,8.843357878106367e-05,0.00011080406234390019,0.0,0.0008356234047838905,-0.0,-0.005323423002006223
2017-08-01,0.003217562237414923,-0.0004875466293862516,0.003141361365142306,0.002096774180885867,-1.0416720085636725e-06,-0.0019652826134674752,0.0030039309643103747,0.00014606792020107983,-0.0014273342780960609,-0.007173309168827013,0.0005314949763400518,-0.00020546090972511032,-0.0074143241172092075,0.006638177925147073,18.240734575923646,-53.27475104374928,35.026253507165514,-0.0011950411990073846,-0.0035042260380759344,0.0003109497808552313,-0.0006266366979895983,0.0029554959087106,0.0014479202235015605,-0.0,-0.0082734285014101
2017-09-01,0.003217562237414923,-0.001557495986264512,0.0014223293222638156,0.0009749259635189095,-6.645749074052896e-05,-0.0018078930022877742,-0.0026773681368122246,-0.0027989635605428554,-0.0001798381691773897,-0.001254880562619087,-0.0002735848467914017,-0.0005874961656193823,-0.005660522539284966,0.0038628411704624845,-24.11221566259436,-3.489014190703928,27.601883569638776,-0.0015311686284468714,-0.0036630167626838343,-0.00021792513771206874,0.0004339042657244951,0.0005243015826698136,-0.00036000847769794054,-0.0,-0.011547038584134769
2017-10-01,0.003217562237414923,-0.001158892323970982,0.0012645586081384526,0.0008473655570771804,-2.6883328445596922e-05,0.00348278474657685,-0.0005922846146342133,-0.0009309883866860369,0.0002591136309005857,0.0010282301501559252,-0.0001438618797056013,8.881894440654113e-05,0.009965835155722878,-0.007674888085636659,-80.74265074353329,77.31616299175514,3.43671902208965,-0.00044227069914900993,-0.0017364247120660752,0.00016217836759449853,0.0005077594021133163,0.0009167171675649457,-0.004273417529820974,-0.0,0.01499228271905224
2017-11-01,0.003217562237414923,0.0003657071182769566,0.002897021736617907,5.694661001862604e-05,-2.3718731185667367e-05,0.0004646517877237007,0.000782625629846795,0.0001879880396192926,0.0005124782715439578,0.0063738756031091436,-0.0003473504878900746,0.00014205342359922314,0.002558348132984315,0.0001404658790261044,-71.99903682529947,-3.2639165009809257,75.25602449723586,-0.001607786516262058,-0.0056541260300798,-0.00019621241166909212,1.9542351010923036e-05,0.000981054386824722,-0.0008314852699661906,-0.0,0.003110812716026477
2017-12-01,0.003217562237414923,-0.0019873201866044293,0.0013568429081272917,0.0009787224041868145,2.15677543478875e-05,-0.0004873188397033051,-0.0005169038427107316,-0.0031262884908116544,6.048619597548394e-05,-0.004985446147478956,0.00018411395647109524,0.0003886437202414779,0.002741031569761201,-0.0004298338490483785,-72.08710904159967,24.060985660155566,48.03137759702068,-0.000484536622587311,-0.0016858603597898919,0.0001583459406483586,-0.00028638621279286,0.001893363960218855,-0.0006816495952414314,-0.0,0.0015833520771998152
2018-01-01,0.003217562237414923,-0.0005204000875878074,0.002149092819196965,0.0012592793695452523,3.0164367071112538e-05,-0.004321438881788999,0.0014584561989880406,-0.0032532851606165794,-0.0011214288349230951,-0.0032515914482421407,0.00042872031897431165,-0.00033300583126875174,-0.016821428435380464,-0.0021827961041435613,-91.937608015452,88.72274374705793,3.226816906418167,-0.0013082502863171,-0.006969970816610535,-0.0003781545919448784,4.21602195579911e-05,0.001693768251661084,3.439331507014508e-06,-0.0,-0.018226469340805497
2018-02-01,0.003217562237414923,0.0017041396393303316,0.002505263229823083,0.00044532249034567097,-9.457487385055642e-05,-0.001230376561762179,0.013801502035304345,0.0031594491139494705,-0.0007399706832782537,-0.004534184738234988,0.0001846620258426259,0.0006964133285049639,-0.0013536554046038498,-0.012823514150418302,-70.14462738209288,134.63777902247793,-64.47713496753275,0.0010382405119194879,0.0022050733523972968,0.0006573724008842896,-0.0017456765681724544,0.0015603610701981287,-0.0008450557025309356,-0.0,0.023825025605360036
2018-03-01,0.003217562237414923,-0.00023731806830810408,0.0020871999555857434,0.000861032743481648,-4.652675604686885e-06,0.0005182164442191832,-0.003239111678301541,0.0014618834610394646,0.0007030322518187037,0.012276873246723932,-0.0007141249384273991,9.009455622385518e-05,0.002294531195033199,0.0003222868950523312,-49.149189596339326,-8.108410258059482,57.2543493462219,-0.00019752862683784274,0.0002843517589718701,-0.0007120727745660536,-0.001425993606498688,0.001622206519389989,-0.0017044833997187172,-0.0,0.014253477319787258
2018-04-01,0.003217562237414923,-0.00047036685054776953,0.0005321231964210564,0.00031776208390394187,3.341463627255204e-06,-6.650686079661121e-06,-0.000790244739100345,-0.0013680474143723555,0.00013615636412272992,-0.006668598114336151,0.0004932598462918475,0.00112547036426795,-0.0022456249074624015,0.0006180262699191356,-53.12711803255871,13.05077257588687,40.07466849434106,-0.0016367647644837194,-0.002119814538968543,0.00020998560475538993,-5.2283798114469554e-05,0.0012307216599762598,-0.003823492618981782,-0.0,-0.012974441672531686
2018-05-01,0.003217562237414923,-0.0010075705484704418,0.003418423968109078,0.0006649465829841777,3.95711244699726e-05,0.00533042508937989,-0.005011269810210206,0.004045074024603154,0.0004987056529411209,0.005044113062878531,-0.0003970633204213528,0.00121209271653028,0.0265470424119309,-0.0055737993491752295,-62.39916524859299,53.181775911037725,9.224439596163998,-0.001212248317750668,-0.004949429148732969,-9.038249214275255e-05,0.0012146158491707039,0.0018103152071692104,0.003158336051897734,-0.0,0.045009719601308514
2018-06-01,0.003217562237414923,-2.7775780594720356e-05,0.0013323777378946799,0.0008885569383239863,9.040900609604157e-06,0.003019198233411152,-0.0006257548395294164,0.0023844328766618526,-0.00047333185651844044,3.141568909653455e-05,8.972403637201649e-05,-0.000935838742457415,0.010971281428910112,0.002427446251275544,-10.52462984785709,-31.97855222475444,42.49955167678358,0.0006300518764695889,0.0012392812478306007,9.076181085073221e-05,4.1476771216625745e-05,0.0021284376221585334,-0.0027021285151946203,-0.0,0.020105820096255177
2018-07-01,0.003217562237414923,0.0002143831686523424,0.00029516564938992916,0.0004236827785385902,-3.9465557123531157e-07,0.00035811781555193444,-0.0007706392326966406,-0.004608076567810815,0.0005365267068024192,0.0012605105859695037,5.537904907533992e-06,-0.0004817409452643681,-0.005150995778493806,0.0011798897860235465,-35.88453524136911,-11.416367611377556,47.29745411565188,3.761186261203745e-05,0.001878358736574655,-0.0008084851261701387,0.0008638787034861375,0.0012872628527366094,-0.0005642582356502393,-0.0,-0.004274838847779708
2018-08-01,0.003217562237414923,-4.743235373122274e-05,0.001094988370569773,0.00031776208390394187,1.8549873536870085e-05,0.001279783149767618,-0.0009110623807668979,0.0003937652287677814,-0.0001299694539500951,-0.0069284899181185754,0.00022949081531986848,-0.00023024859445661442,0.003082708863241583,-0.0008989580279713444,-14.179626824309866,0.039147424299662024,14.141726921334962,0.0004362534239405616,0.0024380180213393952,0.0007125436529621665,0.0006258678186055619,0.0007713831787515661,-0.0022479532412692563,-0.0,0.004472084072616275
2018-09-01,0.003217562237414923,-0.002295998873457387,0.002531485861152795,-0.0,5.686617913711041e-05,0.0004076346445456382,0.0005565212569357521,-0.001299425254933683,-9.096809947447048e-05,0.0032285634263031784,-0.0004024298701215358,0.0002194354247986102,0.012962430867000893,-0.00537162523434009,-64.70372157511113,56.31356985500743,8.397063191500893,-0.0015599776517347143,-0.004390437249896225,-0.00027172299446795006,0.0007338740143019968,0.0014123095662028,-0.00022467137683470267,-0.0,0.01633089826972471
2018-10-01,0.003217562237414923,-3.679909049022014e-05,0.0022136641278789485,0.00014122759284619673,1.0610639679237624e-05,0.0012364574795457142,0.007885866198605528,0.0004955480113442593,0.00012190648564950433,-0.004010919732011383,0.00025669675812960163,-0.0007811916247911558,-0.008476394587128682,-0.009430682076218297,-45.513764223509135,72.45209552252707,-26.934013201593153,-0.0004967914025972263,-0.001139730154280195,-0.0002658762543828834,-0.0010021061305273329,0.0013458350841941769,0.0003823630402031521,-0.0,-0.004014655972151169
2018-11-01,0.003217562237414923,0.002832312792660874,0.0021311373884387807,0.0008473655570771788,5.406811783164752e-06,0.002178007108847354,3.7087153663224586e-05,0.005518963444475449,7.489307724285788e-05,0.00970775250620749,-0.0006866220368785035,-0.0004720844412153446,0.011478989900590552,-0.004252912733721869,0.9345440729617922,-17.2591206880963,16.324415354925772,0.004161792667277161,0.012121835097264853,-0.00044414296717790067,-0.0013928890774637913,0.0006400937791566719,-0.00027507535252533304,-0.0,0.04726821270438187
2018-12-01,0.003217562237414923,0.0024863119276236933,0.0014194552621258384,3.530689821154996e-05,-3.3661458969814006e-05,6.92022810261108e-05,0.004915338522095536,0.0024417382064836884,-0.001231764513601993,-0.006176853092939103,0.0005785892557209391,-0.00200383185340178,0.0010638466412290428,0.005703587225637825,89.38351374275035,-139.15441310104694,49.752183519670055,0.002246864996933941,0.006349193549885884,0.00036537547547259633,-0.002502339313106861,0.0012786817698815843,-8.71737586029543e-05,-0.0,0.0014195916325872538
2019-01-01,0.003217562237414923,-0.0004963788746031775,0.0016477477884803248,0.0002471482874808435,-7.9359550057097e-05,-0.002884911985429903,-0.004731984829096398,-0.0025239529245780577,-0.00303150066894345,-0.0010642773574892348,0.00043187874280772615,-0.00042581337733601534,-0.016318035046386806,0.0056823492094893865,65.07068914302806,-58.143711941014836,-6.928237664121464,-0.0006505003920388066,-0.0013072995773482246,-0.00030894854767175227,0.0019514585922055078,0.0018505333344225553,0.002327618759504154,-0.0,-0.0177271282874057
2019-02-01,0.003217562237414923,-0.0027035723803112404,0.0009563350417735329,0.00045898967675013855,-1.2102106561575699e-05,-4.845203003646202e-05,-0.004881229440586865,-0.002538559716598169,-0.0038096699387204355,-0.005659208142227271,0.0005860890782135131,0.0005060680607992547,-0.008709288746820264,0.007110369817513693,19.14102834254652,-18.345461712410778,-0.7970409007665266,-0.0013692941035884187,-0.0019980530121727715,0.0009003325733230194,0.0012551955944392875,-0.0005100725304844905,0.001912020803518294,-0.0,-0.01681080989514828
2019-03-01,0.003217562237414923,0.0001277777570258213,0.0009049769461173681,-0.0,1.711807733238613e-05,0.0006079624403298793,-0.0009828663338809507,-0.0006950818271637815,-0.005896111243225926,0.009567001202030278,0.0002632359110792251,0.0015200720943372328,0.004068281048597251,0.008340581902911143,46.33087867473739,-51.56205123064087,5.223578058062217,-0.0006212214725396821,-0.0007007528482747829,-0.0008592745931730776,0.000746304231010584,0.0003825843145312779,-0.00013231733576411574,-0.0,0.012281334667435445
2019-04-01,0.003217562237414923,-0.000765946832744346,0.0013802536259979051,3.530689821154996e-05,-1.7415041805858456e-05,0.00019686847852670136,-0.002184166938210294,-0.0027218772459163586,-0.0034166264201835723,0.001874801503028943,-0.0006243336589737643,0.001262580859764534,-0.002211310341741588,0.003680135237096741,31.686426264399646,-18.873951940455672,-12.814303984699261,-0.0013766460710962077,-0.003804988965252011,0.0006465683576845918,0.0007789602470714596,-0.00019126971391463272,0.002048047805477572,-0.0,-0.004023156734851397
2019-05-01,0.003217562237414923,0.000749256517490471,0.0013801948786769727,3.5306898211548397e-05,-3.072012775784717e-05,0.0017164041738438034,0.004981581180646867,0.0033217630837077097,-0.0011560775239013378,0.0008325367963631033,-0.0007886564023396003,-7.762089025241747e-05,0.0118651878429714,0.0015974527812972743,67.7177485329354,-67.22591437852729,-0.49760012036804174,-2.1967193927562998e-05,0.003496715754196932,-0.00041999736942167513,-0.0011655357151563858,-0.0004464705949549693,-0.0004023928236634433,-0.0,0.022918557543509993
2019-06-01,0.003217562237414923,0.0012030421979035467,0.002242182836594407,-0.00010592069463464676,-8.038916552081414e-06,-0.0008619424411486017,-0.0010604162814240202,-0.00024539410593782423,-0.0019975991862089585,-0.00392631842857399,4.469835504168545e-05,-0.0012156833405718075,-0.005610774784197063,0.011482451419623943,191.97785993050985,-157.07904000223687,-34.917143549602045,0.0019445767426879076,0.005534143059747959,-0.0012608292254136695,-0.0003632527934358244,0.0005739887236762841,-0.0001567393881710506,-0.0,-0.008893885342650613
2019-07-01,0.003217562237414923,-0.00029712651544148603,0.0003231511275860565,-3.530689821154996e-05,-4.174717615940934e-05,-0.0005701934060529259,-0.003391507557180028,-0.004165353401651492,-0.0020484817677710494,-0.004857830594996427,0.00043052117421239777,0.00016442907381000686,-0.009726373693528521,0.003990151278374425,-10.275091901673688,-7.296101203842202,17.569638861648166,8.726961093831267e-05,-0.0029500416462020207,0.0009178335537118764,0.0005595733294930974,0.00019123980114653047,0.0016972071320900638,-0.0,-0.018059268206142346
2019-08-01,0.003217562237414923,0.001029493903325182,0.0011786887407339718,7.061379642309837e-05,-2.9385949827202493e-05,0.0032765915449884235,0.006918896766647377,0.003621293898753299,0.000342444301776244,0.0009321319171284783,-0.0007607457317843245,-0.00034041774582619955,0.025917092714811248,0.015714008148218786,128.99643947415532,-211.75331146469748,82.73323692542121,0.0014724573091462465,0.006323166490688555,-0.000536670572014056,-0.0020023327781159106,-6.374161583073332e-05,-0.00238126542775071,-0.0,0.040264816827970944
2019-09-01,0.003217562237414923,-0.000735235129108493,0.0016126940185099174,-0.0009532862517118271,-3.1503325065283856e-06,0.0003586086385400825,-0.00387119282969309,-0.0027876993886402114,-0.0027165245089876334,0.005503881345182871,0.00013867361685159632,-0.0015172204775660441,-0.000465497543170566,-0.004277100474335353,-37.49919254020348,35.7905326659302,1.712488123193869,-0.0011526700008456662,-0.002443023591095578,0.0006870246598839456,0.0005791583960253557,-0.00012749818531579714,0.0011817785520467613,-0.0,-0.003942468327933103
2019-10-01,0.003217562237414923,0.00020413302658116864,0.0006991340258814021,-0.00031776208390394187,-2.9170445627428794e-05,-0.0009281285788893988,-0.00011614532686480457,0.0006578093233883331,0.0005377548547257207,-0.004955070466682981,-0.0005311586578053096,0.0002906501516630086,-0.0030269440582221863,-0.001970946893063032,47.28499435132133,3.5819893234154896,-50.863343670462434,0.0009429654985732007,0.0017147378606514972,0.00045554868832818737,-0.0007848977045370735,-0.0034500101132717577,0.002960032994911268,-0.0,-0.0007899013923617663
2019-11-01,0.003217562237414923,-0.0003672482842358143,-0.0004244069207834802,-0.0007414448624425321,3.334398468705291e-05,-0.0003010996451903986,-0.004112238580535489,0.000790277816536217,-0.0009247518503483145,-0.003173984577994879,0.0005868410277984811,-0.0012305669016042446,0.013811895471149542,-0.0015143885403612206,-29.97880384835948,51.522903806341205,-21.537718484248813,-0.0010563585428484345,-0.004498893671877031,-0.0005208830657888311,0.0006970532349109244,0.002812219910772714,-0.0017468529649707558,-0.0,0.00771754900720009
2019-12-01,0.003217562237414923,-0.000547313882372026,-0.0009919288161278075,-0.0009885931499233772,8.815627925984624e-06,-0.0010513203243420596,0.0018297536006534147,-0.0026302528232447775,0.0005670115404893799,0.005994905405994178,-0.00046723012678126914,-3.3214114878508484e-05,-0.008930663920532267,0.0015820552195896715,-0.34250306338908676,24.834147290073187,-24.488580161672296,-0.0011396958404505913,-0.0032810130112849918,0.00012814432351990497,0.0005409493621908844,-0.0010853898082401616,0.0008122799341650747,-0.0,-0.0034010735544317606
2020-01-01,0.003217562237414923,0.0018716553884408512,0.0008668166824265487,-0.0,4.004031433419567e-05,-0.001025201951199315,0.00025926001109431783,-0.0002331820951799399,-0.0009251905582755184,-0.013132444055785944,0.00024770198599518455,-9.930975453280709e-05,-0.0035802724531429223,0.006377027019357548,46.13026973760947,-51.498436666153886,5.359109260954975,0.0010128788292496206,0.0005369760792480079,0.0005274099635571716,0.00041852667804376844,-0.0009588984386326076,0.0022927836465810344,-0.0,-0.011343528060446608
2020-02-01,0.003217562237414923,0.002208579202933454,-0.0007543424729036872,-0.0,3.22775898695733e-05,0.0023200847312535647,0.006666497844219179,0.0006356976623647881,-0.001258228869457942,0.012024715270804774,0.0003814031375607094,0.0008084244230938453,0.015503635364748433,0.008745679362595536,91.98653702450768,-124.00435989709285,32.005424457851554,0.002488103194795188,0.010257310676366194,-5.773492334560199e-05,-0.0005366350945360138,-0.0001279383862100265,-0.0011723722363306463,-0.0,0.04898430398161873
2020-03-01,0.003217562237414923,0.008792131836215683,0.0005269226485370583,0.00010592069463464832,-4.185794733245267e-05,0.006822393983882968,0.021019720585415184,0.041961142067022415,-0.0009126931365584688,0.0077256845841896845,-0.000692228101925439,0.0002386342456304786,0.054863034937988144,0.0003090721294488682,431.97856366889937,-310.3460995632978,-121.6649419181106,0.010260969518410552,0.022674504592951367,-0.0015708895692984658,-0.017835865933575785,-0.003783243531845854,0.013927382585353545,-0.0008595703160615559,0.13427091560145576
2020-04-01,0.003217562237414923,0.0013651186783757822,0.003420727933901948,-0.0031696483136368163,-1.7804618732170243e-05,0.0034754548588456654,-0.006454927485974077,0.010626853298479037,0.0014463344402301606,0.008542469711162954,-0.0008726874149900213,-0.006230383499088698,0.014113358228588635,0.019403051553199997,109.31719203199744,-103.92711400222758,-5.40118754055344,0.010294265602545646,0.01235316367850331,-0.00013478894088727385,0.006164618608075176,-0.08829537568051028,0.0493517234169837,-0.0008595703160615559,0.02663000519284535
2020-05-01,0.003217562237414923,-0.0013651186783757822,-0.0053586242404347045,-0.00046696220215274704,0.0001128086117933576,-0.0010175875222129538,-0.005726378623450643,-0.013022779293626933,-0.00223744734024739,-0.011580850883537268,0.0020099653568233463,0.002557071052038885,-0.003127696960192913,-0.0002486027779151608,26.549858893743806,8.015924468151573,-34.564370996224085,-0.008702286411683356,-0.010229503984833396,-0.0011140198054700736,0.007579570252308677,0.016168843696053002,-0.005724069516221942,-0.0008595703160615559,-0.037723311678688615
2020-06-01,0.003217562237414923,-0.0029597048276500007,-0.004562646031017769,0.0015945050805215746,8.649949055125848e-05,-0.004561156802817626,0.00013982760392565688,-0.011681060736344102,-0.01033620860663654,-0.005547689057544735,0.0017799802766252405,0.005440369474008909,-0.018349493689624234,0.006079087150039809,-7.094706313060429,26.735733425427394,-19.637835232145473,-0.005848281267032826,-0.011528341331732,0.0013599360478399555,0.0019429795612204404,0.023531001562596812,-0.02214978037037739,-0.0,-0.04916073401454008
2020-07-01,0.003217562237414923,-0.0034487232864187428,1.523361960397611e-05,0.0020421054352679885,0.0001498757402278323,-0.0015565334296461068,-0.0028819998842034753,-0.003684277103843137,-0.0010562427278985596,0.001957657127059769,-0.002612067940456256,0.0023065525664106024,0.0034682460246482534,0.017001149915791873,18.014682554086832,-51.38099439325501,33.35975792213745,-0.0013225079973103067,-0.0039943570006575205,-3.32492467477386e-05,0.000982691926080416,0.0015675411836213742,-0.012837473959003283,-0.0,-0.007272733830791045
2020-08-01,0.003217562237414923,-0.0015306835026053268,-0.000506470799393103,0.0009179793535002771,7.27868434729919e-05,-0.002784640471095587,-0.003102253581008093,-0.007572362456217626,-0.0013981916777933907,0.0014466752630116822,-0.00010300487250084117,0.001735145459696189,0.006671663109680301,0.010542492221588286,4.236273604032913,12.901033677940744,-17.135156160677848,-0.000630030359886245,-0.007437093575136823,0.00030158453275476693,0.0011268140950658901,0.0017683811603402026,-0.0033961292635497865,-0.0,0.0014913450131467231
2020-09-01,0.003217562237414923,0.00025957005515482,-0.0010165801011970366,0.0008610327434816511,6.314899494302627e-05,-0.0009708208502213001,0.0036795146440686405,0.0031289213765206096,-0.0008505038035523646,0.004917321911606001,-2.4959175358214318e-05,-0.0007073592511557232,-0.010031508555178202,-0.0020508254315768316,2.329999411227166,14.447356937775819,-16.775533654807088,0.0016587798333679517,0.00040943760457639195,-0.00025734812343106384,-0.0009269268129771154,0.003931081521904387,-4.36386002430915e-05,-0.0,0.007068594414043859
2020-10-01,0.003217562237414923,0.00021924637392107193,0.0016141938174482977,0.0009925794126246798,0.00012301064385020539,-0.0009126780043858335,0.0012228992488480996,-0.003284261633348874,0.0008243024591552708,0.0023815975830610843,-0.00044710142821204204,-0.0010443750425538352,0.00782764842850497,-0.003539669358070633,-7.222900316786078,52.66258319626393,-45.433288472975164,0.0003294054368090219,-0.003576613721668493,3.723863315924946e-05,6.691386417182724e-05,0.001958455024852993,-0.0027978135855188688,-0.0,0.01160694689275429
2020-11-01,0.003217562237414923,-0.0007239839929893436,0.0011152539306340044,0.0007944052097598562,-0.0001045714374939803,-0.0027508381278669187,-0.003187612268602439,-0.005521161331675972,0.00023808284223241557,-0.0008623169913792569,0.00011440505027663397,-0.0019226836359908146,-0.015301976688848622,-0.004398747111274381,-7.958303322891586,40.545476689923134,-32.582288314207425,-0.0011207744561525879,-0.004748414644479595,-0.0011696226960777201,0.0011857187989873393,0.002155607655566489,-0.0012322348851552306,-0.0,-0.029338849718991252
2020-12-01,0.003217562237414923,-0.0018293142405159247,0.0013397797525743548,-0.0,4.9089069448650055e-05,-0.0036597560030683803,-0.0021585344628428952,-0.0018872982654947103,-0.0012998790890681787,-0.008177077545405906,0.0008452746931909345,0.00046588098075200636,-0.018236583199087407,0.008269139576367414,14.619987905810051,31.139818659135024,-45.75572552245645,-0.002928755982001831,-0.011304268003525145,0.0012206214423678202,0.0005864841079343683,0.0023511877229573886,-0.004575948626784335,-0.0,-0.033631353346162296
2021-01-01,0.003217562237414923,-0.0013838782716073241,0.0002493741357843077,-0.0,0.0001057067891847737,-0.0006935217837392957,0.0020917772767142765,0.0015745114432710067,-0.007003006461621246,-0.00031041574378402534,0.0014900352295436389,0.0006372647379038796,0.003374298866867132,0.0010770623911715916,2.3759926797394115,72.1359800713076,-74.50448685231422,-0.0016941086722768396,-0.012120767203447187,0.00038629032423327105,0.0001710970207087482,-0.0007382142795266938,-0.0018371436527872096,-0.0,-0.003920176883196241
2021-02-01,0.003217562237414923,0.0002258080135090051,0.0002166458799028897,-0.0,-8.251017641339746e-05,0.0008914380113954551,-0.0014355630921926888,-0.0006394752809906803,0.00011554768550571035,0.005127321665615292,-0.002048631195706303,0.00016230338746734915,0.0047003593075634394,-0.004626642823444826,7.725890529877535,86.5353814143163,-94.25045347738137,-0.0023813919935233084,-0.0009981033743765748,0.0009994132358384098,0.0006675154519075292,0.0020117392669721287,0.011725479529639468,-0.0,0.028667282548559776
2021-03-01,0.003217562237414923,-0.0012418164051676399,0.0015449285631900752,-3.530689821154918e-05,7.0648570423606e-05,0.0022022161578323764,-0.0011242116431710724,0.0023122048085348307,9.929730989882671e-05,-0.003067008009845023,-0.00024312615379464055,0.000583585452282714,0.013504591310823377,-0.015206242578803545,-15.507560130078444,172.72822286601104,-157.19662406277877,-0.0009106977783081574,-0.0029528455373686907,-0.0002230263203366233,-0.0003935167403019206,0.0038086814516387632,-0.00996850565162621,-0.0,0.016016085298942415
2021-04-01,0.003217562237414923,0.0022396636656549854,0.0016844899078568853,-3.530689821154918e-05,-1.5153679117977591e-05,-0.0011722654233337587,-0.0044124930896075,-0.0007707028836566045,0.0002887101150982972,0.0058099696591246055,-0.00030940250579992843,-0.000197335771447225,-0.012649128668778238,0.002961346379451192,-7.938731719269344,11.807841854373741,-3.8702231584180726,0.00017195575714873174,-0.003978003599611542,0.00023499447957115553,0.0010473632253821372,-0.0024034119634799922,-0.0006134337085013068,-0.0,-0.010013606078518696
2021-05-01,0.003217562237414923,-0.0006195741569153353,0.007659064793274574,-0.0,-2.7794911788174854e-05,-0.002385794371238551,0.0024603718830311515,0.004067808420333517,-0.0007136075668066365,-0.001793105020487399,0.0005154913444410749,0.0008883576608492372,0.00017118356599512993,0.007814115080387435,4.003371520928306,-6.850799252434008,2.847623107710914,-0.0010375135015762297,-0.008991125084206603,0.00026348262253597703,2.3942049708464553e-05,0.001536330340457593,-0.003083035520379179,-0.0,0.010161536070243248
2021-06-01,0.003217562237414923,-0.001810528018467751,0.006321823941171185,-3.530689821154918e-05,-3.2153176987400744e-05,0.0006168561957198337,-0.0029811503308216315,0.0016271233681334006,-0.0002264683248825081,-0.0033309740904276406,-6.475604731598746e-05,-0.0010669504196011686,0.00866231986094797,-0.0013783472480327023,-23.35234815196106,-49.86892512968206,73.21620650135151,-0.0012127295230239506,-0.0047965038217869585,3.579983806001626e-05,0.0001492907470670512,0.0020661356972130557,-0.001280040787997173,-0.0,-0.000585777093439927
2021-07-01,0.003217562237414923,0.0004190469299572003,0.0034039803966028023,7.061379642309837e-05,-1.793138970843003e-05,0.002487175548930911,0.0007290102450457227,0.005783396748287759,0.0008750784191333243,0.00406990404134992,-9.582792889460888e-05,-0.0009457227243016164,0.008906259599588753,0.010938404239288482,-8.218605651067323,-98.12301900700474,106.32594115750261,-0.0005007493696817099,-0.003369589448351705,-0.00023584467667524795,-0.0002837805659914036,0.0038516654350760574,-0.001581467459264893,-0.0,0.0220376835047768
2021-08-01,0.003217562237414923,-8.596931349052557e-06,0.003031813666146483,7.061379642309837e-05,-3.251324542629925e-05,0.0005633210476407743,-0.00014508897733730763,0.0024549026350284588,0.000150605758399264,0.0042638407567079685,-0.0001473466298520966,0.0018787041648988196,0.01965457233672041,0.003327289196586399,1.1013919938413146,-17.317841824545685,16.214816115041444,0.0011239462207446962,0.001355222198183299,-0.0001522506814097883,-2.078110112964827e-05,0.0031738804768565564,0.0007247781430279835,-0.0,0.04285075940535015
2021-09-01,0.003217562237414923,-0.0028000953842972436,0.002062414283018416,-3.530689821154918e-05,-0.00015944546330028887,6.832262626945345e-05,0.0024604848622874686,0.001061579517850128,0.00012343779648439401,-0.017168984438858868,0.0002651179785178858,-0.0006121270456196623,0.0017277671647956882,-0.005659105380704728,-11.585900054272972,44.81401396699328,-33.22226958996106,-0.000956028467239985,-0.006791360166648229,-0.00013655473487269654,-0.0002450803036615763,0.002635493753382638,0.004161993478113424,-0.0,-0.01093559182603043
2021-10-01,0.003217562237414923,-0.0007922460622487389,0.0005621513627021404,-3.530689821154918e-05,-5.198561650404476e-05,0.0010244574638502068,-0.0020209145500976584,0.0021521207784987793,0.0004863476241303593,0.00902899635704078,-0.00016507937427914592,-0.0016180954609630635,0.0055234200021296006,-0.0010043221858632443,-74.15093464356434,101.6560740500457,-27.49277361207524,-0.002127021497422094,-0.014875765805422695,0.0003099818641521109,0.0003037073566943454,0.003937333880467237,-0.004656956942789295,-0.0,0.01156417893939942
2021-11-01,0.003217562237414923,-0.0003513504200438411,0.00032741588265723957,-0.0008826724552887287,0.00016703213117095974,0.001520906713458248,0.000673970174998738,0.006705433323563353,-0.00027513257173227343,-0.002626409055076874,0.00043260818926090005,-0.0005794740826198889,0.002025393418873046,0.006135426887322435,-56.51300545920554,-11.254884486141531,67.76560144638582,0.0005609250565443823,0.006070381149133434,-0.0005432628695596342,-0.00034909259811315575,0.0029405709239783934,-0.0023571057162556446,-0.0,0.020524627358436496
2021-12-01,0.003217562237414923,0.0003095439318187716,0.003975239052039985,-0.0017065000802248757,4.640988051077249e-05,0.0013276320367205659,0.002795151729369186,0.006894497412124578,0.0010097983869438464,0.01059008594589306,-0.0008732543619477097,-2.1940085407737675e-05,0.009204762334144263,-0.003735413073571942,-84.15789557561347,-46.24289495392953,130.39373852319022,0.0016454881566219358,-0.002628444479553999,-0.00036580711400236614,-0.0005011171385456693,0.002539943130329078,0.0010117090339293474,-0.0,0.027683340581824593
2022-01-01,0.003217562237414923,-0.002825725407826433,0.0029364268228777458,-0.000742204150576113,3.8772030869144054e-05,-0.0012499969819938556,0.0015989159932121146,0.002085749163974797,-0.00018336334803046905,-0.013196282689430171,0.0004814155189928871,-0.0020110793551897893,-0.024743612970802915,-0.018151542457164827,-147.03167221204558,146.31349831984045,0.7339234813688281,-0.0028538823868138295,-0.003969261214700836,0.0004665881707259417,-0.00023636633730916452,0.0017537978694866603,0.0013453966823262972,-0.0,-0.04048910364624702
2022-02-01,0.003217562237414923,0.000373534231731325,0.002082103824447794,-0.0011958788103911813,-0.0002078784460734399,-6.46397928655848e-05,0.0020464727813140618,0.003978764225656688,0.0012291036987960794,0.004210050569143781,-4.186073992591801e-05,-0.002853288741008709,-0.01988873953095209,-0.0095462522807593,-222.50956158119746,83.2910386254851,139.22675226262416,-0.002148888602457957,-0.007700950129007291,0.0005880093971457923,-0.0007211447889440623,0.0023972411968792534,-0.002152921369294011,-0.0,-0.01817029415734756
2022-03-01,0.003217562237414923,-0.0021942243091894785,0.0007283050421730605,-0.0034167966011176597,-1.1277946350542242e-05,0.002102624969585967,0.0009021181091428075,-0.0016960752106521511,-7.9393915924326e-05,0.0017939811287943162,0.00029101747410845873,-0.0018790655175278614,-0.011920572033197937,0.01150463334760118,-232.0751828515652,94.74655366116221,137.33469752765538,-0.003491816743268072,-0.02227917647084758,-0.001570353291125115,-0.0008473691544900242,0.0047091175733188365,-0.002019278603161638,-0.0,-0.020087702662300505
2022-04-01,0.003217562237414923,-0.0012711022174451937,-0.001085944000673674,0.0004236827785385902,7.882565927752812e-05,0.0014143061267540059,-0.001971268790927451,-0.004866076472629934,0.0010995793979384047,0.0015258670946118956,-0.0003688340786380056,0.0006860545462721627,-0.005937726236109872,-0.0343463556931882,-307.4845716080392,303.2310551968414,4.286602413514715,0.0021215400492181997,0.006705379351405392,0.00036388436055157257,0.0006276405127409791,0.0033379272265611827,-0.00016860701115183784,-0.0,0.004672337157432434
2022-05-01,0.003217562237414923,0.0023671650323837984,0.0008083786681944414,-0.0030717001444047765,-4.7170554203067577e-05,0.0040129999213199185,0.0035956619819039136,0.009383078089569298,0.0020928341523784796,0.015046496767159552,-0.00045582842338067413,0.0006639507666467055,0.010292130274894324,-0.020413509165950566,-38.49245142403215,73.69502624403998,-35.19358806091762,-0.0014928160360225707,0.0011667184038860142,-6.995160173363823e-05,-0.0025968260463006573,0.0005763332832849014,0.0003648442530316019,-0.0,0.03442711095028731
2022-06-01,0.003217562237414923,-0.00654820059290356,0.001439175351401912,-0.0018632930798094958,-1.0614363214337374e-05,0.0005169558545366935,-0.0007316714642445386,0.0013822649972007137,-0.0006132726640556806,-0.012466712995373665,0.0005208249635439919,-0.004728139781797073,0.0034979172726836818,-0.018653467572139246,-186.6299192407339,120.0015357624566,66.63584856739884,-0.0014740330318927825,-0.003125257140379914,0.0003622755260315208,0.001246866067778894,0.0020458914861412225,0.0010899179563826978,-0.0,-0.02742992185115368
2022-07-01,0.003217562237414923,0.0009477971661823327,0.0021287220196520413,0.0014396103012709056,2.5926171289984816e-05,0.004222171868872024,-0.002373242778422779,0.011952247964366319,0.0018429967936004262,0.003101123001014993,-0.0002424605352213877,0.001189683253309773,0.03777395308688656,-0.0004888283383495558,-18.544094432068334,-121.0291556503217,139.56191065244923,0.0017066015619726562,0.0012578709789025555,-0.0005848832877938219,-0.0003511429431372524,0.0021044617657848238,-0.0007074547697043226,-0.0,0.05682328557708418
2022-08-01,0.003217562237414923,0.00623038292639569,0.002529079122399901,-0.003636610515789563,-1.191223109258257e-05,-0.0006651649553941745,-0.0023372445796789472,-0.00914637021700518,-0.0007361982633982196,6.275313724406472e-05,0.00011876983303374748,-0.0029773665879637688,-0.020022990997204223,0.008520869062215542,-104.70807937896089,0.8954973308538724,103.81298715729588,0.002007569246393053,-0.007163497048703217,0.0007277033213259073,0.002125972854621084,0.002035515153033062,0.0004381077960431537,-0.0,-0.018277961517250932
2022-09-01,0.003217562237414923,-0.0024021005957863763,0.0004237432484998386,-0.0030010863479816765,0.00011680253165447303,0.00497122904526478,0.004085469278748909,0.005730990875350419,0.0014623429287226495,-0.0037508975640668015,-0.0002889349381819082,0.0021151316792822816,0.006411994084100964,-0.044075077929356055,-296.837619237543,303.98953654264653,-7.121504180881918,0.0020856640068982984,0.012860102541675387,-0.00017163517538309602,-0.0013547014013899875,0.001079303745462776,-0.0006759044746718135,-0.0,0.01925312199789383
2022-10-01,0.003217562237414923,0.0006227467201503232,0.001148117644128148,0.0006943689981604686,-1.5925855022398038e-05,0.0028027325320366513,0.0018113196657211469,0.011443574445396468,0.0026401459742001884,-0.001882837267621264,-9.063330082304844e-05,-0.006186901925909827,0.010239535843586127,-0.026743971834902694,-253.61373263783565,227.27526519949794,26.363020733088224,-0.000722923058037703,0.018902360900445933,-0.0002017713927343122,-0.0002196859262277099,0.0021543301390490543,0.0001343869071187329,-0.0,0.04429982619664111
2022-11-01,0.003217562237414923,0.00024164065826240937,0.0038203478763849607,-0.0016909346734864557,-5.49819480399268e-05,-0.003916767740891623,-0.004928615313475956,-0.013168641161902937,-0.00021734377562740938,0.0070791494357071655,0.0003622404406503154,-0.0026120966871086807,-0.02002786654195287,0.004129614251082413,-62.873776636432055,-45.26420934643885,108.13139292166993,0.00038488036828029546,-0.00047763081727652043,-0.0005881009568339254,0.0012360803986417178,0.0008222122686408665,0.0010285658903373066,-0.0,-0.031953746992159575
2022-12-01,0.003217562237414923,0.0014989494106340726,-7.538212273180464e-05,-0.0009453137263092186,-6.319583182133776e-05,-0.003985485361106176,-0.001309735979906157,-0.00850369426277877,-0.0024186824860873294,-0.005395400410879552,0.00046565512244407207,0.0013301732928533432,-0.012703539535348007,0.009635569937561282,105.16311916317781,-134.476295897242,29.2987146585634,0.0022614785527049187,-0.001610484852845529,0.0009192854287665576,-0.001228690613450702,-6.321766473996643e-05,0.004132958058315036,-0.0,-0.029303266308110174
2023-01-01,0.003217562237414923,0.00039915889849212975,0.00029590900640822575,-0.0003507911177147472,4.024453564412726e-07,-0.003766861937264646,-0.0015009447117098741,-0.0028198205942894378,-0.001147317458425387,-0.006783754851170345,2.6207802347612237e-05,0.0007560031581410109,-0.015229947055783361,0.0036676873998541947,39.66674764136638,-41.44244204918834,1.7707127193824779,-0.00035812787194115634,0.008418543239707926,0.0002726647512601756,0.0015807732980573322,0.0005056041066037626,-0.0025739861855549008,-0.0,-0.020372723879694174
2023-02-01,0.003217562237414923,-0.0005297043256842669,0.0019600210856303953,-0.0014088591318608464,-5.153836832437717e-05,0.0007804659140770623,-4.6952167789228075e-05,0.0034468159970196892,-0.001993390686052052,0.00462152046344107,-0.00011357391115046231,-0.0015681236053364618,-0.008861995709254599,-0.007000286100477694,-159.59664173752128,105.37507935851002,54.23303101458704,-1.8788727701190898e-05,0.006101357612286303,-0.0002982622240710823,0.00042640769173014074,-0.00031596581739467563,-0.0004753581538796573,-0.0,0.009339987648393723
2023-03-01,0.003217562237414923,0.0020791150565456222,0.0029667819146498944,-0.0016298119787331216,3.405448021296808e-06,0.0006812248633331242,0.001422339990018642,0.006631458393005088,0.0015747556597274657,0.010883457894779656,-0.0009895607827859955,0.0014062290646385818,-0.006612780649937607,0.0030848218455585565,113.06026122475036,-41.00692695385501,-72.0600323770352,0.00095662557581688,0.004966904265124257,-0.000928048998916434,-0.002495675691778546,-0.0006322992601566846,-0.0013082239982522275,-0.0,0.018580174708217996
2023-04-01,0.003217562237414923,-0.00045292971626135174,0.0019573133417308155,0.0002539818806830804,-2.016991845450014e-05,-0.0023504209353663154,-0.0037901919995580375,-0.0023010986097747265,-0.0023365657012087387,-0.002222772032373293,0.0006954384964282337,0.0008972365707828007,-0.009411377749150759,0.009873907674338041,140.23543285422403,-99.3561628724429,-40.88687714705586,-0.0014122214682338262,-0.001965526231221043,0.0007444456642988054,0.002122342035307579,-0.00025305708576736977,-0.0008039556109655569,-0.0,-0.015165224432078605
2023-05-01,0.003217562237414923,0.0007595280682710085,-0.0002834519225426729,-0.00021867498247153203,-4.4974876657692924e-05,0.0006047365776529574,-0.0001998164087651713,0.00257610924573953,-0.00022380908412001927,-0.0006077167735367512,-4.824447048034805e-05,0.001786601213722906,-0.013227624403610222,-0.009822582468646021,-56.66957828818355,55.60891621761438,1.0676140242311023,0.002127910795744653,0.01125121752488711,0.000579258906951364,0.00010283761761485744,-0.0009496642963256897,0.0011184504970631734,-0.0,0.005449606659838627
2023-06-01,0.003217562237414923,0.0009738823124407746,0.0005646660345322709,-4.2140491413790045e-05,-2.3743514289626357e-05,-0.0005230582225437675,-0.00449393847153233,-0.011226876504220433,0.0012481138666919863,-0.0010240351749920863,-0.0005048194324170689,0.0006192618817934436,-0.012086454652611479,-0.011068546082686875,-248.41257897522632,85.3707455414025,163.05186559713908,0.00015474956119058598,0.0026872618396248794,-0.0001438533500124444,0.0008884401282539643,0.0003799984819818189,0.0028084249426824502,-0.0,-0.017562941294863667
2023-07-01,0.003217562237414923,1.8411278240472113e-05,-0.0005963322276926615,4.2140491413790045e-05,-5.5759285960415353e-05,-0.0019771646209549598,-9.875565359941867e-05,-0.0064690001868993015,-0.00052476631526682,-0.0005461171453836143,0.00032076497368352126,0.002371491292246279,-0.007090067649253695,-0.0032671148174991966,-92.46604131325246,74.08650048703639,18.382826079004808,-0.0012621596829139755,-0.003329598441097283,0.0003900704313576204,0.0005243757399127681,-0.0008235540303525907,-0.002732350649663696,-0.0,-0.018602671473539265
2023-08-01,0.003217562237414923,-0.0023658628028551706,-0.0020174029351336213,0.00014122759284619985,-4.3228307365662775e-05,0.0028568425820072203,0.0025171819534331157,-0.003945344892879642,-0.0010738477214122372,-0.003363789104215087,6.0085750370846206e-05,0.0014997375835210764,0.018592676127516215,-0.01354572468844332,-35.83560623231363,131.30535452897266,-95.45262013986343,-0.001348419040184714,-0.002874821084008294,0.00021717958025155705,-0.000274020069366276,-6.338478370780253e-05,0.00023524362853022233,-0.0,0.015550048401910701
2023-09-01,0.003217562237414923,-0.00016805090628185004,0.001868076669589624,0.0007414448624425289,-3.4891312190497956e-05,0.002786264671857864,-0.0008548409610431263,0.0014778044064482087,0.0006572864486773252,0.00012837370581463643,-0.0004473138918274228,7.621508516359668e-05,0.010849407294135369,-0.012057883668267615,-58.8420262902516,103.33451986689163,-44.48212364112117,-0.0015633842879329942,-0.006029847819839062,-0.0003275220844073104,-1.2601078793928562e-05,0.0006969617140630208,-0.0006292672214772757,-0.0,0.010743729382395784
2023-10-01,0.003217562237414923,0.0004015498766933678,0.0020347872525750006,-0.0,3.885786560588263e-05,0.0028406714759450086,0.004266189944684237,0.003949328563430583,0.0014931962560197967,-0.001886169887321354,5.0450808486960634e-05,-0.0017180993172471793,0.024839738051267587,-0.022117034039011375,-22.32141393115958,205.08356904964944,-182.7352040851294,0.0006294105086175619,0.0005787849960377597,0.00012724180659402199,-0.0010983228423352112,-0.0022196768805720028,0.0019120557045597677,-0.0,0.04429155574191276
2023-11-01,0.003217562237414923,0.003718857943912786,-0.0001330948380511363,-0.0,4.26624379575977e-05,-0.003496321757860778,-0.005807653407729335,-0.008183008783428175,0.000471744127545136,0.009916080283506618,-0.0001985368018968997,-0.002308430586756774,-0.025052395572653163,0.01258529440262015,90.63609637457316,-144.47356937775808,53.82105530037868,0.0016379146631171173,0.002270446837423794,-0.00022697646688179127,0.0011021672392553924,0.0013959308124038207,-0.0013692935460142934,-0.0,-0.026834753582365613
2023-12-01,0.003217562237414923,-0.0015364769867369204,0.0011475885576651744,-0.0,5.633296722397293e-05,-0.0021670281769235436,-0.0018968859360312081,-0.0056480664228475315,-0.004498356657296928,-0.004282516932531322,0.0015586923636402095,0.0029724201294051445,-0.007318754317812053,0.021419129230578447,208.13421872066564,-236.284066216449,28.12199067676879,0.001227150531958432,0.004653268097571117,-0.00018582692704371677,-0.0007457275714725565,0.0008237460681681823,0.0009041712715837373,-0.0,-0.018156397488049786
2024-01-01,0.003217562237414923,-0.0008133572529372021,0.001001903708703189,0.0003416796601117688,7.867803874637722e-06,0.0006175833333677628,0.0010004128266713282,0.003273936142438118,-0.003918359692522895,-0.0040036451232240665,-0.0003635674549872285,0.00030408270809821175,0.004935052482208448,0.002572159733531321,65.63337274716712,18.643960822695405,-84.27300838933294,-0.0005863772419048304,0.00017416056296198275,-0.00021534838648889617,0.0009994577682045412,0.00018997709999737234,0.004822471123945763,-0.0,0.01788283256903469
2024-02-01,0.003217562237414923,0.0002043553071501877,0.001940874896197895,0.00054099279517696,-4.796404777439048e-06,0.001307021834211346,0.0008427350811433097,0.0015568825563501763,-0.00017355911223251988,0.0067856754254056505,-0.001072275723859632,0.0022392976254079927,0.01737647439083706,-0.007852166525986696,-108.2016106255296,73.1078148795457,35.10013513762334,-0.0007607415337982953,0.0005895574491257317,0.0009318421859962309,-0.0002543709295520148,-0.0014576237482884114,-0.0037176617233948208,-0.0,0.02857946772197656
2024-03-01,0.003217562237414923,-0.00036142260798574635,0.0012213365588679365,0.0008826724552887287,1.8294477479517233e-05,-0.000633385089257583,-0.00027079858227283633,-0.0032900539819085807,0.0007277223920933788,0.0013461858020872848,-0.0002558728759634122,0.0013295076329482838,-0.013894914611256875,0.0016518457004329652,-21.528763984459488,0.4893428037454493,21.03913979923893,-0.00042410499308039463,-0.0037338883979336043,-0.00014595922283950418,0.000882801679437698,-0.0010155384623792962,-0.0005980041248803001,-0.0,-0.013627395488817747
2024-04-01,0.003217562237414923,-0.000946968821939124,0.0005350680412589704,0.0003416796601117688,-3.2676647666768636e-05,0.002298594102372202,0.003066532728677647,-0.0010126078436635884,-0.002026454547893042,-0.006789765205478297,0.0007690787778955107,0.0010157134169963935,0.0011025895490150471,-0.014630633346691964,-139.5357480247291,161.77183749015404,-22.217820910317222,-0.0009586531155658852,-0.005953063781010623,9.960386073329364e-05,-0.0006359059661193693,-0.00019055438052932296,0.0007441841888558959,-0.0,-0.0017181219854865565
2024-05-01,0.003217562237414923,0.0016391625198008699,0.002848701924925545,0.0014236652504656887,0.00017184084848524163,-0.0004384593380697258,-0.004124603752248331,0.001444767414465422,0.0007175595348229788,0.011019019549725227,-0.0008272897165111968,-0.00017623478216307958,-0.006517442974260527,-0.00018760247597774142,8.229859323150134,-27.80445810880719,19.571292836501332,0.0017716842664789964,0.0013749556619373899,-0.0001611712110250352,0.0007116833009682817,-0.0005083628788962284,-0.0021517009452801487,-0.0,0.00794178527933421
2024-06-01,0.003217562237414923,-0.0018792276944286982,0.001209975373473986,0.0017083983005588314,3.338200942897177e-05,0.0028350188367351004,-0.0005933283243159357,0.0038200035068726213,-0.002939824851837602,-0.004886324953050324,0.0012172543958232462,0.0013535128673893093,0.02282198173256189,0.005792078959589594,58.47995162324004,-86.61856969095311,28.12786206461972,-0.00011307764607568803,0.0015579068231932145,0.00012113346740000406,-0.00021703756390491774,-0.0006995169778845461,-0.00010723756864992007,-0.0,0.02349662983694447
2024-07-01,0.003217562237414923,0.0002149896445136517,0.0033617926355317016,5.694661001862604e-05,6.442671081852344e-05,-0.0004977673367200015,0.0024629055743081597,-0.0010910518115295864,-0.0011967490234593607,0.009058144094522618,-0.000821690250026815,-0.0004637277326139953,0.0006948944905517022,0.004478271682852362,117.88466151763092,-27.706589548057927,-90.1776674381054,-0.0006443742682169084,0.000507817595933734,-0.0006869461801512597,-0.00045801717751830053,-0.0005091168910224891,0.0031907079331525336,-0.0,0.021343550005958438
2024-08-01,0.003217562237414923,-0.00022745282954925858,0.003443583615493988,0.0017083983005588314,1.3194716447045776e-05,-0.0011751890609848251,0.0057537542985688995,0.0033015699950529514,-0.003590539893559789,-0.010611424430743165,0.0005802123822268853,0.0007468858758539844,0.003771504283276655,0.012576445229224967,259.5488214362786,-184.8394572587069,-74.72686566716895,0.0010758374864756912,0.001614989983139737,0.00045816467941770287,-0.000988885676674042,-0.00216730094329787,-0.001585623354677036,-0.0,0.00041419729644499035
2024-09-01,0.003217562237414923,0.0009535774864726441,0.0016763951191926221,0.0018222915205960836,4.104637264416715e-05,-0.0011211528973970812,-0.0017388312432681055,0.0003607053421266613,-0.0033279740954449306,-0.0005031455370482462,-0.00022140873706145194,-5.1656594678511974e-05,0.004200505588185423,0.008548891444633592,167.80203655614324,-72.1340227000925,-95.67695608400183,0.0015242803121122057,0.0023755971236179706,-0.0001417474771853846,-0.0006448762255997931,-0.0008940954702369167,0.002170075549807683,-0.0,0.009303811867793494
2024-10-01,0.003217562237414923,-0.0010133456508107973,0.002129576438284527,-0.0007061379642309836,-1.709145858150588e-05,0.002620461800375986,0.002382405344180158,-0.00280551143282773,-0.0028982129654668252,0.006712317048380318,-0.00015296698507290732,0.0006461563232689493,0.0021517521963729143,-0.011418383404242855,-171.13899497373433,182.01105585305888,-10.853260442481815,-0.0004006443529868573,-0.004315516804665902,-3.130033338605009e-05,0.000762685633442691,-0.003907186981132108,0.0011869344162237809,-0.0,0.012943989947268173
2024-11-01,0.003217562237414923,2.4892322607328975e-05,0.002030949216485545,0.0007061379642309836,7.106805455859553e-07,0.004087490991138665,-0.0042907445410123235,0.0028866043126635067,0.0029233368817503987,0.0032240714003932427,-0.000864024039662332,0.0004624199593959491,0.014675453519524229,-0.013284969045732124,-139.4966048174848,127.39550552704785,12.115070619883152,0.00031849274811273287,0.0002434204549090726,-0.0010026309048785135,0.0001933304495637982,0.000898388593244494,0.0006215182652553214,-0.0,0.031043740912153134
2024-12-01,0.003217562237414923,-0.000995699598703906,0.0019469067799536561,0.0010945138445580223,3.5677898384915536e-05,0.0018730222445820053,-0.00018216726055689462,-0.00023169394238792715,-0.0006749138762380012,-0.008666434698586896,0.0007636192572685988,-0.00039302456993438317,0.0021754332112519925,-0.0031479459491107974,15.490924266999338,17.440177525481936,-32.92522629293503,0.00012159340957218374,-0.0003840628633338688,-0.0005746547626338167,-8.109541725516389e-05,-0.0011552529971815017,-0.0036169732154523342,-0.0,-0.0030000907221469906
2025-01-01,0.003217562237414923,-0.0010278152559763303,0.00241686329653018,-0.0003086506263009603,-3.195187192072914e-05,0.0018497728862178864,0.0010719707656942378,-0.0002644333038123049,0.001731715160362478,-0.00808236034572508,-0.0005682107266999629,-0.0021623858996820283,0.0030471163643806575,-0.008286955912136377,-22.60030928277631,116.27763702595513,-93.66282540996538,-0.001311597143622309,-0.00493770402195286,0.0002146943887165172,0.0010114394719391074,-0.001285537434652724,0.0009125045365170781,-0.0,0.0017083697787363523
2025-02-01,0.003217562237414923,0.00027288722271719075,0.0012560536256149694,9.680923703166678e-05,1.0888437305974218e-05,-0.0014080331563883566,0.00023607577257991604,0.0008361381066545245,-0.0011554657173604853,-0.003764631036333159,0.0008517257844643415,-0.0009394570388467866,-0.01883435657921624,0.01190095832672649,30.287056605409536,-87.10301906666086,56.80078463473602,0.0009193041163010632,0.0004740336713781504,-0.00029051889044611737,-0.00038939469249305925,-0.00012866530886102877,-0.003587467489557784,-0.0,-0.025603379886627736
2025-03-01,0.003217562237414923,0.0001598671240972283,0.0015125072873405393,-0.0,2.9068073743572453e-05,-0.002416458925520428,0.0049189878342957415,0.0027067644819469584,-0.00235357029338948,0.012487822253089944,-0.00022972776600542526,0.0007782904833404723,-0.011005342759621912,0.00475790556213994,117.429621733414,-83.46720203483369,-33.967446564710805,0.0006774402836229832,0.0036939486357988045,-0.0018391071357064658,-0.0010541122777531226,-0.00032175214344040644,0.00020371161146875343,-0.0,0.010896938436358559
2025-04-01,0.003217562237414923,0.0003554683942937628,0.002477191134191875,-0.0,3.503574921611968e-05,-0.003158581904257162,0.007420393471103551,0.01188221320450817,-0.0014443771788877813,-0.0008336046993337221,-0.000316884344438349,-0.00030224156047744025,0.0072948899877870454,-0.0054221835116712,94.12962762114252,-0.6997602093557795,-93.42992702521103,0.0012115823402992678,0.004013731452834056,-0.0019816655701296,-0.002197713572703806,-0.00025749317815347046,-0.00030379747367816567,-0.0,0.02162991155363805
2025-05-01,0.003217562237414923,0.0010936172470805382,0.0021000066990921936,-0.0,-3.209454777743347e-05,-0.002743475699134132,-0.008691168887291689,-0.006977673705869164,-0.002755108129582128,-0.0036930143522832647,0.0004632025103492356,0.00016707956955976019,-0.015412482624185918,-0.004270021135619205,-69.66512309334779,70.83726427016748,-1.1649812060927258,0.0010304720727575976,0.0013020290073752628,0.0015135470446162919,0.002582900786345333,-0.0007085258888514002,0.0005594683990123632,-0.0,-0.02409370867001788
2025-06-01,0.003217562237414923,-0.0016232374521945043,0.001676902649573116,0.0008541991502794157,9.59331010699845e-06,-0.0027065115367516726,-0.0020661639599891548,-0.002332736738133003,0.00013573582899880024,-0.005861745396333357,-0.0003784172568676152,0.00029972490666064914,-0.01288197819695602,0.0014146878534422246,15.167992807232723,-19.7254084189724,4.55521840769568,-0.0019105682556936783,-0.0041293780707640365,0.0018252031430656924,0.0007979259385443554,-0.0009671651333157515,-0.0017651428196187957,-0.0,-0.028588713842527928
2025-07-01,0.003217562237414923,-8.084833188855434e-05,0.0008189617626134069,2.847330500931302e-05,-2.662812339936156e-05,-0.0007517955831089814,-0.0022676168630307234,-0.006876273264086939,-0.002006193796558835,0.003148471383955672,0.0003520865940167416,-0.001392703847282364,-0.005732141833027705,0.004620448402068214,3.2929223094409976,4.071332127160939,-7.361252518129082,0.00010506898947868501,0.00034520286423733303,-0.0004695442406570943,0.00022746015111074384,-0.0007099843960716612,-0.001427633235864429,-0.0,-0.00587570935221801
2025-08-01,0.003217562237414923,-0.0006501966185816243,0.0018445723505833365,-0.0,-5.371515031564975e-06,0.0007236840515778733,-0.0007656780751394822,-0.005299243408398672,0.0009878918929340783,-0.0021329988681144125,-0.0006244204635184173,0.0014386638915682363,-0.0024154675820613025,0.007393189399223529,87.31870956060465,-62.17589664387611,-25.152536271150602,0.0008471836670950085,0.0019853813722491664,0.0008242595524399156,-0.0004298462911976365,-0.0006459773675985892,0.0009224895306717237,-0.0,-0.002507676665954549
2025-09-01,0.003217562237414923,-0.00046912207184703883,0.0010397692079371526,-0.0,-3.2580198396270966e-05,-0.0008546533917359471,4.829550547108605e-05,-0.009697971220360166,-0.002048017983557603,-0.007780770994689932,0.0007412524309894119,0.000643041868292047,-0.009462202692683611,0.00789405261339053,66.17159184677887,-70.60237972436994,4.426537157295704,-3.1543306693331666e-05,-0.003370651296979552,0.0004384662665136526,-0.0006678358183175441,-0.00019389306673622648,-0.0001476249999389197,-0.0,-0.024985147207289
2025-10-01,0.003217562237414923,0.0015828857134170286,0.000752707144168997,-0.0003883758803270418,-2.254743244381864e-05,0.0011444332903331727,0.0026466856156265777,0.001236105498366268,-0.0012365170323736885,-0.0018262425427135669,-0.00015637740159727022,0.00030838256083969706,-0.011194405397274334,-0.00045838718187015065,23.099385175143546,-28.70484886769833,5.602282574448489,0.0009638289711265136,-0.00028117340236020436,-0.001211400073777279,-0.0002793381517725276,-0.0005819560475001211,0.001544566825443488,-0.0,-0.007420680793568424
2025-11-01,0.003217562237414923,0.00023869314352682047,0.0006630733661667222,-0.00045898967675013855,-2.4822767093587405e-05,0.0010185742484030646,0.0017334439137650615,-0.0018166567971905662,-0.0003510346096403286,-0.010467829576977363,9.205084758366557e-05,-0.002592000097647418,-0.009305124807882967,-0.0041862489608115346,-14.013268193520641,15.693223716111339,-1.6801954900136093,0.00021581088109280205,-0.000669874177509434,0.00042673354647717677,-0.0005459257204264527,-0.0006471054437674944,0.0006383968721933405,-0.0,-0.023061241001986428
2025-12-01,0.003217562237414923,-0.0004209507312922526,0.0004448138049544866,-0.0007414448624425321,4.8685377092588186e-05,-0.0019136715572775692,-0.004679687197547195,0.004609072485448559,-0.0006871127829607683,0.012853165133700307,0.00033205383772909005,-0.0024304987659453906,-0.005763477025701179,-0.004206897032066951,24.019250545388566,24.11970679660517,-48.13755186065871,0.0003678902885801193,-0.0017023747403392931,0.00042575254981860866,0.0003787798854412245,-0.0008420057268046206,-0.001585212096438052,-0.0,-0.0008900755836152909
2026-01-01,0.003217562237414923,-7.887493756512785e-05,0.0008856802254320651,-0.0005649103713847838,-2.8187608064531015e-05,-0.0015056482956392488,0.0007748934252324128,-0.0013635142720213012,-0.0007867427721251407,0.01399297708409084,-0.000892083996203108,-0.0010403109035479273,-0.013681492167198703,-0.00046664641037231716,-17.658479368162016,34.41058595936836,-16.74666599787329,-0.0011662315428302317,-0.0074331561278620575,-0.0005651194751125338,0.0009661823770843031,0.0001295959616840748,0.0015679427624618668,-0.0,-0.0025974914734717444
2026-02-01,0.003217562237414923,-0.0002285556331522177,0.0001230185250330708,-0.00028245518569239346,-0.00010159439816939366,-0.002099454435744447,0.003342413941629014,-0.00136014875724549,-0.0019751315308680433,-0.004797508696345815,0.0004326890483540111,-0.0022622023549617345,-0.011683267401637666,0.004852886689914843,32.00935772416648,-42.920257316498784,10.905613650819461,-0.001156602343254704,-0.0028585674795973703,0.00032338881848587627,-0.00044206293029954726,6.479025596508632e-05,-0.0029782296654957937,-0.0,-0.025154972808511963
2026-03-01,0.003217562237414923,-0.00340598524395436,0.0008160261155176596,-0.003404593756113665,6.217385614858106e-05,0.003184602321317825,0.00559530981782232,0.004334783031221417,-0.0016769942615266242,0.018500987332246994,-0.0005340286293874009,-0.0012646800057018218,0.021697532904900996,-0.004976185172554299,-118.88281330236516,58.77985758588375,60.10686527714203,-0.006955810532658932,-0.02325261701673718,-0.0012419156098364742,-0.0009737003088393246,0.0009712364382013195,0.0005174725214770892,-0.0,0.015120736699570564
2026-04-01,0.003217562237414923,-0.001073270637701785,0.001587937220073067,-0.00012609606504124964,-3.0695282220424524e-05,-0.0013905561362357731,-0.00499118508129992,-0.008647449822487621,0.0027651462143253058,-0.010657577035048655,-0.0003959426144893869,0.0020240880158707624,-0.010874965603022995,-0.0016359171883216477,-41.36458425559515,35.81010637807992,5.560204294849997,-0.002385410078512128,0.002801230200354452,0.0013527420723437884,0.0011013129288286855,-6.471310940152915e-05,-0.0026171679020833317,-0.0,-0.024314510331880687
