fecha,const,D.ln_terminos_intercambio.L0,D.ln_remesas_12m.L1,D.diferencial_tasas_pp.L1,D.deficit_fiscal_12m_pct_pib.L1,D.ln_dolar_amplio.L0,D.ln_vix.L0,D.embig_colombia_pp.L0,D.ln_reservas_netas_sin_flar.L1,D.asinh_balanza_comercial.L1,D.asinh_flujos_capital.L1,D.diferencial_bei_5y_pp.L1,D.ln_ise_total_dane.L0,D.ln_ipc_colombia.L0,factor_monedas_regionales_4.L0,D.yield_real_10y_tips_pct.L0,D.yield_real_5y_us_pct.L0,D.yield_2y_us_pct.L0,D.yield_10y_us_pct.L0,D.spread_10y_2y_us_pct.L0,D.breakeven_5y_us_pct.L0,D.breakeven_10y_us_pct.L0,D.epu_global.L0,D.estres_financiero_stl.L0,D.nfci_chicago.L0,D.anfci_chicago.L0,D.ln_brent_global.L0,D.ln_commodities_global.L0,D.desempleo_us_pct.L0,D.ln_empleo_manufactura_us.L0,D.ln_produccion_industrial_us.L0,D.ln_fletes_transporte_us.L0,dummy_pandemia_2020,ajuste_total
2006-05-01,0.005665126722552821,-9.915237228681013e-05,0.0012322178742251485,-0.0006897211812524766,-8.930603119381901e-05,-0.004581522428848366,0.0032935827166195412,0.004129073256483217,0.0007363253560384806,0.002247411866067901,-6.527928743640477e-05,-0.00021835542269335896,-0.0027166957482767477,-0.0023494905040282836,-0.0026034496189478347,-10.562687945041166,-0.004261215504810999,-32.913104511396725,83.78413474292586,-16.717579207725972,-0.005308858029080048,-23.574658733949885,0.00014026757027516082,0.00019042604460011038,0.0006019067904854134,-0.0017387094412583085,9.978336607860634e-05,-0.005977135433018979,0.0011685652728130025,-0.0001443078630553758,-0.00014723849763792918,0.005094268712067879,-0.0,0.009712862996593422
2006-06-01,0.005665126722552821,-2.6261011422070197e-05,0.005443532662383306,0.0003170492526725087,6.006665991327706e-05,0.0024373069674794995,0.002606456365733448,0.011868511291595243,0.008187598253972053,-0.003279943839155134,-0.00030082245290643036,-0.0006945034858010842,0.0012320108369396128,-0.0022248079654597617,0.011368896868764513,-23.903225641862555,-0.01446899435157857,-63.82392246789066,-2.552726629817625,65.33998051509936,0.00803171595626887,24.934680253445755,-0.00018536498750508455,0.0005153952033268076,0.0013725956912925105,-0.00292960631883249,0.000255381319136779,0.0038342537950140296,0.00015638202837489685,6.277124811758129e-05,-0.0018317767782314825,-0.0010986122089698383,-0.0,0.031160386697948125
2006-07-01,0.005665126722552821,0.00027022078169604047,0.0038868080856181934,0.00014276486816247366,-1.6549542310948505e-05,-0.0005217655124991055,-0.0016370787534231669,-0.0008426904273817139,0.0021974239829684016,-0.0020089916667173466,0.0002601207292198229,7.364104419486368e-05,-0.0024626201205405203,-0.0029167540601581256,-0.012089379117062985,6.44449710932565,-0.00035933256319209454,1.3791683324223438,-13.226490175370445,6.458488719245113,0.0031610072335519256,-1.0514452083496364,6.627503356855356e-05,-0.0001669818898635129,5.4605976868779285e-05,0.0008812636894048961,-0.001041554692677987,-0.006169561756039952,-0.0012159777691147925,-0.00015701105354502717,0.0002970944530282827,-0.0026566294451924573,-0.0,-0.01308774849586011
2006-08-01,0.005665126722552821,-0.00038014537168276993,0.0027469992651372793,-0.00028738382552186397,1.642424058827743e-05,-0.0014965751803965308,-0.0022835157916760306,-0.008838952511840557,-0.0037090719574198443,-0.008378668053132235,0.00038827915118035014,0.00010568522524106834,-0.0029340730337773352,-0.0026728285392725215,-0.005744936355588354,61.767146795501695,0.01836794795164965,89.32192013177499,-147.95996273593718,-1.679900880400605,0.0030353840058533654,-1.4714518540763806,0.00017205350219354134,-0.0002899311769212349,-0.0011789926823941087,0.0035369637263953225,8.741840371852387e-05,-0.0008689392927054035,0.001238156407002978,-0.00019507846323942775,-0.0025373510219136924,-0.00494539831463341,-0.0,-0.03362994610806662
2006-09-01,0.005665126722552821,-0.0007293052393801838,0.0018568069478161796,0.0002436273204746669,-2.2800471222111008e-06,0.0005537119026083163,-0.0015148252059108034,0.0027386196677967266,-0.004715390662375633,0.005913150723526886,-7.667251683204657e-05,-0.0006895625732917834,-0.0017246452699182855,-0.002084753893372498,0.002038666720143768,-8.182082139245924,-0.010702837568339365,55.86462570607894,-110.46854360681009,9.573586234082196,0.02699163139525349,53.186555851712285,6.379480567031083e-05,0.0002417261643738471,-0.00039961646708516123,0.00105037104602043,0.002417761460279473,0.013850047036826635,0.0011244343096681352,-0.0002144489146525093,0.0009635499930502128,0.007161221158929986,-0.0,0.024161954834114863
2006-10-01,0.005665126722552821,-5.573628018808899e-05,0.0018657547345993244,0.0005840380970283049,2.838543708142122e-05,0.000689598652712981,-0.0012385749253377772,-0.007027232164954069,-0.0004897546098679768,-0.0014271754949957357,-0.00014886282225341944,-0.0007907899008804638,0.0001145476496855098,0.0010416086095926048,-0.00655852483279452,-26.272399967197845,-0.01303361699317525,-11.095658481628087,7.048050172983785,6.9242992465371,0.011674789559525623,23.394655885781535,-5.494773057560468e-05,-0.00025968120629465524,-0.000313984366995485,0.0029034065875258607,0.0010029506007127526,0.0025449096396532186,0.0016933842652896857,-0.00032898155822956934,0.0006648679959213314,-0.004451554516304065,-0.0,-0.006759192374478292
2006-11-01,0.005665126722552821,-3.7274325014667804e-05,0.002407206826414414,0.000889962814519323,-2.9673302098603202e-05,-0.001659145949505618,-0.0007317221494988502,0.0023367967954161296,-0.0019306071817551547,-0.004393489857996426,0.00021181436397078133,-0.00023908559711406085,-0.0024801042575031693,-0.0016196177291755087,-0.0029605101288075076,34.16012148459872,0.00999686625532872,22.94321295171576,-93.84075558676497,32.64300631735381,0.0001940521403472908,4.08292174655367,4.2658062001165165e-05,2.137504990572392e-05,-0.00028544033363225684,0.00010718071898167524,-0.00023657045388202194,-0.004109766603362403,-0.0013111422306656582,-0.00021576146355304658,0.0002436061492441446,-0.0052197180702848655,-0.0,-0.016836070278173965
2006-12-01,0.005665126722552821,0.000434426717493757,0.0019950905847615622,0.0008343401386118669,4.802825203217576e-05,-0.001496735492420193,0.00022332061826777158,-0.002322962477193581,-0.004932293401484467,0.004231249640881885,5.507703061426425e-06,0.0006652618418951672,0.0015222259506081084,-0.001615916346875088,-0.004114173335028504,11.831582276101239,0.01221535425416711,27.82430569447629,-21.557916648510773,-15.055335255090185,-0.00773246712931225,-3.0486196666010255,2.5762786715306634e-05,0.00011819547595868904,0.00017250524510819098,-0.005535288686964804,-0.0008857700128319461,-0.002835997799013626,0.00050716660721873,-0.00015898188120071772,-0.005879200871491559,0.004770151080550646,-0.0,-0.010059673438383725
2007-01-01,0.005665126722552821,-0.0006576951185697441,0.0013987269060202001,0.0004238447904148284,9.723743679302913e-06,0.002161087503599742,0.00011737955646384773,-0.0045331059585231905,0.00026391675831142483,-0.008571959955990227,-3.7701876073177894e-05,-0.00010150271105514329,-0.0012537783244141458,-0.005398010506836021,0.0018789245064742299,-53.20496793096065,-0.018491956743838227,-84.1998883429891,136.76723828212394,3.185309768772463,-0.003113004861992291,-2.531468626624576,-0.00013163600561955284,-0.00035742503450354756,-0.0010102105720724277,0.0026414092744595375,0.00219368614759291,0.006647005241083621,-0.001631714073202617,-3.1830419882084375e-05,0.0019664613484904492,-0.0015799117274079722,-0.0,-0.005311001068750279
2007-02-01,0.005665126722552821,0.0005542689359308452,0.0019500742060634,0.0005217407000119538,8.585485973539953e-05,-0.000740892111380069,0.00016823588552111017,-0.00042589563216103356,-0.015096972347696781,0.010577456803884354,0.00037062852228866383,6.367678399314402e-05,-0.002750907103609851,-0.008303277547315593,-0.002624202652933043,21.75982305561237,0.01282368084891895,11.315826920237859,-25.8709025752621,4.008745788298616,-0.009088789457634399,-11.214463159708364,0.00016915897405461803,-0.000276439245420743,-0.00035990302936241117,0.0027509717871963637,-0.0010080503268467204,-0.008804742110447981,0.0006155703577130578,-7.00669462744865e-05,-0.005432327185926083,0.001354823280461252,-0.0,-0.01828116785030253
2007-03-01,0.005665126722552821,3.9864772582310365e-05,0.0017717727360231717,0.000836604776130956,-9.15251329094515e-08,-0.0009674656221001119,0.005082350298333859,0.002178905120050165,-0.016003205054976703,-0.004939471248907721,8.266629830964684e-05,-0.00048589927251866066,-0.00100807785066881,-0.008542142877163893,-0.001526688404643003,52.50193188267053,0.029484799125406053,114.36711855399027,-110.86127078062817,-48.70199873773717,-0.00738930123901386,-7.320115825521732,-0.00017793173520480758,0.0008459731751487674,0.0012559374679819346,-0.0034107286573724625,-0.0010876854289870936,-0.0038260151130551116,0.0018510110131378925,-0.00018498630047876618,-0.001034008149229782,0.0026877157192143988,-0.0,-0.013135878480842867
2007-04-01,0.005665126722552821,0.000505415476219844,0.000728323407121973,0.0009366461317987982,-2.001133854329331e-05,-0.0028998383101789126,-0.0026337989687276924,-0.007964958343603676,-0.01825148341242368,-0.0032964331753139184,0.00010339585141864935,-7.782081847820301e-06,0.0022155786353534337,-0.006228826961730351,-0.008640801042595436,-22.545737337237398,-0.0075284077777480795,-38.44639432701975,90.64984729949418,-15.251393626419437,-0.0036073271563506672,-14.391656289286892,8.485723539494001e-05,-0.000504553778014625,0.0007111187442229748,-0.001174224321288142,-0.001214616557854532,-0.009251588993644958,-0.001404156722217149,-0.00015977955439902395,-0.003878282387742029,-0.0031385043590446368,-0.0,-0.05618919350848221
2007-05-01,0.005665126722552821,0.00042799188153365983,0.001712933614761746,0.0007297695079058434,2.973694280337144e-05,-0.0019350750863143605,0.000460513943440832,-0.0034537676188621217,-0.009608096209103538,0.004607876655356377,-0.0002653159783399729,9.693900318648162e-05,-0.003024682419717162,-0.0022113497824354737,-0.009760912238715506,-33.702862266198586,-0.016927688357333406,-41.61183489721816,36.853237471672706,19.783652781945456,0.010153012248381055,18.677438388538533,2.5370780657981404e-05,0.00020451647749796342,0.0008128844283875159,-0.004263410821715576,5.874197626172598e-05,-0.0004649076217284114,0.0007420791187283458,-0.00010881386961580458,-0.0005584365861714291,0.00022549640068994262,-0.0,-0.026997988147958642
2007-06-01,0.005665126722552821,4.052952785300017e-05,-0.0013450476543172096,0.0011124535181491538,7.10571749367544e-05,-0.0005943142353240941,0.0019366900369427998,-0.006007703061162475,-0.007503057166602137,-0.002703034619286833,3.0203883082381034e-06,-5.5030841282825596e-05,-0.0013110449745798059,-0.0007723414384630933,-0.0022446434141632954,-90.68307661907475,-0.03556806507292488,-88.94804919828708,250.01292404664665,-59.15320075487045,0.0005464099741357853,-11.191605655179128,1.0762517014622532e-05,0.0007164574727600066,0.0007346985978708557,-0.003041550625324464,-0.0008023378672904462,-0.00040836785336007583,-0.0012031911054343576,-0.00012177285135064677,-0.00033024993518380964,-0.0015827830084102973,-0.0,-0.01776551055867709
2007-07-01,0.005665126722552821,0.0001726036993252967,-0.0003698817949420665,0.0009567100256082728,-2.719249714586351e-05,-0.0026736747183287936,0.0023945880106716996,0.007523463144675638,0.004887420259613672,0.004076462256171389,-0.0006423493628887561,0.001138947027232316,-0.0001372064852515483,-0.001211977497001153,-0.007478593929571677,15.512518984221636,0.005673158130832202,67.05998310330412,-69.12699557721707,-26.114388435598094,0.008510718344810346,12.651628756990762,0.0001868605556384821,0.0005635660157943463,0.0031994138265389613,-0.0024842108866197444,-0.0011510271551954782,-0.0033011986235857364,-0.0009257318192004598,-0.00014120822083808784,0.0006948822376456848,-0.0022787271071198815,-0.0,0.00556777186077605
2007-08-01,0.005665126722552821,-0.000441302423427623,0.0027204306047095383,0.0005384275027841913,-2.860170421591535e-05,0.0012006879456332054,0.006139227935896338,0.01416686489648748,-0.0023835759764801543,-0.0048668314059916165,0.00046445465514113426,0.00010550682019585892,-0.0026236608848386397,0.000991463378073707,0.007019726882558172,56.703000951721094,0.020256396802773496,210.20270117142334,-231.08487686566795,-73.32859782158705,0.025036811413018195,37.457735547459016,-0.0005753627104798061,0.00447349014454931,0.01096835508105172,-0.03331891284077049,0.001209129842612155,0.005293158607105469,0.00025584642992449136,-0.00038625381719906805,-0.001115962504057308,0.0020517911487254923,-0.0,0.01277941589479866
2007-09-01,0.005665126722552821,0.0006035907048160765,0.003802106807758654,0.0016341942181611108,1.462230821252091e-05,-0.002878773806164407,-0.0019849587186336615,-0.0016214239386102363,0.0010039216416420482,0.004398724616470067,-0.00030977307873738944,-0.0007590334477671333,-0.0011046675049018035,-0.0006611300309719971,-0.009095337482180697,51.69601251024063,0.023984472145891764,125.23014623255908,-107.43893398021406,-61.59608864327297,-0.0012674668745841413,-7.911553755218395,-0.00038113021154527325,0.0013327429116418291,0.0030120160422847397,-0.00814811643636256,-0.001254786527019327,-0.008004532235737617,-0.0013188368601370715,-0.00023902658819696388,-0.0012841107394407467,-0.0006820523076929827,-0.0,-0.015961274574977674
2007-10-01,0.005665126722552821,0.0004401205100026227,0.0036538546706791726,0.00027588847250098757,-2.950888002203689e-05,-0.004510284496113013,-0.002476148450113371,-0.005555370543762942,-0.005118168531032518,-0.004941991121821787,0.00041805305350967926,-0.00038028312947480043,-0.0010037406397482632,-0.0,-0.026795386700852825,15.746864333651674,0.013261129186718106,18.21582270383391,4.312985926751327,-20.77285619389894,-0.01379200054341999,-17.497419717211265,0.0003700834436928745,-0.001678368918597418,-0.004362272924858203,0.015088663438864896,-0.0009374089001396071,-0.009518516056502491,0.00026444630992194916,-0.000181311864907334,0.0016311952847111763,0.0036161982268259293,-0.0,-0.031198949254678313
2007-11-01,0.005665126722552821,-8.718794243206669e-05,0.004505547763930382,0.0006207490631272304,-8.525657775247116e-06,-0.003039949814669284,0.0048251525800973825,0.010074861859438013,-0.0013082763438711591,-0.0013765002795992716,-0.00015032424615545663,3.463811225566209e-05,-0.0019027700913071134,-0.0034060253903444703,-0.002601527593643702,124.10872548411834,0.06389089205105201,262.2206103840588,-265.9534395125101,-104.69519521725056,-0.012576621348613258,-15.728820304253398,-6.419610097070068e-05,0.002499889036654037,0.00705409937550328,-0.02107887473306304,-0.0016696325411276788,-0.009491239462032902,-5.239137419505984e-05,-3.2415950576329545e-05,-0.003082333889344187,-0.0004491612431332034,-0.0,-0.011326163275194874
2007-12-01,0.005665126722552821,0.00013764378288731488,0.005626565797730622,0.0010748155074517716,-9.40264157314694e-06,0.0021528452611575986,-0.002762860135644068,-0.0025292742663384315,-0.0025334190604937076,0.007010432316064396,-9.175703955202529e-05,-2.068125696026232e-05,0.000973922909633539,-0.003389697053143792,-0.005249612484811298,-6.00152724150062,0.007860399819827746,91.18296655624877,-35.76622475842646,-70.00452537343935,0.010111137839148215,20.571754076407714,-0.00025678811958002864,0.0013374283225811641,0.006932476972477361,-0.01999515857447053,0.00023472468608822897,-0.00019133808573625478,-0.003184897663270525,-7.784639644858208e-05,-0.00019811574799947606,0.0,-0.0,-0.00893006929837343
2008-01-01,0.005665126722552821,-0.000176332702765786,0.002322708453427607,0.0015806110403702594,9.895961455534136e-06,-0.0013719749031576775,0.002913510792971863,0.014395588804189457,-0.0007540231533106866,-0.009888195015207425,8.427170579974187e-05,-7.947559824299363e-05,-0.0017872063856943237,-0.007486975137860342,-0.009911291347093147,91.43755432943483,0.04046211599677069,266.3996565961585,-247.70565190046625,-119.68073367552921,0.009461573832512034,9.503007508073845,-0.0007062147039847087,-0.0012589049392474976,-0.003003328727782888,0.01264732483983782,-0.00019770622081444452,-0.007321281340972756,0.0006499698777028992,-0.00014289514960210166,0.0007645342902274707,0.005996320539826984,-0.0,0.0067006052036317765
2008-02-01,0.005665126722552821,0.0004952446157024327,0.0033318583645712877,0.0010345817718787165,3.0026222942053555e-05,-0.0017141669051158224,-0.00023265606813697217,0.0028070851594916334,-0.0047156204834108385,0.0022661226272793706,0.00015855606495160843,-0.0008473568515811428,5.735396765998963e-05,-0.010605573139064026,-0.015066207590437865,18.304658086576953,0.02046818819667667,208.83184108196718,-4.761816982543481,-206.03765144480582,-0.0008313602223299248,-16.360258866876418,0.0006762364587666954,-0.0003720284685991387,0.004137643792738904,-0.009696282377208997,-0.00043413014821119106,-0.007460078287540474,0.0007058690976864053,-0.00017568487934407036,0.0022769168103077427,-0.005098807353536083,-0.0,-0.03636726858287631
2008-03-01,0.005665126722552821,0.0005667894078671257,0.0025136118981021545,0.0034593084763162914,-1.6431575435038096e-05,-0.0041619389172294925,0.001038420807282871,0.003903683707143015,-0.005232706652262156,0.0001402473569324497,5.011546372273841e-05,-0.0005542405033128112,0.003185955068024539,-0.005718503521755073,-0.02189009420958203,89.73712161100967,0.041059604027795855,147.88672480193426,-159.54541436356854,-53.38624041832025,-0.012766588180742729,-24.71467677235092,-0.00036859530695392874,0.002974517744800649,0.00812388010415983,-0.026328348169410033,-0.0012606351422713242,-0.009793969703931076,-0.0020795867709651767,-0.0002609118299636103,0.001766362709947514,-0.003382497862290644,-0.0,-0.04185256614722602
2008-04-01,0.005665126722552821,-0.0001689240179793565,0.0021746920119869563,0.001989488855578269,2.7486377064680932e-05,-0.0006827152025623745,-0.0037869246765511086,-0.013322448448306726,-0.003105456962163765,0.01098406217778716,-0.00017710588161236047,-0.00012336308708708988,-0.002848015004276292,-0.004939847707064534,-0.011828109222658964,-77.52544260961338,-0.03788175667206549,-178.73938505766364,115.7142565713794,110.20831125111138,0.0030731731068683846,30.36333757916449,0.0004961013151069693,-0.0011388968590568026,-0.0039341124244098155,0.01555311322111883,-0.0007393743889068527,-0.006351448781755535,0.0005281005256336157,-0.0003993662691729458,0.0037499566211254436,0.004499856098677423,-0.0,-0.021608974193902557
2008-05-01,0.005665126722552821,0.0005177958551494146,0.00373297335184722,0.0011380399490665855,8.12105569790754e-05,0.0006467999923776265,-0.0027136942109199933,-0.010206117895655275,-0.0008510006009602444,-0.007822209592202537,5.356879548257657e-05,0.0011180017609474795,0.0020354825646067046,-0.006567824081031352,0.010425314104069813,-27.92996463389797,-0.017322368308535178,-165.51681637663668,143.76619755838047,80.36602604295608,-0.0137439981718604,-30.649056385781233,0.0002471254489442524,-0.0023769397495963154,-0.006468326169092734,0.018006360788921646,-0.0017146021012591393,-0.011311471560108567,-0.005324004656323396,-0.0002233763948308633,0.003525844797477222,-0.0006698126820512535,-0.0,-0.0037358964653403945
2008-06-01,0.005665126722552821,0.00020800687594257515,0.002732963370083395,0.0010345817718787102,-5.8687209263952076e-05,0.000578281165404911,0.003129074743490817,0.0004372847542516162,-0.001798001079421693,0.001829665835731396,-0.00012924522154598482,-0.0004029086503623581,-0.0009794862959636276,-0.006095987561770164,0.012921964048820069,-48.17511652856022,-0.01720412055472385,-136.29672586380514,153.94905213666192,45.110334510670945,-0.015903083564987604,-14.557373197124692,-0.00017241949837028554,0.0009648184526245905,0.0029065272233336874,-0.007359742703408449,-0.0010806279389324344,-0.00772217007889698,-0.0010261014712760988,-0.0004021715428436176,0.0013480153236716755,-0.0031498554911424397,-0.0,0.00044275926770465796
2008-07-01,0.005665126722552821,-0.00020429984252097875,0.0011456189111341117,-6.897211812524612e-05,8.403645018017492e-05,-0.0014445854704373182,0.001578415461320508,0.010254864907312774,-0.004942599527164382,-0.004340623290240135,0.00032200991185480743,-0.0009467269680567029,-0.0032787320201297845,-0.0033868402148803816,-0.0088457618651575,16.998611444021822,0.01255642725504484,83.34413931744974,-64.37219157992102,-45.21835336287919,0.005460014433140034,9.231574641788034,-0.0001606816108338823,0.0008689556288074005,0.002643425698420477,-0.007728920735456448,-4.3225117443185426e-05,-0.0013257832527073115,-0.002784776930757041,-0.0004969723837507643,0.002077330080330486,0.0027023099368069146,-0.0,-0.010860505491370735
2008-08-01,0.005665126722552821,-0.0011990435497826954,0.003953582909790079,7.675929275229538e-05,1.5615505873751267e-05,0.0057517621699848575,-0.0026733593639283702,0.0012312281699758307,-0.005131343598499707,-0.002318173977039375,-7.305781367507543e-05,-0.0012869168539681782,0.0007920638812587659,-0.0013297683074389548,0.008828599257376512,-30.607788931653285,-0.030039909348706904,63.43343504847003,-85.57244598084642,-12.750379131815201,0.04789206823771104,65.46389297203515,0.00011166227518209256,-0.0001079696520837907,-0.0005659164875491734,0.004427754590820805,0.0022954792342290663,0.018449983421499117,-0.0031243590343410245,-0.0004730332275360821,0.009168948218155212,-0.004748477108456132,-0.0,0.022303281754438943
2008-09-01,0.005665126722552821,-0.0002963263073212136,-0.0017467299522898414,0.0007853921838132995,-5.824219911316513e-05,0.005213591779868728,0.006278930535682693,0.013478234901334474,-0.0029707380611827807,0.001257750042738771,-0.00013883447201762486,0.0007069584932342596,-0.0010262769249189349,0.0013297683074389548,0.031004714637868493,-49.672640468820354,-0.03956856917998507,143.02224854510655,-139.92308164316137,-60.14157325257615,0.067699685131897,106.66740207424006,-0.0013414335810754434,0.005188049512877688,0.01644508635200457,-0.035772160408573304,0.0022045898978089056,0.014511942847868142,-0.001415924979055778,-0.0005427400484494271,0.026101381690691566,-0.0036797012294624665,-0.0,0.06166878048297044
2008-10-01,0.005665126722552821,-0.00132663731173928,0.0030648935308933865,0.0006552351221898505,1.128930182247879e-05,0.01449800869429294,0.011668260961850082,0.0733331318664899,-0.004421888577823188,0.0010024825497600338,5.6357078359038024e-05,-0.0008727225089307881,0.0008382691202988516,-0.002453006854389046,0.080970692554483,-257.8570468661328,-0.11724787189635233,192.7180038486329,89.69608130593612,-245.87583505346518,0.13876538847698755,221.25207227983097,-0.0008475505372122959,0.018302070131037237,0.027353871276472163,-0.06931258006857258,0.004430409849278984,0.03361648834707075,-0.0035801526742065015,-0.000871242341513843,-0.00573178665984256,0.0,-0.0,0.14084205095528082
2008-11-01,0.005665126722552821,-0.0017154538332702816,-0.00026461067260444754,0.0028968289612603987,7.851403799272094e-06,0.005554054774814486,0.00039887268422495055,0.004238416674101879,0.006762465206049443,0.003130496372680605,-0.000575330534364385,-0.0023149960713400625,0.004847153839684279,-0.0019359464238206424,0.016022710355648874,-38.88418078469408,-0.09144134930775263,165.9529991323728,-201.5672219620961,-46.5602798730049,0.1400405561575623,120.99820025771757,0.0011949496493414659,-0.006028687475569986,0.012973883686050541,-0.018027796932717978,0.004497734905523626,0.027549479445026517,-0.0035500530942153886,-0.0007633936002350648,0.007699682142983744,-0.007526782106160819,-0.0,0.04885263322453755
2008-12-01,0.005665126722552821,0.001133574707701335,-0.0056380506570267355,0.0020001914256321807,-7.772578155059866e-05,-0.0022313006303681295,-0.0029617607790247045,-0.0037068022680001637,-0.0019942659495137023,-0.0008850080195267402,0.00044568153074651804,-0.002273110356136769,-0.002212165922329155,-0.003147314265961282,0.01045234031994501,205.28938397081706,0.1883312738943424,162.78797397432237,-778.6587649319287,298.4810160788947,-0.11836057101424752,111.99291491077012,-1.5401565001074085e-05,-0.0021474230137286153,-0.002153212951530291,-0.0013338045028830862,0.003939739942261321,0.019400763995720112,-0.006371266358645874,-0.0012685111097401442,0.01657378085846366,-0.00924421055725561,-0.0,-0.025555429429503923
2009-01-01,0.005665126722552821,-0.0015976409550966433,0.00019735224238105046,0.00023695259936576887,1.1921518800127867e-06,0.0013965920645370512,-0.002639607962848912,-0.00925547271284322,-0.004247923507844475,-0.010510925826224007,0.00017456054589198134,0.0008944594902700986,0.0019334429757687885,-0.0041411759228808746,-0.002713072422820217,73.73304896700793,0.01726553908250859,5.777967570983415,70.92933278563218,-47.798342102161364,-0.02568637541965437,-102.6119093331216,-2.6102773011470333e-05,-0.006537584663725455,-0.015045187672277666,0.038473114526911545,-0.00121247515291879,-0.00428734692760876,-0.005182559261628299,-0.0020366562924600657,0.014635618732055839,-0.004501665184710814,-0.0,0.01135006681613437
2009-02-01,0.005665126722552821,8.804594618596241e-05,-0.002552339655764778,-0.001133590134993987,6.963229286745158e-05,0.0052214103713262,0.0003256776425040037,-0.007004074719233719,0.004080144660052471,0.01848868080559667,-0.0005470531624558957,0.0017638505523091296,-0.003978395647337619,-0.005917009563656275,0.010745774029327351,45.69448526873988,0.028856943587002404,-69.89849431277486,247.20772994794686,-76.54382050327882,-0.05827743239098164,-146.3994593223686,-2.6028459066953338e-05,-0.000994469921853811,-0.005270717812766092,0.009829662827497308,3.827839066070156e-05,0.005784866265672201,-0.00559999291045247,-0.0012951434472957847,0.0035368674561638324,0.00623055236587094,-0.0,0.06857034435418624
2009-03-01,0.005665126722552821,0.0017604645121153037,0.0007037614418418557,-0.0019041231182434454,1.6787055670083147e-05,0.0009142170564734977,-0.00028405634114750194,0.0015726010866449038,0.002833284180622693,-0.005824212831946986,5.8114377321266936e-05,0.0019118140046159578,0.0010407334069307596,-0.0034868331430187,-0.01070608720231108,12.29455723473134,0.006073501475692971,18.236177899101442,-35.38051056985516,2.7253987326395888,-0.0006670286992674527,2.125747921228828,0.00028462240749873663,-0.00021009109051337507,-0.0019918771107816247,-0.0032630574445532507,-0.001035702589929799,2.65086359977178e-05,-0.004976501610636465,-0.0012703554309566707,0.009143036549972358,-0.013399142054891277,-0.0,-0.015643277908208925
2009-04-01,0.005665126722552821,-0.00019617224840912906,-0.00014803914361700632,-0.0041509613810424015,-1.6739879702050663e-05,-0.005402358897671914,-0.002696467862950854,-0.018302803008421385,-0.005037247720236143,0.003801752217384657,0.00044198048264712026,0.0014535988720130407,-0.0017217791744304385,-0.002282020626990404,-0.03131097339663412,40.43028851690935,0.011403926645437063,1.753454678058855,75.45270826978614,-46.456415592035555,-0.016237363909912168,-71.16398316403983,0.0005511493695076713,-0.003443571839931849,-0.01149828126566465,0.032178033632054424,-0.0010896793741862342,-0.003279804499956687,-0.0033820159653176153,-0.001318391276498066,0.004823719868155865,-0.00234875089410085,-0.0,-0.03749142587695513
2009-05-01,0.005665126722552821,0.001359811236796112,-0.002760666201956519,-0.002566430266370103,4.264630541673832e-05,-0.006463168797277763,-0.002884791222877112,-0.026418735868279752,0.004303297299399368,-0.0076990837374749585,-0.0002162964547416294,0.0011346302383431401,5.206849949633551e-05,-9.905141385022056e-05,-0.024709320649433947,-42.69086377787461,0.003855013476854646,-0.9791264335903103,256.57707823760524,-151.0186645296452,-0.03221071477624657,-61.85240725639915,-1.902436979626023e-05,-0.003552225493612622,-0.01352614867938252,0.03052745055973659,-0.0019193748484659808,-0.01380737632327541,-0.004044319881437922,-0.0012478365597484626,0.0058816184956096565,0.0005238639011333447,-0.0,-0.05478279871294226
2009-06-01,0.005665126722552821,0.0006530561253793327,-0.0027156155706016165,-0.0032183280280055028,-0.00010115311660208943,-0.0031569175572088133,-0.0015386494176382194,-0.006927985969009749,-0.0017317791139694158,0.009521092967274918,0.00012425117271070498,0.0008401411051850463,0.00044772340576009406,0.0003962889365950552,-0.01003957156557391,-41.51627916060947,-0.01064327429020154,-105.759778840799,300.73083335114484,-72.38509469326004,-0.04727825067798095,-81.01556761618613,-0.00024144600573456802,-0.001410753293777758,-0.006460879899519717,0.013547642879283915,-0.0026049768958198594,-0.012596898336717672,-2.489438946639938e-06,-0.0010368760844695233,0.002187844561563142,0.0028617020810427713,-0.0,-0.021347935014233176
2009-07-01,0.005665126722552821,-0.0009042203013003689,-0.002136021751348554,-0.004345614259729983,-9.25564334827117e-05,-0.0008070206905522094,-0.0017848918571674707,1.7574029953773187e-05,-0.0013949209860681152,-0.0005686828629891323,3.0115231754870085e-05,-0.0002613780792205684,-0.0052202981105670945,0.0002973625262630481,-0.0026941136118492958,11.300018434711253,0.00013279681683187516,68.5430044728066,-111.89217961190069,-2.264241325135056,0.024697730830937667,34.28625679401286,0.00020707580639562143,-0.0012783989847615185,-0.0055027932144584,0.014033528805334166,0.0009079219775477023,0.00590366247083684,0.00011406156628212847,-0.0004502792726154141,-0.006505102133013325,0.005626525166177522,-0.0,-0.003454046103280461
2009-08-01,0.005665126722552821,0.0007020581834209133,-0.006655237950465893,-0.0010920585369830862,-4.2100723808403445e-05,-0.0027435433456865672,-0.0005309448901733579,-0.01013346811111421,-0.00396942052238556,-0.012056285934495625,0.0001889490482298177,-0.00023274153829173572,0.004682038069224052,-0.0002973625262630481,-0.01505634388596979,13.980700602581463,-0.010826846360527963,-39.941878060971824,17.441294308668184,29.61378379002221,0.0002716729964861935,-21.080333552185607,5.7593307000397023e-05,-0.00129984243482694,-0.00641744332701046,0.01670351960485549,-0.0017074695365420299,-0.009056406646497353,-0.0022831549830103497,-0.00032192893899456334,-0.0063198728469986585,0.0020148714226779006,-0.0,-0.04718955557117044
2009-09-01,0.005665126722552821,0.0004076053450799485,-0.0029513842925875024,0.0,4.54191673090294e-05,-0.0015273442939885522,-0.000270457551024292,-0.0030080619752576748,-0.010765802558106947,0.009267689772825244,0.00011908946629569258,-0.0006316041129856401,-0.0025944611710665257,0.0006940405263497892,-0.002510902567270489,37.698164686969115,0.0257596531238355,66.07130219030236,-129.9085387108021,10.88082207436432,-0.0063220144671037835,15.237383956872563,-8.540530073575009e-05,-0.0010239503906837838,-0.0035121571486056093,0.008526821643431153,0.0010040818890367825,0.0051008363942737864,-0.0031764109395888292,-0.00024606170639231086,-0.005084826333215002,0.0012510597551081764,-0.0,-0.006735223296264728
2009-10-01,0.005665126722552821,0.0006112951039036673,-0.007534931576495167,-0.0001379442362504953,-1.4819956436498895e-05,-0.0030579866402704005,-0.0004541701756175658,-0.008879827822581251,0.0010993392298440494,-0.010538833989017041,-0.00028373165852768606,-0.0002957815959361226,-0.0008319631051920674,0.0008933400008422126,-0.013389283317229992,45.31724641355984,0.018877555736241947,2.966873563301718,-10.014542932359271,2.9663638644888266,-0.01605015466082977,-41.22636660673427,0.0002694642206659547,-0.00010058243483637301,-0.0025056697113196905,0.004389645890738436,-0.0010560367862962419,-0.01022371073559728,-0.002095881280434038,-0.00040903930962157034,-0.0015596951753076367,-0.002760681743018528,-0.0,-0.04080065674918231
2009-11-01,0.005665126722552821,-8.373078579085007e-05,-0.004110832718543151,-0.0014484144806301994,-6.418903119693114e-05,-0.0010123403854008044,-0.0003193688677358345,-0.0013978676325732463,-0.0005975465656830865,0.0061575813390202724,3.4044777738448175e-05,0.0008007964774087545,0.00013262318319460974,0.0004967881301884547,-0.013137396504132983,59.46370348281139,0.03399696155614194,60.604478318410614,10.526490855371968,-66.84705123196683,-0.025108304306830344,-63.73815138006984,-0.0002342208324789377,-0.00037137866708200444,-0.0013539800173599714,0.004303901315553099,-0.0007537664758228104,-0.0063147842051334575,0.0016283193837299426,-0.00022461076578707075,-0.002508140451850654,0.006722321816705091,-0.0,0.010367636565508036
2009-12-01,0.005665126722552821,-4.2527429730331006e-05,0.0011261856301463444,-0.0004023373557306111,3.1045937824723456e-05,0.0010098323412403706,-0.001877072103462618,-0.0014458300893220946,-0.0023948403950637643,0.002153907024508436,-6.736895751571359e-05,0.001826135936943606,-0.0031338968478305663,-0.0005961038851956746,-0.004170531249750833,-25.51792225683771,0.005115899723729629,-29.655027032122682,131.40230456835974,-48.184717227367926,-0.01657818074798526,-28.023300552973136,4.999470617357059e-05,-0.0009263091627144385,-0.002420037611230013,0.0065499328266580056,0.0004222720558163467,-0.0032460677268750225,-0.0007796470155593781,-0.0002562816980810546,-0.0023465609867246253,0.0009806328401168257,-0.0,0.005584871541214649
2010-01-01,0.005665126722552821,0.0005286222226005252,-0.0011724270327675276,-0.001321965597400579,-9.593401003349707e-05,0.00039831627468030076,-0.00047160685795293695,0.00044013530375305485,0.0007944475739439571,-0.003835630361291882,-0.00013131463260847355,0.00015547708846627034,0.003004649305266224,-0.004849462261128398,-0.002419761661344207,-2.912169647185354,0.0013595074123162905,-22.59925169290679,100.39789679247676,-36.87597431540925,-0.016104284994716136,-37.99202971583246,-0.000297404405955599,-0.00040144053726941405,-0.002371636859005413,0.007600303872678435,-0.000328645118784146,-0.00703868024442524,0.002187764208827991,-0.00014010110920297444,-0.006281258915788367,0.003402097579841955,-0.0,-0.003253685891848813
2010-02-01,0.005665126722552821,-0.000388934169005994,-0.002615291298859535,3.448605906262459e-05,6.299615007462054e-05,0.003143389902321232,0.0014556374479530927,0.00705441960772183,0.0009077683991673724,-0.005779277280736495,0.00015884043497309624,-0.0010501642200233601,-0.0030896165373175736,-0.005795355424163933,0.012189069963617436,-12.63464377841632,0.0002056397766528845,29.95329295461647,-29.531680874065117,-12.463713716339456,0.012095576305962917,24.660390199093758,9.084879717159419e-05,0.0003440699033224519,-0.0004951769266055257,0.0004263410821715575,0.00046612525108770354,0.003963360681542544,-0.00025403592887240234,-6.233788894534287e-05,-0.0021704666902893615,0.005017491631311752,-0.0,0.015225316641180986
2010-03-01,0.005665126722552821,0.00047089919319696227,-0.005018834851994329,-6.897211812524765e-05,6.230718589096556e-05,-0.0015951783764545436,-0.0039397624467842045,-0.012810698972492051,0.0005081867716789662,-0.0003575578766553261,5.773456798475839e-05,-0.0013444868909244117,-0.0009527720943427266,-0.0017586596462968497,-0.012993349575721857,-25.52363799706775,-0.014208771177419059,-42.31138895498935,25.48518838669049,27.21659618524644,0.007777405519708464,15.137382374556735,-3.752854198090624e-06,-0.0010946590557719177,-0.003518362373249788,0.008884090706703405,-0.00096267097617559,-0.005951713118919194,-0.0013068422906669193,0.0,-0.003959371082134308,0.0004726217206799312,-0.0,-0.0438080489533573
2010-04-01,0.005665126722552821,0.0004644990310140701,-0.0012483548968400037,-0.00010345817718787226,4.098365624687474e-06,-0.0011132893293355586,-0.00032289288715471197,-0.004509386248451644,-0.002775579203448255,0.0038427847016306287,0.00018520026008594055,0.00038755022450600007,-0.0012719112224667084,-0.003212892419351057,-0.00735507462227763,2.1005345345252167,-0.005775782729722118,-42.2698477401573,83.75608280193836,-7.3369728076851946,-0.00910717334461463,-36.22343030287459,8.072352223120203e-05,0.0001321149084572967,-0.0020179390542871814,0.007514559297493094,-0.0010594604849280085,-0.008977074562489716,-0.0011225106523002743,0.0002801779344311785,-0.001962230948515484,0.002115758944111798,-0.0,-0.004895931124738075
2010-05-01,0.005665126722552821,-0.0008503062728496498,-0.0011391917731713712,-0.0001379442362504953,-5.863820381173633e-05,0.006222982136257554,0.010029046459282175,0.016193971717628874,-0.003744452862448344,0.005169062073807607,-9.072509872248251e-05,0.001629350714244163,0.00045877605638648184,-0.0007766893727387421,0.01234211901863904,55.41695939997097,0.020598641540270333,95.52402350619313,-299.3282363017949,81.78688940661884,0.019447088443961782,66.54676724911272,-0.0006870509955424796,0.0036754654813490623,0.00616923434124328,-0.015719838783979215,0.0015982092426654957,0.01024127416289645,0.003360742577955474,0.0002793003200434258,-0.007774936128812222,0.0,-0.0,0.038503877381618166
2010-06-01,0.005665126722552821,0.0004451346966333338,-0.0005964773827986271,-0.0016130576013162745,1.8838665157312948e-06,0.0011201436093211006,-0.0010783826172949262,-0.0022237162812492614,-0.0002601602770133368,-0.005749953762991178,-7.008915973560707e-05,-3.725424039548385e-05,-0.0006899814362621859,-0.0007758371554528803,-0.0016490320312742013,14.340792237071513,0.006342512674495789,44.01499417524984,-151.417364462585,45.67951077038372,0.012121109482324366,47.352177820597866,0.00017523228117024086,8.840720641007262e-05,0.0029909182784945295,-0.0058353947001134965,0.00022740555679647104,0.0032769992127355397,0.0037800998841474765,0.00013932276938984653,-0.0010704756685904321,0.0002339776957841411,-0.0,-0.014930997659776051
2010-07-01,0.005665126722552821,-0.0004270321158959486,0.00030430216550153885,-4.227323368966772e-05,-3.5946061627020555e-05,-0.003413435522041877,-0.0026025690285959176,-0.006669344367457905,-0.004258837766393313,-0.009145186254320575,0.00028143179600981417,-0.0002089367688533401,-0.0002528517114236926,0.0002908391827986489,-0.006022953602277906,4.535439872505503,0.00039731635859477024,44.81383173646928,-135.11217376389064,35.226609533613754,0.0234333279375169,50.512227821779405,-0.00020270986215526875,-0.0007287524014657785,-0.0033421339933550898,0.008493476530859074,-0.00015762176020897367,-0.00010558339248896182,0.0001904420794174829,0.00013138302897622292,-0.0021959040892703566,0.0011665997042066157,-0.0,-0.023522625947786903
2010-08-01,0.005665126722552821,0.00031559758132499805,0.001371891823965717,0.0,1.3263289351911822e-05,-0.0016625951828589756,-0.0005393732359900564,-0.009246136509430264,-0.002356694597831741,-0.0015998800320017746,-9.582050880692605e-05,-0.0007371874034173622,-0.0001429829349805346,-0.0007753054686992774,-0.011359386270253943,62.624507830001754,0.020640628769121584,39.96763361416767,-219.3591655331013,89.97970388949274,0.008785455322459914,26.760423427727034,0.00046310592374158025,-0.00043225480921350526,-0.002037795773148554,0.003903759964688172,-0.00027666830411636934,-0.00461510036968705,-0.0013048054769833266,-6.180319378842726e-05,-0.0021194730017085046,-0.00046598377125739616,-0.0,-0.02556718915906927
2010-09-01,0.005665126722552821,-2.2387816458421055e-05,0.0016540572567757508,-3.448605906262306e-05,-1.3814895024152941e-05,-0.001997341330496477,-0.0015625162943740357,0.002778893486440794,-0.0003288665774590436,0.0050329567784987385,-0.0001400234469482161,9.27877539417977e-05,-0.002642915613536103,0.0009692647393189094,-0.009122643165262326,32.22877286088146,-0.00022829335128890808,16.80549846028722,-35.78025072892005,4.387227228151412,0.005853225349106923,-17.64313630858576,-0.00018938908760066106,-0.0009422121998442968,-0.000943194145915288,0.001964979847997401,-0.0001496212035552286,-0.003202842163090627,-0.0007956020560809637,8.496835198808292e-05,-0.0017054729968104616,0.0011633273228327141,-0.0,-0.0006505229790806186
2010-10-01,0.005665126722552821,0.00047765448674716166,0.0008295667058778773,0.0,3.8869198595001206e-05,-0.005606551989427961,-0.0016570517242531287,-0.00489915312706932,-0.0051495283389973705,-0.008445062734409927,0.00025681049048548106,3.1851992908932215e-05,-0.0016849985059570738,0.0005821972470630756,-0.010111470176892517,109.7559301925638,0.04451905875098439,43.20286342528414,-75.47374722552622,1.5039547884381714,-0.023281150206402427,-78.98124971307477,0.00011749034628081037,-0.0006293156693043524,-0.0024448585098067305,0.005649614787211923,-0.0008698169358620092,-0.008777776847717623,0.00010263277839075522,-7.721050727387214e-06,0.001644208822935926,0.001157913960659602,-0.0,-0.004739991841022125
2010-11-01,0.005665126722552821,0.0002474051550982733,0.00043856136978017964,0.0,2.7373243148375732e-05,0.0006282513217795856,-0.00022719039943725728,-0.0018080852424764106,-0.00477221108601892,0.006766789653322486,-3.5661081873239446e-05,0.0008658130877387707,-0.0002107657782566975,-0.001357715302991662,0.0004455066347986073,-40.29596862150434,-0.01161972147278884,-32.40214756896312,156.3895710025308,-60.241282962306876,-0.0049534362141282,-23.42894214257539,-7.2530409848242e-05,-3.254137597647361e-05,-0.0012596606027684431,0.0031630221068370307,-0.00044964985490592686,-0.0052854245540269245,-0.0023892956071895513,0.00017741523636554668,-0.0005036210026841474,-0.0009258997143566443,-0.0,0.0037515620127612373
2010-12-01,0.005665126722552821,0.0001098223641748532,0.0009918571766779067,0.0,1.888796246051024e-05,0.001501984946482424,-0.0022244915072746683,0.0025295619364715913,-0.0002750580001972121,0.0002916847270574738,-0.00028219973232445055,-7.554268273202707e-05,-0.0038827923875509153,-0.004539070464543532,-0.0036352718460416935,-108.05321117804661,-0.04008315684520856,-68.2031973354808,370.2225041611931,-151.11421966813703,-0.017776197382866156,-42.80639160732503,-5.530815320651048e-05,-0.00038640960217570925,-0.0010139337068589323,0.0031249134067546556,-0.001010799571673881,-0.009383603131851664,0.003502301128966313,6.162699460413502e-05,-0.005642271549915052,0.003225687444393318,-0.0,-0.023758279550182015
2011-01-01,0.005665126722552821,2.6448099159669813e-05,0.00044969202753657726,3.448605906262306e-05,-8.853765354908252e-05,-0.0023949666891780845,-0.00024117745020627997,-0.004162011486731398,-0.0049073036725954386,-0.006968383786843855,0.00043939399575861077,-0.0007862970685708242,-0.0005016473799657034,-0.0064206256196605764,-0.0036436425208905784,-4.689764858715515,0.013767905274480892,1.5295475301143717,72.29686490874872,-44.35835711645177,-0.02052356715936203,-24.766106157541895,0.0003599395902663528,-0.0003679586590970886,-0.002119704738451725,0.005032730204628496,-0.0007815378049046859,-0.0062311835392107355,0.003866211840437867,0.00020767720971088638,0.0012216190802287416,0.0029582958348143788,-0.0,-0.01392471313667167
2011-02-01,0.005665126722552821,0.00045877673547800607,0.0012807476523015997,3.448605906262459e-05,9.524974307837641e-05,-0.001611841596629267,0.00010913533336321875,0.0014417164064177309,-0.0036875308665991423,-0.0026106288791145323,-0.00013700289692105885,-0.0005980594522705629,-0.00017827857683357331,-0.004279861509583685,-0.00916349352033641,-50.69575796999044,-0.017853555575862663,-65.68995383814453,127.86074701875069,-10.045753255369464,-0.008226789423670604,-1.4057365285545995,0.00032764274997942075,-1.9237544915151222e-05,-0.00040333960187166856,0.0021317054108577907,-0.0010396067617999972,-0.0059595679316533055,0.0008761693528992953,0.00023784922956035265,0.0023053574941078007,-0.0013609984400790181,-0.0,-0.01862040299681819
2011-03-01,0.005665126722552821,0.000946083155614479,0.002283702977074739,6.527718322568069e-05,-6.6907661235538e-06,-0.0020703090987576993,0.0028658915980482543,0.0011616982987881842,-0.0033985554336199725,0.014905334854923987,-0.00022805693149155213,0.00018580616064421674,-0.0018035197728578562,-0.0018938768965647845,-0.00015088716865035344,78.29906804974391,0.032721028258183286,31.256025451748126,-113.58932204161384,36.028441782698344,-0.01947568560148665,-32.00336352914473,-0.0006173742411636766,0.00044785004562472114,0.0010114516170012606,-0.005037493792138794,-0.001448921471728763,-0.005566318910829237,0.0006456699377041704,0.0001684121546242986,-0.005996389655906518,0.0033886396731230783,-0.0,0.009617606327620343
2011-04-01,0.005665126722552821,0.0006289826832567537,-9.783726580770822e-05,0.0011784458500650734,2.8929290236625336e-05,-0.00361490017700797,-0.004032772516896662,-0.001002242743970981,-0.0043014393346793665,-0.014365380892566807,0.0003075057668599666,0.0010138651044419176,-0.00030107781965411673,-0.0008505924503005025,-0.00863714556577376,28.696731185752583,0.005296161638107067,-15.415529412008386,28.50778502803972,-1.4707182185280845,-0.011210085749746584,-40.306352049428256,0.00021651367734923483,-0.0008054631805674396,-0.000801715024027994,0.0025509011117638993,-0.0010482133353680756,-0.008390642214799958,-0.002066121169390191,0.00022914151963201256,0.0018747059390013204,-0.0013499233530182028,-0.0,-0.031968739662732656
2011-05-01,0.005665126722552821,-0.0003496277153648273,-0.00046223513739975777,0.0007219823332788018,7.169869846671162e-05,5.831295769121025e-05,0.0006667541193742843,-0.0010929111395807211,-0.005585391654612484,-0.001135234326439102,5.565998607952507e-05,0.0009252508239303327,-0.0008852713511252151,-0.0019807454890962166,-0.005218466011796594,24.27160509968612,0.018819847707751053,74.46761253214702,-200.87293642266795,44.52453996600294,0.013673526605102692,57.572339533279816,0.00045641209518924413,0.0003219595516999714,7.446269573014605e-06,0.000831246020546778,0.0010046224073609917,0.006458116084295489,0.0008820534813186097,6.1005085262320116e-05,-0.0006984029480357813,-0.004094273993773688,-0.0,-0.007660830369802307
2011-06-01,0.005665126722552821,-0.00022018816403619274,0.0009591517045589735,0.0008966375356282196,3.7678440226182304e-05,-1.1993324589004277e-05,0.0020612170587252345,-0.000821036711902961,-0.001986299795958757,0.0024669493589917334,-0.00020799714430726532,-0.00022510962208128224,-0.000732613346142809,-0.002256935604010344,-0.001933272444686545,6.606252557834718,0.003926977634211334,60.14461707022034,-116.62594465345667,8.936482734615375,0.022690823168924918,40.909218731389664,-0.0005766149004449117,0.0005893528760006115,0.001135556109884854,-0.0025247013804572645,0.00014615573031412891,0.0017977494891468476,0.0003787341888355812,9.904433072799688e-05,-0.001750024255618163,0.004094273993773688,-0.0,0.0043250822516917005
2011-07-01,0.005665126722552821,-2.0761427938683364e-05,0.00036499342138376694,0.001178273684639647,7.551931587541981e-05,-0.001457102494592076,6.412683707049006e-05,-0.0010899036790975522,-0.002963727018998661,-0.0008891022914350896,9.20477632602116e-05,-7.233093936066362e-05,-0.0010960060937269343,-0.0010320261478804584,-0.009625958017964726,37.71102510248654,0.011282358971204928,1.6429550466057754,0.5119479230126973,-1.9443393397489461,-0.00781825860188686,-37.909171261913556,-0.0005238018379255472,-0.0003992004320392943,0.0016270099017038704,-0.002260322273635799,-0.0003936057596580841,-0.002679194582487393,0.001340449716446488,0.00014455948651197247,-0.002847870865538718,-0.00045160676848198097,-0.0,-0.001368842969482758
2011-08-01,0.005665126722552821,-0.0003877873802082636,-0.001072279259444687,0.0006150013866167891,4.021097800738518e-05,0.0013569147418315687,0.00993256015962979,0.008367748833704941,-0.0071134946410178375,0.014403875823450634,3.216396715731196e-05,0.0005282810098580234,-0.004083121749075832,0.0002813123238264453,0.009253852162647453,139.54493933626952,0.025077702411516523,73.13953989396782,-490.88091533153147,217.653832628434,0.026847624280574724,60.478099796572536,-0.0011497481925892181,0.003549284286745595,0.005589666359476911,-0.015519768108546753,0.0008601651580629436,0.004240743940721261,-0.0004996982903788304,0.00014432550163803978,-0.0038985801242813053,0.0011274838552589388,-0.0,0.019685889870161167
2011-09-01,0.005665126722552821,0.00048654301990270533,0.0015771333454637436,0.0007586932993777258,-6.805060144238998e-05,0.006481877482850597,0.0006947018849971555,0.012224934586595251,-0.0015543409761777202,-0.0014686970777493746,-0.00034550683766904365,-0.0002513243971101672,0.0012091486939914383,-0.002153873049118455,0.02517507276489918,16.460760288378776,-0.00318204607861548,7.895323290970677,-229.88565638847373,128.2931598535197,0.015669199669516406,77.20407873591834,0.0003869898660704101,0.0004158729709657584,0.004095448265158484,-0.009317577170140407,-0.0003390529645781403,0.0022955135804595714,-0.0010793980959972133,3.0354571959067583e-05,0.00047942338070661975,0.0013462716038361248,-0.0,0.026898218774473813
2011-10-01,0.005665126722552821,-0.0001075480845318348,0.00043348800768133993,6.897211812524612e-05,1.6842304342973273e-05,0.001986288623050616,-0.0017688049659112196,-0.002146123800783707,-0.0005790871151414261,0.011395236221640103,-0.00013577181058768256,-0.00021289083616146253,-0.0007373311625578861,-0.0014011732901683918,0.009784896475936776,-30.973882093384834,-0.00788363926277333,-28.692932496613487,123.96152722155769,-44.74057767041943,-0.008200234920254667,-19.537451996454944,0.0005186370187816407,-0.0006250064592433584,-0.00065154858763885,0.002362739405107179,0.0004272511876937431,0.005496696482341622,0.002001395756777713,7.584125171740887e-05,-0.004007506482483893,0.0006704142208856875,-0.0,0.029130123703389403
2011-11-01,0.005665126722552821,0.0004891574203855999,0.00035588081891541154,3.448605906262306e-05,-1.3993871054429413e-05,0.001458400825293185,-0.0004536253572964142,-0.002792727804663336,-0.002226420302367888,-0.008923887546735823,0.0002529457118127463,-0.0004331783657570356,-0.0009522755917079441,-0.0009325753351485996,-0.0008577607339565693,52.72770362175567,0.02133537093953245,11.216128004641089,-97.12984566749121,46.323469312394565,-0.006638625853986214,-13.143065104371596,-0.0004731383062513267,0.0009319521758895495,-0.0003661082540065914,0.000821718845526186,-0.00015993879807112694,-0.0018656225219188115,0.0033385639400672785,-6.82542230577898e-05,5.0172507036152986e-05,0.0006686128370198963,-0.0,0.0026344228656394806
2011-12-01,0.005665126722552821,-0.0006257081846430849,-0.00032995943900120014,5.172908859393766e-05,-0.000128746540732147,0.0020762348623460285,-0.0040260883956641505,-0.0027536308183822335,0.0010931188217235095,0.011403531724223601,-0.00044900994608787996,-0.0004400988678950705,-0.00022089205379464228,-0.0029760023586953327,0.004043502271177115,9.410566186879914,-0.007314077621170151,-1.5133464563299086,-24.825967773496004,16.22360068743507,0.009343099894194759,0.7085826404095458,0.00027202619390316596,-0.0009493600165327709,-0.00027799406405924293,-0.0007264470953202515,0.0003834866646824852,0.0032453634021696724,0.00021590225046260104,0.00022731118939138992,-0.003066430756649445,0.006589138595396077,-0.0,0.023760410420807242
2012-01-01,0.005665126722552821,0.0004137838810073883,-0.0019798081637858646,0.0008104223879716573,-2.152120450975679e-05,-0.0012319151353207666,-0.0035387815183121536,0.0027788934864407876,0.0021159525425800355,-0.015592141700791715,0.00020615561961023765,-0.0001377322992318439,-0.001736189335867187,-0.005178053339720765,-0.013654892952065874,21.883111572373455,0.014051563181022509,6.9137043844904325,-8.135062886230346,-2.0980584755837905,-0.008934569072410992,-18.566008053957894,0.0004227348733829148,-0.0008257951280377637,-0.003736786280724908,0.008252915361589086,-0.0003727743717824057,-0.002910288120527138,0.003967486743039541,0.00027955473544468985,-0.003445540761555307,-0.00792816565330166,-0.0,-0.03457382441144939
2012-02-01,0.005665126722552821,0.00018869844961699823,0.0001536347016282738,-6.674721108894984e-06,2.2973748703962263e-05,-0.0037588963626513016,-0.0015499563990336016,-0.005992665758746661,-0.0015997018424068817,-0.0019595665928132232,0.00027821732232130445,0.00010096241733441978,-0.0003656434138751474,-0.004316788140832828,-0.019643660295887,41.86779718475451,0.018796608264805476,-15.577955562001511,0.7012985246751049,15.164185021546203,-0.019252014976560046,-42.14352397597409,0.0002535220217185226,-0.0010323294102468276,-0.003028149626359606,0.007574104141371805,-0.0010873469783391025,-0.005088437328435535,-0.00031729030938002623,0.00015827717605397735,-0.001860223044816955,0.0011163556684315541,-0.0,-0.024749671566732065
2012-03-01,0.005665126722552821,0.00014264960243968365,-0.0008530456234747322,0.0008545561042692673,7.662791636389724e-06,0.0012356654495228625,-0.0021605025771339187,-0.007358654310198408,-0.0021847946734859626,0.011508962571260242,-0.00013792145617153237,0.0006490481066486906,-0.001757927546055031,-0.000823620962793284,0.003355451891121553,-32.332799333067484,-0.00838377550969454,-27.643601409957043,143.92749621905568,-57.61559393939801,-0.01025514495382703,-26.311844901338745,0.00016100116079530367,-0.0005923111829075636,-0.001098324762019774,0.0032178033632054423,-0.0007232530870270441,-0.003391723172803212,0.0007019086266349419,0.0002932000126322287,0.0030078591042126714,-0.00022287082648195762,-0.0,0.014513660157258553
2012-04-01,0.005665126722552821,-0.00028121016189184417,-0.0010034148426894388,0.0006695052155950761,-1.9665749919459548e-05,0.000679766883541048,0.0016144882806415556,-0.0004487131040876283,-0.0021899891496116866,0.0037616050869870156,-9.658996012443432e-06,0.0009320111966969944,0.0017981060692090997,-0.0010053467321182478,0.004045290714468708,20.704125835131233,0.0028297439351379883,21.86729548756689,-84.06465415279553,27.931182438316448,0.00955247194035895,13.548785809767471,5.644144086038886e-05,0.00036223014572235465,0.000558470217976156,-0.000907463420711528,0.0007117415275239324,0.0027550898466859744,5.001509156418174e-05,0.0001275040316994068,-0.0041531268760303915,0.00044554221595598725,-0.0,0.013331979516615413
2012-05-01,0.005665126722552821,-0.001401599999367759,0.0011016764787511654,-3.448605906262306e-05,0.00010687788964756074,0.003705027928935985,0.002717605608967481,0.007455259171283602,-0.0030888935803868333,0.0030600384548811507,4.422910426765357e-05,0.00026647218643693167,-0.0017227024523107915,-0.002188534684867867,0.01787658863438798,36.453276464874925,0.006401587729042328,2.8684208841498964,-175.10021564086054,100.86052596385679,0.00688170169294756,34.891980664040325,-0.0005531558460096207,0.00040723745080384636,0.002401421937297475,-0.005037493792138794,0.0011441467509099754,0.010028524859998998,-3.485214525287873e-05,8.240555906433467e-05,-0.0013364551665152311,0.0019951263676277744,-0.0,0.029931216863287195
2012-06-01,0.005665126722552821,-0.0010572534235621025,0.00022649604785038676,-6.897211812524918e-05,1.236077446128189e-05,0.0030159280155013317,0.00010150314560071151,-0.00042862849842617145,-0.0008114791967425428,0.0045108984592229185,-0.00023703156553015885,-0.00024253851063838999,-0.00016379483906263798,-0.0005460768838375493,0.007514477535443166,45.472142973792906,-0.007378034911629626,-2.8684208841498964,-126.79477326124483,77.98130215189654,0.012863614250916373,6.197240915517815,-0.00044088605433110454,0.00013916012490622302,0.0014185143536594393,-0.003953777633546287,0.002141590389909741,0.011129374960702921,0.0011126660528295066,7.484811508804876e-05,-3.203707552905254e-05,0.0017601152865345214,-0.0,0.023818059336762846
2012-07-01,0.005665126722552821,0.00014972854248234083,-0.0003383819763840919,0.0,4.41722578797205e-05,-0.0010263496030038627,-0.003060334889653115,-0.006060032873569469,-0.0041777609804563385,-0.0035676951550384028,0.00034697387666122125,-3.1976689266640976e-05,0.0012761303484618985,0.0001819787724911416,-0.016753077978652737,28.987090789436618,0.009764471825872983,18.199206217900954,-67.12128179664676,21.56637930050591,-0.0008262535870576623,-1.63145438578168,0.0005873216820011466,-0.0006617373450013539,-0.0019956002455681346,0.005418580792962532,-0.0010922411583901262,-0.005731091414817292,-8.090676576558693e-05,0.00019431156889113596,-0.001214914091737905,-0.0006585851073327945,-0.0,-0.023708018056389068
2012-08-01,0.005665126722552821,-0.0006034505652693579,0.0005330770346234095,-5.562267590745922e-05,-1.136042964365188e-05,-0.0019119302276318104,-0.0018699103209244706,-0.00616134506410657,-0.0030841286162557983,-0.0011056279179505275,-6.499126334744646e-05,0.0004947741776328896,0.002840126067294454,-0.00027295059849116835,-0.008630383898332273,-4.64489629791002,0.004350072198426397,-8.557905667541135,106.30984335548733,-54.424883228015176,-0.01419133942171363,-38.6691832875142,0.0006280643020823955,-0.0006555129304688073,-0.0021991316138972226,0.004394409478248735,-0.0014394272986437543,-0.004802239892796223,0.0007457001208325338,-2.9866539977171004e-05,0.0024847002483474622,-0.0015435112210364556,-0.0,-0.013521805639547389
2012-09-01,0.005665126722552821,0.0012359255098609117,-0.0011129819823503786,-0.000842127313238907,-1.8403792520651602e-06,-0.0034160665254220077,-0.00043286356624282435,-0.0006343126436441008,-0.0037909608589830517,0.00613624623772023,-9.86767507005957e-05,0.0004026034180059248,-0.0041488829825410255,-0.0020891281023451037,-0.00795223948814326,36.439558688322926,0.027180383774500005,5.580231388383085,31.488303757908646,-24.22945946456367,-0.02383573079697392,-49.260779448797855,-0.0006564893858600108,-0.000770972400039564,-0.0018714957526845442,0.004680224728866539,6.291973505015842e-05,-0.0015818525691915365,0.0025594827060866896,-4.4818575594752705e-05,0.00042526952168167197,-0.0015531453257930455,-0.0,0.011368518208447828
2012-10-01,0.005665126722552821,7.512527750771995e-05,-0.0012852689367410604,-0.0007575808458595745,-1.2580590359575778e-05,-0.00049814257886501,0.001040692585892149,-0.004403942068728986,-0.003744391928982382,-0.0016113843636317263,5.744638196997018e-05,-0.0001849688298586452,-0.0003098027443775323,-0.001087534461937089,-0.002840486491038857,10.120575438250597,-0.0004706475420070602,-9.089217805242455,16.15090502326578,-0.4819302636984757,-0.0035562608036276795,-16.697407058684263,3.50018678673384e-05,-0.0003700448639678873,-0.0009121680226943883,0.003536963726395325,0.00014853329337460638,0.0017155722168499647,-0.0008219674776521465,5.228614850374739e-05,-0.00200939966515126,-0.003586876681119262,-0.0,-0.013211366784506549
2012-11-01,0.005665126722552821,-0.0002672831445021164,0.00012031377628038094,-6.897211812524918e-05,-4.46307468272609e-05,0.00159645880366119,0.00042753696326629394,0.0033808040123576026,-0.003728551660901601,0.00647431115717328,-1.6544542949634043e-06,-4.2778422481773865e-05,-0.0016311787690468595,0.0009061625187566687,0.005598010074184141,6.83859739818423,-0.008076194647179543,3.798113272090107,-64.65271098979068,34.50371413806614,0.012898339370767994,19.50316573966096,-0.00025474820180304726,0.00031488013517119587,8.687314501850373e-06,-0.0005478125636841273,0.0003475413219317818,0.0021027626199855427,0.0016363534821486315,-8.217771910506698e-05,-0.0021212130118175693,0.003586876681119262,-0.0,0.019076527704844064
2012-12-01,0.005665126722552821,-4.531630977418043e-05,-0.0013186131257929884,-0.0001436919127609335,0.00011587377087322061,-0.0013205542507759398,0.0005892964288210909,-0.0018550016260137179,-0.0032112579276571645,-0.0036019459966955096,-5.8501481734509394e-05,-0.00022493397807100705,0.00047506361603788,-0.0006344356788233093,-0.008079875102362527,-4.286805172500465,0.0016111378512690367,4.569533631520443,45.584404103876835,-31.574741414726386,-0.004851303508682224,-14.285940330838756,-8.910241947545296e-05,-0.0004761335116599747,-0.0007036724746499574,0.0010837161585925087,-5.758178901354606e-05,-0.000858054155913334,-0.0023642880614074707,6.724194783595649e-05,-0.001371335286154745,0.0002224723090816042,-0.0,-0.014984852460682008
2013-01-01,0.005665126722552821,8.076179943694539e-05,-0.0008558734691270825,-0.0009409502674344922,-0.00015701786177467817,-0.0001222908679649073,-0.004107117275286969,-0.0010304344170218329,-0.003691356871306499,-0.010668754420457486,0.00014431943439474604,0.0007507109026199001,-0.004978817059742641,-0.00208057540024769,-0.008953244294917465,-42.56197383568807,-0.00134652066478788,-3.4221652778604756,137.28619919038314,-77.90651986959857,-0.009748566734815152,-13.380211713863487,5.731462970845987e-05,-0.0004392145254628089,-0.0011603770084615693,0.00202452469187611,-0.00045079135783069414,-0.003945115238591413,0.0006216807987638858,0.00017161050844868302,-0.0001420226173773158,0.004844733339285671,-0.0,-0.025129764152983056
2013-02-01,0.005665126722552821,0.0002509947295816834,0.0017228076265950107,-0.0006541226686717024,0.00010395453524179934,0.0016105336000889984,0.0006814622537772486,0.005242442972898521,-0.0025010795330214024,0.005649058455930838,-9.390727007895573e-05,0.0003750440003635296,0.0013717253053654604,-0.0031543928526492826,-0.0007194052716402452,-10.87276685251867,0.00016209023230949086,-0.8848278759216937,48.705182538680596,-27.968573579465435,-0.0043641305037051105,-8.974427715832777,0.0008167288287240187,0.00013440631380719009,-0.00045918662366928634,0.0005120856573569005,-0.00039050008435778357,-0.0014512203565204774,0.0027516221302405198,8.940497500562055e-05,-0.002703566463399521,0.0032499625383672075,-0.0,0.018484454192513662
2013-03-01,0.005665126722552821,-0.00048471874732593765,0.0007268965801209594,-0.0009363680184192596,-2.5908709635856188e-05,0.0018980805735051474,-0.0012727430860060714,0.0029204847259880016,-0.004193958786054203,0.010356722146805653,-0.00010842429961191804,0.0004441040207346969,0.0007065815492408948,-0.0014373345396369512,-0.00102349301072041,4.136481204451441,0.003918482543722825,4.722405302102209,-18.731683594069963,6.373112280288151,-0.0012582749310939918,3.4971981929892535,-0.0004079463984241035,-0.00017556610990565155,-0.0002333164466211491,0.0030486960065899057,0.0009766739947954467,0.004176040069347458,0.0022227295103966014,2.233724388992953e-05,-0.0023295421164092125,-0.0002153485734861417,-0.0,0.02049339767543045
2013-04-01,0.005665126722552821,-0.000723194736977288,-0.00021091670097937438,-0.0010382369762954905,-5.6931781643593466e-05,-0.0008020411053819898,0.0011483049687680933,-0.002738593515966426,-0.004883878170208556,0.0068266921742633005,0.00012946284920663367,-0.00012325575672286307,-0.004458447106234809,-0.0017925691350420354,-0.00322194389949587,19.225749624641576,-0.004638124117289672,9.856484043189587,-139.14464028077197,72.57205039900525,0.015886742332116236,37.46916429972363,0.00016560862535533577,0.0001276859981168306,-0.0008153665182451902,0.002822425599850815,0.0008550229173961526,0.0033568050047772958,-0.0012366853748981546,7.444504639472991e-06,0.0005002371867496383,-0.0017295309323450056,-0.0,-0.012170071155856573
2013-05-01,0.005665126722552821,-3.781289631553031e-05,0.0027549542796465425,-0.001425052956749067,-9.92807338320028e-05,0.0010555605417456267,-0.0005712550922714136,0.0009550386903005016,-0.00452220868626312,-0.01617558051004633,8.724561096823032e-05,-0.00029246483984776033,-0.0017290877311800245,-0.0019665913265674243,0.010912585724078838,-84.95676226964865,-0.023345875688479675,-7.553023680754956,118.58256753730019,-62.69663456442567,0.011094675792592684,36.623436632138024,0.0005192315303377738,7.614647778414974e-05,-0.0004753202077441513,0.0013218955341073402,-4.3930689782716725e-05,0.001037469298537934,-0.0002784776930757041,0.0,-0.0004523359691019669,0.0021600418721400222,-0.0,-0.014191648337522882
2013-06-01,0.005665126722552821,0.00011690729847974375,0.001996320997321441,0.0001379442362504953,-4.312167027198728e-06,0.0016445757399679481,0.0040873482055705,0.012396281378644574,-0.002477485244273535,0.009320292952302252,-0.0003136494404852626,-0.00043827564375257475,0.0013426666272511904,-0.0016049708403006655,0.03221576645154964,-173.32982247476866,-0.05384227409504617,-34.49790185723773,260.75681744466823,-119.9715536622438,0.019284697442302736,67.05248953682442,-0.00037188555684740295,0.0017752748448500069,0.0015550292958313903,-0.005704396043580332,-5.068619743468547e-05,0.002750565652193261,0.0006365042761279233,2.977180470691802e-05,-0.0012010078506814298,0.0008587938157907269,-0.0,0.0398339119047172
2013-07-01,0.005665126722552821,0.00024586917901550583,0.0025323334853254013,6.897211812524765e-05,-9.376795708042694e-06,0.0012738761922152927,-0.0035074732667295305,-0.002911797087966223,-0.0017993037965890841,-0.0012854180263599214,6.648828416616594e-05,-0.001055671896179943,-0.003397858270067436,-0.00035616598995685697,0.004497958451036549,-59.58659189775642,-0.013177642952606877,-3.0777886069031752,197.95553456001974,-114.1925450691011,-0.006611050023515833,-21.077476364119292,0.00034825372249111113,-0.0009983858309965386,6.825747108597273e-05,0.0001667255628603831,-0.0006880826091297301,-0.0019707352308410715,0.002240495051970316,-0.00014895852824194108,0.0018001074405558312,-0.0006438173349185694,-0.0,0.0015453481813321366
2013-08-01,0.005665126722552821,0.0001890585128611105,0.0029964573099543323,0.0,-4.0959763143002166e-05,-0.00033998531435749496,0.00027667061375533,0.003732833799869184,-0.004087784364799948,-0.012437541195261786,0.00028370219744376673,0.0002739870183835403,0.003486353185693604,-0.0006228591123551915,0.009941658588413909,-26.50017221536334,-0.011894884288841938,-6.420194752286216,108.70127132462927,-57.97704163717201,0.0004647038097790408,-17.794567276092753,-0.0002037874143507602,0.0002129296971408563,-0.0005609523078338275,0.0021936320484916465,-0.00044174867285776413,-0.002587727401204468,0.0008844297639494978,0.00022334457933035566,-0.0033406114559740127,0.0010721053255589533,-0.0,0.004633595597154592
2013-09-01,0.005665126722552821,-0.00017059723474709812,0.001181957412614188,3.448605906262306e-05,1.7827948279007853e-06,-0.0005285334357967555,0.0005523524634410927,-0.0004372847542516162,-0.003237567462286636,0.011603130511600087,-0.0002201865312227729,-5.801803952015064e-05,-0.00298523043578421,-0.0020426825588793183,-0.008238234263390412,-31.80037813064294,-0.015742964990700218,-19.788573097373426,50.65479243727702,-10.216090676159443,0.008750730202608293,11.157319398385017,-0.0003448538595294749,-0.00013734752067421757,4.591866236692891e-05,-8.57445751853423e-05,-4.101815903195998e-05,0.0006299951006100709,1.5162946311313063e-05,0.00013373871158411233,-0.002938630118911969,0.0002138678783415406,-0.0,-0.001310712987765879
2013-10-01,0.005665126722552821,-6.286240803752482e-05,0.0018911836604461054,0.0,2.1357840059670995e-05,-0.0021149313792210582,0.0007877389435305146,-0.0028001810762955095,-0.00543114010275086,-0.007728025227398912,0.00023975083521544016,0.00037360726207134865,-0.0012698856912679306,0.0018648235423180228,-0.007867816764378484,67.26397417469325,0.023332693651514764,28.474425706597145,-135.76438139183833,51.95291334094115,-0.0009978365322068348,-11.934474552382529,-0.000547898134435068,-0.0003584168368191736,-0.000943194145915288,0.0016077107847251443,0.00033025540079465945,0.002568252053231732,-0.00033584794516403375,0.00017059696159066944,0.00045718460773715847,-0.0002138678783415406,-0.0,0.0010956561542432345
2013-11-01,0.005665126722552821,-9.759378784934034e-05,0.000672092545105405,-3.448605906262306e-05,-1.095558275512324e-05,0.00190493507500516,-0.002910850296880097,0.003289795642954126,-0.0012570854663444865,-0.009523901516689385,-0.00013742166654599498,7.628825864271891e-05,-0.0011027474703417567,0.0015132296053675016,0.013970520273596021,-34.08267320448217,-0.0027682277626349923,13.198059364275986,71.89011176443704,-55.79173716557373,0.0024624195283016424,4.782932822764783,0.001190490812670467,-0.00041163216106446314,-0.001182715817180616,0.003193985425653961,0.00017142052821917885,0.001848116949017882,0.0033940105347877473,0.00015547790211066932,-0.001353145512457095,0.00508276928466844,-0.0,0.02049349741074948
2013-12-01,0.005665126722552821,4.0044721247955414e-05,0.0015192995183020328,3.448605906262306e-05,3.901390729105595e-06,0.00034739938731597603,0.0015502149080364822,-0.001681771902183645,-0.0006830633805956669,0.01341593076715897,-0.00033306716782251103,-0.00011876104514445668,-0.0014086905032021102,-0.0018688134783935093,0.0013541144640314665,-54.492724204779854,-0.02819703128759442,-15.086107578390576,128.67425330737376,-61.138670349883284,0.008542379483498591,2.05717540764067,-0.0003309199949326044,5.278782324717496e-05,-0.0004616687135269579,0.0015696020846427748,-0.000392513516701347,-0.00363202384926532,0.0029288249207145302,4.4372508638251283e-05,-0.0011597996047771602,-0.0027402719918311943,-0.0,0.00798667028391545
2014-01-01,0.005665126722552821,-0.0004830252239660495,0.0025432859857325517,-3.448605906262306e-05,0.00011495023535443293,0.0020047213463164314,5.6573156298666245e-05,0.0013883483663482792,-0.001177711562974709,-0.012582036010789057,0.00022073129555784173,-0.00030965879498749574,-0.0005153551013126721,-0.003457603548064885,0.008145613431964781,30.48375736866226,-0.00018598389486740207,-22.353327701101335,-30.7168753807662,40.55276986172946,-0.007004260939482699,-17.9602841839303,0.00011815917178145991,3.613238436063536e-05,0.00017871046975237255,0.0001548165940846426,0.00034883204436087845,0.0016192002327137284,0.002272744601960793,-1.4788382863060321e-05,0.0020615454027597506,-0.00319981170205386,-0.0,0.004004734815363946
2014-02-01,0.005665126722552821,2.2082605958018707e-05,0.0010346507454969478,6.897211812524765e-05,-6.371256271582494e-06,0.00038721270500302504,0.001370745820284566,0.001712644137839058,-0.0004236702455669276,0.008711946929439881,-0.00012390516752446495,-0.00019745623723829147,-0.003072754717961662,-0.004408234456649035,0.004444509287808242,22.805803517702483,0.0163059258493491,27.819320748696423,-104.23399972244906,33.92622873587584,-0.0036880119936529682,19.663168271366388,0.00026324971705575073,-0.00011633157160691026,-4.964179715345826e-06,9.527175020593472e-05,-0.00010438016626246716,-0.0037806876885941552,-0.001642690235830963,0.0001920579328375919,-0.0043627202321438645,0.004046190957278218,-0.0,0.002909960322292805
2014-03-01,0.005665126722552821,0.0002445365816061671,0.000573700670204565,0.0,-1.412208974402539e-05,-0.0004385010267994836,-0.0006921724218090772,-0.003192419302875434,-0.0017159308507654345,0.0029475790063690057,4.367449456578058e-05,-8.799312002335692e-05,0.00245632736147828,-0.002806915053396569,-0.0029645854655230438,-1.0314053245036352,-0.011795677255091072,-29.9952495815968,9.7199975519957,24.237768607041193,-0.000299248826956597,-2.9286177678219554,-0.00023785292651718845,-0.00012765179803698123,-0.00017374629003702674,-0.0006073574075628351,0.00018985653218573943,0.0007025215570586783,0.0002927353888609727,8.850279065895226e-05,-0.005582493762326863,0.003981449117149305,-0.0,-0.011057172260268776
2014-04-01,0.005665126722552821,-0.0002157825475689361,0.00020106671023061845,-3.448605906262459e-05,-3.139857635257953e-06,-0.0009568489970943186,-0.0007284808485910762,-0.004228489439324414,-0.001462915571779405,-0.007685819431227006,0.00012713745533377685,0.0002189270914411095,-0.000853053265621692,-0.0032316658212476796,-0.010857929207989288,3.6743636068558976,-0.0029293415477618908,-7.516882823851111,-12.686490311371186,15.035393313144015,-0.0032100309321659586,1.4971665466718047,7.377516841889587e-05,-3.685058603746782e-05,0.00021097763790210527,-0.0017268004724825653,-3.6828834966944124e-05,-0.0014610892884089777,0.004730047154919745,9.577899747527117e-05,-0.0005626878307048193,0.0010372472756907604,-0.0,-0.024311824876283458
2014-05-01,0.005665126722552821,-0.0005570961475694262,-0.003134644516514568,5.172908859393613e-05,-2.2646686569886738e-05,-0.0007023899090205482,-0.002142071262348096,-0.0020968014488598635,-0.0018407118976199505,0.007070398673948062,6.5238666249788e-06,0.00029261016562519743,0.0003411179065466695,-0.003390436464428837,-0.004240342400271008,49.94470970376838,0.022969748233747065,11.671004307051515,-102.52283132224198,49.06548632998929,-0.012985152170397047,-8.162986305041153,5.939542015492573e-05,-0.00027259173643771184,-0.00016630002046401213,-0.0005049402760914509,-0.0002375248045309139,0.001993405875502136,-0.0006070836340313518,8.096348708925893e-05,-0.0022170071665293767,0.0010329415460901493,-0.0,-0.00017106602916230331
2014-06-01,0.005665126722552821,0.001277557397709761,-0.0028447948648056857,0.0007759363289090357,-2.144164553917162e-05,0.00033988083040331044,-0.0012883131869365033,-0.0027127293558112517,-0.0020895734339358984,-0.002609632761569455,2.2970070211885194e-05,-6.555665982916843e-05,0.0008110078806397177,-0.0006934692394630773,0.00061989906891999,-0.40838963943354784,-0.005021672570609956,-26.30929758955308,27.715317695157044,9.892034119534712,-0.0035511541683553942,-10.88588653209908,0.0002807970972047425,-0.00033770868847050883,-0.0002370395814076564,0.0016005654034597,-0.00029488867822560495,-0.0002643838766439225,0.002614363519228389,0.00019107651019089416,-0.0019830034943734837,-0.0026946189139057664,-0.0,-0.008732746684405655
2014-07-01,0.005665126722552821,-0.00131837663189377,-0.0034357360419933506,0.0009713573302639023,-5.193572000884093e-05,-0.00048295570842110945,0.0010491696331336566,0.000344628819539966,-0.002446619498671434,0.0017556334795746596,6.330135659497651e-05,2.1511757010003622e-07,-0.002557382174756115,-0.0010389302958070997,-0.0013728407014776233,25.714829507761277,-0.0019592412718614123,-22.42519400276074,-39.483106939204156,45.816611621263434,-4.391706334174788e-05,-9.623009406852916,-4.51642997799888e-05,0.0002953176894974776,0.000837705326964234,-0.0019887977855488834,0.0006655197336355273,0.003551172858345878,-0.0010835848796801903,0.00013937434708868613,-0.0012844783408080252,0.0014545735180472696,-0.0,-0.0021860842743414138
2014-08-01,0.005665126722552821,0.00028731304158614445,-0.0022473375195800082,0.0007529456228672876,6.681432979282647e-06,0.0021022049772743846,0.0015364224666654881,0.0022490051011381106,-0.0030672127219152803,-0.004596021515763501,5.2591660792047055e-05,0.00011659118878512493,0.001157256084252264,-0.001469209693479075,0.011642605076782912,15.928339085954208,-0.005991870491228692,14.116951036359934,-85.7477706120154,36.6807094671867,0.013224142701140551,19.011729392280063,-6.460111196831635e-05,0.0003716693677607221,0.0007545553167322293,-0.001250441721452892,0.0007165440499936285,0.00572512710886474,0.0011363157228225257,0.00012451896898219817,0.0010927525794098706,0.0006207951522558174,-0.0,0.02060683933375583
2014-09-01,0.005665126722552821,-0.0005549069234764325,-0.002699872533335985,0.000862151476565595,-3.792766519748689e-05,0.003270202406757827,-3.100392755578373e-05,-0.00046194593021353804,-0.0031440557620590116,0.005538287860039678,8.094872335441318e-05,-0.0002287866287458536,-0.0037058445153390815,-0.0009490409188422718,0.012360092504216392,-67.77210348114028,-0.029990881935669202,-39.1675498165033,80.15140838510878,-8.309142477559575,0.016827384549273353,35.103412580936855,-0.0004374657550347263,0.00034798581246518046,0.000765724721091754,-0.0002381793755148368,0.000657721419636977,0.005409032561677937,0.0013406760290779916,0.00013896279161722315,-0.0016608451367208198,0.002467807940394795,-0.0,0.017616539353486633
2014-10-01,0.005665126722552821,-0.0013032590879531974,-0.0005188923767584381,0.000862151476565595,2.327346394301358e-05,0.002758871019930491,0.004858492588579298,0.006187156920601174,-0.002036624292656928,0.0024122062664202414,-0.00021031247283185506,-0.00023869258866406594,-0.0010371945067967764,-0.0011199540222571623,0.009919912692623833,21.96587549090385,0.0031829639389671168,50.3529373221687,-161.43892038019106,45.27651736022202,0.01994753870064691,43.80926461854988,0.00016137273051788705,0.0007901928449147907,0.001309302399921878,-0.0027628807559721066,0.0015169462358920647,0.009412764262035474,0.001835961223142331,0.00023355417597785812,-6.745914065572885e-05,0.0014283326039513523,-0.0,0.02888526267603657
2014-11-01,0.005665126722552821,-0.00037378860225806157,-0.0009130449812477462,0.0,4.3797079122098116e-05,0.003451020398687586,-0.004924418480449942,-0.00038179580074576845,-0.0012998401424940348,-0.0019542944748466586,-1.7094204672411383e-05,-0.0004021556937785457,0.0022973744174378343,-0.0009462698270650679,0.008312990212265234,-17.56589866184939,-0.007638990421176072,-33.967005131684694,15.056879324772732,25.056219141080913,0.0003656350854964632,11.428752264670953,-0.00011908809608791814,-0.0004115124607849911,-0.00019236196396956327,0.0014171672843132802,0.0013858742074680306,0.007789765000584767,-0.00021612856309410463,0.00019658661172081116,-0.00356972863240328,0.0012177932681219767,-0.0,0.017729554933210386
2014-12-01,0.005665126722552821,-0.0015290239482434154,-0.0017578761449055316,0.0,2.0245283706477405e-05,0.004703411583263195,0.0032199230719706304,0.007486097409559619,-7.845608588054747e-05,0.0067390510462532385,-0.000289826006377816,-3.84769171136473e-05,-0.00265069458237794,-0.0018887489819114527,0.020746098817879467,-18.54729125934049,-0.021743232927699162,-44.96130304912289,-82.95660248380888,94.10519312960088,0.02075642972777876,52.337970996060555,0.00014641704918391283,0.0007593272728509257,0.0012100188056150057,-0.003191603631898813,0.0035071052532749335,0.016634737632982635,0.0023479935519385895,4.3627117041749604e-05,5.0282862233644364e-05,-0.00020255211629823804,-0.0,0.0386327352545577
2015-01-01,0.005665126722552821,-0.0017490348942733646,0.0014548317310343981,-0.00010345817718787226,5.436005421793701e-05,0.004571576057330189,0.0026496911751248474,0.008270228658559661,0.0002869776282493779,-0.004810527030990898,-3.396296268789782e-05,-0.0011737256468967118,9.487252074746637e-05,-0.004529556963331881,0.007254399082705731,67.43287429848975,0.019475727280294935,34.87592691220895,-228.46202038338328,100.4658416961727,0.006745865194704475,25.663263210318608,-0.00032499345785740215,0.0007295561033422339,0.002070062941298289,-0.004332482840614877,0.003852713863244392,0.01660647075492857,-0.0004244493404010441,-7.269703992349905e-06,0.004560314667884821,-0.00040559953745069384,-0.0,0.04233344768726756
2015-02-01,0.005665126722552821,0.0006234742408201123,-0.00017193227655197554,3.448605906262306e-05,-3.3510825929062165e-05,0.002728542689647835,-0.003048873058894604,-0.006044093333008716,0.0012903158154837602,0.00352114865463835,-0.00014783445853577124,0.0001372625326806994,-0.0010882986157936237,-0.008131323151337026,0.016403460531722786,4.14391166675045,0.005416743100684775,-28.01830316774175,65.75374967353052,-10.93483150046835,-0.015688604883551126,-30.931918004331916,0.0002425978718745759,-0.0009073110183582314,0.00020725450311559522,-0.0011813697025535915,-0.0028338650568570656,-0.004571498822690336,0.0019271652136417332,7.2670382399323e-05,0.003711676269925324,-0.0018334240537994006,-0.0,0.008908653069347785
2015-03-01,0.005665126722552821,0.0009340194659382959,0.0015233711825072388,0.0,-2.5802445374636527e-06,0.004184495621434164,-0.001177277734085712,0.003922029216090298,6.0166503633700695e-05,0.0025679725802105324,9.31320365990891e-05,0.0006945810023466828,0.0010733482051015883,-0.00411459474887526,0.016546648255426153,-5.9755206234541465,0.006708953773177151,-8.934684486067408,47.31661145982413,-19.09025484219308,-0.011761602359154676,-13.303067636076959,7.390521782180008e-05,0.00016321988108010548,-0.000471597072957644,0.0004644497822539331,0.0005610044916160869,0.005664429101405012,0.0002727067209721416,7.986907394113732e-05,0.001947243042354969,0.0018334240537994006,-0.0,0.050590315803188284
2015-04-01,0.005665126722552821,0.00032078907069722025,0.004595072211654482,0.0,-5.0953904604429475e-06,-0.0019183298463543307,-0.0015430274111678372,-0.0017052300939523078,0.0007172530159639895,-0.0013928265639349122,-6.873617724538889e-05,-0.00030393084988101273,-0.0021910260888060706,-0.0037577334674957423,-0.0051994400288699815,58.32649980665048,0.029781658597856225,41.7302273594896,-75.55089006324067,3.020373290592856,-0.01434555980693697,-27.531864205592303,0.00019621482340451412,-0.0004976111618052458,-0.0002047724132579237,0.00014290762530890208,-0.0009124552333110883,-0.0018827945369305128,2.6365421571172684e-05,3.628048805737483e-05,0.0031704319475666966,-0.0020379742183243973,-0.0,0.001031744535849509
2015-05-01,0.005665126722552821,0.0006022867507439833,0.0016664886599426795,-3.448605906262306e-05,-4.195841956536189e-06,-0.0018085410353066804,-0.00019285967918433492,-0.0018826702624588024,-0.0013118286947979268,-0.0033405151459751786,0.00030690940819280834,0.0005725394353691975,0.00030360980607998736,-0.0018298713148259147,0.0011755725984145704,-72.92764401119855,-0.015836215696637308,-28.663438234082733,184.09086272719426,-80.39095347038882,-0.0022234289975581606,-2.0914616644347808,-6.61096850420041e-05,9.709402669175885e-05,-8.687314501851475e-05,-0.0005597215324598678,-0.0010656403240854025,-0.0051017454226947355,-0.0016026329000533108,0.00010875297636528919,0.0025615303813538736,0.00020455016452499645,-0.0,-0.006317527717504746
2015-06-01,0.005665126722552821,-0.00013375932480642902,0.0013647929301674154,0.0,2.5584858736809727e-05,0.0014783636671671107,0.0011982977353103101,0.0044215684023433425,0.0008464794781585191,0.006856259604209881,-0.000400535344841738,0.00017011429074941612,0.0002947565133889263,-0.000747220952471754,0.009839767497197081,-47.362624054865584,-0.014833121270437203,-33.081761843614714,116.51373688950918,-35.93704121544514,0.0006914384158690204,-0.1171447107128833,-0.00027854724253450125,0.00026063880853043157,8.687314501851475e-05,1.1908968775745805e-05,0.0005985633453043368,0.0034666379879986766,0.0037636922183628533,7.245484444637452e-06,0.0018234538512384893,-0.0006141556251336123,-0.0,0.04102928903615837
2015-07-01,0.005665126722552821,-0.0009098165902236894,0.00448327218211734,-3.448605906262306e-05,-1.1981534713339203e-05,0.003674461151489322,1.521483628738249e-05,0.004762012929037175,0.0001503890406082584,0.002012903263602711,0.00016320081659817223,9.707964813530368e-05,-0.0036273447691462612,-0.0013264461934077293,0.013374789279491428,-1.688715450953681,-0.008388550336417387,8.685852609223742,-27.413759329546988,7.553010512101682,0.0140207778036189,12.857346297754791,-7.232604650082131e-05,0.0003792446854473106,0.000573362757122188,-0.0017744363475855327,0.0012056607079253667,0.009457427683551168,0.0002094523404644976,0.00011584775225167185,-0.003744231456637958,0.00204131793786176,-0.0,0.03624656078401523
2015-08-01,0.005665126722552821,-0.0012327670691618892,0.004994224809924628,0.0,-6.43061403617163e-06,0.0034407609252920775,0.005013654837208832,0.009368840897143241,0.0006592370336392166,-0.0030276881794605867,-0.0001347808348035144,-3.64415529879831e-05,0.002895005166873544,-0.0033877037261660892,0.027937134227372973,-14.883215984898621,-0.017096320785766214,-12.417499937582646,-110.39140076909595,77.81511930234537,0.02716015035923931,59.85237561008176,6.21078791297829e-05,0.0009479749132988801,0.0017970330569543884,-0.003263057444553264,0.0028286569818675965,0.011070277771251835,0.00220643500092773,-3.618625684516422e-05,0.0010656752841212882,0.0010144133948201848,-0.0,0.055283553647738105
2015-09-01,0.005665126722552821,5.1665356734335676e-05,0.008026642777400722,-3.448605906262306e-05,2.2222544244979296e-05,0.0016035980986416826,0.0037576002115850336,0.004171949182240993,0.0007249991956407204,0.002641215975991018,-6.73219458444991e-05,-0.0014807723281334514,-0.0022540196199937216,-0.00501039321498805,0.011422487938142484,-26.945714166291893,-0.0022318653252397873,-6.52778649870111,4.01142756114127,4.154571238779788,0.007586417360524549,25.306114702047584,-0.0006211716837284768,0.0003673943577795774,0.001166582233105751,-0.002512792411681524,-0.0003405841354251935,0.0007368457274777905,0.00037850787620407765,5.789096406471008e-05,0.001619449001222728,0.0004046102698497933,-0.0,0.034464636044945415
2015-10-01,0.005665126722552821,-0.00017245291563822688,0.004521984651161074,8.621514765656073e-05,-2.8317144020402216e-05,-0.0017383597491584198,-0.006174575086828505,-0.0022989027933283104,-0.00011760888042087897,-0.0043136819067959836,7.148377967899324e-05,-0.0011432176654662487,-0.00011156341235156434,-0.004812573516623253,-0.0028495973500558365,22.454571280568935,0.012042816037003915,28.48522642245348,-72.13556624807335,14.241870206537044,-0.001945628038745193,6.940109812721472,0.0006975478402054552,-0.00028054325500264125,-0.0010027643024994118,0.0021459961733886765,-0.0002430056442948542,-0.0002492534761007115,-0.0009492683328777272,5.785340301483815e-05,0.002813189030497812,-0.001012761923598725,-0.0,-0.015130388401062869
2015-11-01,0.005665126722552821,-0.0003063477392638383,0.0016171840414762474,0.0008449084470342804,-4.250460284378489e-06,0.0032674502998999845,-0.0005816759241101473,-0.0005762294285736405,-0.0005084766128484012,-0.004145627809039316,0.000272329761234786,-0.00031515597857835714,0.0022902720277237815,-0.004295406800260514,0.009875618152100658,-34.63824315483824,-0.01887550519715853,-99.6885302931016,135.46282302622825,19.451702539966984,-0.00939927288219001,-20.560325324143033,0.00020388030678140592,-0.00048323002822867484,-0.00036859034386426293,0.000735974270340846,0.0012999287833114854,0.01011948859929993,-7.819101418744341e-05,-3.6153977817128676e-05,0.004275831663011815,-0.0038865319151165124,-0.0,0.02403414107559244
2015-12-01,0.005665126722552821,-0.0010607005554178605,0.0030280406651401128,0.0016380878054746291,-2.207405691200471e-05,0.0019737077892388027,0.0017578173481798721,0.009269882371332094,0.0003486339804644359,0.009788949564964147,-0.00033432733395491725,-0.00010782681422739251,-0.001365874285544063,-0.004349779028427057,0.009608644065814862,-10.029695168593577,-0.005396140065132182,-40.706236413880724,-14.32752885911091,49.19843260963019,0.0028270332867436623,15.865965331429459,-0.00013579015511803306,0.0011198816146606716,0.0017064367771493676,-0.004954131010708603,0.0022062514510854834,0.009871546163608228,0.0007492079666209801,2.8924354894329676e-05,0.0028484893206569785,-0.000826009924075272,-0.0,0.046821507493495236
2016-01-01,0.005665126722552821,-0.0015592614672025218,0.002095059770776833,0.0008404586329616878,-4.247557093689546e-06,0.004348630276504921,0.004544457844989711,0.014919723786828699,0.0001357066393699007,-0.005655528146655726,7.35872599876047e-05,1.950023577275843e-05,-0.0006519838764145768,-0.00909592219508525,0.020386193593221583,17.851399886337912,0.012899355505569495,34.58430758408829,-110.43347868057641,30.831073162984822,0.004913604459004249,27.143286628593483,-0.0006026117760854458,0.001054610762268554,0.0017995151468120612,-0.0033273658759422654,0.003088079596134844,0.010016378239159119,0.0020389636536087353,0.0001516991202890629,-0.003028347327082075,0.0036956411140530165,-0.0,0.04534960556640252
2016-02-01,0.005665126722552821,0.001295565290077309,0.0023819218576561687,0.00021136616844834015,-1.1970832948547196e-05,-0.0016807637571418317,-0.0008603786932679894,0.007158958934116522,-1.6191129526616752e-05,0.005061970087293056,4.080348603832935e-05,-0.00034363850959778585,-0.003166688822228387,-0.008980395993278673,0.0023849452139890156,55.232055203530464,0.018493421414612115,68.94761590527028,-214.42903690463595,58.07675134690254,0.010931263463879173,32.143365744386976,-4.248899777738987e-05,0.00031381993269587167,0.0002606194350555401,-0.0005430489761738284,-0.0006819637511919161,-0.003333138451694583,-0.0005351162172104781,-0.0001227841449991876,0.003011966884176838,-0.001430678953794245,-0.0,0.00621379711407283
2016-03-01,0.005665126722552821,0.0014262647318679688,0.003482136466024366,0.0009620421304021592,-3.695136875010273e-05,-0.004276130919434337,-0.005814735944652239,-0.023311061571453753,-0.0005852970288526925,0.0005491568182404971,1.058852371367691e-05,-0.00024803230983881056,0.0014025737797679497,-0.006622457523994321,-0.029874074211176077,38.50322669836464,0.016763820991151587,-58.780818987285635,76.85530531913605,13.257236822946334,-0.0332533875661442,-69.80681883261008,-0.00021259361677598176,-0.0019453860420197173,-0.001253455378124263,0.002405611692699849,-0.0024839304023962228,-0.012185600642216368,-0.0011115344896719384,-0.000173630667639158,0.00431524970198863,-0.002058202479786179,-0.0,-0.06033287005319879
2016-04-01,0.005665126722552821,0.00031267276630986436,-0.0008142176176902035,0.0009714020841410714,1.976230334720898e-05,-0.003423901053813491,-0.0017025566017099924,-0.006251071993825917,-0.0018998655642376758,-0.005964290839315041,0.0002817370933707521,0.0012257245847665074,0.0008173290915927532,-0.0034810565630020514,-0.01930764255501486,41.95267592717001,0.018613836881168785,44.40963571615388,-58.80388129400095,-9.576286705387409,-0.007436282283519029,-17.983141688459728,0.00031228577334505654,-0.0001244027904513115,-0.0007098776992941376,-0.0005382853886635295,-0.0012235800394322554,-0.005900534164184165,-0.0003316611614810667,8.685759686902065e-05,-0.001956384251302849,0.004911381696169886,-0.0,-0.028845538497508337
2016-05-01,0.005665126722552821,0.000922662154710517,0.001808663828140657,0.000549552037965682,-3.8614642128585594e-05,0.0020569981439003014,0.0006275659066820797,0.0012276453692263423,-0.0003423197072857495,0.005196248698561132,-0.00024374357362636149,2.0019677302680713e-05,-0.0009088114235963205,-0.003617565206691298,0.009416736812153553,-6.12412986943416,-0.00037202637656576107,-19.97924727345232,0.6662335984412796,19.584648819607885,-0.003940279776104442,5.848663971445352,0.00030806845699373706,-0.00014133182997664453,9.556045952036512e-05,-0.0005335218011532334,-0.0016917398630053088,-0.006641662102524785,0.0026213792108052717,-0.00015930361504714997,0.0013154926319651602,-0.0016263800455085522,-0.0,0.007743666755302785
2016-06-01,0.005665126722552821,0.0003136867126886523,0.0026996623804121196,0.0016964916151774618,-8.189152634466087e-06,0.0007620684911357279,0.002973535608741762,-0.0029052068267335657,-0.0012019896858378532,0.009349288942881888,-0.0001474389669074018,0.00021459644352132823,-0.00013632127953230714,-0.0033699646471623303,-0.0036895148711131266,10.806750052862167,0.004837807566128762,35.23775089339569,-113.68049084982172,32.10361833342304,0.008637362899563303,35.51199047439879,-0.0019408572889411248,0.000503852676377717,0.0005212388701110788,-0.001476712128191988,-0.0004583735623026408,-0.004338038878682338,-0.0006583434450688536,0.00013036048267628942,-0.00273055766376898,0.0018289321618067903,-0.0,-0.0033085925651367898
2016-07-01,0.005665126722552821,-0.0004856933387890162,0.0002769803593873162,0.0010853838158741912,5.529395250256522e-06,0.0016586272653675333,-0.00497919972341507,-0.008604344442323709,0.002553537517410541,-0.008811831436286248,-0.00017026074530086655,0.0002898282445384654,0.004605822357868856,-0.0036580992130383714,-0.013216515135002353,38.750146676300666,0.004633730104968022,24.45282069871084,-98.24491032172449,33.746335801236526,0.004842111565192098,1.2857346297754664,0.0004784889102565251,-0.00024918178178096355,0.00013775598710078535,-0.0006383207263797605,0.001023361647453501,0.0011427051171506144,0.0007472843092531293,0.00015184674144827026,-0.0006787313773360337,0.004613764585233774,-0.0,-0.017452808974333118
2016-08-01,0.005665126722552821,0.0002337054974592599,-0.0022470910632294006,0.0005977583570854808,-4.800658622392574e-05,-0.0018788140763459605,-0.000983696366100032,-0.004357051837021961,-0.0003342746305760579,0.005898162707750045,0.00022902048638777944,-7.830461725143094e-05,-0.007360155243035845,0.0022078378080249168,-0.00034668988879250993,-14.221018900551881,-0.014311298131590725,-26.956509716635725,36.83219851593232,5.139204622370589,0.008683322617013984,-0.7885839062622589,0.0012948090122857023,0.00018095262248189387,-0.00013775598710078535,-0.0002072160566979088,-0.0002839429103874531,-0.0005666557153199619,-0.0004267124667161704,-0.00016632183145867799,0.0008738893297565075,-0.004007095626950832,-0.0,-0.006585883020958574
2016-09-01,0.005665126722552821,7.578662400333904e-05,-0.001880703252276872,0.0008276654175029688,-3.411284997836173e-05,0.001589827041142212,0.0022677923437244285,-0.0007436011424191429,0.0002763459046700616,-0.010121531504781322,3.290244487453994e-05,0.00023557083494453123,-0.0007741035970410903,0.00038135943786782957,0.011878501123820382,-7.845739405411493,9.705884994917685e-05,-13.94164710976884,51.868038884964974,-16.78197506192703,-0.00470218975873117,-13.285924507680031,-3.4277306908300854e-05,0.0002957280904556673,0.0004753202077441513,-0.002831952774871407,-0.0002268804110067272,-4.05177653666335e-05,-0.0014831398306148853,-1.447744024425032e-05,0.0006116862089872558,-0.0024356011200897323,-0.0,0.012140382675487364
2016-10-01,0.005665126722552821,0.0006439840856096088,-0.0014930044465846337,0.0,-1.856459009085758e-05,0.0020764665288645562,0.0004204921175575924,-0.0006291607330772794,-0.000351418517418848,0.004662467833212124,-8.533848740753041e-05,0.0008592995197269091,0.002251869602548761,0.0004579029949195088,-0.0059282568046232186,5.205324627461558,0.008697312700023318,-29.929614462162238,93.98802827694706,-25.748370709461604,-0.018688242442498428,-43.49783111933759,0.0001736902668215203,-0.0006690219620092246,-0.0005683985774068435,0.0017958724913818684,-0.0008898642844468,-0.005685830477657755,0.0008951796139463201,-7.239601698353913e-06,-9.035672861070455e-05,0.0018289321618067903,-0.0,0.012860512432634258
2016-11-01,0.005665126722552821,-0.00034210068951531975,0.0013064166331715127,0.0,-1.3270081045875347e-05,0.004643921211974144,0.00072301391095215,0.0062753670441637955,0.0007065485112639298,0.007545756384003081,-0.0002030269035325949,-8.719507979632525e-05,-0.0013476820186239327,-0.0008392624327873384,0.015142558617163258,-63.587610058756844,-0.0190407200604523,-56.70375824568548,264.74019306482245,-100.12516685459283,-0.013175119002526497,-44.286415025599915,-0.0018802914241600624,-0.0002403410611399564,-0.001210018805615007,0.005323309042756599,0.0014709440507477904,0.00187440233626115,0.0022399292703915268,-3.620682807224546e-05,0.00242220323376087,0.0004046102698497933,-0.0,0.054571753039131046
2016-12-01,0.005665126722552821,0.0008463133887821833,0.0030416793056859703,-3.448605906262306e-05,-2.9499146872172444e-05,0.0031101153358263807,-0.0033143426165688273,-0.006707238369545725,0.00113805657619879,0.0002605183038158557,-7.632066921099538e-05,-0.00023424637490705472,-0.0013045675529082701,-0.002891629474650308,0.0016294209607045787,-67.50003424619226,-0.02085642359647338,-90.21505625066301,245.38435378379165,-55.14777862356279,-0.015263732828896015,-32.489085500393315,0.0007862972684444542,-0.000662951447835999,-0.0010412366952933232,0.002369884786372622,-0.002536599721591018,-0.009120696323067877,-1.719975999492573e-05,9.410719002138659e-05,-0.00394733858035621,0.0022136724015120197,-0.0,-0.014484153997031178
2017-01-01,0.005665126722552821,0.0007754187615289408,-0.0011488669691509612,-0.0008098661612125832,8.772301105713768e-05,-0.00020453548113758989,-0.0011885701625419622,-0.004522017582480921,0.0003446222193476573,-0.011732716079773227,0.0003140225615241048,0.0005017407019192429,0.0026503360940559584,-0.007252925822657336,-0.0074755889646399105,38.63554608468915,0.01143370828450596,-4.083501417985995,-41.65713236569634,28.76625125731121,-0.007613993190994953,-21.65462835348521,-0.0011663016237303,-2.9771169508691866e-05,-0.0006341739586351474,-9.527175020593472e-05,-0.00034009322360515514,-0.006214137591184566,-0.0003021273630687232,7.232262077779237e-05,0.0015251353465953403,-0.0008026950868089989,-0.0,-0.021628291024652187
2017-02-01,0.005665126722552821,-0.00013569010696761974,0.0010392314977484057,-0.0008799507328559836,6.317069158869731e-06,-0.0028831308056654153,-0.00011159930887420737,-0.0033940394536665507,-0.0015597234857672431,0.0006367696757274109,0.0002445985914842283,9.923639294069067e-05,-0.0017340254009709235,-0.007030455694775535,-0.02370494258525538,6.001527241500636,0.0015880155819853732,2.263996208344199,-9.502595009346575,3.3693572746504303,-0.0001368578252975742,-2.1286051092949507,0.0011465898499472607,-0.0002919831817121846,-0.00022338808719046295,0.0005835394700113515,-7.739689122171167e-05,-0.0009396075263740372,0.0012902083122507825,0.00011559431762287229,0.0023308931120580435,0.0016028091560224204,-0.0,-0.02307325548334445
2017-03-01,0.005665126722552821,-0.000443227228408,-0.0022418179231835393,-9.60683073887383e-05,-1.1957255057869491e-05,-0.0008115946894225366,0.0005192438736344694,-0.0011290765056864883,-2.0206804718220282e-05,0.00848028960506895,-0.00027395415449771787,0.00010028130360307112,0.0016070987199689097,-0.0033410607916113493,-0.0028746807843866348,-24.47822910900062,-0.01583994572487479,-46.522006490361285,44.03453436434469,20.436335923557692,0.005139317738039807,6.53153191925941,-0.0008947956274387504,-0.0005379672560272518,0.00018739778425422155,0.0009312813582630089,0.0008917346826770109,0.008128513903273182,0.002329888541417609,7.938425492609481e-05,-0.0038109706171412824,0.000598401717962198,-0.0,0.004497244335691191
2017-04-01,0.005665126722552821,6.176516102047715e-05,0.0024545616511755307,-0.0013879446858222322,-1.3341174947658524e-05,-0.0015570903573653649,0.001639725923027128,0.0004482476015084891,0.00027306350923250516,-0.0027076864938265143,-4.6930426728717364e-05,0.0006687880237407252,-0.00011270458597880249,-0.0033253479535327785,-0.007651256659363574,27.035165500891406,0.009878472034440042,29.905520557559676,-129.29840899433458,46.689071581407276,0.008997891349787459,25.648977269987736,0.001094681559702387,-1.2996030342680045e-05,-0.00032391272642616974,0.000807428082995297,-0.00020015391335812522,-0.00041888409428227514,0.00029613007833365713,4.32707324579116e-05,-0.005870624890397621,0.0007956370044214839,-0.0,-0.010178169046465995
2017-05-01,0.005665126722552821,-0.00015250294193666698,7.149729074001195e-05,-0.0011024414364858143,2.7586107913586805e-05,-0.0009028753492013061,-0.0031475656296810718,-0.0005932333486271395,-2.06845459940928e-05,0.005558138954563023,-7.100745141027147e-05,0.00017970068146686894,-0.001219468953450313,-0.0015464932321071067,0.007565804589038658,-21.652652926299837,-0.0014319597932642713,-25.244596253408822,4.39714174971257,22.64241325134982,0.00021039337321865782,19.857457059865798,0.0005899969840037457,-0.000662028045680072,-0.0008997575734060306,0.0016910735661553413,0.0005585798550996883,0.003334768309339577,0.0005407740329982888,7.20712569697249e-05,-0.0006889457743679242,0.0011887057373120883,-0.0,0.014578134605282572
2017-06-01,0.005665126722552821,-0.00017346293882021546,0.002477564316633029,-0.001758789012193813,-4.643637177105411e-06,-0.0026735419566990934,-0.0005401862045168166,0.0004997614768105044,-0.0010963902733520413,-0.00265964889548295,0.00010171180033745438,-0.0004085794301016932,-0.0026390956366586734,-0.0008087199927843162,-0.005509653159819612,2.468056631314275,-0.0049710437841928015,-16.803421399545655,-81.9256936525367,65.34101915790903,0.011605339319822359,30.90906049980255,-0.0005056692354634872,-0.00019454715422193394,-0.0006974672500057785,0.0017220368849722666,0.0011849523847379984,0.005041654640667202,0.0005890917798261334,9.360562942186717e-05,-0.0011906957936643858,-0.00019772369823186628,-0.0,-0.00802777615409327
2017-07-01,0.005665126722552821,8.337106712687421e-05,0.0035385208891803815,-0.001310470244379704,-2.503748490697527e-05,-0.0030751586237588785,-0.0003971076277634476,0.0010369723745939196,-0.00041247318553926126,0.0045161878699760925,-9.601367393471614e-05,-4.5797046329060924e-05,0.002932692390292359,0.00036748533471522697,-0.010287390050790043,-25.097243775909718,-0.008703659606710136,-12.557909243714798,91.99634046687002,-41.94247394110132,-0.0008957038267609042,-12.388767454903322,0.00012560914471925367,-8.871500712871516e-05,-0.000313984366995485,0.0020054703418349255,-0.0006438220964920067,-0.003961995124276037,-0.00035927130252553927,0.0,0.001387453868099518,0.004702538586732954,-0.0,0.005690880562399497
2017-08-01,0.005665126722552821,0.00018440003355092857,0.004012733459317261,-0.0020480269269125906,1.0807399206353792e-06,-0.0021160577079544943,0.002553094793169843,0.0001668486772397103,-0.0014901446375713942,-0.007496376927207324,0.00024638795786443576,-7.461772262774565e-05,-0.0021376671770381994,-0.0010284780236717393,-0.007124513465296364,32.15732610800648,0.006714148472188517,15.48656488937108,-76.35037038137014,29.741329127052822,0.002728985889515551,-1.0428736441512039,0.0004416663507485293,0.0005017151713871447,0.00021097763790210527,-0.0011670789400226977,-0.0009318212680658566,-0.0043256156504194445,-0.0007364213029405452,0.00032326278645696926,0.0024041003438819517,0.0013549989358452531,-0.0,-0.011191192869148789
2017-09-01,0.005665126722552821,0.0005890766027531714,0.0018168646641382202,-0.0009522602115356803,6.894997914706422e-05,-0.0019465932769324572,-0.002275543190142323,-0.0031971658600727644,-0.00018775201264542799,-0.0013113972191382518,-0.00012682718502396567,-0.00021336236654311664,-8.119736988698674e-05,-0.0002935763034124455,-0.005439264377199787,18.71276193899901,0.004514994127565403,-20.471510669211565,-5.000258480932995,23.437182729328416,-0.006865360460076193,-16.671692366088774,-0.0003095361573979409,-0.00034740441110774496,0.00012286344795475477,-0.0016863099786450476,-0.0011939132258930645,-0.004521626876876319,0.001767954277372931,5.7346447362055545e-05,-0.0005977515135060228,-0.00019312011922578793,-0.0,-0.010653633752323952
2017-10-01,0.005665126722552821,0.00043831660510334927,0.0016153304406336462,-0.0008276654175029719,2.7891587766451268e-05,0.0037499815332601525,-0.0005033933148474901,-0.001063438026845739,0.00027051601964131857,0.0010745390435678405,-6.669081803799382e-05,3.2256585287602635e-05,0.0011612821492259274,-7.337503421844837e-05,0.009576291194914335,-37.179461261096506,-0.013086735719907991,-68.55131271577297,110.80516689865412,2.918170838118933,-0.005048419630192914,-7.971554704607993,0.00023035464951545937,-0.0004065363491669383,-0.0006192814194891169,0.00203167007314156,-0.0003448560970548236,-0.002143442183430672,0.0016928184837109066,0.00010026762179118353,-0.007095504563192319,0.002498945988289293,-0.0,0.019895305420111628
2017-11-01,0.005665126722552821,-0.0001383178568273081,0.0037006172495437986,-5.5622675907456155e-05,2.4608302275987646e-05,0.0005002995448032769,0.0006651675568788703,0.0002147326784976935,0.0005350300626365888,0.006660938889359239,-0.00016102311627437608,5.158987651047595e-05,-0.0009081511834133879,-0.0013194502376371168,0.0024583475761541574,0.6804588743815795,-0.004649743838762451,-61.12789762529383,-4.677661159582239,63.90104476654797,-0.0021887038777065396,1.2228764923198086,-0.0002786958704235347,-1.5646536530989673e-05,-0.00037231347865077156,0.0019649798479974023,-0.0012536552477076894,-0.006979451604835992,-0.0011180975559857936,0.00010730462316530548,-0.0013805829844853617,0.0030415689445096408,-0.0,0.0035922041830131965
2017-12-01,0.005665126722552821,0.0007516448417408099,0.0017332131848616765,-0.0009559683899295075,-2.2376653044905652e-05,-0.0005247055970063337,-0.00043932584505890015,-0.0035710585777054054,6.314791283523971e-05,-0.005209978071795158,8.53506877179421e-05,0.00014114465548114715,-0.0026882367110567253,-0.002704495478347082,0.002633890293821785,-2.0822441657892283,-0.01160575827807784,-61.20267181199156,34.48284845827085,40.78417947972951,-0.0013420237495596684,-11.965903621110455,0.00022491115307961528,0.00022929443534867806,-0.00014520225667380134,0.000242942963025133,-0.0003778125226633844,-0.0020810255609917624,0.0008257016360720864,0.00020709015625894453,-0.0011317985616388845,0.0030048396667147915,-0.0,-0.0007831288349208973
2018-01-01,0.005665126722552821,0.00019682587844346174,0.0027452227427453135,-0.0012300027732335813,-3.129568175629626e-05,-0.004652976621581045,0.0012395680766110696,-0.003716122780314921,-0.001170777715089752,-0.003398034928598077,0.00019874416238976238,-0.00012093851226629111,0.0024914039192400024,-0.004436300437357769,-0.016163913459787807,-10.574119425501147,-0.0028549362724487443,-78.0559426693354,127.15243550882926,2.7399397319752747,-0.01743098883845888,-41.23208098286664,-0.0005371226124801554,-3.3755478811118505e-05,-0.00012782762767009784,0.0007574104141371815,-0.0010200949069840287,-0.008603730044723791,6.563066313855223e-06,0.00018525900950517105,5.7106033361020305e-06,-0.0037617535921874736,-0.0,-0.025566574587121894
2018-02-01,0.005665126722552821,-0.0006445402095458355,0.003200190114470612,-0.0004349693255963221,9.812190480215219e-05,-0.0013247701828541594,0.011730144068856096,0.003608936888695064,-0.0007725333599624517,-0.004738392986476898,8.56047591564896e-05,0.00025291806918490274,-0.001717814379401308,-0.004984788731768976,-0.0013007438041569503,-62.120951115738684,-0.01845221534350693,-59.553485583161084,192.95527607908673,-54.74852432751611,-0.0029199740486994885,-16.505975458250912,0.0009337175558793415,0.0013976717632354556,0.001166582233105751,-0.0029176973500567496,0.0008095575208434158,0.0027219419351982824,-0.00011722994312328921,0.0001706673543159409,-0.0014031150833303052,0.004507327966100214,-0.0,0.020959318527859205
2018-03-01,0.005665126722552821,8.97585115363121e-05,0.0026661616173804963,-0.0008410148597207588,4.827174218384606e-06,0.0005579736439249381,-0.0027529790992602988,0.0016698623586703268,0.000733969439509865,0.01282979266318718,-0.0003310507023995245,3.271985223649506e-05,-0.0017557776769579205,-0.0016538173891359597,0.002204842698690901,1.5612544438246667,0.0025500894620449775,-41.728150298747984,-11.620516553865325,48.61554626482937,-0.005736794064898558,3.171478753446155,-0.00101141278487149,0.0011417183656443589,0.0014334068928054686,-0.0031749310756127736,-0.00015402094563118793,0.0003510037324842131,0.0011032740786217359,0.00017743181376808265,-0.0028300931645910046,0.0029601569741604253,-0.0,0.015542833725238615
2018-04-01,0.005665126722552821,0.00017790229240522193,0.0006797271330994722,-0.0003103745315636137,-3.466785231471501e-06,-7.1609220198728825e-06,-0.0006716431744596147,-0.00156267646705047,0.00014214797401162767,-0.006968934959386709,0.00022866309492004778,0.0004087397236732383,0.001821010833385163,-0.0032960752596704673,-0.0021578480571257906,2.9939047324743338,-0.004324293992806099,-45.10545106458989,18.70363165308309,34.02801573122582,-0.0028689076959764782,-10.611596477746957,0.0002982590163175405,4.186089773536913e-05,-0.0002482089857671811,-0.00017148915037068195,-0.0012762507431823764,-0.0026166984795260835,0.0003821288783082757,0.00013461243914576816,-0.006348457443252431,-0.0001839817171670282,-0.0,-0.014531714912606127
2018-05-01,0.005665126722552821,0.0003810836374292371,0.004366649563840287,-0.0006494874456794168,-4.1055239622018516e-05,0.005739371538607982,-0.004259168073975406,0.004620557679007454,0.0005206513749869727,0.005271287197143188,-0.0001840687589093906,0.0004401985674169029,-0.0012575119641639234,-0.0017849217248772046,0.025509373226427916,-27.001156846522907,-0.0061144146126433955,-52.97751127525475,76.21712366168195,7.83261315647153,-0.005341540494822781,-4.057207053958246,-0.0001283773391524986,-0.0009724792705108015,-0.001036272515577979,0.002691426943317653,-0.0009452383445820839,-0.006109573969765016,0.002524517404518059,0.00019800654655287756,0.005244043604902327,0.0018337242979075245,-0.0,0.050043550967912305
2018-06-01,0.005665126722552821,1.0505364133103155e-05,0.001701961699989656,-0.0008678991530760317,-9.379979616394484e-06,0.0032508289901268146,-0.0005318402591752484,0.0027236608208717848,-0.0004941609955052149,3.283057252279147e-05,4.15938495699185e-05,-0.0003398707608294573,-0.0012996319573394814,-0.0010687942528949353,0.010542436645087992,11.759278162191778,0.0006742367795765228,-8.935515310363932,-45.829858587512994,36.08702123716509,0.003492938526251234,6.914395120125921,0.00012891611525024416,-3.32082775335322e-05,0.00024200376112299947,-0.0005287582136429372,0.0004912765676755023,0.0015297684289312457,-0.0022804392314322063,0.00023280176924318194,-0.004486564927508669,0.0012756137989565813,-0.0,0.015416574009173298
2018-07-01,0.005665126722552821,-8.108406685533141e-05,0.0003770406965880607,-0.00041383270875148593,4.094571297190518e-07,0.0003855923615064526,-0.000654980103000432,-0.005263657337628436,0.0005601367579582906,0.0013172808045449859,2.567236082663826e-06,-0.00017495499401933896,0.0005146071855224761,0.0009261949750876937,-0.004949653967565867,5.715740230000621,-0.0026503705876966934,-30.46632695779171,-16.361294580668417,40.16099379391254,0.002577829485455542,0.9514436260338718,-0.0011483548061295315,-0.0006916624148693672,-4.964179715343621e-05,0.0005763940887459045,2.9327468829173765e-05,0.0023186455039557463,0.0020531081930782523,0.0001407967358208007,-0.0009368840881885104,-0.002190786809694443,-0.0,-0.0012046945217884012
2018-08-01,0.005665126722552821,1.793987916693744e-05,0.0013987236619463453,-0.0003103745315636137,-1.9245586604248167e-05,0.0013779672094070897,-0.0007743282546184893,0.00044978532912944534,-0.00013568880662640553,-0.007240531634727477,0.00010638627993189145,-8.361992448869327e-05,-0.0029514154310827535,-0.0008549922645282417,0.002962212125954378,-4.354822481237493,-0.004880185373853064,-12.038644058314851,0.056103881974058224,12.007957251445214,0.006104471804503953,4.331497108310241,0.00101208161037214,-0.0005010995699498597,-0.000873695629900474,0.002824807393605963,0.00034016418767153636,0.0030094887699940696,0.0004484384793413286,8.43714501699494e-05,-0.0037324605821835474,0.000915173010737862,-0.0,0.006451202501525156
2018-09-01,0.005665126722552821,0.000868393387995342,0.0032336865569034005,0.0,-5.8998945370740803e-05,0.00043890808665842984,0.0004729973958296995,-0.0014842915861271746,-9.497118348671814e-05,0.003373969782613202,-0.00018655655894564175,7.969288018937998e-05,0.0007835300606858115,-0.0012094720242708252,0.012455756154572119,-26.021764758112283,-0.009768963482912871,-54.93410249384205,80.70543421960194,7.130075159993858,-0.00263604512755977,-6.865822923001004,-0.00038594947084717745,-0.0005875744718484553,-0.00028047615391691653,0.001033698489734388,-0.0012163767699400097,-0.005419554524731286,0.0009653365297150897,0.0001544739494867815,-0.0003730402583938756,0.0032670306644020162,-0.0,0.022909534743453298
2018-10-01,0.005665126722552821,1.3918163129509275e-05,0.0028277052784176646,-0.0001379442362504953,-1.100859175494388e-05,0.0013313176243565212,0.0067023390918425916,0.0005660485210423867,0.00012727102449896973,-0.004191561443718918,0.00011899828378717917,-0.000283707202775324,-0.00031401057072340634,-0.0008525010777820039,-0.008145069789030845,-45.68505429736042,-0.012490419425501926,-38.64163803673016,103.83425956338448,-22.870083755234962,0.00216010672018167,3.3714819180779374,-0.0003776448875474427,0.0008023338732612415,0.0006701642615713889,-0.001250441721452892,-0.0003873680632239879,-0.0014068825866371093,-0.0008578380297468165,0.0001472031810789964,0.0006348686215716468,0.0019756060992415273,-0.0,0.0020020019772617253
2018-11-01,0.005665126722552821,-0.0010712382006432084,0.0027222867129783087,-0.0008276654175029703,-5.609594276690914e-06,0.0023451022764224947,3.152103694660182e-05,0.006304134057480998,7.81887741066035e-05,0.01014496520222797,-0.00031830103579939573,-0.00017144801869421375,-0.0006304830288915085,-0.0007805574261206649,0.011030299838785795,-20.602385659037214,-0.008721626234869747,0.7934372032913088,-24.734798965288277,13.861311481064874,0.01458148635651712,30.674771078376782,-0.0006308510750017691,0.0011152133037612617,0.001710159911935875,-0.00265093644948013,0.003245115669543895,0.01496318988524003,0.0003640238677872954,7.001143125731155e-05,-0.00045673010077884965,0.00017882520434198536,-0.0,0.05061934207729575
2018-12-01,0.005665126722552821,-0.0009403736488734128,0.0018131933777310834,-3.448605906262459e-05,3.492393209804117e-05,7.451143116509244e-05,0.0041776343519633,0.002789118852083541,-0.0012859687550859865,-0.006455042982098256,0.00026821970386447727,-0.0007277363350032018,0.0006714266251795931,-0.0021244237812167136,0.0010222630681675066,27.629888271823003,0.0021970061608214157,75.88749125510488,-199.42826146183728,42.24534218440836,0.02481007680692819,53.62370562583609,0.0005189714315319656,0.0020034919776834364,0.0016965084177186815,-0.004458717909637739,0.0017519702185621756,0.007837442758689256,-0.00244349748243671,0.00013985816414274218,-0.00014474171962873948,-0.003601152013261352,-0.0,-0.006578521350374268
2019-01-01,0.005665126722552821,0.00018774056800684597,0.0021048112314361175,-0.00024140241343836603,8.23359302402949e-05,-0.0031062403960153283,-0.004021798760378049,-0.002883030074649027,-0.003164902948765414,-0.0011122097262310092,0.00020020832975357105,-0.00015464364741571684,-0.0013947838784720615,-0.004229794368018563,-0.015680196681086143,27.52700494768292,0.016785615292266944,55.245661605082084,-83.32829070188659,-5.882872874112165,-0.0027085593484263873,6.431530336943582,-0.0004388238423707679,-0.0015624306479087734,-0.0010486829648663379,0.002643791068214683,-0.0005072210905284379,-0.001613730236040689,-0.0008123491908128723,0.00020240547799571255,0.003864735756378492,0.0005435064289620391,-0.0,-0.019367209699781607
2019-02-01,0.005665126722552821,0.001022545962966337,0.0012216097336093593,-0.000448318767814109,1.2555996107558602e-05,-5.216923557055369e-05,-0.004148644431943755,-0.0028997149423730015,-0.0039773158377964316,-0.005914084607982048,0.00027169643653468176,0.0001837899298801016,-0.0017527091844724847,-0.004064889177404481,-0.008368860595917786,34.44476534805271,0.017338674976484378,16.25092324227998,-26.291681690066756,-0.6767796547972349,-0.0132026948329969,-23.723232513390755,0.0012788129357284954,-0.0010049693463675014,-0.0020911607050884983,0.00403714041497648,-0.001067693205071649,-0.0024663960845881286,0.001961451577315828,-5.579011867808999e-05,0.003174684486505359,-0.002181184991170453,-0.0,-0.0135337748146277
2019-03-01,0.005665126722552821,-4.8328141889289986e-05,0.0011560055814945729,0.0,-1.77600908784547e-05,0.0006546048894906973,-0.0008353557219612968,-0.000793969567554509,-0.006155571744088817,0.009997874814197071,0.00012202967375913271,0.0005520481636199528,0.0025446906764406115,-0.0030681956161457287,0.0039092603254376026,40.404281898862855,0.01697641307174449,39.33537632442456,-73.89582554500767,4.435420254521305,-0.006007445734330285,-10.291591414336168,-0.0012204950677690612,-0.0005975266950845602,-0.00099407698799756,0.0024746837115991547,-0.0004843911496712243,-0.0008650091217396861,9.063820892061797e-05,4.184586119899808e-05,-0.00021969729219112016,0.00018249744942142038,-0.0,0.010721414683449318
2019-04-01,0.005665126722552821,0.0002896966426249028,0.001763117726232959,-3.448605906262459e-05,1.8068193005471194e-05,0.0002119720891972337,-0.0018563626473481938,-0.0031091126474918672,-0.003566976297530391,0.001959237835652627,-0.00028942568059600463,0.0004585344653396941,-0.0027432115442082576,-0.0034705013061282495,-0.0021248747770709992,17.827679564383423,0.006044696283806669,26.90209072520585,-27.049084096715767,-10.880822074364263,-0.0022857299478801847,-6.802964785545346,0.0009183717263366554,-0.0006236726561292412,-0.0003586619844335754,0.0009670082645902358,-0.0010734258272536935,-0.004696877324387581,0.002745964314452704,-2.092047581681356e-05,0.003400541240820649,0.0021795928649712636,-0.0,-0.0027329778418584256
2019-05-01,0.005665126722552821,-0.0002833840265441302,0.0017630426831822083,-3.448605906262306e-05,3.187228624939582e-05,0.0018480854901673682,0.004233935175331908,0.00379434290470739,-0.0012069511321176674,0.0008700321545360084,-0.00036560165021172936,-2.8189761579088924e-05,-0.002045747547644814,-0.002212214605817609,0.01140140209939182,7.738540697397815,0.0014858596777430886,57.493041327493465,-96.34439131985502,-0.4225198949838999,0.013317083463096355,31.517641557896265,-0.0005965551896073395,0.0009331833787641192,0.0004480172193097617,-0.0005001766885811546,-1.712869691725486e-05,0.004316344958080219,-0.0003072193972777499,-4.883354031073934e-05,-0.0006681257088912198,-0.0003619422618243118,-0.0,0.02374413989534411
2019-06-01,0.005665126722552821,-0.0004550149837685507,0.002864134699734451,0.00010345817718787072,8.340416143533002e-06,-0.0009280700566457216,-0.0009012668130067128,-0.0002803057777627249,-0.0020855042585517765,-0.004103149910886096,2.0721054589186094e-05,-0.0004415025828091722,0.0021944269141389383,-0.0018611875185346092,-0.005391461159348901,55.62444077031999,0.019875094177973143,162.99111051485087,-225.11682642068362,-29.648682188428054,0.01625748405288503,36.10342840409552,-0.0017908545919342839,0.0002908374790372378,0.0005448187237589599,-0.0010956251273682492,0.001516264014770274,0.0068313446595042945,-0.00028153291360111807,6.27810695537132e-05,-0.00026024722279974655,-0.001453056748715707,-0.0,-0.011622867349176235
2019-07-01,0.005665126722552821,0.00011237928049108476,0.0004127889762921076,3.448605906262459e-05,4.331290413715038e-05,-0.0006139382415714271,-0.0028825030894877274,-0.004757948934610362,-0.0021386259464591666,-0.005076615036595145,0.00019957899444702275,5.971609411205054e-05,-0.003075410109774572,-0.0015816010369770958,-0.00934618978784698,19.329490309816073,0.002671950070431883,-8.7236551147208,-10.456361002904629,14.918649861334325,-0.003120154151373531,-15.065952672902455,0.0013036709501693118,-0.00044802104602396697,-0.00014892539146030864,-8.33627814301942e-05,6.80475950081868e-05,-0.0036415305906485266,-0.0009455341744577723,2.0917204052931605e-05,0.00281801178246491,0.003796325347044774,-0.0,-0.018482667715935836
2019-08-01,0.005665126722552821,-0.00038937549532978735,0.0015056414077498131,-6.897211812524765e-05,3.048806997111971e-05,0.003527969334831763,0.005880494431889322,0.004136487300369973,0.00035751368673036745,0.0009741127884242686,-0.00035266295196081373,-0.0001236303147377595,0.00016561468873599238,-0.0006179256255286932,0.02490404696490515,76.12337153119421,0.013892109356105999,109.51925878309528,-303.4729105826241,70.25006053365125,0.020334621654287025,47.535037856832595,-0.0007622752858794503,0.0016031629430091202,0.0008054381588145041,-0.0025175559991918203,0.0011481336694677553,0.0078053149640278765,0.0009355764186712377,-6.9718561565196106e-06,-0.003953809706369858,0.003385565982176116,-0.0,0.043082361338697035
2019-09-01,0.005665126722552821,0.00027808085279165825,0.0020600340093067902,0.0009311235946908426,3.2684857374397134e-06,0.00038612084008769824,-0.003290196204330835,-0.003184299159570904,-0.002836066149338811,0.005751762283635466,6.428566738489654e-05,-0.0005510125352390707,0.0017324483115677897,-0.0015766942285819472,-0.0004473022034042667,-20.719558333752232,-0.006360186368500622,-31.837187047247784,51.29297409473142,1.4540999335729257,-0.0013328318060695414,-0.18286003623472763,0.0009758349839341488,-0.00046370178263480577,0.0008451515965372486,-0.000769319382912922,-0.0008987827555582403,-0.0030156676439141153,0.0016102143732089674,-1.3945347896411995e-05,0.0019622035642938664,-0.006272737007180388,-0.0,-0.0012784762198024243
2019-10-01,0.005665126722552821,-7.720725502257276e-05,0.000893064557720628,0.0003103745315636137,3.0264483285632058e-05,-0.0009993339481422457,-9.871399602474475e-05,0.0007513943878450652,0.0005614189509737162,-0.005178234346924535,-0.0002462320488894579,0.00010555610031863902,-0.0019862255767136385,-0.0011631271462491377,-0.002908627052255191,-9.54785826720453,0.004762425843633027,40.14543001364859,5.1335052006211885,-43.18884531273525,-0.0008957038267609042,7.454403664631608,0.0006470515149063972,0.0006284264672282743,-0.0004405709497367443,-0.00033345112572077154,0.0007352677944096578,0.0021166719400536986,-0.0007731971055612697,-0.0003773511846976331,0.004914784824096653,0.0,-0.0,0.0032791515174902205
2019-11-01,0.005665126722552821,0.00013890075708215894,-0.0005421317872853297,0.0007242072403150997,-3.459455094127177e-05,-0.00032419979737334135,-0.0034950653104132137,0.0009027088778935014,-0.0009654458889048161,-0.003316932840590698,0.0002720450218099992,-0.0004469078807333242,0.0008918603819079235,-0.0007515934111275226,0.013272016937736763,-7.336152585205789,0.0030928378640143095,-25.45230232756882,73.83972166303361,-18.28800713598473,-0.014926694900924398,-22.748931382827518,-0.0007398510531215533,-0.0005580940030184813,-0.001005246392357082,0.0025794826368256817,-0.0008236848719080405,-0.005553433101972342,0.00011383525365061483,0.0003075917113628372,-0.0029004428183490145,-0.0007270575256721657,-0.0,0.005177468717218407
2019-12-01,0.005665126722552821,0.0002070052220427402,-0.0012670767501963911,0.0009656096537534672,-9.146258080042561e-06,-0.001131976877324596,0.0015551403964053712,-0.0030044530226778733,0.0005919630877417214,0.006264900830091206,-0.00021659635916619532,-1.2062448349160277e-05,-0.0007129197671149405,-0.0017733241118896743,-0.008581582670251265,7.663950287396327,0.002939125548531417,-0.2907885038239959,35.590900127257484,-20.79362905009281,-0.007456708824608215,-22.163207829263104,0.00018201342860738403,-0.0004331098112097342,0.00039713437722748693,-0.0022341225423291697,-0.0008886662854302898,-0.004050081551998516,-0.00024339923519132179,-0.00011871650127128184,0.0013486947950296104,-0.0023777162866642676,-0.0,-0.00716991376787118
2020-01-01,0.005665126722552821,-0.000707898066814123,0.0011072601653741377,0.0,-4.1542026453626436e-05,-0.0011038547210356219,0.00022034973248928087,-0.00026635639148690765,-0.0009659039023325151,-0.013723896224276734,0.00011482852934675898,-3.60665575163316e-05,-0.002175667647987158,-0.002990915316240901,-0.0034403269803974573,30.892232744199276,0.014739704568479074,39.165057343613334,-73.80465673679979,4.550501877835494,-0.003161007233551903,-0.8142985988578102,0.0007491217177000043,-0.0003350923823620479,-0.0011963673113978095,0.002596155193111718,0.0007897820057186242,0.0006628431234337294,-0.0012374774691084522,-0.0001048812756898208,0.0038068961699162557,0.00018371005716862797,-0.0,-0.012014845530845891
2020-02-01,0.005665126722552821,-0.0008353294937829723,-0.000963587097744683,0.0,-3.34881609826916e-05,0.002498079993703606,0.005665976061690675,0.0007261369501525686,-0.001313597684462031,0.012566278127816782,0.00017680908450684477,0.00029359740229233257,-0.00010611983605123046,-0.004732353085446683,0.014897630204865026,42.36669557073011,0.016342601205527076,78.09748388416749,-177.71605913789838,27.1762968442302,0.007285125879459019,30.046189703819888,-8.200543777411414e-05,0.0004296556031449692,0.003498505654388413,-0.0008574457518534125,0.0019400732593809382,0.0126616214567214,0.0014300695185252945,-1.3993495676704986e-05,-0.0019465854891535892,-0.0007356554098242735,-0.0,0.04506399123127871
2020-03-01,0.005665126722552821,-0.00332536276093898,0.0006730840220163398,-0.00010345817718787226,4.342782978339926e-05,0.0073458032332696065,0.017865037451960435,0.047930860107491945,-0.0009528565270673661,0.00807362993853381,-0.0003208998692410234,8.66653611811599e-05,0.0215402367013297,-0.003964245902584418,0.05271855195208918,1.4972381532486634,-0.01705274194800734,366.754092563017,-444.77053733414857,-103.30756842349811,0.0925838081502735,179.70912923536534,-0.0022312576056260306,0.014280243341015833,0.013837650956520332,-0.0343931018243424,0.008000887028976262,0.027989402186689837,-0.010292132699593922,-0.0004137992011240338,0.023124772152053497,-0.0022201062760843,-0.0026698014677354817,0.14617361686056934
2020-04-01,0.005665126722552821,-0.0005163155992081852,0.004369592619271209,0.0030959581410090983,1.8472381015672336e-05,0.0037420893017176124,-0.005486158620330582,0.012138712002134552,0.0015099809086899462,0.008927201008206492,-0.0004045563544439123,-0.002262703053449328,0.03117799120036692,-0.0011381278585094752,0.01356169613717654,93.99420493431411,0.02809714074081575,92.81138217766333,-148.94248196900682,-4.58623119048899,-0.008581802707800713,-33.28966959653351,-0.00019145129956099768,-0.004935687123670753,0.004033396018716688,-0.010229804178362232,0.008026849313260821,0.015248741821822242,-0.12439443525539107,-0.009657468680509531,0.08194270189210436,-0.019515127426498684,-0.0026698014677354817,0.01877656653151514
2020-05-01,0.005665126722552821,0.0005163155992081852,-0.006845035730082836,0.00045610594244115365,-0.00011703949914584692,-0.0010956561184337125,-0.004866951877706451,-0.014875501041811094,-0.0023359070170762327,-0.012102423207694156,0.0009317703490937912,0.0009286575181417898,-0.009573705929024647,0.002278090624503283,-0.00300544173089758,-1.2043064664611283,0.005372802977468341,22.541093992142,11.487971132701672,-29.34913760211201,-0.0006566111633119619,-3.4771978765261387,-0.0015823296636205885,-0.0060685647686741055,-0.009182491428456856,0.022014919678836346,-0.0067855196673909405,-0.012627296884398235,0.020372663088724003,0.0017684969387264673,-0.009504140676393099,0.0033937144077190767,-0.0026698014677354817,-0.04177257428004359
2020-06-01,0.005665126722552821,0.0011194204546271767,-0.0058282636932019145,-0.0015574349254088168,-8.974365422592961e-05,-0.004911085532254441,0.00011884198797024157,-0.01334289917959222,-0.01079105719267406,-0.005797542984906551,0.0008251549401589661,0.0019757917987765945,-0.010472682444052214,0.002622174083732066,-0.01763224979194819,29.44892260002065,0.023829705267451696,-6.0234761506405725,38.31614619414468,-16.674787123966567,-0.025440235599529643,-45.05214142733287,0.0019316237813349322,-0.0015556419320587153,-0.005927230580120278,0.015867509996798413,-0.00456013806953165,-0.014230581345516701,0.0340102622636463,0.0025737464602232974,-0.03677709154207182,0.005878271644813163,-0.0,-0.04783215683968815
2020-07-01,0.005665126722552821,0.0013043771639320821,1.945922419804674e-05,-0.0019946291580414353,-0.00015549683035290593,-0.0016759495753540378,-0.002449463381714298,-0.004208430985493239,-0.001102723069925384,0.0020458250680799187,-0.001210890251652001,0.0008376761295226899,-0.00716667027022492,-0.0,0.0033326794341529114,82.35867254810188,0.03564081038802766,15.294644476847226,-73.63634509087777,28.326282163124443,-0.03054687087182675,-52.33797099606062,-4.722651174032515e-05,-0.0007867899369697994,-0.002129633097882413,0.0023579758175968817,-0.0010312122126873314,-0.004930633174820396,0.009998605216522651,0.00017145269239251704,-0.02131510773762055,0.007627731669064303,-0.0,-0.0064669064050929086
2020-08-01,0.005665126722552821,0.0005789355770782292,-0.0006469591004216728,-0.000896637535628218,-7.551671427435951e-05,-0.002998276121899538,-0.0026366609482260752,-0.008649665564213425,-0.0014597196066362178,0.001511829869250668,-4.775051753138526e-05,0.0006301568644061105,-0.000765549755497457,6.736326557919039e-05,0.006410881546237252,51.07099631609001,0.024338922473170956,3.5966383801549053,18.489034304532435,-14.549723935330691,-0.024236091002322,-58.59235567290172,0.0004283641546800508,-0.0009021810063808578,-0.0015624755654044034,0.002858152506178036,-0.0004912597903376226,-0.009180346248414196,0.018235706065670494,0.0001934199332588412,-0.005638871118619196,-0.0032132610873913856,-0.0,0.012107029839806622
2020-09-01,0.005665126722552821,-9.81746647282122e-05,-0.0012985659756991,-0.0008410148597207619,-6.551739820390739e-05,-0.0010453015403871916,0.003127285477188218,0.003574066038188568,-0.0008879305300424765,0.005138785692105052,-1.1570457897529062e-05,-0.00025689332570134606,-0.00732878795604319,-0.0022196062030057032,-0.009639397556510429,-9.934813880775598,-0.002045656847520369,1.9781926503000369,20.705137642505477,-14.244362949280337,0.0018486019685715477,1.4971665466718682,-0.00036553171459123037,0.0007421417327267239,3.10261232208997e-05,0.004311046696818544,0.001293416770112077,0.0005054096656385587,0.0023302280103648745,0.0004299692524746949,-7.24567363229665e-05,0.0007598029144016677,-0.0,0.004900510719435553
2020-10-01,0.005665126722552821,-8.292342982220842e-05,0.002061949832633921,-0.000969503241066988,-0.00012762415844819327,-0.0009826980164718841,0.0010393640006710896,-0.0037515062066950625,0.0008605761860393523,0.002488858733307774,-0.00020726519112940174,-0.0003792881446348336,-0.00523855988877493,0.0004030468567868531,0.007521681780952549,-17.14722069000183,-0.0036733943008934113,-6.1323141335004285,75.47304592700168,-38.57810215193747,-0.0029179313945905563,-13.605929571090757,5.289295000971919e-05,-5.357442508370566e-05,0.0001116940435952301,-0.004044285796241924,0.0002568505521735351,-0.0044149709869882895,0.01060795197686913,0.0002142096108537106,-0.004645438673960382,0.0015126810178524854,-0.0,0.010787300880690624
2020-11-01,0.005665126722552821,0.0002738254446874756,0.0014246106203344836,-0.0007759363289090357,0.0001084933895975604,-0.0029618804867650337,-0.00270920882746769,-0.006306644633188687,0.00024855976353600436,-0.0009011535744487282,5.303535868042369e-05,-0.0006982655457099556,-0.001488776321615988,0.0010086234175850654,-0.014703853951071738,-21.308851151465298,0.0011844304324783892,-6.75667859242545,58.107491858998635,-27.66612079328233,-0.006568154287228505,-2.3714660949192132,-0.0016613068081556487,-0.0009493429164928464,-0.001253455378124263,-0.00043348646343700244,-0.0008739125277148473,-0.005861441721413502,0.0014642427258836324,0.00023577354148678368,-0.002045980339980958,0.0005648930034014737,-0.0,-0.03358595878516033
2020-12-01,0.005665126722552821,0.0006918837850463052,0.0017114169356403763,0.0,-5.093015515810112e-05,-0.003940529899596418,-0.001834577146890934,-0.0021557999779904043,-0.0013570807370015205,-0.008545352500593463,0.00039184849295085926,0.0001691950933430856,-0.003930597219161559,-0.002686471759845724,-0.01752375273982503,40.0581938279363,0.02364759786789915,12.412514991802789,44.62783291622,-38.851888396573,-0.02453125452106078,-58.22949278849845,0.0017337443255732452,-0.0004695670963289363,-0.0012224292549033661,0.0007502650328717372,-0.002283667805989629,-0.013953985291266348,-0.00024532289255917264,0.0002571654701218014,-0.007597821681524782,0.0029912938566378985,-0.0,-0.037159052209416295
2021-01-01,0.005665126722552821,0.0005234108582312099,0.0003185472227594822,0.0,-0.00010967132265721245,-0.0007467282853159854,0.0017778390173078615,0.0017985136725908728,-0.0073111762856159805,-0.00032439608621037317,0.0006907435699231039,0.0002314369361888563,0.0008673738964530854,-0.0028766183972716267,0.003242404477183555,5.217613468956053,0.017413959054261876,2.0172413922421137,103.38122071644437,-63.262902624271405,-0.02427796541155482,-47.335034692200935,0.0005486784308524934,-0.00013698841983580154,-0.000547300813616634,0.0008741183081394492,-0.0013209640743378375,-0.014961871677407403,0.006312877699715738,-8.074354097354639e-05,-0.003050359830423016,0.0040551828902995555,-0.0,0.006713689781446312
2021-02-01,0.005665126722552821,-8.540517513072822e-05,0.0002767405815695364,0.0,8.560472084834334e-05,0.0009598285062161099,-0.0012201108146256525,-0.0007304520021501498,0.00012063240306243956,0.0053582433055473395,-0.0009496948780274226,5.8944103595108745e-05,-0.004328188112752355,-0.004458978550683862,0.0045166319477104,-22.412846376889902,0.010844422409814519,6.55935782197343,124.0176311035316,-80.02950577261501,-0.021286498469043225,-28.120444947222843,0.001419544968156885,-0.0005344446478027888,-0.00020973659297326676,0.002186486667226197,-0.0018568662812712413,-0.0012320585287672631,0.0014568875653594845,0.00022003767257794234,0.019468772458482515,-0.008177548063160562,-0.0,0.021759750693603856
2021-03-01,0.005665126722552821,0.0004696801761613484,0.0019734713129659054,3.4486059062623825e-05,-7.329824528729655e-05,0.0023711686265524743,-0.0009554876349363463,0.0026411570266780737,0.00010366692381855852,-0.003205138317539138,-0.00011270728643457567,0.00021194210356743646,-0.0038068508058836685,-0.003573450740768457,0.012976724663812077,-73.6636027232134,-0.009280154023309676,-13.166072628855346,247.5443532397909,-133.4780647595169,-0.018933360935568685,-27.20614476604914,-0.00031678176698831317,0.0003150682356103661,-0.00037231347865077156,0.00044063184470245206,-0.0007101073664345038,-0.0036449917131277376,0.0012817215885690765,0.00041658152026367086,-0.01655152506061942,0.005419833161165098,-0.0,0.003253454746038837
2021-04-01,0.005665126722552821,-0.0008470862686702866,0.002151745128766288,3.4486059062623825e-05,1.5722017902620873e-05,-0.0012622007989157794,-0.003750257001848607,-0.0008803490629969563,0.0003014149077959672,0.006071636043474513,-0.00014343136803876303,-7.166689701745084e-05,0.0061661517213224834,-0.004211947028626773,-0.012154700293692863,14.345650616267026,-0.000603444358838957,-6.740062106492643,16.922333400408377,-3.2862658498747517,-0.0033285048704832336,-21.23747889582472,0.0003337810817964947,-0.0008385688578614241,-0.0007582784515187366,0.0005740122949907512,0.00013408075956765868,-0.004910446541100583,-0.0018601766747141394,-0.0002628775922269885,-0.0010185341468539708,0.0029404804343633544,-0.0,-0.008336668558521892
2021-05-01,0.005665126722552821,0.00023433552492466036,0.009783588066016551,0.0,2.8837360045259688e-05,-0.0025688308308729315,0.002091114182868846,0.004646526446483801,-0.0007450101250463443,-0.0018738619495246667,0.0002389690689613726,0.00032262694456170827,0.011619750666259178,-0.007051256939366137,0.00016449235313829467,37.85391860823657,0.015844808431844087,3.398902197554565,-9.818179345450378,2.417960460969808,-0.012250818018240746,-33.84339264375688,0.0003742450245858065,-1.916914475545322e-05,-0.0005199978251822445,8.098098767504609e-05,-0.0008089906418935397,-0.011098642312605338,0.00531925209106164,0.00016803894916957445,-0.005119015975078594,-0.0018337242979075245,-0.0,0.02190265231335749
2021-06-01,0.005665126722552821,0.0006847784544642042,0.008075414288257584,3.4486059062623825e-05,3.335908199496821e-05,0.0006641809675145952,-0.002533733124264588,0.001858610578593513,-0.00023643414516296915,-0.0034809927648344102,-3.0019305859536125e-05,-0.00038748689750217196,-0.01534055172820601,0.0003898971792263497,0.008323727627010962,-6.6771277366867015,-0.019928310549424164,-19.82637560287054,-71.46933264963191,62.16900401710069,0.01888944387222696,35.791994904883225,5.084931653551182e-05,-0.0001195292790728062,-3.1026123220896944e-05,0.0013218955341073456,-0.0009456135595188766,-0.005920802988556744,0.0006086678224519372,0.0002259873819181477,-0.0021253563895701822,-0.0022184568439169135,-0.0,-0.018308956018433107
2021-07-01,0.005665126722552821,-0.00015849205652553806,0.004348199536632848,-6.897211812524765e-05,1.8603906537809373e-05,0.0026779899009361004,0.0006195988799033526,0.00660618769731152,0.0009135865604414613,0.004253202257628655,-4.442346354674624e-05,-0.0003434603498013695,-0.002526576003165704,-0.002336164624983209,0.00855813226392631,52.988912950266695,0.01039623315300696,-6.977677855331714,-140.62438016783634,90.28298758992344,-0.003280502498923644,4.317211167979436,-0.00033498868339489014,0.00022720823047787944,0.0005857732064105456,0.000226270406739091,-0.0003904542479602881,-0.004159420281370136,0.005469410522069947,0.00042128297230019965,-0.002625839739611005,-0.00205110780851894,-0.0,0.019720089342469212
2021-08-01,0.005665126722552821,3.2515339736753898e-06,0.0038727986775282065,-6.897211812524765e-05,3.373265480183959e-05,0.0006065386406742304,-0.00012331372357994843,0.002804156154499348,0.00015723321909244604,0.0044558733936597514,-6.830626222934858e-05,0.0006822934175827706,0.001976640001326536,-0.0031029277074947244,0.01888631560395201,16.118387448601737,-0.0010760447952112046,0.9350927458684112,-24.818954788249208,13.768249085316274,0.00030946209750119005,-6.0058093150845915,-0.00021625357854342692,1.663833884661529e-05,0.0004939358816766906,-0.000547812563684122,0.000876385679022668,0.0016728859059206877,0.0022917548630078176,0.00034714899919372204,0.0012034084161611405,-0.002257024645185075,-0.0,0.03586010125954123
2021-09-01,0.005665126722552821,0.001059052922712652,0.0026345007270651625,3.4486059062623825e-05,0.00016542546592034337,7.356428991659822e-05,0.0020912102059647384,0.0012126080668105103,0.000128869721219201,-0.017942232208581804,0.00012290215378889328,-0.00022230762126041124,-0.010693470461242607,-0.0027039364370420277,0.0016602323065311535,-27.414404865151937,-0.008641557565897583,-9.836544260070228,64.22491888973892,-28.209538711314764,-0.00030946209750119005,1.2428768087829867,-0.00019395939518843417,0.000196222958134543,-8.066792037433591e-05,0.0016791645973795982,-0.0007454535118877648,-0.008383253107901315,0.00307977544593313,0.00028826196371900683,0.006910498098969427,0.0020697192083153257,-0.0,-0.013536817427905854
2021-10-01,0.005665126722552821,0.0002996435451582636,0.0007180847155460844,3.4486059062623825e-05,5.393533722023634e-05,0.0011030531171427468,-0.0017176115152433321,0.002458298198935829,0.0005077495266632055,0.009435639587499803,-7.652672503936252e-05,-0.000587647540609522,0.0016438043326440833,-0.0001285013209556413,0.005307520895710694,-4.865238083776535,0.0005995385701086039,-62.95488025360542,145.68775551599,-23.344535790703592,-0.02536261474339075,-54.489433609884934,0.0004402915427749717,-0.00024316256772751203,0.0002469679408383453,-0.0015696020846427748,-0.001658523463942054,-0.01836264118830695,0.0034880434331810446,0.00043065311566157935,-0.007732326412658273,0.0031651750657545863,-0.0,0.011826632163470177
2021-11-01,0.005665126722552821,0.00013288786208157536,0.000418236718013205,0.000862151476565595,-0.00017329667179419753,0.0016375896026550407,0.0005728193373898246,0.007659400358514512,-0.0002872398797392868,-0.0027446958967622696,0.00020054648313219111,-0.00021044896776106208,-0.002500641685859407,-0.0034607374349012367,0.001946224963620172,29.721849196003195,0.013767905274480895,-47.98010313096461,-16.129866067525544,57.540811657099944,-0.024256517543411165,-23.14322333595865,-0.000771638842888547,0.00027950015256724217,0.0016394203509922307,-0.0049088769293607806,0.00043737563015672134,0.0074932768084562005,0.0033804317768970295,0.0003216303388740979,-0.0039136953618288915,0.001843232584699667,-0.0,0.014498285881681883
2021-12-01,0.005665126722552821,-0.00011707579946706414,0.0050779177874630994,0.0016668261880268171,-4.8150483230387994e-05,0.0014294870291826204,0.0023756495775562737,0.00787536217303577,0.0010542349290033279,0.011067036715345807,-0.00040481917706565034,-7.96803250591049e-06,-0.003321847732416889,-0.005159552630759776,0.008844967141677651,-18.095461994158942,-0.02543156687048617,-71.45088951104688,-66.27271058179002,110.71932351348127,0.023838794778137294,45.09214206025923,-0.0005195845215742276,0.00040121823675039436,0.0008079202486721729,-0.002712863087113986,0.001283052719826211,-0.0032445511372491548,0.0022865496724830342,0.0002778109390483387,0.0016798232367360808,0.0010994212043909826,-0.0,0.02816670657267725
2022-01-01,0.005665126722552821,0.0010687467179597717,0.0037509527855495313,0.000724948875993865,-4.022617601308994e-05,-0.0013458958678727088,0.001358947374452396,0.0023824840429298713,-0.00019143231826479796,-0.013790609989019329,0.00022317235701022845,-0.0007303684273018553,0.005700394155477892,-0.011644855312158529,-0.023776436126037907,-87.93151927235246,-0.0254901537014414,-124.83135057017199,209.68825887783285,0.6231856858169912,-0.004893177917915108,2.4800392414336008,0.0006627317571994085,0.00018924614184531467,-0.00024324480605183798,0.0012123330213705168,-0.0022252858786797718,-0.004899654943589225,-0.0014710321048289911,0.0001918248590707381,0.0022338721250928103,0.0021843762318209587,-0.0,-0.03457925384187783
2022-02-01,0.005665126722552821,-0.0001412782300441415,0.0026596518868677215,0.001168076194056613,0.0002156749278700454,-6.959891213430627e-05,0.001739333914265312,0.004544814132943279,0.0012831908501652895,0.004399660631672766,-1.9405606231811832e-05,-0.0010362355941006388,-0.0028185712945939185,-0.011456179631116056,-0.01911132968508207,-46.244911052888966,-0.01948500352852951,-188.91282857002133,119.36802188493623,118.21957097085038,-0.00750981783144009,-2.397180787514701,0.0008351958439364039,0.0005773828480534063,0.001886388291830576,-0.003739416195582935,-0.0016755741175599977,-0.009506050705400228,0.002363495967197163,0.0002622026533106289,-0.0035746713943628785,0.0,-0.0,-0.01987049249984592
2022-03-01,0.005665126722552821,0.0008299001815316677,0.0009303272281076511,0.0033373605544474642,1.1700925765127787e-05,0.0022639368726617,0.0007667263577761614,-0.001937372045872961,-8.28876738168452e-05,0.0018747775155407323,0.00013490852094634587,-0.0006824246508683661,-0.0037114593229842486,-0.007028975151155846,-0.011454621435746111,55.731896686643985,0.02370716114603698,-197.03413606967814,135.78542034757857,116.61299827281424,-0.05518638606066021,-111.03889981547673,-0.0022304958876947344,0.0006784440840076675,0.0023579853647882174,-0.00813382567383167,-0.002722708730266578,-0.027501409262305886,0.0021318649888444796,0.0005150683727959067,-0.003352773381750565,0.0032410260641904764,-0.0,-0.018299602495026317
2022-04-01,0.005665126722552821,0.00048075666493401257,-0.0013871705034644096,-0.00041383270875148593,-8.178201588530055e-05,0.0015228106942058433,-0.001675416694274962,-0.00555836231314792,0.0011479667857536185,0.0015945883012740574,-0.00017098237889700405,0.0002491560458372863,-0.00023805406995473558,-0.008764174683221807,-0.005705632752716983,-166.3840549472719,-0.07457517712292223,-261.05745636876264,434.57365678537377,3.6398198622949764,0.009740396118379468,-10.708740871996662,0.0005168534841132412,-0.0005025188732636,0.0007992329341703225,-0.00022865220049424174,0.00165424936023715,0.008277118413389871,0.0008364514860689186,0.0003650919133633654,-0.00027995200765327567,-0.0012553877639404712,-0.0,-0.004762837526751586
2022-05-01,0.005665126722552821,-0.0008953098741378898,0.0010326122189114064,0.003000287138448271,4.8939685991988515e-05,0.00432087444184288,0.003056017595965341,0.010717987669889283,0.0021849300737407074,0.015724153043730957,-0.00021131081077513915,0.00024112856411668136,-0.0003112974228771719,-0.005922015340663316,0.009889832110235483,-98.88916486728664,-0.03760717972432195,-32.680473708337644,105.61555781605887,-29.883415463419105,0.02945098694239178,55.83802637711606,-9.935774381874987e-05,0.002079142554309774,0.0017387039452991019,-0.0063808254700424725,-0.0011640081804970487,0.0014401968744723933,0.0006511014408604625,6.303751006167072e-05,0.0006057807467150711,-0.0005399682288084594,-0.0,0.03930972061513801
2022-06-01,0.005665126722552821,0.00247666240775713,0.0018383835589489768,0.0018199739556920159,1.1012454941239665e-05,0.0005566163426920667,-0.0006218606978215084,0.0015789167536595485,-0.0006402599487281364,-0.013028182315459397,0.00024144160318520256,-0.0017171296635226868,0.0006675878161159398,-0.003624375778441354,0.0033611908942426986,-90.36299516619474,-0.04389364433053723,-158.4506557337128,171.97943720605693,56.58152115806575,0.013666377315721475,20.271749329460043,0.0005145683303193546,-0.0009983003307969156,0.0022400860965488072,-0.004811223385399699,-0.0011493623233158543,-0.003857816548111482,-0.0005430371593134101,0.00022377313419700678,0.0018096799058487172,0.0003601089791040416,-0.0,-0.018796892534730582
2022-07-01,0.005665126722552821,-0.0003584761307108436,0.002719201352836465,-0.00140614124694053,-2.6898532428602487e-05,0.0045460939135220915,-0.0020170615944598265,0.013652667609357787,0.0019240985319208587,0.003240789761894807,-0.00011239872208631082,0.00043206006986492744,0.0016272331813049175,-0.005666574913827634,0.03629744709707877,-2.3680311772892595,-0.008137027306654724,-15.744120421329532,-173.45216410787447,118.5041591007068,0.03164377612831618,73.03544134737965,-0.000830755585751535,0.00028114175640000155,0.000349974669931725,0.0015981836097045533,0.001330705278513754,0.0015527155878154618,0.0015948251142661406,0.0002301793659719696,-0.001174645002895255,-0.0021685127315897237,-0.0,0.06207246957710102
2022-08-01,0.005665126722552821,-0.0023564573138548195,0.0032306122206526475,0.003552064083450252,1.2358999358482861e-05,-0.0007161959411220041,-0.001986466079826397,-0.010447603896537953,-0.0007685949333856031,6.557938032150998e-05,5.505876427769323e-05,-0.00108129723809281,-0.0032288493335667274,-0.0071945574631007226,-0.019240333538154672,41.27764700600695,0.0035661804002453273,-88.89819974048854,1.2833763001552971,88.14919980168618,-0.01025514495382703,-41.789232655769254,0.0010336140757958368,-0.0017021550741325073,-0.0012000904461843195,0.005213746530019772,0.001565381781362695,-0.008842618771995062,-0.0012837584022526891,0.00022263820372937733,0.0007274261979555634,0.0012672612533170713,-0.0,-0.021336363182347953
2022-09-01,0.005665126722552821,0.0009085232134889702,0.0005412840210881194,0.002931315020323022,-0.00012118321098435325,0.005352618227604287,0.003472313600796678,0.0065463261577814805,0.0015266938564897608,-0.003919828532942828,-0.00013394310867160438,0.00076815735497814,-0.002198966880541762,-0.006545729160233309,0.0061613624477982794,-213.5129052267305,-0.08814505890877443,-252.01808802131856,435.66066949862,-6.046978438043969,0.02384083743224618,35.966283376919456,-0.00024378689498684203,0.0010846384323761145,0.0020638577166541086,-0.003879942027136688,0.0016262753796953227,0.015874507014054816,0.001361723103808624,0.0001180508269909787,-0.0011222594681771882,0.0009012514782726522,-0.0,0.023415353260939673
2022-10-01,0.005665126722552821,-0.0002355354527504576,0.0014665902932873255,-0.0006782258282316033,1.6523154266849956e-05,0.003017756192981821,0.0015394730645484258,0.013071626244011087,0.002756326549592849,-0.001967635510821031,-4.2015362135834364e-05,-0.002246911748080244,0.0023584625815328874,-0.0050559173296624346,0.009839293486871943,-129.55582592330896,-0.04504448497993463,-215.32057883872636,325.71809978531587,22.38524529166936,-0.002044696763027725,-3.1771931295785274,-0.00028659172702842807,0.0001758910106642185,0.001125627750454165,-0.004372973334452399,-0.0005636919306332439,0.023333069057879574,-0.0014576796595697772,0.00023563381077426482,0.00022313357074056327,-0.002350078052401325,-0.0,0.04822528118280799
2022-11-01,0.005665126722552821,-9.139340281554055e-05,0.004880061848314962,0.0016516226566121166,5.7044046180124366e-05,-0.004217259396478346,-0.0041889185350374395,-0.015042114352578177,-0.00022690806682841217,0.007397976477119509,0.00016792573100567017,-0.0009486413076643169,0.005320269938437055,-0.00541781568091067,-0.019245018507905557,20.005090805002173,0.009422715311967422,-53.38046105912506,-64.8701135324398,91.81602437703324,0.0026554503415944673,6.428673148877396,-0.0008353258933393081,-0.0009896648106350033,-0.0014582277913821873,0.005299491105205114,0.0003001065679764758,-0.0005895873485000276,0.00044945688618313495,8.993097511541124e-05,0.001707812053819621,-0.004212990592733284,-0.0,-0.013185135676775832
2022-12-01,0.005665126722552821,-0.0005669330992197031,-9.629212655277238e-05,0.000923336420063798,6.556599169949241e-05,-0.0042912489839966195,-0.0011131680955568434,-0.00971349586851352,-0.002525117480845869,-0.005638395641571956,0.00021586622601434154,0.0004830821685047542,-0.0040554825560272035,-0.00886364971119745,-0.012206984351606515,46.677592588300016,0.015953194069111273,89.28453303842612,-192.72384756594403,24.87798803493721,0.013055623737154779,31.851932561637863,0.001305733162129649,0.000983748196821099,-0.0009134090676232255,0.0018649445102811714,0.001763364990625912,-0.001987982056105343,0.0010724955607360925,-6.914548044852365e-06,0.006862288217244554,0.001105936314395458,-0.0,-0.032460109942348055
2023-01-01,0.005665126722552821,-0.0001509699992527033,0.0003779902510113869,0.00034263568358994045,-4.1753907084451724e-07,-0.004055852925440419,-0.001275679825478956,-0.003220990177465458,-0.0011978055768023595,-0.007089278065294899,1.2149290563400468e-05,0.00027455944800078633,-0.0016972056877417273,-0.012456915789836938,-0.014634639807939973,17.76737850495693,0.0037710390191521303,33.67746286430581,-59.3929720547281,1.50353933131442,0.008443310759215991,6.434387525009768,0.00038728712184847705,-0.0012656423549777822,-0.001978225616564432,0.004613534503722384,-0.0002792465799832838,0.010391847442412139,-0.0013363760890792626,5.530137661943996e-05,-0.004273799739377188,0.004736392475277298,-0.0,-0.026045700821503804
2023-02-01,0.005665126722552821,0.0002003449301889589,0.0025037050110024947,0.0013761050019505026,5.347131499613457e-05,0.0008403427079450166,-3.990548935209463e-05,0.003937186816925438,-0.0020811105618282607,0.004829662092540376,-5.265006308758699e-05,-0.0005694991440735176,-0.00015258613411809932,-0.011645040260112129,-0.008515598557855905,-33.91148678459365,-0.008422833396998028,-135.49913453903096,151.01762430352042,46.050098524882884,-0.02173792502711425,-27.6232942237097,-0.0004236452192032437,-0.0003414022970942176,-0.0005088284208227198,0.0013338045028830862,-1.4650320078010636e-05,0.007531514145988874,-0.0008878244534221722,-3.455934087241474e-05,-0.0007892760130426772,0.001977033059788354,-0.0,0.007838242676691292
2023-03-01,0.005665126722552821,-0.0007863635251993903,0.0037897279782944226,0.0015919209844714383,-3.533169360419898e-06,0.0007334879538586835,0.0012088722629707673,0.007574901179669801,0.0016440533502483133,0.011373621397110326,-0.00045873596422740223,0.0005107035223228741,-0.0007602061628802715,-0.0073899102516131075,-0.006354300680513715,14.943802831336594,0.004844154472815576,95.98928511231195,-58.768816367767286,-61.18727883337702,0.007048178002824447,9.002999596494641,-0.0013181807478361866,0.001998156765226968,0.0028295824377458615,-0.007938518585909504,0.0007459191012513428,0.006131145248596265,0.0008599879997461809,-6.915889144373861e-05,-0.0021721512781048688,-0.0023381873483417953,-0.0,0.008952631773150498
2023-04-01,0.005665126722552821,0.00017130721420419897,0.0025002461747585425,-0.0002480771345472626,2.0926391311787e-05,-0.00253074356997654,-0.0032213521462891364,-0.0026284707738052065,-0.0024393871172448066,-0.002322880080275362,0.0003223881289249244,0.00032585151919999733,0.004436282011397086,-0.005505496099643409,-0.009043506385859715,47.832172114760155,0.021154728210753797,119.06127583000648,-142.39165245001743,-34.717674556863265,0.007131926821290124,10.191589832020213,0.0010573945380411625,-0.001699248067345329,0.0003164664568531552,0.0028176620123405156,-0.0011011653827604467,-0.0024262450351941185,0.0018996682289130074,-2.767858295345399e-05,-0.001334873240539441,-0.0012681839083860309,-0.0,-0.01226656318812575
2023-05-01,0.005665126722552821,-0.0002872689355854163,-0.0003620777368423713,0.0002135910754846395,4.66616595531279e-05,0.0006511315409068721,-0.00016982754892483796,0.00294260655922895,-0.00023365788355204518,-0.0006350868047365548,-2.236494621597095e-05,0.0006488441718199831,-0.002705009694159525,-0.0030814200066724526,-0.012710583822288634,-47.58353741475515,-0.020203668654913763,-48.113035018427134,79.69556434407014,0.90652744430171,0.0155803442157784,15.103096117762751,0.0008227668367159959,-8.233669223684741e-05,-0.0009183732473385686,0.00292960631883249,0.0016592168852996641,0.013888499795135248,-0.002153591001469643,-0.00010387127443626577,0.0018570548162535677,-0.00018169789864074868,-0.0,0.011670087401854047
2023-06-01,0.005665126722552821,-0.0003683420626142038,0.000721296924082147,4.116078017152417e-05,2.463401487034128e-05,-0.0005631868800639719,-0.003819478892428157,-0.012824099170331818,0.001303037567352804,-0.0010701551372997169,-0.00023402183384692171,0.0002248987965225178,-0.004710967051569907,-0.0021173200927193025,-0.011614020045381653,-53.619359097635744,-0.03652791265340821,-210.9047477020842,122.348540614805,138.4498401609647,0.0016269739977538534,3.760059495076631,-0.00020432619044850604,-0.0007113274607826327,-0.00034128735542987397,-5.954484387870788e-05,0.0001206644025837938,0.0033171552702230224,0.0003757921246259291,4.156303102055472e-05,0.004663057577952431,0.00018169789864074868,-0.0,-0.02252545943541775
2023-07-01,0.005665126722552821,-6.963519221807332e-06,-0.0007617469003993881,-4.116078017152417e-05,5.785053816185098e-05,-0.0021288512946669434,-8.393420088422158e-05,-0.007389330407126643,-0.0005478588461534333,-0.0005707128846470022,0.00014869872781216473,0.000861260079572793,0.006184200538524255,-0.0035323684256402706,-0.006812931514515928,-15.8268846968717,-0.012107945064082477,-78.50458778952111,106.17659663579914,15.609139601219535,-0.006942981316215118,-27.434719811342532,0.0005540476133438204,-0.0004198401802282609,-0.0009493993705594662,0.0014409852218647613,-0.0009841562259204023,-0.004110055393096334,0.00034953985937051827,-9.00777327639043e-05,-0.004536745208639242,0.0012681839083860309,-0.0,-0.01594322677200592
2023-08-01,0.005665126722552821,0.0008948173444919105,-0.0025770038266096805,-0.00013794423625049836,4.484958517411528e-05,0.0030760175277808935,0.0021393980804237838,-0.004506640306271359,-0.0011211027775254,-0.003515285684103973,2.7854271422413538e-05,0.0005446632314210207,-0.0031660963960187436,-0.004926300727679032,0.017865926729440526,-65.61955571052209,-0.012982841739680702,-30.424785742959806,188.17943312604996,-81.05028392598318,-0.0032753958636513587,-11.063032192201497,0.0003084771836885789,0.00021939351223234694,-0.0014830486899589062,0.0013695314092103102,-0.0010514160858660917,-0.003548678349519359,-0.0018940104131252068,-6.9328269885156914e-06,0.0003905942323796378,-0.0010866185875744298,-0.0,0.009042887702766872
2023-09-01,0.005665126722552821,6.356026457540504e-05,0.0023862564300343274,-0.0007242072403150965,3.6199910967769904e-05,0.003000024930197505,-0.0007265446618306535,0.0016880483414528418,0.0006862105758094487,0.00013415533384661065,-0.00020736368401954086,2.7679212033062634e-05,-0.00020223322563450494,-0.0037502594874009427,0.010425326319109845,-58.412007280491245,-0.016261751378808843,-49.95746495696802,148.09320945562476,-37.77045350311866,-0.0014227085868619468,-1.9371735088617272,-0.00046520529267417537,1.0089023555501573e-05,-0.00028792242348992973,-0.000838391401812225,-0.0012190330600032784,-0.007443242478006556,-0.0006460094066514408,7.623146595392529e-05,-0.0010448238231583263,0.000724939365277285,-0.0,0.005794357929819256
2023-10-01,0.005665126722552821,-0.00015187431575076392,0.0025992103237795004,0.0,-4.031522998190927e-05,0.003058605785879449,0.0036259113354648567,0.004511190724741535,0.00155890489557754,-0.0019711182233096377,2.3387750080555666e-05,-0.0006239661766941024,0.003068035995714301,-0.0017640653092570987,0.023868803875180908,-107.1415506113616,-0.02234892311505808,-18.951102206360034,293.91421169130376,-155.1632647974519,-0.005770497857695736,-12.62591406439521,0.00018073151306447166,0.0008793695531214697,0.0009829075836380366,-0.0015910382284391076,0.0004907764675905271,0.00071445203873422,-0.0005742683024620857,-0.00024278123049774791,0.0031747424355583844,0.0003616792222971448,-0.0,0.052064999968872205
2023-11-01,0.005665126722552821,-0.0014065475757506953,-0.00017001358577732834,0.0,-4.426249283205887e-05,-0.0037645570944917672,-0.0049360287742873845,-0.00934718718166447,0.0004925033979460487,0.010362675537344747,-9.203676301357155e-05,-0.0008383581745962144,-0.004292968801172529,-0.0033087012968927624,-0.024073149052253953,60.966943163301565,0.021806994928722092,76.95094635480395,-207.05137642505463,45.70028362657762,0.006420061864331917,23.40037026191378,-0.0003223924697993194,-0.0008824475603078936,-0.0003536978047182337,0.0026676090057661693,0.0012771473649922436,0.0028026389470007357,0.0016242457563627223,0.0001526824932454969,-0.0022735500419265686,-0.0005427161608992256,-0.0,-0.03620994726984869
2023-12-01,0.005665126722552821,0.0005811267903978402,0.001465914445237367,0.0,-5.844573534306555e-05,-0.0023332810485933346,-0.0016121973720625079,-0.0064516042284770364,-0.00469630846370206,-0.004475390697352595,0.0007225713233656043,0.0010795008210847724,0.002060193151022641,-0.0032419507721076508,-0.007032679292428157,103.76069026531623,0.03535227024557312,176.70801965237882,-338.6290056245836,23.8788136520107,0.012219156879552478,34.226255844623324,-0.0002639445524369817,0.0005970649940065964,-0.0011405202896001957,0.002572337255560235,0.0009568581951375306,0.0057439928502737115,-0.0013062765090881452,9.0098737252251e-05,0.0015012694965236817,0.0019841988951391156,-0.0,-0.01524712841305001
2024-01-01,0.005665126722552821,0.00030762822608232875,0.0012798185460414914,-0.0003337360554447492,-8.162885884564831e-06,0.0006649638906494667,0.0008502688008282039,0.0037397117312350254,-0.004090788523398669,-0.004183959204893819,-0.00016854090211185886,0.00011043443348480932,-0.0032241966920570427,-0.006439646469146283,0.004742151449763258,12.4603137014013,0.011517194518617173,55.72338557564994,26.719473790118524,-71.55750410249524,-0.009933426931672292,-23.340369312524246,-0.00030587619563049624,-0.0008002134683105937,-0.0009134090676232255,0.0020721605669790774,-0.00045722171383761825,0.000214983750662345,0.0006645670424354332,2.0779093798494696e-05,0.008007143141768747,-0.00636907466859228,-0.0,0.007928331286584375
2024-02-01,0.005665126722552821,-7.729132604658215e-05,0.0024792479218542236,-0.0005284154211208457,4.976293954228662e-06,0.0014072956264890456,0.0007162556574207081,0.001778376763268827,-0.00018119664353603886,0.00709128513735128,-0.0004970805701470098,0.0008132509941536684,0.0006902343881518768,-0.007640884174013644,0.016697263812563763,-38.03825123065409,-0.010931326209064793,-91.86424247949331,104.77399958644894,29.804063152758424,-0.009420720750333707,-4.660073735919654,0.0013235685088136431,0.00020366147550173459,-0.0007260112833690039,0.0010598982210410224,-0.0005931805039718232,0.0007277495518410874,-0.0019371229694282678,-0.00015943027127489183,-0.006172737753490343,0.0029318190247374573,-0.0,0.020219905364196104
2024-03-01,0.005665126722552821,0.00013669736804976687,0.0015601191665622841,-0.000862151476565595,-1.898061191693301e-05,-0.0006819779460940796,-0.00023015657104399385,-0.0037581226197580266,0.0007597460783083599,0.0014068146163775876,-0.00011861635234194484,0.00048284041922881367,0.0031528736774447306,-0.004965142446679959,-0.013351791030725113,8.002036322000869,0.004979880631195211,-18.278134526081956,0.7012985246752607,17.864656326753064,-0.006536493148540237,-8.28584539188641,-0.00020731732671530088,-0.000706813050242544,-0.0005299261846129306,0.0021364689983680843,-0.00033069157178303496,-0.004609110803790904,-9.74275878659818e-05,-0.00011107638218527571,-0.0009929151474870643,0.00018209679636833724,-0.0,-0.013634790323064295
2024-04-01,0.005665126722552821,0.00035816283410077025,0.00068348883894609,-0.0003337360554447492,3.390218544386964e-05,0.002474940618948256,0.002606301155282769,-0.0011566693018237148,-0.0021156294108294034,-0.00709555911080654,0.0003565259465431214,0.0003688790345575598,-0.004831807316828726,-0.004185677860484367,0.0010594915955211262,-70.87517885200762,-0.02787268482695438,-118.4672364579088,231.84227927231694,-18.86549253817511,-0.0071860571551765106,-23.59751623847925,0.00014147517187355636,0.0005091365887144117,0.00041202691637352027,-0.00045730440098848613,-0.0007475000548297978,-0.007348460281752722,0.0004603198924957141,-2.0842234915616773e-05,0.0012356298608864912,-0.0023777162866642676,-0.0,-0.012509051189093304
2024-05-01,0.005665126722552821,-0.0006199645437549373,0.003638894161179188,-0.0013905668976864408,-0.0001782857400670034,-0.00047209762890543347,-0.0035055746915846793,0.0016503112503467405,0.0007491360008399683,0.011515288407193233,-0.00038351110149163135,-6.400360102756178e-05,0.0008100312712103782,-0.0029746721055041165,-0.006262689558127677,-0.9088026965700866,-0.005903599665922796,6.987232334743095,-39.84778217203507,16.61828495511913,0.012070043129601422,17.143128397006304,-0.00022892410608351408,-0.0005698075303668176,0.00017871046975236982,4.763587510296736e-05,0.001381452858005261,0.0016972448881108172,-0.0011587206733422147,-5.560312239950833e-05,-0.003572645024578283,0.0059919448373407045,-0.0,0.01011597214376447
2024-06-01,0.005665126722552821,0.0007107620666739408,0.001545606538606237,-0.0016686802772237338,-3.463400180126007e-05,0.00305251948018049,-0.000504280382421827,0.004363466880991707,-0.0030691929042778107,-0.005106392708690902,0.0005642891055220618,0.000491558456774403,0.0035202002621222157,-0.002272136902024231,0.02192991749321942,28.058568789073064,0.006178957771412396,49.650059967211014,-124.13685185272651,23.883799137497217,0.012150727966903701,22.523213525600376,0.00017205536004215405,0.0001737706057135704,0.0005162746903957357,-0.002155523348409272,-8.817114894755913e-05,0.001923079750871305,-0.001472955762196852,-7.651095262167685e-05,-0.0001780553040725309,-0.0014393981488764005,-0.0,0.0236819479655868
2024-07-01,0.005665126722552821,-8.131344833893237e-05,0.004294309448627637,-5.5622675907456155e-05,-6.684303481747392e-05,-0.0005359556953368279,0.002093267612519422,-0.0012462733179407276,-0.0012494123956762074,0.009466100065585523,-0.00038091532698080236,-0.0001684130931439928,-0.003807190175397277,-0.001428690747815218,0.0006677324968036819,21.694092042967313,0.012240741880914351,100.08524889474707,-39.707522467099764,-76.57124067345468,0.003029256043526614,-5.511515779637634,-0.0009757235130173733,0.0003667103561825944,0.0006143172397737724,-0.0014528941906405018,-0.0005024443075415492,0.0006268498997100764,-0.0011101766138828667,-5.568559385894734e-05,0.005297793286406577,-0.0009038704494526669,-0.0,0.01940279799515836
2024-08-01,0.005665126722552821,8.602727795069781e-05,0.004398788164641306,-0.0016686802772237338,-1.3689584330339558e-05,-0.001265348735983156,0.004890218954891088,0.003771276990393059,-0.003748542896000005,-0.011089336231751295,0.00026897214526648187,0.0002712483031133116,0.0005801455833823278,-0.0,0.003624083952340285,60.924075111576535,0.023257018994864254,220.35952819784845,-264.9014917254978,-63.45172788707394,0.02158778995010875,47.015029628790145,0.0006507672121322297,0.0007917489485479274,-0.00011293508852406724,0.00030248780690384354,0.0008388733808618825,0.001993543187692193,-2.0028667888821047e-05,-0.00023705251628209593,-0.002632740112592403,0.0025226093348361144,-0.0,0.00012569844325185367
2024-09-01,0.005665126722552821,-0.0003606623651984255,0.002141404952790475,-0.001779925629038646,-4.2585816983788e-05,-0.00120716695607803,-0.0014778638544404822,0.00041202208619306186,-0.00347442279528161,-0.0005258059434196358,-0.000102639627854191,-1.876024718654311e-05,0.0006687159390948125,-0.001720446333968798,0.004036316480232886,41.41339583646942,0.020416534140717802,142.46559626635772,-103.37841552234552,-81.24077101728123,0.0006311801196559054,0.7142970165419187,-0.0002013350541817112,0.000516318605482735,-0.0011032889417351185,0.0033892925135761242,0.0011885421310160525,0.0029324364311428697,0.0016899895758170013,-9.779333214960688e-05,0.0036031538829714004,-0.0027037780804671824,-0.0,0.0065771383455661345
2024-10-01,0.005665126722552821,0.00038326789838220935,0.0027202927758968242,0.0006897211812524766,1.7732473791236047e-05,0.0028215017794832207,0.002024849023400495,-0.003204645283535232,-0.0030257498718458033,0.0070146228839885125,-7.091172024301432e-05,0.00023466611419346728,-0.0028246748920848367,0.0009334371211870761,0.002067644636880296,-55.31407607583092,-0.014557851045194012,-145.29870711790034,260.8479862528758,-9.215669921861315,-0.026999802011689174,-50.97509228849856,-4.4458317307080764e-05,-0.0006106424257067122,-0.000558470217976156,0.0017268004724825653,-0.00031239837534783693,-0.0053270727478985855,-0.000793112617134344,-0.0004273557432465509,0.0019707642671832875,0.0018057790505455877,-0.0,0.015759909916662505
2024-11-01,0.005665126722552821,-9.414781781447875e-06,0.0025943076672417585,-0.0006897211812524766,-7.373346217613425e-07,0.004401080413942547,-0.003646780727198038,0.003297275066416594,0.003051979375122849,0.0033692754471823533,-0.00040054022738679257,0.00016793814606342784,0.002037145655696716,-0.0019146730774528967,0.014101820281433357,-64.35637711969198,-0.015763763315689332,-118.43400348604335,182.57605791389656,10.287092298630236,-0.01598683238345328,-10.040158864513472,-0.0014241152757446585,-0.00015478956139728802,-0.0006763694862155691,0.0017053643286862271,0.00024834149371811935,0.0003004781420906982,-0.001306389665403902,9.826290035369125e-05,0.0010319575975089085,-0.0021685127315897237,-0.0,0.030538455766822556
2024-12-01,0.005665126722552821,0.00037659380321997143,0.0024869529703844674,-0.0010690678309413363,-3.701599807996937e-05,0.0020167191887099922,-0.00015482722137743753,-0.0002646565225181697,-0.0007046137046747891,-0.009056749066102111,0.0003539950474790389,-0.00014273565898491048,-0.004332678195303923,-0.0032284512743428005,0.0020904000096844434,-15.249594933641536,-0.004598089782803591,13.15194861581229,24.994279419417868,-27.957314691408413,0.0024593555471382894,5.062937253249279,-0.0008162272095985309,6.492885159362615e-05,-0.00039713437722748834,-0.00035965085702740064,9.48112292614802e-05,-0.0004740870920798426,0.0015148235990265933,-0.00012635791571593934,-0.0060055563904287115,0.0003627336810441361,-0.0,-0.012025795017621849
2025-01-01,0.005665126722552821,0.0003887405968220526,0.003087269208884261,0.00030147490341841937,3.315022698111586e-05,0.0019916861559877473,0.000911087176383415,-0.000302053639830516,0.001807919910294177,-0.008446369477056345,-0.00026340847387181773,-0.0007853187815263636,0.0001824113381515666,-0.006606442554180327,0.0029280108645326347,-40.144501505409345,-0.004974998395282263,-19.187887130902347,166.64255543328022,-79.53054176683753,-0.012937149798837436,-27.757582062819573,0.00030494727132403796,-0.0008098065907082827,-0.00045670453381161204,0.00014052583155375398,-0.0010227045850610403,-0.00609510047651655,9.799336944477091e-05,-0.00014060801505283882,0.0015151058977056853,0.0005431110074553797,-0.0,-0.0008991375288090003
2025-02-01,0.005665126722552821,-0.00010321148786940764,0.0016044662884474033,-9.455854904267792e-05,-1.129680818257543e-05,-0.001516056465982869,0.00020064503243525823,0.0009550936091441102,-0.0012063124028094225,-0.003934180526172865,0.00039483905970239685,-0.00034118482605348616,-0.0005651313737699074,-0.007980980479272756,-0.018098160390286187,57.651813829901194,0.025915884673049453,25.714011981010316,-124.83113739215466,48.23041751099451,-0.011938291939576157,-6.780107281016045,-0.0004126467554147811,0.0003117679279049224,9.680150444919952e-05,-0.00217695949220561,0.0007168180712943982,0.0005851470325998082,-0.0006877640871654351,-1.407300417509577e-05,-0.005956565621035332,-0.0014509385781782303,-0.0,-0.03504307413030244
2025-03-01,0.005665126722552821,-6.046499200359491e-05,0.0019320568040084828,0.0,-3.0158271943938476e-05,-0.002601847948108131,0.0041807359678418575,0.0030918498243185165,-0.00245714000263478,0.013050242280918918,-0.00010649612442361353,0.00028265358839991517,0.0029304761103651723,-0.003719215824059304,-0.01057516658856846,23.048722477477448,0.015838949748748547,99.69891559680948,-119.62048935381965,-28.84227991098089,0.007658931581391189,25.691835090980216,-0.0026122280421905933,0.000843972470477591,0.0015078695885356228,-0.002143614379633526,0.0005282271980654627,0.004559809172478565,-0.0008355462355428742,-3.5192230897868206e-05,0.00033823904607148327,0.0014509385781782303,-0.0,0.015386908508953488
2025-04-01,0.005665126722552821,-0.00013444536354723687,0.0031643311908006195,0.0,-3.6349765104507704e-05,-0.0034009060777861326,0.006306725473864294,0.013572669160505728,-0.001507937517356584,-0.0008711481531638427,-0.0001468997638378839,-0.0001097657795658363,-0.002028053912840896,-0.004645300252076023,0.007009747769889399,-26.266684226967808,-0.005301131754266433,79.91698909380928,-1.0028568902853174,-79.33278417587162,0.018821014959578136,26.66899340960964,-0.0028147149625123123,0.0017595941082391678,0.001210018805615007,-0.001857799129015727,0.0009447190554113152,0.00495454899321867,-2.8062766307499823e-05,-2.8163788695571584e-05,-0.0005044197871439973,0.00018077389907491387,-0.0,0.023831381659700623
2025-05-01,0.005665126722552821,-0.0004136282457893085,0.002682520782150099,0.0,3.329825389629028e-05,-0.0029539532176982245,-0.0073867802876749055,-0.007970371772473357,-0.0028763476560673324,-0.003859338407245692,0.00021472925555858743,6.06786808977594e-05,-0.0004178520644118438,-0.0022641626282820177,-0.01481004043710333,-20.685263892372195,-0.007253049672258457,-59.14638167780717,101.51997443195667,-0.9892034119534526,-0.0036471589114745735,-20.68032722292204,0.002149809522435792,-0.002067993328278948,-0.0012311165694052163,0.0031963672194091066,0.0008035001591083243,0.0016072242459264803,-0.00043033346882035843,-7.749631878425719e-05,0.0009289311307524933,-0.0010866185875744298,-0.0,-0.022605828698844102
2025-06-01,0.005665126722552821,0.0006139413598707388,0.0021420532653857807,-0.0008343401386118669,-9.95310723378658e-06,-0.0029141531908769016,-0.0017560698001242265,-0.002664609988080673,0.00014170893308796252,-0.006125743629341233,-0.00017542490388586438,0.00010885180047023791,0.0006006870081567518,-0.0007531125905536355,-0.01237844821361991,6.853172535770706,0.00019724233088264703,12.877776597921295,-28.269343529650207,3.8679058233039725,0.005955358054552877,4.6657881120519,0.0025924791114352963,-0.0006388574915822672,-0.0012447680636224125,0.001745854822523753,-0.001489746241573596,-0.005097303146347066,0.0014503244990456293,-0.0001057854605848789,-0.002930810959587188,-0.0003632632194523499,-0.0,-0.02296922283944568
2025-07-01,0.005665126722552821,3.05784805271929e-05,0.0010461309237472546,-2.7811337953728077e-05,2.7626811254126186e-05,-0.0008094728094281955,-0.001927288234880251,-0.007854545316126227,-0.0020944770778285387,0.003290270596620228,0.0001632186582243947,-0.0005057915372717202,-0.0061495215818961795,-0.0019261976086666105,-0.0055080842203276085,22.382838740682455,0.012849068475666234,2.795723758193736,5.8348037252964495,-6.250552428744197,-0.011973017059427778,-24.754677405277278,-0.0006669304950645993,-0.00018211542519676528,-0.0006205224644179526,0.001536256972070696,8.192648010106088e-05,0.00042611831996274604,-0.0019913248446754316,-7.765584568689969e-05,-0.0023704161994359202,0.0030709641601296854,-0.0,-0.008361495306259934
2025-08-01,0.005665126722552821,0.0002459175616331987,0.002356232323810329,0.0,5.572973720307502e-06,0.0007792045810466027,-0.0006507635262289401,-0.0060531549422036335,0.0010313644318271583,-0.002229063759049839,-0.000289465921041244,0.0005224829548317341,0.00440758067072827,-0.0013124430990593022,-0.002321051931549517,35.81482828118382,0.015456182453174334,74.13445198919445,-89.10699054520899,-21.357404367195226,0.0004248720546551347,0.49715072351327083,0.0011707604604012985,0.00034415540352207476,-0.00033880526557220037,0.0007859919391989587,0.0006605828816720781,0.0024507542157775988,0.0003765842188362168,-7.06549595357621e-05,0.0015316847999761367,0.0007171049952388893,-0.0,0.007702833725681494
2025-09-01,0.005665126722552821,0.00017743149182873722,0.0013281874339433756,0.0,3.380211884316801e-05,-0.0009202217965086743,4.10472161366873e-05,-0.011077679943675344,-0.002138141753254209,-0.008131197302069635,0.0003436263386555117,0.0002335350302421988,-0.0018131199970276995,-0.002290929852405849,-0.009092344687078873,38.24116000881911,0.010833681490806074,56.18033893880221,-101.18335114011295,3.758640599724082,0.0013134265920347987,2.99147590527755,0.0006227880120217136,0.0005347011484016572,-6.453433629946817e-05,0.0002619973130663231,-2.4595573831583786e-05,-0.004160731027022124,-0.001800769608942197,-2.1207409843847325e-05,-0.00024511385873211226,-0.00179665228992314,-0.0,-0.03392357601806978
2025-10-01,0.005665126722552821,-0.0005986795130320645,0.0009614981504483005,0.0003793466496888629,2.339307397101344e-05,0.0012322334043226967,0.0022494655651865234,0.0014119634690986723,-0.0012909304101595591,-0.0019084919021998678,-7.24927052011248e-05,0.00011199602113490572,-0.0008306073559064134,-0.0013057778717661052,-0.01075683915729427,-2.2205650793552545,-0.005251332947954501,19.611607522188983,-41.13817145743685,4.756984068402836,0.006897021598764461,18.980300323552264,-0.0017206464928521874,0.00022365142217356746,0.00017871046975236982,0.0003382147132310677,0.000751535875767048,-0.0003470803699634596,-0.00032294812516783696,-6.365251021188085e-05,0.00256457059990318,-0.002355211171665251,-0.0,-0.013680585445398415
2025-11-01,0.005665126722552821,-9.027859290121776e-05,0.0008470011479493696,0.000448318767814109,2.5753745054227737e-05,0.0010967185455604352,0.0014732850664900508,-0.002075108505635681,-0.0003664820141888996,-0.010939274227827983,4.2672501840015386e-05,-0.0009413427819243577,0.003016154429681812,-0.0005123251340770859,-0.008941406653123096,-20.279446336042156,-0.0031568537413047297,-11.89740392788585,22.490643686328127,-1.4266797633969517,0.00077825121549805,11.111604389326414,0.0006061231099638569,0.0004370941205121611,0.0002556552553401984,-0.0008026644954850008,0.00016827634817053865,-0.0008268924991030705,-0.0011754678080741232,-7.077834493603325e-05,0.0010599825287760532,0.0009084904619874115,-0.0,-0.014351922501811215
2025-12-01,0.005665126722552821,0.00015921211284199724,0.0005681992712182707,0.0007242072403150997,-5.0511322318911176e-05,-0.0020604870879744833,-0.003977350065521296,0.005264794942245989,-0.0007173494286857147,0.013432039283706522,0.00015393196666222938,-0.0008826899628110944,-0.0007218067893265336,-0.0018598774887646878,-0.0055381945848882366,-20.37947179006719,-0.009536959632330125,20.39258236103061,34.567004281232094,-40.87433367561104,0.0070675832168592126,6.291528121701334,0.0006047297235041701,-0.00030326920806240666,-0.00036610825400659275,-0.0006430843138900567,0.00028685872545530734,-0.002101410907765995,0.001516294631131427,-9.209592091038818e-05,-0.0026320572669095276,-0.0005446961557675958,-0.0,0.0007243277323682245
2026-01-01,0.005665126722552821,2.9832102729633013e-05,0.0011313562057149395,0.0005517769450019782,2.9244784396738768e-05,-0.00162116056979441,0.0006585958175229245,-0.001557498404653391,-0.0008213636714408334,0.014623185490452268,-0.0004135481309373677,-0.000377812161697402,-0.00041162346575668996,-0.008309433815145402,-0.013146710830230555,-2.2605752609652674,0.002924459311848948,-14.992224432870131,49.31531225514766,-14.21985097897157,-0.011146763472370093,-17.831710720952923,-0.0008026834932103733,-0.0007735716061081001,-0.0009618098198478245,0.0013314227091279379,-0.0009093572305298837,-0.009175485864589246,0.0002308388841423904,1.4174796034768198e-05,0.0026033835795910678,-0.0014583793313244725,-0.0,-0.011142943130749284
2026-02-01,0.005665126722552821,8.644438066278453e-05,0.00015714223680015846,0.0002758884725009906,0.0001054046964034152,-0.0022605230977024637,0.0028407775452823697,-0.0015536540856009818,-0.0020620479059377792,-0.00501357639172328,0.00020058396741278318,-0.0008215693587466766,-0.0013211834835579553,-0.007577544035373612,-0.011226592553247686,23.50883956599253,0.015774504234697798,27.176262743097027,-61.510893599246224,9.260123834116262,-0.00634550498935639,1.5571674960614665,0.00045933449105736067,0.0003539366263589342,0.0007136008340806435,-0.0019506890854665137,-0.0009018489597134631,-0.0035286149047382056,-0.00011485366049241112,7.086553094797374e-06,-0.00494499824421449,0.003990155282366546,-0.0,-0.02749317469153612
2026-03-01,0.005665126722552821,0.0012882127685915705,0.0010423809669748289,0.0033254414096101493,-6.450568682580255e-05,0.0034289227628715715,0.004755554149472212,0.004951482939476321,-0.0017507909985776415,0.019334225153812817,-0.0002475624969063137,-0.0004592968171150915,-0.0024482133670661395,-0.005472666236876838,0.02084942105321186,-24.106134420027573,-0.005961210049695455,-100.93268967732016,84.23997878396418,51.03766129703803,-0.010780107059819164,-10.22016171268195,-0.0017639901009915179,0.0007795908201615517,0.0015761270596215983,-0.0037155982580314513,-0.005423722794119365,-0.028703024002422618,0.0021239440467415477,0.00010623076702497434,0.0008592019412671668,0.0017927690020632032,-0.0,0.023742214667534366
2026-04-01,0.005665126722552821,0.00040593274503933336,0.0020284100024238307,0.00012316449665223048,3.184650888001127e-05,-0.0014972386211841,-0.004242097702714444,-0.009877703210894087,0.0028868274703484596,-0.011137567432986804,-0.0001835492272896468,0.0007350928132483108,-0.0005345412385970634,-0.005520046920584585,-0.010449885606368066,-7.924873828895862,-0.004571725708873713,-35.1189430189762,51.3210260357183,4.721254755749317,-0.0041322892623428,-12.98591976073242,0.001921405613963894,-0.0008817635587109105,-0.000235798536478822,0.0011789879087984408,-0.001859999342334398,0.00345783778312826,-0.0015792095426918054,-7.078115047893783e-06,-0.004345497874309208,-0.001433180411838607,-0.0,-0.03151035738507885
