fecha,trm_cop_usd,tasa_politica_colombia_pct,fed_funds_eeuu_pct,indice_dolar_amplio,vix,remesas_usd_millones,terminos_intercambio,reservas_netas_sin_flar_usd_millones,tes_5y_pesos_colombia_pct,tes_5y_uvr_colombia_pct,bei_eeuu_5y_pct,embig_colombia_pb,balanza_comercial_cambiaria_usd_millones,flujos_capital_usd_millones,brl_por_usd,clp_por_usd,mxn_por_usd,pen_por_usd,balance_fiscal_miles_millones_cop,ingresos_totales_miles_millones_cop,ingresos_totales_pct_pib,pib_anual_miles_millones_cop_observado,pib_anual_miles_millones_cop,balance_fiscal_12m_miles_millones_cop,deficit_fiscal_12m_pct_pib,remesas_12m_usd_millones,diferencial_tasas_pp,embig_colombia_pp,bei_colombia_5y_pct,diferencial_bei_5y_pp,asinh_balanza_comercial,asinh_flujos_capital,factor_monedas_regionales_3,factor_monedas_regionales_4,factor_monedas_regionales,ln_trm,ln_remesas_12m,ln_dolar_amplio,ln_vix,ln_terminos_intercambio,ln_reservas_netas_sin_flar,dln_vix,dummy_pandemia_2020
1954-07-01,,,0.8,,,,,,,,,,,,,,,,,,,,,,,,,,,,,,,,,,,,,,,,0
1954-08-01,,,1.22,,,,,,,,,,,,,,,,,,,,,,,,,,,,,,,,,,,,,,,,0
1954-09-01,,,1.07,,,,,,,,,,,,,,,,,,,,,,,,,,,,,,,,,,,,,,,,0
1954-10-01,,,0.85,,,,,,,,,,,,,,,,,,,,,,,,,,,,,,,,,,,,,,,,0
1954-11-01,,,0.83,,,,,,,,,,,,,,,,,,,,,,,,,,,,,,,,,,,,,,,,0
1954-12-01,,,1.28,,,,,,,,,,,,,,,,,,,,,,,,,,,,,,,,,,,,,,,,0
1955-01-01,,,1.39,,,,,,,,,,,,,,,,,,,,,,,,,,,,,,,,,,,,,,,,0
1955-02-01,,,1.29,,,,,,,,,,,,,,,,,,,,,,,,,,,,,,,,,,,,,,,,0
1955-03-01,,,1.35,,,,,,,,,,,,,,,,,,,,,,,,,,,,,,,,,,,,,,,,0
1955-04-01,,,1.43,,,,,,,,,,,,,,,,,,,,,,,,,,,,,,,,,,,,,,,,0
1955-05-01,,,1.43,,,,,,,,,,,,,,,,,,,,,,,,,,,,,,,,,,,,,,,,0
1955-06-01,,,1.64,,,,,,,,,,,,,,,,,,,,,,,,,,,,,,,,,,,,,,,,0
1955-07-01,,,1.68,,,,,,,,,,,,,,,,,,,,,,,,,,,,,,,,,,,,,,,,0
1955-08-01,,,1.96,,,,,,,,,,,,,,,,,,,,,,,,,,,,,,,,,,,,,,,,0
1955-09-01,,,2.18,,,,,,,,,,,,,,,,,,,,,,,,,,,,,,,,,,,,,,,,0
1955-10-01,,,2.24,,,,,,,,,,,,,,,,,,,,,,,,,,,,,,,,,,,,,,,,0
1955-11-01,,,2.35,,,,,,,,,,,,,,,,,,,,,,,,,,,,,,,,,,,,,,,,0
1955-12-01,,,2.48,,,,,,,,,,,,,,,,,,,,,,,,,,,,,,,,,,,,,,,,0
1956-01-01,,,2.45,,,,,,,,,,,,,,,,,,,,,,,,,,,,,,,,,,,,,,,,0
1956-02-01,,,2.5,,,,,,,,,,,,,,,,,,,,,,,,,,,,,,,,,,,,,,,,0
1956-03-01,,,2.5,,,,,,,,,,,,,,,,,,,,,,,,,,,,,,,,,,,,,,,,0
1956-04-01,,,2.62,,,,,,,,,,,,,,,,,,,,,,,,,,,,,,,,,,,,,,,,0
1956-05-01,,,2.75,,,,,,,,,,,,,,,,,,,,,,,,,,,,,,,,,,,,,,,,0
1956-06-01,,,2.71,,,,,,,,,,,,,,,,,,,,,,,,,,,,,,,,,,,,,,,,0
1956-07-01,,,2.75,,,,,,,,,,,,,,,,,,,,,,,,,,,,,,,,,,,,,,,,0
1956-08-01,,,2.73,,,,,,,,,,,,,,,,,,,,,,,,,,,,,,,,,,,,,,,,0
1956-09-01,,,2.95,,,,,,,,,,,,,,,,,,,,,,,,,,,,,,,,,,,,,,,,0
1956-10-01,,,2.96,,,,,,,,,,,,,,,,,,,,,,,,,,,,,,,,,,,,,,,,0
1956-11-01,,,2.88,,,,,,,,,,,,,,,,,,,,,,,,,,,,,,,,,,,,,,,,0
1956-12-01,,,2.94,,,,,,,,,,,,,,,,,,,,,,,,,,,,,,,,,,,,,,,,0
1957-01-01,,,2.84,,,,,,,,,,,,2.86e-14,0.000458987,0.0125,,,,,,,,,,,,,,,,,,,,,,,,,,0
1957-02-01,,,3,,,,,,,,,,,,2.86e-14,0.000458987,0.0125,,,,,,,,,,,,,,,,-0.1029762088,,,,,,,,,,0
1957-03-01,,,2.96,,,,,,,,,,,,2.81e-14,0.000460987,0.0125,,,,,,,,,,,,,,,,-0.2090623162,,,,,,,,,,0
1957-04-01,,,3,,,,,,,,,,,,2.99e-14,0.000508985,0.0125,,,,,,,,,,,,,,,,1.697934763,,,,,,,,,,0
1957-05-01,,,3,,,,,,,,,,,,3.2e-14,0.000508985,0.0125,,,,,,,,,,,,,,,,0.5141772973,,,,,,,,,,0
1957-06-01,,,3,,,,,,,,,,,,3.07e-14,0.000508985,0.0125,,,,,,,,,,,,,,,,-0.4800583024,,,,,,,,,,0
1957-07-01,,,2.99,,,,,,,,,,,,3.2e-14,0.000527985,0.0125,,,,,,,,,,,,,,,,0.7315856514,,,,,,,,,,0
1957-08-01,,,3.24,,,,,,,,,,,,3.42e-14,0.000527985,0.0125,,,,,,,,,,,,,,,,0.5015602555,,,,,,,,,,0
1957-09-01,,,3.47,,,,,,,,,,,,3.55e-14,0.000531984,0.0125,,,,,,,,,,,,,,,,0.3304142273,,,,,,,,,,0
1957-10-01,,,3.5,,,,,,,,,,,,3.72e-14,0.000585983,0.0125,,,,,,,,,,,,,,,,1.529107202,,,,,,,,,,0
1957-11-01,,,3.28,,,,,,,,,,,,4.02e-14,0.000585983,0.0125,,,,,,,,,,,,,,,,0.6021969484,,,,,,,,,,0
1957-12-01,,,2.98,,,,,,,,,,,,3.94e-14,0.000589983,0.0125,,,,,,,,,,,,,,,,-0.2008210892,,,,,,,,,,0
1958-01-01,,,2.72,,,,,,,,,,,,4.15e-14,0.000621982,0.0125,,,,,,,,,,,,,,,,1.028458907,,,,,,,,,,0
1958-02-01,,,1.67,,,,,,,,,,,,4.33e-14,0.000621982,0.0125,,,,,,,,,,,,,,,,0.2830704031,,,,,,,,,,0
1958-03-01,,,1.2,,,,,,,,,,,,4.63e-14,0.000620982,0.0125,,,,,,,,,,,,,,,,0.4860173107,,,,,,,,,,0
1958-04-01,,,1.26,,,,,,,,,,,,5.19e-14,0.00069098,0.0125,,,,,,,,,,,,,,,,2.268393534,,,,,,,,,,0
1958-05-01,,,0.63,,,,,,,,,,,,5.71e-14,0.00069098,0.0125,,,,,,,,,,,,,,,,0.7651932346,,,,,,,,,,0
1958-06-01,,,0.93,,,,,,,,,,,,5.84e-14,0.00069398,0.0125,,,,,,,,,,,,,,,,0.1557828013,,,,,,,,,,0
1958-07-01,,,0.68,,,,,,,,,,,,5.89e-14,0.000742978,0.0125,,,,,,,,,,,,,,,,0.8261421168,,,,,,,,,,0
1958-08-01,,,1.53,,,,,,,,,,,,6.36e-14,0.000742978,0.0125,,,,,,,,,,,,,,,,0.5950518191,,,,,,,,,,0
1958-09-01,,,1.76,,,,,,,,,,,,6.88e-14,0.000741978,0.0125,,,,,,,,,,,,,,,,0.5947683254,,,,,,,,,,0
1958-10-01,,,1.8,,,,,,,,,,,,6.06e-14,0.000761978,0.0125,,,,,,,,,,,,,,,,-0.9248399334,,,,,,,,,,0
1958-11-01,,,2.27,,,,,,,,,,,,6.06e-14,0.000761978,0.0125,,,,,,,,,,,,,,,,-0.1029762088,,,,,,,,,,0
1958-12-01,,,2.42,,,,,,,,,,,,6.02e-14,0.000762978,0.0125,,,,,,,,,,,,,,,,-0.1468183897,,,,,,,,,,0
1959-01-01,,,2.48,,,,,,,,,,,,6.32e-14,0.000868975,0.0125,,,,,,,,,,,,,,,,1.962998144,,,,,,,,,,0
1959-02-01,,,2.43,,,,,,,,,,,,6.79e-14,0.000868975,0.0125,,,,,,,,,,,,,,,,0.5492213734,,,,,,,,,,0
1959-03-01,,,2.8,,,,,,,,,,,,6.06e-14,0.000862975,0.0125,,,,,,,,,,,,,,,,-1.223618278,,,,,,,,,,0
1959-04-01,,,2.96,,,,,,,,,,,,5.93e-14,0.000974972,0.0125,,,,,,,,,,,,,,,,1.223022183,,,,,,,,,,0
1959-05-01,,,2.9,,,,,,,,,,,,5.8e-14,0.000974972,0.0125,,,,,,,,,,,,,,,,-0.3045160799,,,,,,,,,,0
1959-06-01,,,3.39,,,,,,,,,,,,5.93e-14,0.000970972,0.0125,,,,,,,,,,,,,,,,0.04724608556,,,,,,,,,,0
1959-07-01,,,3.47,,,,,,,,,,,,6.45e-14,0.000960972,0.0125,,,,,,,,,,,,,,,,0.5320504263,,,,,,,,,,0
1959-08-01,,,3.5,,,,,,,,,,,,6.66e-14,0.000960972,0.0125,,,,,,,,,,,,,,,,0.188331251,,,,,,,,,,0
1959-09-01,,,3.76,,,,,,,,,,,,6.66e-14,0.000965972,0.0125,,,,,,,,,,,,,,,,-0.03819668367,,,,,,,,,,0
1959-10-01,,,3.98,,,,,,,,,,,,6.66e-14,0.000973972,0.0125,,,,,,,,,,,,,,,,-2.317941671e-05,,,,,,,,,,0
1959-11-01,,,4,,,,,,,,,,,,7.1e-14,0.000973972,0.0125,,,,,,,,,,,,,,,,0.4786985071,,,,,,,,,,0
1959-12-01,,,3.99,,,,,,,,,,,,7.96e-14,0.000973972,0.0125,,,,,,,,,,,,,,,,0.9365706635,,,,,,,,,,0
1960-01-01,,,3.99,,,,,84.4,,,,,,,8.27e-14,0.00104797,0.0125,,,,,,,,,,,,,,,,1.158468634,,,,,,,,4.435567402,,0
1960-02-01,,,3.97,,,,,89.3,,,,,,,8.05e-14,0.00104797,0.0125,,,,,,,,,,,,,,,,-0.3481232691,,,,,,,,4.492001488,,0
1960-03-01,,,3.84,,,,,80.5,,,,,,,8.05e-14,0.00104797,0.0125,,,,,,,,,,,,,,,,-0.1029762088,,,,,,,,4.388257184,,0
1960-04-01,,,3.92,,,,,75.6,,,,,,,8.05e-14,0.00104897,0.0125,,,,,,,,,,,,,,,,-0.09107064677,,,,,,,,4.325456283,,0
1960-05-01,,,3.85,,,,,82.2,,,,,,,8.05e-14,0.00104897,0.0125,,,,,,,,,,,,,,,,-0.1029762088,,,,,,,,4.409155302,,0
1960-06-01,,,3.32,,,,,80.7,,,,,,,8.05e-14,0.00105097,0.0125,,,,,,,,,,,,,,,,-0.07919909618,,,,,,,,4.390738575,,0
1960-07-01,,,3.23,,,,,78,,,,,,,8.05e-14,0.00104997,0.0125,,,,,,,,,,,,,,,,-0.1148591038,,,,,,,,4.356708827,,0
1960-08-01,,,2.98,,,,,74,,,,,,,8.05e-14,0.00104997,0.0125,,,,,,,,,,,,,,,,-0.1029762088,,,,,,,,4.304065093,,0
1960-09-01,,,2.6,,,,,60,,,,,,,8.05e-14,0.00104797,0.0125,,,,,,,,,,,,,,,,-0.1267759886,,,,,,,,4.094344562,,0
1960-10-01,,,2.47,,,,,63.6,,,,,,,8.05e-14,0.00104897,0.0125,,,,,,,,,,,,,,,,-0.09107064677,,,,,,,,4.15261347,,0
1960-11-01,,,2.44,,,,,73.6,,,,,,,8.05e-14,0.00104897,0.0125,,,,,,,,,,,,,,,,-0.1029762088,,,,,,,,4.298645026,,0
1960-12-01,,,1.98,,,,,61.8,,,,,,,8.44e-14,0.00104897,0.0125,,,,,,,,,,,,,,,,0.3271766369,,,,,,,,4.123903364,,0
1961-01-01,,,1.45,,,,,62.1,,,,,,,9.17e-14,0.00105097,0.0125,,,,,,,,,,,,,,,,0.6750422039,,,,,,,,4.128745989,,0
1961-02-01,,,2.54,,,,,58.9,,,,,,,9.52e-14,0.00105097,0.0125,,,,,,,,,,,,,,,,0.2375945617,,,,,,,,4.075841091,,0
1961-03-01,,,2.02,,,,,54.1,,,,,,,1.09e-13,0.00104897,0.0125,,,,,,,,,,,,,,,,1.104035888,,,,,,,,3.990834186,,0
1961-04-01,,,1.49,,,,,40.9,,,,,,,1.22e-13,0.00104997,0.0125,,,,,,,,,,,,,,,,0.9333622914,,,,,,,,3.711130063,,0
1961-05-01,,,1.98,,,,,29.4,,,,,,,1.16e-13,0.00104997,0.0125,,,,,,,,,,,,,,,,-0.5615024321,,,,,,,,3.380994674,,0
1961-06-01,,,1.73,,,,,16.4,,,,,,,1.13e-13,0.00104997,0.0125,,,,,,,,,,,,,,,,-0.3412128039,,,,,,,,2.797281335,,0
1961-07-01,,,1.17,,,,,0.3,,,,,,,1.14e-13,0.00104897,0.0125,,,,,,,,,,,,,,,,-0.03476262625,,,,,,,,-1.203972804,,0
1961-08-01,,,2,,,,,-13.7,,,,,,,1.18e-13,0.00104897,0.0125,,,,,,,,,,,,,,,,0.2105781915,,,,,,,,,,0
1961-09-01,,,1.88,,,,,-14.1,,,,,,,1.26e-13,0.00105197,0.0125,,,,,,,,,,,,,,,,0.5290945691,,,,,,,,,,0
1961-10-01,,,2.26,,,,,-4.3,,,,,,,1.3e-13,0.00105097,0.0125,,,,,,,,,,,,,,,,0.1693058396,,,,,,,,,,0
1961-11-01,,,2.61,,,,,-24.8,,,,,,,1.33e-13,0.00105097,0.0125,,,,,,,,,,,,,,,,0.1044588686,,,,,,,,,,0
1961-12-01,,,2.33,,,,,-34.4,,,,,,,1.33e-13,0.00104897,0.0125,,,,,,,,,,,,,,,,-0.1267533215,,,,,,,,,,0
1962-01-01,,,2.15,,,,,-53.4,,,,,,,1.38e-13,0.00104797,0.0125,,,,,,,,,,,,,,,,0.2206609751,,,,,,,,,,0
1962-02-01,,,2.37,,,,,-73.1,,,,,,,1.38e-13,0.00104797,0.0125,,,,,,,,,,,,,,,,-0.1029762088,,,,,,,,,,0
1962-03-01,,,2.85,,,,,-61,,,,,,,1.38e-13,0.00105297,0.0125,,,,,,,,,,,,,,,,-0.04356162638,,,,,,,,,,0
1962-04-01,,,2.78,,,,,-78.8,,,,,,,1.38e-13,0.00105097,0.0125,,,,,,,,,,,,,,,,-0.1267081166,,,,,,,,,,0
1962-05-01,,,2.36,,,,,-86.6,,,,,,,1.45e-13,0.00105097,0.0125,,,,,,,,,,,,,,,,0.346905206,,,,,,,,,,0
1962-06-01,,,2.68,,,,,-51.3,,,,,,,1.55e-13,0.00104797,0.0125,,,,,,,,,,,,,,,,0.4677108657,,,,,,,,,,0
1962-07-01,,,2.71,,,,,-69.1,,,,,,,1.59e-13,0.00104997,0.0125,,,,,,,,,,,,,,,,0.1524839121,,,,,,,,,,0
1962-08-01,,,2.93,,,,,-73.8,,,,,,,1.7e-13,0.00104997,0.0125,,,,,,,,,,,,,,,,0.5052379824,,,,,,,,,,0
1962-09-01,,,2.9,,,,,-100.6,,,,,,,2.18e-13,0.00104997,0.0125,,,,,,,,,,,,,,,,2.158217412,,,,,,,,,,0
1962-10-01,,,2.9,,,,,-90.3,,,,,,,2.06e-13,0.00107997,0.0125,,,,,,,,,,,,,,,,-0.2661088232,,,,,,,,,,0
1962-11-01,,,2.94,,,,,-92.6,,,,,,,2.06e-13,0.00107997,0.0125,,,,,,,,,,,,,,,,-0.1029762088,,,,,,,,,,0
1962-12-01,,,2.93,,,,,-79.5,,,,,,,2.06e-13,0.00108297,0.0125,,,,,,,,,,,,,,,,-0.06834936281,,,,,,,,,,0
1963-01-01,,,2.92,,,,,-110,,,,,,,2.06e-13,0.00143796,0.0125,,,,,,,,,,,,,,,,3.436074497,,,,,,,,,,0
1963-02-01,,,3,,,,,-134.9,,,,,,,2.06e-13,0.00143796,0.0125,,,,,,,,,,,,,,,,-0.1029762088,,,,,,,,,,0
1963-03-01,,,2.98,,,,,-133,,,,,,,2.06e-13,0.00143696,0.0125,,,,,,,,,,,,,,,,-0.1116600152,,,,,,,,,,0
1963-04-01,,,2.9,,,,,-126.7,,,,,,,2.23e-13,0.00163895,0.0125,,,,,,,,,,,,,,,,2.25978325,,,,,,,,,,0
1963-05-01,,,3,,,,,-123.2,,,,,,,2.68e-13,0.00163895,0.0125,,,,,,,,,,,,,,,,1.568304119,,,,,,,,,,0
1963-06-01,,,2.99,,,,,-99.1,,,,,,,2.68e-13,0.00164495,0.0125,,,,,,,,,,,,,,,,-0.05736225856,,,,,,,,,,0
1963-07-01,,,3.02,,,,,-115,,,,,,,2.68e-13,0.00167895,0.0125,,,,,,,,,,,,,,,,0.1524009142,,,,,,,,,,0
1963-08-01,,,3.49,,,,,-121,,,,,,,2.68e-13,0.00167895,0.0125,,,,,,,,,,,,,,,,-0.1029762088,,,,,,,,,,0
1963-09-01,,,3.48,,,,,-126.7,,,,,,,2.68e-13,0.00167495,0.0125,,,,,,,,,,,,,,,,-0.1327508107,,,,,,,,,,0
1963-10-01,,,3.5,,,,,-105.2,,,,,,,2.68e-13,0.00173195,0.0125,,,,,,,,,,,,,,,,0.3147501415,,,,,,,,,,0
1963-11-01,,,3.48,,,,,-113,,,,,,,2.68e-13,0.00173195,0.0125,,,,,,,,,,,,,,,,-0.1029762088,,,,,,,,,,0
1963-12-01,,,3.38,,,,,-111.9,,,,,,,2.68e-13,0.00172895,0.0125,,,,,,,,,,,,,,,,-0.1246167535,,,,,,,,,,0
1964-01-01,,,3.48,,,,,-109.5,,,,,,,2.68e-13,0.00193894,0.0125,,,,,,,,,,,,,,,,1.3278713,,,,,,,,,,0
1964-02-01,,,3.48,,,,,-95.6,,,,,,,3.17e-13,0.00208094,0.0125,,,,,,,,,,,,,,,,2.305985141,,,,,,,,,,0
1964-03-01,,,3.43,,,,,-76.1,,,,,,,5.1e-13,0.00217794,0.0125,,,,,,,,,,,,,,,,4.789140474,,,,,,,,,,0
1964-04-01,,,3.47,,,,,-86.9,,,,,,,5.19e-13,0.00216194,0.0125,,,,,,,,,,,,,,,,-0.03596607395,,,,,,,,,,0
1964-05-01,,,3.5,,,,,-71.5,,,,,,,5.19e-13,0.00211894,0.0125,,,,,,,,,,,,,,,,-0.3537521582,,,,,,,,,,0
1964-06-01,,,3.5,,,,,-77.4,,,,,,,5.19e-13,0.00221894,0.0125,,,,,,,,,,,,,,,,0.4726430169,,,,,,,,,,0
1964-07-01,,,3.42,,,,,-81,,,,,,,5.19e-13,0.00225193,0.0125,,,,,,,,,,,,,,,,0.08124262586,,,,,,,,,,0
1964-08-01,,,3.5,,,,,-87.3,,,,,,,5.34e-13,0.00247893,0.0125,,,,,,,,,,,,,,,,1.35490124,,,,,,,,,,0
1964-09-01,,,3.45,,,,,-101.5,,,,,,,6.88e-13,0.00242093,0.0125,,,,,,,,,,,,,,,,1.905388409,,,,,,,,,,0
1964-10-01,,,3.36,,,,,-111.3,,,,,,,6.97e-13,0.00256793,0.0125,,,,,,,,,,,,,,,,0.7510211601,,,,,,,,,,0
1964-11-01,,,3.52,,,,,-111.6,,,,,,,6.97e-13,0.00258592,0.0125,,,,,,,,,,,,,,,,-0.01583230174,,,,,,,,,,0
1964-12-01,,,3.85,,,,,-122,,,,,,,7.17e-13,0.00268592,0.0125,,,,,,,,,,,,,,,,0.627860702,,,,,,,,,,0
1965-01-01,,,3.9,,,,,-92.2,,,,,,,8.01e-13,0.00281792,0.0125,,,,,,,,,,,,,,,,1.503164278,,,,,,,,,,0
1965-02-01,,,3.98,,,,,-81.3,,,,,,,8.01e-13,0.00293891,0.0125,,,,,,,,,,,,,,,,0.421790049,,,,,,,,,,0
1965-03-01,,,4.05,,,,,-97.9,,,,,,,8.01e-13,0.00297491,0.0125,,,,,,,,,,,,,,,,0.04900001124,,,,,,,,,,0
1965-04-01,,,4.09,,,,,-119.3,,,,,,,8.01e-13,0.00303991,0.0125,,,,,,,,,,,,,,,,0.1668247591,,,,,,,,,,0
1965-05-01,,,4.1,,,,,-125.7,,,,,,,8.01e-13,0.00311291,0.0125,,,,,,,,,,,,,,,,0.1932373297,,,,,,,,,,0
1965-06-01,,,4.05,,,,,-122.6,,,,,,,8.01e-13,0.00314991,0.0125,,,,,,,,,,,,,,,,0.044517237,,,,,,,,,,0
1965-07-01,,,4.09,,,,,-110.9,,,,,,,8.01e-13,0.00314691,0.0125,,,,,,,,,,,,,,,,-0.1148704266,,,,,,,,,,0
1965-08-01,,,4.12,,,,,-97.5,,,,,,,8.01e-13,0.00322791,0.0125,,,,,,,,,,,,,,,,0.2142553177,,,,,,,,,,0
1965-09-01,,,4.02,,,,,-85.3,,,,,,,8.01e-13,0.0032619,0.0125,,,,,,,,,,,,,,,,0.02777900891,,,,,,,,,,0
1965-10-01,,,4.08,,,,,-88.8,,,,,,,8.01e-13,0.0033599,0.0125,,,,,,,,,,,,,,,,0.2665264789,,,,,,,,,,0
1965-11-01,,,4.1,,,,,-82.2,,,,,,,8.93e-13,0.0034129,0.0125,,,,,,,,,,,,,,,,1.080943964,,,,,,,,,,0
1965-12-01,,,4.32,,,,,-61.5,,,,,,,9.61e-13,0.0034359,0.0125,,,,,,,,,,,,,,,,0.6481187994,,,,,,,,,,0
1966-01-01,,,4.42,,,,,-82.2,,,,,,,9.61e-13,0.0034829,0.0125,,,,,,,,,,,,,,,,0.06661746045,,,,,,,,,,0
1966-02-01,,,4.6,,,,,-87.7,,,,,,,9.61e-13,0.0035109,0.0125,,,,,,,,,,,,,,,,-0.003026158339,,,,,,,,,,0
1966-03-01,,,4.66,,,,,-98.6,,,,,,,9.61e-13,0.00361089,0.0125,,,,,,,,,,,,,,,,0.247559139,,,,,,,,,,0
1966-04-01,,,4.67,,,,,-83.3,,,,,,,9.61e-13,0.00365989,0.0125,,,,,,,,,,,,,,,,0.06527474157,,,,,,,,,,0
1966-05-01,,,4.9,,,,,-94.4,,,,,,,9.61e-13,0.00376189,0.0125,,,,,,,,,,,,,,,,0.2401511247,,,,,,,,,,0
1966-06-01,,,5.17,,,,,-80.3,,,,,,,9.61e-13,0.00381389,0.0125,,,,,,,,,,,,,,,,0.06838743364,,,,,,,,,,0
1966-07-01,,,5.3,,,,,-91.6,,,,,,,9.61e-13,0.00387889,0.0125,,,,,,,,,,,,,,,,0.1079722004,,,,,,,,,,0
1966-08-01,,,5.53,,,,,-106.5,,,,,,,9.61e-13,0.00395688,0.0125,,,,,,,,,,,,,,,,0.1455129563,,,,,,,,,,0
1966-09-01,,,5.4,,,,,-123.1,,,,,,,9.61e-13,0.00405688,0.0125,,,,,,,,,,,,,,,,0.2085697244,,,,,,,,,,0
1966-10-01,,,5.53,,,,,-134,,,,,,,9.61e-13,0.00404988,0.0125,,,,,,,,,,,,,,,,-0.1245331287,,,,,,,,,,0
1966-11-01,,,5.76,,,,,-133.2,,,,,,,9.61e-13,0.00415588,0.0125,,,,,,,,,,,,,,,,0.2195366893,,,,,,,,,,0
1966-12-01,,,5.4,,,,,-94.8,,,,,,,9.61e-13,0.00427488,0.0125,,,,,,,,,,,,,,,,0.2494311384,,,,,,,,,,0
1967-01-01,,,4.94,,,,,-93.9,,,,,,,9.61e-13,0.00454987,0.0125,,,,,,,,,,,,,,,,0.6752233747,,,,,,,,,,0
1967-02-01,,,5,,,,,-76.9,,,,,,,1.12e-12,0.00454987,0.0125,,,,,,,,,,,,,,,,1.289122895,,,,,,,,,,0
1967-03-01,,,4.53,,,,,-62.6,,,,,,,1.17e-12,0.00456187,0.0125,,,,,,,,,,,,,,,,0.3270039852,,,,,,,,,,0
1967-04-01,,,4.05,,,,,-60.4,,,,,,,1.17e-12,0.00483286,0.0125,,,,,,,,,,,,,,,,0.617343551,,,,,,,,,,0
1967-05-01,,,3.94,,,,,-72.2,,,,,,,1.17e-12,0.00483286,0.0125,,,,,,,,,,,,,,,,-0.1029762088,,,,,,,,,,0
1967-06-01,,,3.98,,,,,-73.7,,,,,,,1.17e-12,0.00482886,0.0125,,,,,,,,,,,,,,,,-0.1133119457,,,,,,,,,,0
1967-07-01,,,3.79,,,,,-99.9,,,,,,,1.17e-12,0.00520585,0.0125,,,,,,,,,,,,,,,,0.8353748002,,,,,,,,,,0
1967-08-01,,,3.9,,,,,-95.7,,,,,,,1.17e-12,0.00520585,0.0125,,,,,,,,,,,,,,,,-0.1029762088,,,,,,,,,,0
1967-09-01,,,3.99,,,,,-86.7,,,,,,,1.17e-12,0.00519985,0.0125,,,,,,,,,,,,,,,,-0.1173713482,,,,,,,,,,0
1967-10-01,,,3.88,,,,,-77.1,,,,,,,1.17e-12,0.00568183,0.0125,,,,,,,,,,,,,,,,1.003528307,,,,,,,,,,0
1967-11-01,,,4.13,,,,,-56.6,,,,,,,1.17e-12,0.00568183,0.0125,,,,,,,,,,,,,,,,-0.1029762088,,,,,,,,,,0
1967-12-01,,,4.51,,,,,-36.3,,,,,,,1.17e-12,0.00568783,0.0125,,,,,,,,,,,,,,,,-0.0898015406,,,,,,,,,,0
1968-01-01,,,4.61,,,,,-33.3,,,,,,,1.39e-12,0.00600982,0.0125,,,,,,,,,,,,,,,,2.150973866,,,,,,,,,,0
1968-02-01,,,4.71,,,,,-28.2,,,,,,,1.39e-12,0.00620982,0.0125,,,,,,,,,,,,,,,,0.305668842,,,,,,,,,,0
1968-03-01,,,5.05,,,,,-46.8,,,,,,,1.39e-12,0.00636981,0.0125,,,,,,,,,,,,,,,,0.2145534256,,,,,,,,,,0
1968-04-01,,,5.76,,,,,-36.8,,,,,,,1.39e-12,0.00652981,0.0125,,,,,,,,,,,,,,,,0.206695274,,,,,,,,,,0
1968-05-01,,,6.12,,,,,-18.1,,,,,,,1.39e-12,0.00665981,0.0125,,,,,,,,,,,,,,,,0.1430951161,,,,,,,,,,0
1968-06-01,,,6.07,,,,,-9.9,,,,,,,1.39e-12,0.0068098,0.0125,,,,,,,,,,,,,,,,0.1750342345,,,,,,,,,,0
1968-07-01,,,6.03,,,,,-12.2,,,,,,,1.39e-12,0.0069598,0.0125,,,,,,,,,,,,,,,,0.1689950364,,,,,,,,,,0
1968-08-01,,,6.03,,,,,-5.7,,,,,,,1.43e-12,0.00711979,0.0125,,,,,,,,,,,,,,,,0.438673912,,,,,,,,,,0
1968-09-01,,,5.78,,,,,1.1,,,,,,,1.58e-12,0.00724979,0.0125,,,,,,,,,,,,,,,,1.029836054,,,,,,,,0.0953101798,,0
1968-10-01,,,5.91,,,,,12.4,,,,,,,1.6e-12,0.00739978,0.0125,,,,,,,,,,,,,,,,0.2670085609,,,,,,,,2.517696473,,0
1968-11-01,,,5.82,,,,,29,,,,,,,1.62e-12,0.00752978,0.0125,,,,,,,,,,,,,,,,0.2273633543,,,,,,,,3.36729583,,0
1968-12-01,,,6.02,,,,,35.1,,,,,,,1.65e-12,0.00766978,0.0125,,,,,,,,,,,,,,,,0.2938136271,,,,,,,,3.55820113,,0
1969-01-01,,,6.3,,,,,36.2,,,,,,,1.66e-12,0.00740478,0.0125,,,,,,,,,,,,,,,,-0.4869548582,,,,,,,,3.589059119,,0
1969-02-01,,,6.61,,,,,44,,,,,,,1.69e-12,0.00757978,0.0125,,,,,,,,,,,,,,,,0.3514476877,,,,,,,,3.784189634,,0
1969-03-01,,,6.79,,,,,51.1,,,,,,,1.72e-12,0.00775577,0.0125,,,,,,,,,,,,,,,,0.3435200656,,,,,,,,3.933784497,,0
1969-04-01,,,7.41,,,,,44.3,,,,,,,1.73e-12,0.00791577,0.0125,,,,,,,,,,,,,,,,0.2046260088,,,,,,,,3.790984677,,0
1969-05-01,,,8.67,,,,,50.5,,,,,,,1.74e-12,0.00815176,0.0125,,,,,,,,,,,,,,,,0.3161289837,,,,,,,,3.921973336,,0
1969-06-01,,,8.9,,,,,50.3,,,,,,,1.75e-12,0.00852675,0.0125,,,,,,,,,,,,,,,,0.510526932,,,,,,,,3.918005077,,0
1969-07-01,,,8.61,,,,,54,,,,,,,1.77e-12,0.00884074,0.0125,,,,,,,,,,,,,,,,0.4517455102,,,,,,,,3.988984047,,0
1969-08-01,,,9.19,,,,,64.2,,,,,,,1.78e-12,0.00909673,0.0125,,,,,,,,,,,,,,,,0.3045567696,,,,,,,,4.162003211,,0
1969-09-01,,,9.15,,,,,76.3,,,,,,,1.8e-12,0.00932773,0.0125,,,,,,,,,,,,,,,,0.3116361206,,,,,,,,4.334672938,,0
1969-10-01,,,9,,,,,90,,,,,,,1.82e-12,0.00946372,0.0125,,,,,,,,,,,,,,,,0.1781625551,,,,,,,,4.49980967,,0
1969-11-01,,,8.85,,,,,91.4,,,,,,,1.84e-12,0.00964372,0.0125,,,,,,,,,,,,,,,,0.2315827598,,,,,,,,4.515245478,,0
1969-12-01,,,8.97,,,,,96.5,,,,,,,1.87e-12,0.00970372,0.0125,,,,,,,,,,,,,,,,0.1214923933,,,,,,,,4.569543008,,0
1970-01-01,,,8.98,,,,,135.6,,,,,,,1.58e-12,0.00987871,0.0125,,,,,,,,,,,,,,,,-1.412034277,,,,,,,,4.909709376,,0
1970-02-01,,,8.98,,,,,157.6,,,,,,,1.6e-12,0.0100107,0.0125,,,,,,,,,,,,,,,,0.1770689777,,,,,,,,5.060060177,,0
1970-03-01,,,7.76,,,,,169.4,,,,,,,1.61e-12,0.0102537,0.0125,,,,,,,,,,,,,,,,0.2530574838,,,,,,,,5.132262782,,0
1970-04-01,,,8.1,,,,,181.1,,,,,,,1.63e-12,0.0105737,0.0125,,,,,,,,,,,,,,,,0.3928799398,,,,,,,,5.199049365,,0
1970-05-01,,,7.95,,,,,178.8,,,,,,,1.64e-12,0.0109037,0.0125,,,,,,,,,,,,,,,,0.3362545327,,,,,,,,5.186267863,,0
1970-06-01,,,7.61,,,,,185.3,,,,,,,1.66e-12,0.0111697,0.0125,,,,,,,,,,,,,,,,0.3080967014,,,,,,,,5.221976133,,0
1970-07-01,,,7.21,,,,,184.7,,,,,,,1.68e-12,0.0115337,0.0125,,,,,,,,,,,,,,,,0.4062115759,,,,,,,,5.218732887,,0
1970-08-01,,,6.62,,,,,178.2,,,,,,,1.69e-12,0.0122186,0.0125,,,,,,,,,,,,,,,,0.671058534,,,,,,,,5.182906515,,0
1970-09-01,,,6.29,,,,,171.3,,,,,,,1.7e-12,0.0123996,0.0125,,,,,,,,,,,,,,,,0.134220005,,,,,,,,5.143416405,,0
1970-10-01,,,6.2,,,,,165.4,,,,,,,1.72e-12,0.0121916,0.0125,,,,,,,,,,,,,,,,-0.2078025961,,,,,,,,5.108366783,,0
1970-11-01,,,5.6,,,,,152.8,,,,,,,1.76e-12,0.0120306,0.0125,,,,,,,,,,,,,,,,-0.05989277894,,,,,,,,5.029129877,,0
1970-12-01,,,4.9,,,,,152,,,,,,,1.78e-12,0.0121656,0.0125,,,,,,,,,,,,,,,,0.139053602,,,,,,,,5.023880521,,0
1971-01-01,,,4.14,,,,,161,,,,,,,1.8e-12,0.0122086,0.0125,,,,,,,,,,,,,,,,0.04265616072,,,,,,,,5.081404365,,0
1971-02-01,,,3.72,,,,,143.3,,,,,,,1.82e-12,0.0122086,0.0125,,,,,,,,,,,,,,,,-0.002509147728,,,,,,,,4.964940335,,0
1971-03-01,,,3.71,,,,,131.1,,,,,,,1.84e-12,0.0122086,0.0125,,,,,,,,,,,,,,,,-0.003607170375,,,,,,,,4.875960391,,0
1971-04-01,,,4.16,,,,,135.7,,,,,,,1.86e-12,0.0122086,0.0125,,,,,,,,,,,,,,,,-0.004681451291,,,,,,,,4.910446567,,0
1971-05-01,,,4.63,,,,,126.9,,,,,,,1.89e-12,0.0122086,0.0125,,,,,,,,,,,,,,,,0.04250171905,,,,,,,,4.843399375,,0
1971-06-01,,,4.91,,,,,140.3,,,,,,,1.91e-12,0.0122086,0.0125,,,,,,,,,,,,,,,,-0.007268203853,,,,,,,,4.943782987,,0
1971-07-01,,,5.31,,,,,130.7,,,,,,,1.92e-12,0.0122086,0.0125,,,,,,,,,,,,,,,,-0.0554973724,,,,,,,,4.872904621,,0
1971-08-01,,,5.57,,,,,134.4,,,,,,,1.96e-12,0.0122086,0.0125,,,,,,,,,,,,,,,,0.08449799011,,,,,,,,4.900820428,,0
1971-09-01,,,5.55,,,,,141.1,,,,,,,1.99e-12,0.0122086,0.0125,,,,,,,,,,,,,,,,0.03513545718,,,,,,,,4.949468859,,0
1971-10-01,,,5.2,,,,,143.8,,,,,,,2e-12,0.0122086,0.0125,,,,,,,,,,,,,,,,-0.05740129378,,,,,,,,4.968423445,,0
1971-11-01,,,4.91,,,,,147.1,,,,,,,2.03e-12,0.0122086,0.0125,,,,,,,,,,,,,,,,0.03239368408,,,,,,,,4.991112628,,0
1971-12-01,,,4.14,,,,,170.4,,,,,,,2.05e-12,0.0122086,0.0125,,,,,,,,,,,,,,,,-0.01383650937,,,,,,,,5.138148614,,0
1972-01-01,,,3.51,,,,,169.8,,,,,,,2.05e-12,0.0160415,0.0125,,,,,,,,,,,,,,,,3.305260559,,,,,,,,5.134621274,,0
1972-02-01,,,3.3,,,,,172.9,,,,,,,2.1e-12,0.0165745,0.0125,,,,,,,,,,,,,,,,0.5241332112,,,,,,,,5.152713393,,0
1972-03-01,,,3.83,,,,,164.7,,,,,,,2.11e-12,0.0164165,0.0125,,,,,,,,,,,,,,,,-0.1793469909,,,,,,,,5.104125637,,0
1972-04-01,,,4.17,,,,,172.5,,,,,,,2.12e-12,0.0158535,0.0125,,,,,,,,,,,,,,,,-0.4955886219,,,,,,,,5.150397236,,0
1972-05-01,,,4.27,,,,,193.3,,,,,,,2.15e-12,0.0164215,0.0125,,,,,,,,,,,,,,,,0.4641875955,,,,,,,,5.264243386,,0
1972-06-01,,,4.46,,,,,196.5,,,,,,,2.15e-12,0.0165385,0.0125,,,,,,,,,,,,,,,,-0.01435526771,,,,,,,,5.280662431,,0
1972-07-01,,,4.55,,,,,191.7,,,,,,,2.16e-12,0.0164355,0.0125,,,,,,,,,,,,,,,,-0.1387685867,,,,,,,,5.25593165,,0
1972-08-01,,,4.81,,,,,227,,,,,,,2.17e-12,0.0164095,0.0125,,,,,,,,,,,,,,,,-0.08074235427,,,,,,,,5.424950017,,0
1972-09-01,,,4.87,,,,,282.1,,,,,,,2.19e-12,0.0302671,0.0125,,,,,,,,,,,,,,,,7.62231205,,,,,,,,5.642261618,,0
1972-10-01,,,5.05,,,,,298.8,,,,,,,2.2e-12,0.0304401,0.0125,,,,,,,,,,,,,,,,0.009590844646,,,,,,,,5.699774453,,0
1972-11-01,,,5.06,,,,,304.1,,,,,,,2.22e-12,0.0310821,0.0125,,,,,,,,,,,,,,,,0.2398347362,,,,,,,,5.717356595,,0
1972-12-01,,,5.33,,,,,345.2,,,,,,,2.25e-12,0.0275422,0.0125,,,,,,,,,,,,,,,,-1.490239687,,,,,,,,5.844123959,,0
1973-01-01,,,5.94,,,,,377.6,,,,,,,2.26e-12,0.0316391,0.0125,,,,,,,,,,,,,,,,1.668363332,,,,,,,,5.933835434,,0
1973-02-01,,,6.58,,,,,404,,,,,,,2.22e-12,0.0324861,0.0125,,,,,,,,,,,,,,,,0.06443272513,,,,,,,,6.001414878,,0
1973-03-01,,,7.09,,,,,432,,,,,,,2.19e-12,0.0287222,0.0125,,,,,,,,,,,,,,,,-1.763815983,,,,,,,,6.068425588,,0
1973-04-01,,,7.12,,,,,405.7,,,,,,,2.2e-12,0.0303301,0.0125,,,,,,,,,,,,,,,,0.6183780367,,,,,,,,6.00561397,,0
1973-05-01,,,7.84,,,,,450.5,,,,,,,2.22e-12,0.0310501,0.0125,,,,,,,,,,,,,,,,0.272166449,,,,,,,,6.110358077,,0
1973-06-01,,,8.49,,,,,460,,,,,,,2.22e-12,0.034795,0.0125,,,,,,,,,,,,,,,,1.318440992,,,,,,,,6.131226489,,0
1973-07-01,,,10.4,,,,,461.8,,,,,,,2.23e-12,0.0417528,0.0125,,,,,,,,,,,,,,,,2.213380212,,,,,,,,6.135131897,,0
1973-08-01,,,10.5,,,,,478.1,,,,,,,2.23e-12,0.0378729,0.0125,,,,,,,,,,,,,,,,-1.320415215,,,,,,,,6.169819916,,0
1973-09-01,,,10.78,,,,,448.9,,,,,,,2.23e-12,0.0462317,0.0125,,,,,,,,,,,,,,,,2.386432107,,,,,,,,6.106800146,,0
1973-10-01,,,10.01,,,,,420.7,,,,,,,2.24e-12,0.0484966,0.0125,,,,,,,,,,,,,,,,0.5347234461,,,,,,,,6.041919991,,0
1973-11-01,,,10.03,,,,,456.5,,,,,,,2.24e-12,0.264707,0.0125,,,,,,,,,,,,,,,,21.08165726,,,,,,,,6.1235887,,0
1973-12-01,,,9.95,,,,,515.8,,,,,,,2.25e-12,0.231619,0.0125,,,,,,,,,,,,,,,,-1.729278389,,,,,,,,6.245719093,,0
1974-01-01,,,9.65,,,,,540,,,,,,,2.26e-12,0.303872,0.0125,,,,,,,,,,,,,,,,3.326535796,,,,,,,,6.29156914,,0
1974-02-01,,,8.97,,,,,585.6,,,,,,,2.32e-12,0.325978,0.0125,,,,,,,,,,,,,,,,1.011831845,,,,,,,,6.372636963,,0
1974-03-01,,,9.35,,,,,569.1,,,,,,,2.35e-12,0.366917,0.0125,,,,,,,,,,,,,,,,1.490607782,,,,,,,,6.344056166,,0
1974-04-01,,,10.51,,,,,546.2,,,,,,,2.37e-12,0.419099,0.0125,,,,,,,,,,,,,,,,1.633909851,,,,,,,,6.302985209,,0
1974-05-01,,,11.31,,,,,530.3,,,,,,,2.38e-12,0.491686,0.0125,,,,,,,,,,,,,,,,1.929195285,,,,,,,,6.273442884,,0
1974-06-01,,,11.93,,,,,526,,,,,,,2.43e-12,0.511134,0.0125,,,,,,,,,,,,,,,,0.5702766546,,,,,,,,6.265301213,,0
1974-07-01,,,12.92,,,,,496.9,,,,,,,2.5e-12,0.628109,0.0125,,,,,,,,,,,,,,,,2.727680034,,,,,,,,6.208388799,,0
1974-08-01,,,12.01,,,,,471.7,,,,,,,2.53e-12,0.632739,0.0125,,,,,,,,,,,,,,,,0.09715655349,,,,,,,,6.15634319,,0
1974-09-01,,,11.34,,,,,429.5,,,,,,,2.57e-12,0.649176,0.0125,,,,,,,,,,,,,,,,0.3597766073,,,,,,,,6.062621741,,0
1974-10-01,,,10.06,,,,,421.8,,,,,,,2.6e-12,0.864187,0.0125,,,,,,,,,,,,,,,,3.573638795,,,,,,,,6.044531268,,0
1974-11-01,,,9.45,,,,,410.8,,,,,,,2.64e-12,0.796719,0.0125,,,,,,,,,,,,,,,,-0.9788383906,,,,,,,,6.018106478,,0
1974-12-01,,,8.53,,,,,429.5,,,,,,,2.68e-12,1.1243,0.0125,,,,,,,,,,,,,,,,4.332939374,,,,,,,,6.062621741,,0
1975-01-01,,,7.13,,,,,411.89,,,,,,,2.71e-12,1.91,0.0125,,,,,,,,,,,,,,,,6.613310797,,,,,,,,6.020756323,,0
1975-02-01,,,6.24,,,,,384.41,,,,,,,2.75e-12,2.225,0.0125,,,,,,,,,,,,,,,,1.935763245,,,,,,,,5.951709691,,0
1975-03-01,,,5.54,,,,,380.22,,,,,,,2.78e-12,2.79,0.0125,,,,,,,,,,,,,,,,2.820300569,,,,,,,,5.940750033,,0
1975-04-01,,,5.49,,,,,344.68,,,,,,,2.84e-12,3.54,0.0125,,,,,,,,,,,,,,,,3.063097276,,,,,,,,5.84261645,,0
1975-05-01,,,5.22,,,,,343.97,,,,,,,2.88e-12,4.05,0.0125,,,,,,,,,,,,,,,,1.704227421,,,,,,,,5.840554444,,0
1975-06-01,,,5.55,,,,,390.26,,,,,,,2.9e-12,4.58,0.0125,,,,,,,,,,,,,,,,1.49508517,,,,,,,,5.966813184,,0
1975-07-01,,,6.1,,,,,372.76,,,,,,,2.95e-12,5.34,0.0125,,,,,,,,,,,,,,,,1.968864861,,,,,,,,5.920934781,,0
1975-08-01,,,6.14,,,,,407.78,,,,,,,3.01e-12,5.81,0.0125,,,,,,,,,,,,,,,,1.133064632,,,,,,,,6.010727813,,0
1975-09-01,,,6.24,,,,,399.96,,,,,,,3.05e-12,6.19,0.0125,,,,,,,,,,,,,,,,0.8078848496,,,,,,,,5.991364542,,0
1975-10-01,,,5.82,,,,,436.24,,,,,,,3.11e-12,6.8,0.0125,,,,,,,,,,,,,,,,1.24736063,,,,,,,,6.078192551,,0
1975-11-01,,,5.22,,,,,483.49,,,,,,,3.18e-12,7.44,0.0125,,,,,,,,,,,,,,,,1.222191728,,,,,,,,6.181030632,,0
1975-12-01,,,5.2,,,,,547.27,,,,,,,3.27e-12,8.25,0.0125,,,,,,,,,,,,,,,,1.440759108,,,,,,,,6.304942282,,0
1976-01-01,,,4.87,,,,,596.68,,,,,,,3.32e-12,9.19,0.012495,,,,,,,,,,,,,,,,1.377115848,,,,,,,,6.391380956,,0
1976-02-01,,,4.77,,,,,624.65,,,,,,,3.39e-12,10.1,0.012495,,,,,,,,,,,,,,,,1.265336247,,,,,,,,6.437191493,,0
1976-03-01,,,4.84,,,,,621.21,,,,,,,3.49e-12,10.76,0.012495,,,,,,,,,,,,,,,,0.9515015787,,,,,,,,6.431669189,,0
1976-04-01,,,4.82,,,,,683.68,,,,,,,3.68e-12,11.51,0.012495,,,,,,,,,,,,,,,,1.220096831,,,,,,,,6.527489972,,0
1976-05-01,,,5.29,,,,,716.15,,,,,,,3.79e-12,12.56,0.012495,,,,,,,,,,,,,,,,1.254562857,,,,,,,,6.573889642,,0
1976-06-01,,,5.48,,,,,807.47,,,,,,,3.88e-12,13.54,0.012495,,,,,,,,,,,,,,,,1.048242637,,,,,,,,6.693905903,,0
1976-07-01,,,5.31,,,,,826.55,,,,,,,3.94e-12,12.82,0.012495,,,,,,,,,,,,,,,,-0.6455248091,,,,,,,,6.717260411,,0
1976-08-01,,,5.29,,,,,868.73,,,,,,,4.02e-12,13.51,0.012495,,,,,,,,,,,,,,,,0.734172589,,,,,,,,6.767032375,,0
1976-09-01,,,5.25,,,,,852.46,,,,,,,4.11e-12,14.33,0.02003750015,,,,,,,,,,,,,,,,6.48724252,,,,,,,,6.748126287,,0
1976-10-01,,,5.02,,,,,913.99,,,,,,,4.2e-12,15.17,0.02070825,,,,,,,,,,,,,,,,1.199187793,,,,,,,,6.81781963,,0
1976-11-01,,,4.95,,,,,1033.79,,,,,,,4.32e-12,16.13,0.02429999995,,,,,,,,,,,,,,,,2.833709733,,,,,,,,6.94098694,,0
1976-12-01,,,4.65,,,,,1165.83,,,,,,,4.42e-12,17.03,0.02024475015,,,,,,,,,,,,,,,,-1.402731502,,,,,,,,7.061188559,,0
1977-01-01,,,4.61,,,,,1255.59,,,,,,,4.53e-12,17.96,0.02074261843,,,,,,,,,,,,,,,,1.075059423,,,,,,,,7.135360861,,0
1977-02-01,,,4.68,,,,,1341.63,,,,,,,4.62e-12,19.04,0.0225412497,,,,,,,,,,,,,,,,1.800235277,,,,,,,,7.201640572,,0
1977-03-01,,,4.69,,,,,1458.19,,,,,,,4.73e-12,18.38,0.02261931882,,,,,,,,,,,,,,,,-0.2880194623,,,,,,,,7.28495122,,0
1977-04-01,,,4.73,,,,,1603.21,,,,,,,4.85e-12,18.69,0.02256578979,,,,,,,,,,,,,,,,0.3052309764,,,,,,,,7.379763148,,0
1977-05-01,,,5.35,,,,,1672.38,,,,,,,4.98e-12,19.39,0.02265238133,,,,,,,,,,,,,,,,0.6423405534,,,,,,,,7.422003041,,0
1977-06-01,,,5.39,,,,,1676.75,,,,,,,5.11e-12,20.23,0.02279999968,,,,,,,,,,,,,,,,0.7384571478,,,,,,,,7.424612675,,0
1977-07-01,,,5.42,,,,,1700.84,,,,,,,5.24e-12,20.96,0.02284666652,,,,,,,,,,,,,,,,0.5924134079,,,,,,,,7.438877526,,0
1977-08-01,,,5.9,,,,,1726.64,,,,,,,5.34e-12,21.96,0.02279913043,,,,,,,,,,,,,,,,0.6257459601,,,,,,,,7.453932602,,0
1977-09-01,,,6.14,,,,,1730.58,,,,,,,5.43e-12,23.86,0.0227739997,,,,,,,,,,,,,,,,1.0716019,,,,,,,,7.456211891,,0
1977-10-01,,,6.47,,,,,1729.11,,,,,,,5.5e-12,24.71,0.02274900055,,,,,,,,,,,,,,,,0.4372871436,,,,,,,,7.455362104,,0
1977-11-01,,,6.51,,,,,1776.66,,,,,,,5.6e-12,25.66,0.022740001,,,,,,,,,,,,,,,,0.5270259666,,,,,,,,7.482490476,,0
1977-12-01,,,6.56,,,,,1829.63,,,,,,,5.77e-12,27.59,0.022740001,,,,,,,,,,,,,,,,1.074169954,,,,,,,,7.51186904,,0
1978-01-01,,,6.7,,,,,1850.63,,,,,,,5.86e-12,28.35,0.022740001,,,,,,,,,,,,,,,,0.3769465105,,,,,,,,7.523281401,,0
1978-02-01,,,6.78,,,,,1922.86,,,,,,,5.95e-12,29.12,0.022740001,,,,,,,,,,,,,,,,0.3701150156,,,,,,,,7.56156894,,0
1978-03-01,,,6.79,,,,,1971.63,,,,,,,6.07e-12,29.86,0.022740001,,,,,,,,,,,,,,,,0.3918168445,,,,,,,,7.586615891,,0
1978-04-01,,,6.89,,,,,2016.46,,,,,,,6.18e-12,30.61,0.022740001,,,,,,,,,,,,,,,,0.3699722062,,,,,,,,7.609098778,,0
1978-05-01,,,7.36,,,,,2070.35,,,,,,,6.33e-12,31.3,0.02272761914,,,,,,,,,,,,,,,,0.3868068674,,,,,,,,7.635472954,,0
1978-06-01,,,7.6,,,,,2107.94,,,,,,,6.47e-12,31.83,0.02273,,,,,,,,,,,,,,,,0.3067745257,,,,,,,,7.653466446,,0
1978-07-01,,,7.81,,,,,2117.72,,,,,,,6.59e-12,32.29,0.02274381019,,,,,,,,,,,,,,,,0.2504886174,,,,,,,,7.658095317,,0
1978-08-01,,,8.04,,,,,2134.95,,,,,,,6.76e-12,32.73,0.022740001,,,,,,,,,,,,,,,,0.2955384672,,,,,,,,7.666198506,,0
1978-09-01,,,8.45,,,,,2139.92,,,,,,,6.92e-12,33.05,0.0227129992,,,,,,,,,,,,,,,,0.2169430633,,,,,,,,7.668523724,,0
1978-10-01,,,8.96,,,,,2235.89,,,,,,,7.03e-12,33.32,0.022709999,,,,,,,,,,,,,,,,0.1403963844,,,,,,,,7.712394638,,0
1978-11-01,,,9.76,,,,,2349.18,,,,,,,7.21e-12,33.57,0.022709999,,,,,,,,,,,,,,,,0.2202019634,,,,,,,,7.76182161,,0
1978-12-01,,,10.03,,,,,2481.84,,,,,,,7.46e-12,33.84,0.022709999,,,,,,,,,,,,,,,,0.3069387792,,,,,,,,7.8167555,,0
1979-01-01,,,10.07,,,,,2591.98,,,,,,,7.71e-12,34.21,0.022709999,,,,,,,,,,,,,,,,0.3324689905,,,,,,,,7.860177341,,0
1979-02-01,,,10.06,,,,,2647.54,,,,,,,7.98e-12,34.72,0.02271105168,,,,,,,,,,,,,,,,0.3952499028,,,,,,,,7.881386186,,0
1979-03-01,,,10.09,,,,,2635.77,,,,,,,8.23e-12,35.24,0.02273666667,,,,,,,,,,,,,,,,0.3765546564,,,,,,,,7.876930638,,0
1979-04-01,,,10.01,,,,,2779.51,,,,,,,8.51e-12,35.77,0.02275,,,,,,,,,,,,,,,,0.3945662123,,,,,,,,7.930029932,,0
1979-05-01,,,10.24,,,,,2920.65,,,,,,,8.94e-12,36.25,0.02275,,,,,,,,,,,,,,,,0.5116015549,,,,,,,,7.979561473,,0
1979-06-01,,,10.29,,,,,3393.21,,,,,,,9.32e-12,36.76,0.02275,,,,,,,,,,,,,,,,0.4498978722,,,,,,,,8.129531655,,0
1979-07-01,,,10.47,,,,,3467.61,,,,,,,9.49e-12,39,0.02275,,,,,,,,,,,,,,,,0.7997378555,,,,,,,,8.151220875,,0
1979-08-01,,,10.94,,,,,3558.86,,,,,,,9.81e-12,39,0.02275,,,,,,,,,,,,,,,,0.1985536506,,,,,,,,8.177195548,,0
1979-09-01,,,11.43,,,,,3624.16,,,,,,,1.05e-11,39,0.02275,,,,,,,,,,,,,,,,0.5150461565,,,,,,,,8.195377816,,0
1979-10-01,,,13.77,,,,,3735.72,,,,,,,1.1e-11,39,0.02275545482,,,,,,,,,,,,,,,,0.3228618225,,,,,,,,8.22569585,,0
1979-11-01,,,13.18,,,,,3862.36,,,,,,,1.15e-11,39,0.022770001,,,,,,,,,,,,,,,,0.3088366012,,,,,,,,8.259033675,,0
1979-12-01,,,13.78,,,,,4105.92,,,,,,,1.46e-11,39,0.022770001,,,,,,,,,,,,,,,,2.067094415,,,,,,,,8.320185114,,0
1980-01-01,,,13.82,,,,,4274.4,,,,,,,1.59e-11,39,0.022770001,,,,,,,,,,,,,,,,0.6725644499,,,,,,,,8.360399021,,0
1980-02-01,,,14.13,,,,,4346.5,,,,,,,1.63e-11,39,0.022770001,,,,,,,,,,,,,,,,0.1229279961,,,,,,,,8.377126203,,0
1980-03-01,,,17.19,,,,,4421.3,,,,,,,1.69e-11,39,0.0227780006,,,,,,,,,,,,,,,,0.2298972053,,,,,,,,8.394189049,,0
1980-04-01,,,17.61,,,,,4526,,,,,,,1.76e-11,39,0.02280900095,,,,,,,,,,,,,,,,0.2823127616,,,,,,,,8.417593826,,0
1980-05-01,,,10.98,,,,,4570.5,,,,,,,1.81e-11,39,0.02285700015,,,,,,,,,,,,,,,,0.1768873767,,,,,,,,8.427377887,,0
1980-06-01,,,9.47,,,,,4611.3,,,,,,,1.87e-11,39,0.022896667,,,,,,,,,,,,,,,,0.2142900238,,,,,,,,8.436265092,,0
1980-07-01,,,9.03,,,,,4830,,,,,,,1.92e-11,39,0.02295086939,,,,,,,,,,,,,,,,0.165240522,,,,,,,,8.482601747,,0
1980-08-01,,,9.61,,,,,4860.2,,,,,,,1.99e-11,39,0.02297714286,,,,,,,,,,,,,,,,0.2363052306,,,,,,,,8.488834868,,0
1980-09-01,,,10.87,,,,,5147.9,,,,,,,2.06e-11,39,0.02297428624,,,,,,,,,,,,,,,,0.2098642426,,,,,,,,8.546344144,,0
1980-10-01,,,12.81,,,,,5196.3,,,,,,,2.14e-11,39,0.02303130422,,,,,,,,,,,,,,,,0.273105984,,,,,,,,8.555702113,,0
1980-11-01,,,15.85,,,,,5218.8,,,,,,,2.23e-11,39,0.02311999995,,,,,,,,,,,,,,,,0.3175936779,,,,,,,,8.560022769,,0
1980-12-01,,,18.9,,,,,5416,,,,,,,2.32e-11,39,0.02320000026,,,,,,,,,,,,,,,,0.2981101228,,,,,,,,8.597112815,,0
1981-01-01,,,19.08,,,,,5455.3,,,,,,,2.45e-11,39,0.02333714314,,,,,,,,,,,,,,,,0.4632898506,,,,,,,,8.604342892,,0
1981-02-01,,,15.93,,,,,5432.1,,,,,,,2.56e-11,39,0.02347184205,,,,,,,,,,,,,,,,0.3652384482,,,,,,,,8.600081078,,0
1981-03-01,,,14.7,,,,,5381.4,,,,,,,2.7e-11,39,0.02364136377,,,,,,,,,,,,,,,,0.4672763207,,,,,,,,8.590703842,,0
1981-04-01,,,15.72,,,,,5369.8,,,,,,,2.87e-11,39,0.0238490001,,,,,,,,,,,,,,,,0.5568689731,,,,,,,,8.588545943,,0
1981-05-01,,,18.52,,,,,5381,,,,,,,3.05e-11,39,0.02405473679,,,,,,,,,,,,,,,,0.5529187699,,,,,,,,8.590629509,,0
1981-06-01,,,19.1,,,,,5372.2,,,,,,,3.22e-11,39,0.02426727273,,,,,,,,,,,,,,,,0.4954819045,,,,,,,,8.588992787,,0
1981-07-01,,,19.04,,,,,5342.8,,,,,,,3.42e-11,39,0.02451086965,,,,,,,,,,,,,,,,0.564472302,,,,,,,,8.583505139,,0
1981-08-01,,,17.82,,,,,5233,,,,,,,3.63e-11,39,0.0247352381,,,,,,,,,,,,,,,,0.5479227017,,,,,,,,8.562740006,,0
1981-09-01,,,15.87,,,,,5235.2,,,,,,,3.83e-11,39,0.02501600025,,,,,,,,,,,,,,,,0.5197644086,,,,,,,,8.563160327,,0
1981-10-01,,,15.08,,,,,5414.6,,,,,,,4.05e-11,39,0.0253171429,,,,,,,,,,,,,,,,0.5480806051,,,,,,,,8.596854288,,0
1981-11-01,,,13.31,,,,,5500.5,,,,,,,4.29e-11,39,0.02562842111,,,,,,,,,,,,,,,,0.5667401494,,,,,,,,8.612594276,,0
1981-12-01,,,12.37,,,,,5630.2,,,,,,,4.54e-11,39,0.02596619038,,,,,,,,,,,,,,,,0.5687409448,,,,,,,,8.635900244,,0
1982-01-01,,,13.22,,,,,5648.9,,,,,,,4.77e-11,39,0.02635499985,,,,,,,,,,,,,,,,0.5242657334,,,,,,,,8.639216115,,0
1982-02-01,,,14.78,,,,,5529.7,,,,,,,5e-11,39,0.03154578953,,,,,,,,,,,,,,,,2.477261983,,,,,,,,8.617888843,,0
1982-03-01,,,14.68,,,,,5301.2,,,,,,,5.27e-11,39,0.04546695635,,,,,,,,,,,,,,,,4.750950357,,,,,,,,8.575688489,,0
1982-04-01,,,14.94,,,,,5256,,,,,,,5.53e-11,39,0.04569000005,,,,,,,,,,,,,,,,0.393458794,,,,,,,,8.56712556,,0
1982-05-01,,,14.45,,,,,5190.7,,,,,,,5.81e-11,39,0.04649,,,,,,,,,,,,,,,,0.5538918759,,,,,,,,8.554623842,,0
1982-06-01,,,14.15,,,,,5313.3,,,,,,,6.12e-11,43.02,0.04733,,,,,,,,,,,,,,,,1.808593949,,,,,,,,8.57796839,,0
1982-07-01,,,12.59,,,,,5158.4,,,,,,,6.46e-11,46.65,0.04821,,,,,,,,,,,,,,,,1.620323569,,,,,,,,8.548381733,,0
1982-08-01,,,10.12,,,,,4997.1,,,,,,,6.87e-11,55.34,0.04931272714,,,,,,,,,,,,,,,,2.85954932,,,,,,,,8.516613023,,0
1982-09-01,,,10.31,,,,,4846.5,,,,,,,7.35e-11,63.04,0.07,,,,,,,,,,,,,,,,6.330634498,,,,,,,,8.486012074,,0
1982-10-01,,,9.71,,,,,4806.3,,,,,,,7.84e-11,66.27,0.07,,,,,,,,,,,,,,,,1.107549419,,,,,,,,8.477682836,,0
1982-11-01,,,9.2,,,,,4806.8,,,,,,,8.36e-11,69.19,0.07,,,,,,,,,,,,,,,,1.019158384,,,,,,,,8.477786861,,0
1982-12-01,,,8.95,,,,,4890.8,,,,,,,8.92e-11,72.39,0.07022666633,,,,,,,,,,,,,,,,1.089598941,,,,,,,,8.495111168,,0
1983-01-01,,,8.68,,,,,4791.7,,,,,,,9.57e-11,74.04,0.1501666698,,,,,,,,,,,,,,,,9.915621783,,,,,,,,8.474640533,,0
1983-02-01,,,8.51,,,,,4629.1,,,,,,,1.15e-10,76.38,0.1550750023,,,,,,,,,,,,,,,,2.340790639,,,,,,,,8.440117744,,0
1983-03-01,,,8.77,,,,,4253.6,,,,,,,1.46e-10,74.48,0.1602380978,,,,,,,,,,,,,,,,2.144709427,,,,,,,,8.355520962,,0
1983-04-01,,,8.8,,,,,4094.8,,,,,,,1.58e-10,73.69,0.1534250023,,,,,,,,,,,,,,,,-0.0380120302,,,,,,,,8.317473155,,0
1983-05-01,,,8.63,,,,,4034.2,,,,,,,1.73e-10,75.1,0.1501595236,,,,,,,,,,,,,,,,0.7007137643,,,,,,,,8.302563296,,0
1983-06-01,,,8.98,,,,,3946.1,,,,,,,1.88e-10,77.03,0.149263638,,,,,,,,,,,,,,,,0.8981483647,,,,,,,,8.280483028,,0
1983-07-01,,,9.37,,,,,3647.5,,,,,,,2.07e-10,78.25,0.1494452393,,,,,,,,,,,,,,,,0.9830950671,,,,,,,,8.20179728,,0
1983-08-01,,,9.56,,,,,3396.1,,,,,,,2.34e-10,79.55,0.1516326102,,,,,,,,,,,,,,,,1.39135792,,,,,,,,8.130382993,,0
1983-09-01,,,9.45,,,,,3164.2,,,,,,,2.55e-10,81.24,0.1527775011,,,,,,,,,,,,,,,,1.030879531,,,,,,,,8.059655538,,0
1983-10-01,,,9.48,,,,,3051,,,,,,,2.85e-10,83.34,0.156977497,,,,,,,,,,,,,,,,1.55151128,,,,,,,,8.023224685,,0
1983-11-01,,,9.34,,,,,3052.5,,,,,,,3.17e-10,85.29,0.1620714281,,,,,,,,,,,,,,,,1.535523951,,,,,,,,8.023716206,,0
1983-12-01,,,9.47,,,,,3078.5,,,,,,,3.44e-10,87.07,0.1649285704,,,,,,,,,,,,,,,,1.107235525,,,,,,,,8.032197744,,0
1984-01-01,,,9.56,,,,,2799,,,,,,,3.71e-10,87.82,0.1659559081,,,,,,,,,,,,,,,,0.765426703,,,,,,,,7.93701749,,0
1984-02-01,,,9.59,,,,,2586.9,,,,,,,4.11e-10,88.12,0.1685671432,,,,,,,,,,,,,,,,1.057433926,,,,,,,,7.858215527,,0
1984-03-01,,,9.91,,,,,2378.9,,,,,,,4.62e-10,88.2,0.172795236,,,,,,,,,,,,,,,,1.268423816,,,,,,,,7.774393475,,0
1984-04-01,,,10.29,,,,,2164.6,,,,,,,5.04e-10,88.55,0.1793026335,,,,,,,,,,,,,,,,1.180103786,,,,,,,,7.679990866,,0
1984-05-01,,,10.32,,,,,2057.8,,,,,,,5.49e-10,90.19,0.1986818185,,,,,,,,,,,,,,,,2.132199757,,,,,,,,7.62939273,,0
1984-06-01,,,11.06,,,,,1994.1,,,,,,,5.98e-10,91.13,0.1968571424,,,,,,,,,,,,,,,,0.6933176236,,,,,,,,7.5979481,,0
1984-07-01,,,11.23,,,,,1809.7,,,,,,,6.6e-10,91.89,0.1958636324,,,,,,,,,,,,,,,,0.8370625992,,,,,,,,7.500916365,,0
1984-08-01,,,11.64,,,,,1629.6,,,,,,,7.25e-10,92.69,0.1964999976,,,,,,,,,,,,,,,,0.8981018402,,,,,,,,7.396089865,,0
1984-09-01,,,11.3,,,,,1560.5,,,,,,,8.01e-10,100.94,0.1970750025,,,,,,,,,,,,,,,,1.902733135,,,,,,,,7.352761562,,0
1984-10-01,,,9.99,,,,,1478.2,,,,,,,8.92e-10,116.39,0.2024318204,,,,,,,,,,,,,,,,2.974201291,,,,,,,,7.29858041,,0
1984-11-01,,,9.43,,,,,1440.6,,,,,,,9.94e-10,119.58,0.2099125012,,,,,,,,,,,,,,,,1.653340383,,,,,,,,7.272814972,,0
1984-12-01,,,8.38,,,,,1795.5,,,,,,,1.09e-09,126.23,0.2179472207,,,,,,,,,,,,,,,,1.860479821,,,,,,,,7.493038814,,0
1985-01-01,,,8.35,,,,,1688.8,,,,,,,1.22e-09,128.98,0.2264886363,,,,,,,,,,,,,,,,1.650656225,,,,,,,,7.431773497,,0
1985-02-01,,,8.5,,,,,1650,,,,,,,1.37e-09,131.84,0.2358684185,,,,,,,,,,,,,,,,1.710869654,,,,,,,,7.408530567,,0
1985-03-01,,,8.58,,,,,1677.4,,,,,,,1.51e-09,145.69,0.245099999,,,,,,,,,,,,,,,,2.488168803,,,,,,,,7.425000255,,0
1985-04-01,,,8.27,,,,,1512.6,,,,,,,1.71e-09,148.76,0.2450375013,,,,,,,,,,,,,,,,1.285192361,,,,,,,,7.321585303,,0
1985-05-01,,,7.97,,,,,1552.4,,,,,,,1.9e-09,152.15,0.2540681802,,,,,,,,,,,,,,,,1.569473517,,,,,,,,7.347557399,,0
1985-06-01,,,7.53,,,,,1687.3,,,,,,,2.09e-09,155.06,0.2929749996,,,,,,,,,,,,,,,,2.705692474,,,,,,,,7.430884897,,0
1985-07-01,,,7.88,,,,,1642.9,,,,,,,2.26e-09,170.81,0.3459565187,,,,,,,,,,,,,,,,3.805401861,,,,,,,,7.404218252,,0
1985-08-01,,,7.9,,,,,1620.3,,,,,,,2.44e-09,176.49,0.3392272699,,,,,,,,,,,,,,,,0.766989859,,,,,,,,7.390366596,,0
1985-09-01,,,7.92,,,,,1725.8,,,,,,,2.71e-09,178.19,0.3719000026,,,,,,,,,,,,,,,,2.071653134,,,,,,,,7.45344599,,0
1985-10-01,,,7.99,,,,,1681.3,,,,,,,2.98e-09,179.19,0.4092608729,,,,,,,,,,,,,,,,1.976311308,,,,,,,,7.427322583,,0
1985-11-01,,,8.05,,,,,1840.3,,,,,,,3.25e-09,180.68,0.4917500005,,,,,,,,,,,,,,,,2.986956263,,,,,,,,7.517683881,,0
1985-12-01,,,8.27,,,,,2067.1,,,,,,,3.6e-09,182.48,0.4661111119,,,,,,,,,,,,,,,,0.3097275191,,,,,,,,7.633901938,,0
1986-01-01,,,8.14,,,,,2101.3,,,,,,,4.11e-09,184.8,0.4483636374,,,,,,,,,,,,,,,,0.7946527727,,,,,,,,7.65031148,,0
1986-02-01,,,7.86,,,,,2142,,,,,,,4.74e-09,186.74,0.4750526313,,,,,,,,,,,,,,,,2.016197413,,,,,,,,7.669495251,,0
1986-03-01,,,7.48,,,,,2217.9,,,,,,,5.03e-09,189.22,0.475666667,,,,,,,,,,,,,,,,0.6170900146,,,,,,,,7.704316081,,0
1986-04-01,,,6.99,,,,,2151.3,,,,,,,5.03e-09,189.19,0.5023181819,,,,,,,,,,,,,,,,0.5476306492,,,,,,,,7.67382759,,0
1986-05-01,,,6.85,,,,,2220.2,,,,,,,5.03e-09,187.93,0.5345000029,,,,,,,,,,,,,,,,0.5569527011,,,,,,,,7.705352561,,0
1986-06-01,,,6.92,,,,,2468.7,,,,,,,5.03e-09,188.79,0.634285714,,,,,,,,,,,,,,,,2.002971435,,,,,,,,7.811446975,,0
1986-07-01,,,6.56,,,,,2533.9,,,,,,,5.03e-09,190.36,0.6354347857,,,,,,,,,,,,,,,,0.02206755436,,,,,,,,7.837514897,,0
1986-08-01,,,6.17,,,,,2507.1,,,,,,,5.03e-09,194.46,0.6808095262,,,,,,,,,,,,,,,,0.9886610076,,,,,,,,7.826881986,,0
1986-09-01,,,5.89,,,,,2586.9,,,,,,,5.03e-09,198.32,0.7435499997,,,,,,,,,,,,,,,,1.197611193,,,,,,,,7.858215527,,0
1986-10-01,,,5.85,,,,,2923.8,,,,,,,5.08e-09,199.73,0.7984347836,,,,,,,,,,,,,,,,0.9278939128,,,,,,,,7.980639419,,0
1986-11-01,,,6.04,,,,,3021.8,,,,,,,5.13e-09,201.95,0.8473157945,,,,,,,,,,,,,,,,0.8353414488,,,,,,,,8.013607959,,0
1986-12-01,,,6.91,,,,,3477.7,,,,,,,5.3e-09,203.67,0.8942500085,,,,,,,,,,,,,,,,0.9446531374,,,,,,,,8.154126435,,0
1987-01-01,,,6.43,,,,,3340.9,,,,,,,5.69e-09,204.54,0.9503809526,,,,,,,,,,,,,,,,1.324538232,,,,,,,,8.113995511,,0
1987-02-01,,,6.1,,,,,3373.6,,,,,,,6.59e-09,206.01,1.015631585,,,,,,,,,,,,,,,,2.116411522,,,,,,,,8.123735702,,0
1987-03-01,,,6.13,,,,,3257.3,,,,,,,7.59e-09,207.82,1.08247619,,,,,,,,,,,,,,,,2.053746312,,,,,,,,8.08865391,,0
1987-04-01,,,6.37,,,,,3342.3,,,,,,,8.62e-09,211.49,1.15202499,,,,,,,,,,,,,,,,2.017949066,,,,,,,,8.114414472,,0
1987-05-01,,,6.85,,,,,3294.8,,,,,,,1.12e-08,212.54,1.235894743,,,,,,,,,,,,,,,,3.180647288,,,,,,,,8.100100747,,0
1987-06-01,,,6.73,,,,,3314.7,,,,,,,1.43e-08,218.18,1.312215919,,,,,,,,,,,,,,,,3.162875002,,,,,,,,8.106122401,,0
1987-07-01,,,6.58,,,,,3345.7,,,,,,,1.63e-08,224.13,1.391434794,,,,,,,,,,,,,,,,2.124781861,,,,,,,,8.115431218,,0
1987-08-01,,,6.73,,,,,3399.7,,,,,,,1.71e-08,224.58,1.46242857,,,,,,,,,,,,,,,,0.9533832402,,,,,,,,8.131442471,,0
1987-09-01,,,7.22,,,,,3261.9,,,,,,,1.81e-08,225.15,1.538099998,,,,,,,,,,,,,,,,1.049307823,,,,,,,,8.090065127,,0
1987-10-01,,,7.29,,,,,3255.9,,,,,,,1.94e-08,229.27,1.614809524,,,,,,,,,,,,,,,,1.336612387,,,,,,,,8.088224014,,0
1987-11-01,,,6.69,,,,,3312.9,,,,,,,2.15e-08,233.83,1.949526329,,,,,,,,,,,,,,,,3.33221628,,,,,,,,8.105579218,,0
1987-12-01,,,6.77,,,,,3449.9,,,,,,,2.45e-08,235.34,2.305238054,,,,,,,,,,,,,,,,3.171212953,,,,,,,,8.146100524,,0
1988-01-01,,,6.83,,,,,3445.9,,,,,,,2.82e-08,243.73,2.239094985,,,,,,,,,,,,,,,,1.264605583,,,,,,,,8.144940398,,0
1988-02-01,,,6.58,,,,,3418.9,,,,,,,3.3e-08,240,2.293824995,,,,,,,,,,,,,,,,1.422748219,,,,,,,,8.137074141,,0
1988-03-01,,,6.58,,,,,3258.7,,,,,,,3.89e-08,243.33,2.281261864,,,,,,,,,,,,,,,,1.498830084,,,,,,,,8.089083622,,0
1988-04-01,,,6.87,,,,,3167,,,,,,,4.57e-08,241.88,2.280799961,,,,,,,,,,,,,,,,1.284779953,,,,,,,,8.060540047,,0
1988-05-01,,,7.09,,,,,3763.8,,,,,,,5.48e-08,245.15,2.283666611,,,,,,,,,,,,,,,,1.730748437,,,,,,,,8.233184364,,0
1988-06-01,,,7.51,,,,,4002,,,,,,,6.48e-08,248.31,2.284136274,,,,,,,,,,,,,,,,1.583347961,,,,,,,,8.294549515,,0
1988-07-01,,,7.75,,,,,3913.4,,,,,,,7.84e-08,248.32,2.284499884,,,,,,,,,,,,,,,,1.631658133,,,,,,,,8.27216184,,0
1988-08-01,,,8.01,,,,,3871.6,,,,,,,9.72e-08,245.59,2.284021658,,,,,,,,,,,,,,,,1.710859409,,,,,,,,8.261423137,,0
1988-09-01,,,8.19,,,,,3703.1,,,,,,,1.19e-07,245.67,2.284499884,,,,,,,,,,,,,,,,1.743422605,,,,,,,,8.216925586,,0
1988-10-01,,,8.3,,,,,3720.1,,,,,,,1.5e-07,247.09,2.284499884,,,,,,,,,,,,,,,,2.073913189,,,,,,,,8.221505829,,0
1988-11-01,,,8.35,,,,,3755.8,,,,,,,1.91e-07,246.44,2.284499884,,,,,,,,,,,,,,,,2.061160047,,,,,,,,8.231056591,,0
1988-12-01,,,8.76,,,,,3834.1,,,,,,,2.44e-07,244.63,2.284499884,,,,,,,,,,,,,,,,2.031632469,,,,,,,,8.251690006,,0
1989-01-01,,,9.12,,,,,3850.7,,,,,,,3.28e-07,247.11,2.293295438,,,,,,,,,,,,,,,,2.758809867,,,,,,,,8.256010229,,0
1989-02-01,,,9.36,,,,,3761,,,,,,,3.64e-07,245.84,2.331449986,,,,,,,,,,,,,,,,0.9770856229,,,,,,,,8.232440158,,0
1989-03-01,,,9.85,,,,,3470.3,,,,,,,3.64e-07,249.64,2.372350001,,,,,,,,,,,,,,,,0.2966680829,,,,,,,,8.151996325,,0
1989-04-01,,,9.84,,,,,3425,,,,,,,3.69e-07,251.36,2.413000012,,,,,,,,,,,,,,,,0.3101508424,,,,,,,,8.138856751,,0
1989-05-01,,,9.81,,,,,3359.5,,,,,,,4e-07,252.44,2.456309523,,,,,,,,,,,,,,,,0.8969340771,,,,,,,,8.119547432,,0
1989-06-01,,,9.53,,,,,3348.4,,,,,,,4.86e-07,261.66,2.490136374,,,,,,,,,,,,,,,,2.279177631,,,,,,,,8.116237899,,0
1989-07-01,,,9.24,,,,,3412.3,,,,,,,6.96e-07,272.81,2.520690475,,,,,,,,,,,,,,,,3.829277019,,,,,,,,8.13514183,,0
1989-08-01,,,8.99,,,,,3494,,,,,,,9e-07,276.65,2.550847821,,,,,,,,,,,,,,,,2.550963818,,,,,,,,8.158802491,,0
1989-09-01,,,9.02,,,,,3288.4,,,,,,,1.19e-06,280.15,2.582169056,,,,,,,,,,,,,,,,2.739613143,,,,,,,,8.098156403,,0
1989-10-01,,,8.84,,,,,3941.6,,,,,,,1.63e-06,282.78,2.612488111,,,,,,,,,,,,,,,,3.014038119,,,,,,,,8.279342011,,0
1989-11-01,,,8.55,,,,,3935,,,,,,,2.27e-06,288.42,2.644697365,,,,,,,,,,,,,,,,3.301545402,,,,,,,,8.277666161,,0
1989-12-01,,,8.45,,,,,3890.1,,,,,,,3.37e-06,294.58,2.671166672,,,,,,,,,,,,,,,,3.872645573,,,,,,,,8.266190143,,0
1990-01-01,,,8.23,,23.34727273,,,3790.89,,,,,,,5.2e-06,296.76,2.702177264,,,,,,,,,,,,,,,,4.070922809,,,,,,3.150480178,,8.240356099,,0
1990-02-01,,,8.24,,23.26263158,,,4018.69,,,,,,,8.6e-06,292.46,2.733631598,,,,,,,,,,,,,,,,4.427671805,,,,,,3.146848278,,8.298711258,-0.003631899384,0
1990-03-01,,,8.28,,20.06227273,,,3894.16,,,,,,,1.37e-05,296.66,2.76303809,,,,,,,,,,,,,,,,4.436716173,,,,,,2.998841073,,8.267233274,-0.1480072056,0
1990-04-01,,,8.26,,21.4035,,,3760.34,,,,,,,1.74e-05,296.41,2.79304212,,,,,,,,,,,,,,,,2.189493738,,,,,,3.06355446,,8.232264658,0.06471338747,0
1990-05-01,,,8.18,,18.09772727,,,3906.19,,,,,,,1.9e-05,296.97,2.821840904,,,,,,,,,,,,,,,,0.8432064279,,,,,,2.895786365,,8.270317753,-0.1677680947,0
1990-06-01,,,8.29,,16.82238095,,,3942.7,,,,,,,2.08e-05,296.79,2.845642828,,,,,,,,,,,,,,,,0.8129708464,,,,,,2.822710199,,8.279621047,-0.07307616598,0
1990-07-01,,,8.15,,18.39285714,,,3971.62,,,,,,,2.42e-05,296.67,2.867113634,,,,,,,,,,,,,,,,1.358507858,,,,,,2.91196239,,8.286929351,0.08925219112,0
1990-08-01,,,8.13,,28.17521739,,,4366.05,,,,,,,2.61e-05,303.44,2.879152153,,,,,,,,,,,,,,,,0.9160430395,,,,,,3.338442776,,8.381613989,0.4264803852,0
1990-09-01,,,8.2,,29.10736842,,,4343.17,,,,,,,2.75e-05,308.35,2.892573695,,,,,,,,,,,,,,,,0.6281345771,,,,,,3.370991352,,8.376359775,0.03254857682,0
1990-10-01,,,8.11,,29.62565217,,,4344.87,,,,,,,3.46e-05,312.49,2.912677277,,,,,,,,,,,,,,,,2.23459086,,,,,,3.388640614,,8.376751118,0.01764926105,0
1990-11-01,,,7.81,,24.88571429,,,4357.71,,,,,,,4.48e-05,326.86,2.932827777,,,,,,,,,,,,,,,,2.889769233,,,,,,3.214293915,,8.379701969,-0.1743466982,0
1990-12-01,,,7.31,,23.363,,,4551.73,,,,,,,5.62e-05,334.98,2.945310555,,,,,,,,,,,,,,,,2.315449037,,,,,,3.151153574,,8.423262659,-0.06314034099,0
1991-01-01,,,6.91,,27.42909091,,,4674.6,,,,,,,7.03e-05,337.23,2.958199989,,,,,,,,,,,,,,,,2.068188009,,,,,,3.311604162,,8.449898877,0.1604505878,0
1991-02-01,,,6.25,,21.59842105,,,4634.5,,,,,,,8.06e-05,337.53,2.969347402,,,,,,,,,,,,,,,,1.196291649,,,,,,3.072620213,,8.441283597,-0.2389839496,0
1991-03-01,,,6.12,,17.74421053,,,4574.5,,,,,,,8.37e-05,340.24,2.980905586,,,,,,,,,,,,,,,,0.3864917807,,,,,,2.876059295,,8.428252682,-0.1965609174,0
1991-04-01,,,5.91,,17.37272727,,,4637.2,,,,,,,9.17e-05,340.28,2.992909063,,,,,,,,,,,,,,,,0.7765617004,,,,,,2.854901578,,8.441866015,-0.02115771674,0
1991-05-01,,,5.78,,16.93227273,,,4936.8,,,,,,,9.93e-05,339.95,3.006909078,,,,,,,,,,,,,,,,0.6647244694,,,,,,2.82922143,,8.504472627,-0.02568014871,0
1991-06-01,,,5.9,,17.135,,,5197.1,,,,,,,0.00010832,344.89,3.01918,,,,,,,,,,,,,,,,0.9163735964,,,,,,2.841123155,,8.555856057,0.01190172559,0
1991-07-01,,,5.82,,17.29409091,,,5457.4,,,,,,,0.000119607,348.72,3.030978244,,,,,,,,,,,,,,,,0.9827964231,,,,,,2.850364877,,8.604727765,0.009241721882,0
1991-08-01,,,5.66,,15.68136364,,,5885.9,,,,,,,0.000135011,350.89,3.045068188,,,,,,,,,,,,,,,,1.1314476,,,,,,2.752472978,,8.680314939,-0.09789189946,0
1991-09-01,,,5.45,,16.9565,,,6147.2,,,,,,,0.000155981,355.61,3.055824995,,,,,,,,,,,,,,,,1.418735924,,,,,,2.830651241,,8.723751973,0.0781782634,0
1991-10-01,,,5.21,,16.36391304,,,6398.9,,,,,,,0.000212309,359.06,3.068313028,,,,,,,,,,,,,,,,2.86955699,,,,,,2.795078486,,8.76388138,-0.03557275498,0
1991-11-01,694.1775,,4.81,,17.7735,,,6395.8,,,,,,,0.000269223,364.26,3.070515796,,,,,,,,,,,,,,,,2.244461581,,,6.542727691,,,2.877708584,,8.763396804,0.08263009778,0
1991-12-01,630.4125806,,4.43,,18.34761905,,,6439.8,,,,,,,0.000348315,371.93,3.071457926,,,,,,,,,,,,,,,,2.502652671,,,6.446374495,,,2.909499814,,8.770252763,0.03179122997,0
1992-01-01,644.0580645,,4.03,,17.68318182,,,6527.6,,,,,,,0.000435409,369.75,3.06700907,,,,,,,,,,,,,,,,1.835471735,,,6.467788884,,,2.872614008,,8.78379462,-0.0368858058,0
1992-02-01,635.6717241,,4.06,,17.47736842,,,6710,,,,,,,0.000537692,347.86,3.062255037,,,,,,,,,,,,,,,,1.035127471,,,6.454682273,,,2.860906811,,8.81135423,-0.01170719721,0
1992-03-01,640.5019355,,3.98,,17.52045455,,,6947.7,,,,,,,0.000659822,348.34,3.067159111,,,,,,,,,,,,,,,,1.794415946,,,6.462252143,,,2.86336903,,8.846165949,0.002462218648,0
1992-04-01,649.955,,3.73,,16.56285714,,,7111.58,,,,,,,0.000798825,346.3,3.070745015,,,,,,,,,,,,,,,,1.575860858,,,6.47690313,,,2.807162667,,8.86947972,-0.05620636269,0
1992-05-01,659.7712903,,3.82,,15.077,,,7325.2,,,,,,,0.000955864,346.56,3.102494754,,,,,,,,,,,,,,,,1.661331244,,,6.491893245,,,2.713170404,,8.899075737,-0.09399226306,0
1992-06-01,677.1653333,,3.76,,15.20318182,,,7432.9,,,,,,,0.001145365,355,3.119522745,,,,,,,,,,,,,,,,1.907336799,,,6.517915458,,,2.721504736,,8.913671371,0.008334332292,0
1992-07-01,704.7722581,,3.25,,13.60181818,,,7482.7,,,,,,,0.001392429,361.25,3.115391327,,,,,,,,,,,,,,,,1.874953852,,,6.557874712,,,2.610203474,,8.920348968,-0.1113012624,0
1992-08-01,694.1745161,,3.3,,14.42190476,,,7472.6,,,,,,,0.001698951,368.86,3.087404773,,,,,,,,,,,,,,,,1.858219105,,,6.542723393,,,2.668748215,,8.918998276,0.05854474116,0
1992-09-01,697.5033333,,3.22,,13.69666667,,,7502.2,,,,,,,0.002098724,376.04,3.088990461,,,,,,,,,,,,,,,,2.065160104,,,6.547507293,,,2.617152494,,8.92295159,-0.05159572058,0
1992-10-01,707.8048387,,3.1,,17.63681818,,,7577.2,,,,,,,0.002623587,373.1,3.123809531,,,,,,,,,,,,,,,,1.962714477,,,6.562168404,,,2.869988659,,8.932899017,0.2528361649,0
1992-11-01,722.5673333,,3.09,,14.4245,,,7714.1,,,,,,,0.003289729,377.63,3.117578958,,,,,,,,,,,,,,,,2.080990305,,,6.582810611,,,2.66892815,,8.950805102,-0.2010605094,0
1992-12-01,733.8293548,,2.92,,12.19136364,,,7723.7,,,,,,,0.004056663,380.22,3.117880946,,,,,,,,,,,,,,,,1.888819715,,,6.598276515,,,2.500727802,,8.952048803,-0.1682003473,0
1993-01-01,745.1825806,,3.02,,12.409,,,7965.9,,,,,,,0.005112389,383.93,3.108350027,,,,,,,,,,,,,,,,2.084660548,,,6.613629263,,,2.518422016,,8.98292521,0.01769421339,0
1993-02-01,749.7317857,,3.03,,13.72157895,,,8007.7,,,,,,,0.006497636,387.91,3.097236847,,,,,,,,,,,,,,,,2.162930009,,,6.619715524,,,2.618969699,,8.988158858,0.1005476835,0
1993-03-01,764.7003226,,3.07,,13.60608696,,,8011.8,,,,,,,0.008170595,397.22,3.108000019,,,,,,,,,,,,,,,,2.317647344,,,6.639484022,,,2.610517263,,8.988670734,-0.008452436359,0
1993-04-01,771.472,,2.96,,12.84095238,,,8131.3,,,,,,,0.01044682,401.19,3.098150051,,,,,,,,,,,,,,,,2.217620169,,,6.648300378,,,2.552639468,,9.003476091,-0.05787779446,0
1993-05-01,779.4458065,,3,,13.606,,,8255.5,,,,,,,0.013469135,404.98,3.124975014,,,,,,,,,,,,,,,,2.427941567,,,6.658583163,,,2.610510872,,9.018634924,0.05787140344,0
1993-06-01,784.4903333,,3.04,,12.52409091,,,8231.6,,,,,,,0.01749317,403.3,3.120795488,,,,,,,,,,,,,,,,2.205896626,,,6.66503425,,,2.527654062,,9.015735685,-0.08285680969,0
1993-07-01,794.9967742,,3.06,,11.50047619,,,8258.6,,,,,,,0.022826486,404.79,3.123204535,,,,,,,,,,,,,,,,2.371821213,,,6.678338057,,,2.442388442,,9.019010361,-0.08526561985,0
1993-08-01,804.6377419,,3.03,,11.92863636,,,8351.2,,,,,,,0.030087194,407.66,3.111636379,,,,,,,,,,,,,,,,2.451854473,,,6.690392166,,,2.478941926,,9.03016052,0.03655348407,0
1993-09-01,809.687,,3.09,,12.93142857,,,8423.1,,,,,,,0.040432258,408.19,3.113999991,,,,,,,,,,,,,,,,2.609326764,,,6.696647753,,,2.559660672,,9.03873321,0.08071874527,0
1993-10-01,814.4812903,,2.99,,11.8752381,,,7946.8,,,,,,,0.054990765,412.59,3.115675008,,,,,,,,,,,,,,,,2.833478488,,,6.702551457,,,2.4744554,,8.980524611,-0.08520527187,0
1993-11-01,813.9426667,,3.02,,14.08380952,,,7884.3,,,,,,,0.074836532,412.5,3.153610003,,,,,,,,,,,,,,,,2.840838502,,,6.701889929,,,2.645025877,,8.972628719,0.1705704771,0
1993-12-01,803.276129,,2.96,,11.35636364,,,7914.9,,,,,,,0.10159428,425.73,3.107900013,,,,,,,,,,,,,,,,2.89562034,,,6.688698527,,,2.42977826,,8.976502338,-0.2152476173,0
1994-01-01,815.7419355,,3.05,,11.29047619,,,8032.5,,,,,,,0.14212508,430.45,3.107309489,,,,,,,,,,,,,,,,3.084808449,,,6.704098049,,,2.423959555,,8.991251091,-0.005818704269,0
1994-02-01,817.5917857,,3.25,,13.64421053,,,8125.5,,,,,,,0.20029293,428.69,3.121499968,,,,,,,,,,,,,,,,3.019707367,,,6.706363173,,,2.613315294,,9.002762544,0.189355739,0
1994-03-01,819.7996774,,3.34,,15.22347826,,,8190.7,,,,,,,0.27931563,430.45,3.302459991,,,,,,,,,,,,,,,,3.646457159,,,6.709060015,,,2.722838859,,9.010754643,0.1095235642,0
1994-04-01,829.3456667,,3.56,,16.47105263,,,7924.5,,,,,,,0.40347676,424.47,3.34661001,,,,,,,,,,,,,,,,3.225252954,,,6.720637036,,,2.801604454,,8.977714505,0.07876559563,0
1994-05-01,841.406129,,4.01,,13.89714286,,,7891.7,,,,,,,0.57653486,424.7,3.312999987,,,,,,,,,,,,,,,,3.028110246,,,6.735074455,,,2.631683269,,8.973566853,-0.169921185,0
1994-06-01,831.1583333,,4.25,,13.40863636,,,8057.4,,,,,,,0.835,420.68,3.367972732,,,,,,,,,,,,,,,,3.343008055,,,6.72282031,,,2.595899004,,8.994346203,-0.03578426506,0
1994-07-01,818.8612903,,4.26,,12.4845,,,8018.5,,,,,,,0.933,420.49,3.402076187,,,,,,,,,,,,,,,,1.020976132,,,6.707914705,,,2.524487875,,8.989506651,-0.07141112923,0
1994-08-01,814.6725806,,4.47,,11.88913043,,,8033.1,,,,,,,0.899,419.43,3.382560875,,,,,,,,,,,,,,,,-0.5408680155,,,6.702786291,,,2.475624574,,8.991325785,-0.04886330101,0
1994-09-01,829.7623333,,4.73,,13.23333333,,,7836,,,,,,,0.865,414.87,3.399222732,,,,,,,,,,,,,,,,-0.5311451641,,,6.721139314,,,2.582738899,,8.966483779,0.1071143252,0
1994-10-01,839.0467742,,4.76,,15.2452381,,,8226.6,,,,,,,0.846,412.21,3.421428578,,,,,,,,,,,,,,,,-0.3072624957,,,6.732266455,,,2.724267198,,9.015128086,0.1415282992,0
1994-11-01,829.5206667,,5.29,,16.38380952,,,7803.6,,,,,,,0.842,413.45,3.442931815,,,,,,,,,,,,,,,,-0.03357630999,,,6.720848024,,,2.796293623,,8.962340445,0.0720264248,0
1994-12-01,829.4448387,,5.45,,14.17714286,,,8094.9,,,,,,,0.85,402.23,4.056057147,,,,,,,,,,,,,,,,1.601386873,,,6.720756608,,,2.65163101,,8.998989513,-0.1446626133,0
1995-01-01,846.3203226,,5.53,,12.27428571,,77.17,8041.5,,,,,,,0.8461363724,405.7781818,5.593636404,,,,,,,,,,,,,,,,3.812752559,,,6.74089792,,,2.507506482,4.34601078,8.992370912,-0.1441245281,0
1995-02-01,850.5217857,,5.92,,11.47,,77.28,8200.7,,,,,,,0.8397499986,412.1395,5.678999996,,,,,,,,,,,,,,,,0.20360783,,,6.745850027,,,2.439734931,4.34743519,9.011974795,-0.06777155056,0
1995-03-01,865.4219355,,5.98,,12.16652174,,77.34,8414.2,,,,,,,0.8883913029,410.4573913,6.748181798,,,,,,,,,,,,,,,,2.422813957,,,6.763217175,,,2.49868806,4.348211286,9.037676034,0.05895312886,0
1995-04-01,872.987,,6.05,,12.44263158,,79,8544.4,,,,,,,0.9065294091,394.362,6.184444481,,,,,,,,,,,,,,,,-1.462806571,,,6.771920665,,,2.521128607,4.369447852,9.053031377,0.02244054666,0
1995-05-01,876.7632258,,6.01,,12.26590909,,80.77,8622.8,,,,,,,0.8963636324,377.6508696,5.970714274,,,,,,,,,,,,,,,,-1.167006294,,,6.776236974,,,2.506823796,4.391605609,9.062165137,-0.01430481095,0
1995-06-01,874.523,,6,,11.89681818,,78.63,8660.5,,,,,,,0.9130476231,373.5040909,6.211136341,,,,,,,,,,,,,,,,0.3994386332,,,6.773678595,,,2.476270985,4.364753306,9.066527737,-0.03055281102,0
1995-07-01,892.3222581,,5.85,,12.514,,74.92,8654.4,,,,,,,0.9277619124,378.0680952,6.123047647,,,,,,,,,,,,,,,,0.0230025361,,,6.793827343,,,2.526848018,4.316420878,9.065823141,0.05057703289,0
1995-08-01,935.6635484,,5.74,,12.79826087,,75.09,8394.2,,,,,,,0.9409565174,387.1926087,6.205804348,,,,,,,,,,,,,,,,0.4838107812,,,6.841255955,,,2.549309292,4.318687394,9.03529627,0.02246127455,0
1995-09-01,963.3696667,,5.8,,12.057,,74.89,8437.5,,,,,,,0.9517500043,394.5871429,6.314975047,,,,,,,,,,,,,,,,0.4456172969,,,6.870437208,,,2.489645404,4.31602037,9.040441335,-0.05966388799,0
1995-10-01,985.1025806,,5.76,,14.35727273,,71.4,8485.1,,,,,,,0.9591809567,406.4931818,6.734590942,,,,,,,,,,,,,,,,1.1089078,,,6.892745779,,,2.664256624,4.268297869,9.046066963,0.1746112199,0
1995-11-01,1000.434667,,5.8,,12.46904762,,72.91,8414.1,,,,,,,0.9628749966,412.4809091,7.618309498,,,,,,,,,,,,,,,,1.590428926,,,6.908189851,,,2.523249383,4.289225804,9.037664149,-0.1410072411,0
1995-12-01,987.123871,,5.6,,11.7485,,76.08,8446.4,,,,,,,0.9677849948,409.037619,7.672105262,,,,,,,,,,,,,,,,-0.07713862062,,,6.894795534,,,2.463725573,4.331785418,9.041495594,-0.05952381014,0
1996-01-01,1010.221613,,5.56,,13.47363636,,71.71,8294.9,,,,,,,0.9739772757,408.4708696,7.479772719,,,,,,,,,,,,,,,,-0.3662072133,,,6.917925004,,,2.600734914,4.272630208,9.023396147,0.1370093413,0
1996-02-01,1029.086897,,5.22,,15.033,,71.2,8119.63,,,,,,,0.9805789432,410.9657143,7.519030047,,,,,,,,,,,,,,,,0.09711437012,,,6.93642718,,,2.710247785,4.265492818,9.002039866,0.1095128705,0
1996-03-01,1044.969355,,5.31,,17.76238095,,76.37,7981.46,,,,,,,0.985719048,411.5466667,7.566599989,,,,,,,,,,,,,,,,0.03768675095,,,6.951742838,,,2.877082791,4.335589949,8.984876631,0.1668350066,0
1996-04-01,1050.696667,,5.22,,16.5752381,,77.25,7949.33,,,,,,,0.9898499995,408.4936364,7.46280005,,,,,,,,,,,,,,,,-0.3232484829,,,6.957208715,,,2.807909901,4.347046916,8.980842927,-0.06917289052,0
1996-05-01,1065.76871,,5.24,,16.14636364,,76.96,7981.66,,,,,,,0.9948818196,406.3730435,7.434113654,,,,,,,,,,,,,,,,-0.1679452769,,,6.971451611,,,2.781694862,4.343285806,8.984901689,-0.02621503821,0
1996-06-01,1071.612,,5.27,,16.395,,73.3,8022.43,,,,,,,1.000794746,409.851,7.561650014,,,,,,,,,,,,,,,,0.2608982514,,,6.976919336,,,2.79697641,4.294560609,8.989996647,0.01528154782,0
1996-07-01,1063.966774,,5.4,,17.97863636,,74.87,8122.58,,,,,,,1.00627173,410.7230435,7.620499984,,,,,,,,,,,,,,,,0.06597909804,,,6.969759442,,,2.889184184,4.315753276,9.002403117,0.09220777403,0
1996-08-01,1045.032258,,5.22,,15.76045455,,75.92,8117.94,,,,,,,1.012775009,411.0854545,7.512727273,,,,,,,,,,,,,,,,-0.2038956398,,,6.951803033,,,2.757503926,4.329680154,9.001831706,-0.1316802586,0
1996-09-01,1040.124333,,5.3,,16.578,,78.18,8165.32,,,,,,,1.018645235,411.7809524,7.54465,,,,,,,,,,,,,,,,0.02142902612,,,6.947095536,,,2.808076515,4.35901386,9.007651196,0.05057258944,0
1996-10-01,1015.464516,,5.24,,16.38173913,,78.35,8299.25,,,,,,,1.024443182,415.5526087,7.730478261,,,,,,,,,,,,,,,,0.3537060578,,,6.923101438,,,2.796167247,4.361185969,9.023920428,-0.01190926836,0
1996-11-01,998.6633333,,5.31,,15.997,,75.42,8429.07,,,,,,,1.029817504,420.0590476,7.902,,,,,,,,,,,,,,,,0.3419293948,,,6.906417718,,,2.772401205,4.323072492,9.039441725,-0.02376604215,0
1996-12-01,1001.605484,,5.29,,19.26095238,,77.03,9933.03,,,,,,,1.036730954,422.5586364,7.8742,,,,,,,,,,,,,,,,-0.01027079747,,,6.909359475,,,2.958079854,4.344194956,9.203620846,0.1856786491,0
1997-01-01,1024.295161,,5.25,,19.47333333,,77.56,9859.95,,,,,,,1.042468174,423.8443478,7.827931818,,,,,,,,,,,,,,,,-0.0854211471,,,6.931760008,,,2.969046008,4.35105183,9.196236377,0.0109661545,0
1997-02-01,1072.948929,,5.19,,20.13947368,,73.39,9863.45,,,,,,,1.048866669,416.1915,7.808526316,,,,,,,,,,,,,,,,-0.3044954964,,,6.978166145,,,3.002681754,4.295787687,9.196591285,0.0336357458,0
1997-03-01,1062.013548,,5.39,,20.17,,76.46,9986.54,,,,,,,1.056252649,414.1114286,7.959722222,,,,,,,,,,,,,,,,0.1278498319,,,6.967921959,,,3.004196352,4.336767728,9.208993465,0.001514597877,0
1997-04-01,1060.249333,,5.51,,19.66227273,,77.75,10075.74,,,,,,,1.060500003,417.58,7.908340909,,,,,,,,,,,,,,,,-0.03989194519,,,6.96625938,,,2.97870171,4.353498551,9.217885833,-0.02549464234,0
1997-05-01,1074.53129,,5.5,,19.9247619,,84.66,10251.7,,,,,,,1.067869997,418.6663636,7.901642857,,,,,,,,,,,,,,,,-0.01771879506,,,6.979639836,,,2.991963275,4.438643235,9.235198824,0.0132615654,0
1997-06-01,1082.212667,,5.56,,20.19428571,,84,10317.48,,,,,,,1.074195232,417.4152381,7.949261905,,,,,,,,,,,,,,,,-0.01471537425,,,6.98676299,,,3.005399679,4.430816799,9.241594823,0.01343640392,0
1997-07-01,1102.514516,,5.52,,20.52909091,,81.47,10330.84,,,,,,,1.080252176,416.6082609,7.87126087,,,,,,,,,,,,,,,,-0.1940472985,,,7.005348774,,,3.021842949,4.400234854,9.242888875,0.01644327,0
1997-08-01,1133.596774,,5.54,,23.0847619,,80.66,10333.22,,,,,,,1.087466654,414.7695238,7.786190476,,,,,,,,,,,,,,,,-0.2277484334,,,7.033150843,,,3.139172742,4.390242789,9.243119227,0.1173297931,0
1997-09-01,1222.827333,,5.54,,23.81238095,,80.32,10273.2,,,,,,,1.093190908,414.7931818,7.780263158,,,,,,,,,,,,,,,,-0.06364606396,,,7.108920943,,,3.170205653,4.386018656,9.237293842,0.03103291144,0
1997-10-01,1262.66871,,5.5,,23.87086957,,83.87,10200.64,,,,,,,1.09965652,414.4130435,7.888195652,,,,,,,,,,,,,,,,0.1041155254,,,7.140982784,,,3.172658869,4.429267981,9.230205742,0.002453215397,0
1997-11-01,1294.556333,,5.52,,32.20611111,,81.69,10024.04,,,,,,,1.106915003,424.9575,8.278115789,,,,,,,,,,,,,,,,0.8480293534,,,7.165923316,,,3.472156221,4.402931595,9.212741487,0.2994973517,0
1997-12-01,1295.568065,,5.5,,26.27636364,,79.45,9905.16,,,,,,,1.113177272,438.2469565,8.123328571,,,,,,,,,,,,,,,,0.1067526993,,,7.166704538,,,3.268669814,4.375127893,9.200811112,-0.2034864066,0
1998-01-01,1321.430645,,5.56,,23.8665,,79.65,9773.13,,,,,,,1.11895715,452.7718182,8.226590476,,,,,,,,,,,,,,,,0.5023217565,,,7.186470251,,,3.172475802,4.377642036,9.187392062,-0.09619401201,0
1998-02-01,1346.2875,29.4375,5.51,,19.99894737,,78.23,9396.22,,,,,,,1.125899982,448.531,8.504084211,,,,,,,,,,23.9275,,,,,,0.2329148911,,,7.205106083,,,2.995679641,4.359653206,9.14806276,-0.1767961614,0
1998-03-01,1357.119032,30,5.49,,20.15863636,,74.87,9437.81,,,,,,,1.132704551,452.5313636,8.565654545,,,,,,,,,,24.51,,,,,,0.1490000679,,,7.213119373,,,3.0036328,4.315753276,9.152479241,0.007953159633,0
1998-04-01,1359.929333,30,5.45,,22.02857143,,76.24,9401.34,,,,,,,1.139271418,453.8040909,8.498521053,,,,,,,,,,24.55,,,,,,-0.109547029,,,7.215188017,,,3.092340312,4.333886259,9.148607511,0.08870751185,0
1998-05-01,1385.355806,30.25806452,5.49,,20.874,,76.91,9181.55,,,,,,,1.147180003,453.4309524,8.599884211,,,,,,,,,,24.76806452,,,,,,0.0915823782,,,7.233712286,,,3.038504365,4.342635907,9.124951315,-0.05383594668,0
1998-06-01,1384.496,32,5.56,,21.66272727,,74.72,9074.23,,,,,,,1.153881821,456.2168182,8.913786364,,,,,,,,,,26.44,,,,,,0.4555889514,,,7.233091453,,,3.075593147,4.313747794,9.113193807,0.03708878112,0
1998-07-01,1371.690323,32,5.54,,19.93,,72.41,9087.15,,,,,,,1.160708697,464.6413043,8.897121739,,,,,,,,,,26.46,,,,,,0.1566598848,,,7.22379907,,,2.992226134,4.282344411,9.114616607,-0.08336701229,0
1998-08-01,1390.71,32,5.55,,31.58809524,,72.42,8948.13,,,,,,,1.169623806,471.2552381,9.37292381,,,,,,,,,,26.45,,,,,,0.7666504579,,,7.237569687,,,3.452780317,4.282482504,9.099199851,0.4605541824,0
1998-09-01,1523.476333,32,5.51,,38.2047619,,73.45,8790.39,,,,,,,1.179154559,470.3681818,10.22888,,,,,,,,,,26.49,,,,,,0.9933909414,,,7.328750064,,,3.642960165,4.296604903,9.081414358,0.1901798484,0
1998-10-01,1588.007097,32,5.07,,36.60818182,,72.46,8737.53,,,,,,,1.187340904,463.5790909,10.14875238,,,,,,,,,,26.93,,,,,,-0.3156924189,,,7.370235111,,,3.600271762,4.283034685,9.07538282,-0.04268840267,0
1998-11-01,1562.165,30.2,4.83,,26.223,,72.35,8717.08,,,,,,,1.19222381,463.2561905,9.974536842,,,,,,,,,,25.37,,,,,,-0.28163056,,,7.353827959,,,3.266636888,4.281515453,9.073039598,-0.3336348741,0
1998-12-01,1520.47871,26.64516129,4.68,,25.47909091,,67.71,8739.8,,,,,,,1.202336366,472.6386957,9.909285,,,,,,,,,,21.96516129,,,,,,0.1455424337,,,7.326780505,,,3.237858151,4.215233879,9.075642585,-0.02877873681,0
1999-01-01,1567.969677,26,4.63,,28.03526316,,70.64,8745.56,,,0.8455368469,,,,1.494874996,475.5904762,10.137255,,,,,,,,,,21.37,,,,,,2.227065326,,,7.357536862,,,3.333463116,4.257596556,9.076301422,0.09560496483,0
1999-02-01,1566.853214,24.5,4.76,,28.82263158,,70.34,8659.16,,,1.184242098,,,,1.911315774,493.4485,9.99625,,,,,,,,,,19.74,,,,,,2.423873444,,,7.356824565,,,3.361160897,4.253340627,9.066372999,0.02769778097,0
1999-03-01,1549.202581,22.35483871,4.81,,25.30956522,,76.97,8750.86,,,1.243091314,,,,1.899891299,492.4843478,9.730917391,,,,,,,,,,17.54483871,,,,,,-0.5039267443,,,7.345495613,,,3.231182396,4.343415736,9.07690726,-0.1299785011,0
1999-04-01,1570.627333,19.6,4.74,,23.47857143,,82.26,8774.41,,,1.17425238,,,,1.695625007,482.4072727,9.4133,,,,,,,,,,14.86,,,,,,-1.792468004,,,7.359230394,,,3.156088151,4.409884963,9.07959481,-0.07509424506,0
1999-05-01,1642.178387,18.5483871,4.74,,26.2045,,83.89,8688.18,,,1.636010534,,,,1.679885711,485.13,9.397073684,,,,,,,,,,13.8083871,,,,,,-0.1381642938,,,7.403778924,,,3.265931152,4.429506417,9.06971876,0.1098430007,0
1999-06-01,1691.614667,18,4.76,,23.62636364,,84.74,8391.96,,,1.999240919,,,,1.763340896,502.4504545,9.508780952,,,,,,,,,,13.24,,,,,,0.9172045028,,,7.433438776,,,3.162363192,4.439587745,9.035029384,-0.10356796,0
1999-07-01,1814.645484,17.80645161,4.99,,21.04904762,,85.28,8293.59,,,1.770526321,,,,1.798540896,516.7381818,9.365681818,,,,,,,,,,12.81645161,,,,,,0.2452244566,,,7.503645402,,,3.046855315,4.44593996,9.023238206,-0.1155078764,0
1999-08-01,1878.996129,16.51612903,5.07,,24.32363636,,87.74,8277.52,,,1.881022713,,,,1.878868184,513.0331818,9.387795455,,,,,,,,,,11.44612903,,,,,,0.2327039551,,,7.538492939,,,3.191448567,4.474377896,9.021298686,0.1445932521,0
1999-09-01,1975.958,16,5.22,,24.54142857,,93.28,7880.09,,,1.770776181,,,,1.898500003,524.3231818,9.336177273,,,,,,,,,,10.78,,,,,,0.1972507579,,,7.588808623,,,3.200362652,4.535605723,8.972094604,0.008914084131,0
1999-10-01,1978.547419,15.58064516,5.2,,24.02142857,,91.59,7905.37,,,1.926694989,,,,1.967928586,537.6914286,9.552966667,,,,,,,,,,10.38064516,,,,,,0.8126412173,,,7.590118228,,,3.178946289,4.517322095,8.975297554,-0.02141636245,0
1999-11-01,1945.425667,14,5.42,,21.81809524,,91.09,8345.24,,,1.849644995,,,,1.930619047,543.8890909,9.397785714,,,,,,,,,,8.58,,,,,,-0.3299985172,,,7.573236084,,,3.082739682,4.511848029,9.029446595,-0.09620660685,0
1999-12-01,1887.473548,12.38709677,5.3,,22.15909091,,97.48,8101.1,,,1.974686373,,,,1.846999997,537.9317391,9.411619048,,,,,,,,,,7.087096774,,,,,,-0.625431902,,,7.542994467,,,3.098247837,4.579647229,8.999755134,0.0155081548,0
2000-01-01,1921.886774,12,5.45,,23.202,103.75,102.57,8047.85,,,2.181774992,,,,1.809699982,520.447619,9.4881,,,,,,,,,,6.55,,,,,,-0.6040460569,,,7.561062677,,,3.144238482,4.630545492,8.993160254,0.04599064477,0
2000-02-01,1949.873448,12,5.73,,23.5955,145.84,100.46,8112.78,,,2.354730022,,,,1.77619048,512.8509524,9.422714286,,,,,,,,,,6.27,,,,,,-0.5392329751,,,7.575519751,,,3.161056016,4.609759638,9.001195875,0.01681753403,0
2000-03-01,1956.305806,12,5.85,,22.71826087,125.35,97.66,8255.35,,,2.290665202,,,,1.742139132,504.3804348,9.288043478,,,,,,,,,,6.15,,,,,,-0.6591837768,,,7.578813181,,,3.123169045,4.581492059,9.018616754,-0.03788697119,0
2000-04-01,1987.950333,12,6.02,,27.16421053,115.88,96.96,8219.94,,,2.224226287,,,,1.767075014,508.086,9.3863,,,,,,,,,,5.98,,,,,,0.2435806769,,,7.594859404,,,3.301900317,4.574298522,9.014318189,0.1787312727,0
2000-05-01,2055.52871,12,6.27,,26.37318182,129.34,96.71,8263.04,,,2.467313647,,,,1.827413056,521.4,9.496478261,,,,,,,,,,5.73,,,,,,0.6648783995,,,7.628288373,,,3.272347654,4.57171681,9.019547838,-0.0295526638,0
2000-06-01,2119.746333,12,6.53,,21.54,134,101.38,8352.69,,,2.185599999,,,,1.808772716,530.0477273,9.814363636,,,,,,,,,,5.47,,,,,,0.4032759778,,,7.659051706,,,3.069911672,4.618875833,9.030338922,-0.2024359819,0
2000-07-01,2160.239032,12,6.54,,19.893,117.79,95.64,8402.39,,,2.126314998,,,,1.79807143,542.7452381,9.439666667,,,,,,,,,,5.46,,,,,,-0.3273929122,,,7.677974158,,,2.990367911,4.560591143,9.036271468,-0.07954376067,0
2000-08-01,2187.267097,12,6.5,,18.08869565,132.1,101.4,8432.34,,,1.992652183,,,,1.808000005,550.9521739,9.267021739,,,,,,,,,,5.5,,,,,,-0.08652835024,,,7.690408143,,,2.895287194,4.619073091,9.039829593,-0.0950807175,0
2000-09-01,2214.136667,12,6.52,,19.6875,138.99,103.74,8593.1,,,1.896499991,,,,1.837350011,565.3261905,9.34575,,,,,,,,,,5.48,,,,,,0.4661899579,,,7.70261784,,,2.979983917,4.641887769,9.058714835,0.08469672303,0
2000-10-01,2176.573548,12,6.51,,25.2,127.63,100.85,8622.51,,,1.838909518,,,,1.878227272,567.4145455,9.524045455,,,,,,,,,,5.49,,,,,,0.3693330647,,,7.685507152,,,3.226843995,4.613634264,9.062131505,0.2468600779,0
2000-11-01,2135.286667,12,6.51,,26.38285714,137.2,105.16,8807.6,,,1.851447633,,,,1.947454534,574.4763636,9.499590909,,,,,,,,,,5.49,,,,,,0.3497323633,,,7.666356187,,,3.272714449,4.655483,9.083370264,0.04587045407,0
2000-12-01,2187.340323,12,6.4,,26.5305,170.15,97.98,9004.14,,,1.449764997,,,,1.964175016,574.5285714,9.46475,,,,,,,,,1578.02,5.6,,,,,,-0.06809512895,,,7.69044162,7.363926176,,3.278295015,4.584763376,9.105439751,0.005580565977,0
2001-01-01,2242.312903,12,5.98,,24.91857143,139.72,96.2,9502.42,,,1.549119052,,,,1.956431817,571.1843478,9.758954545,,,,,,,,,1613.99,6.02,,,,,,0.15466468,,,7.715263158,7.386464653,,3.215613366,4.566429358,9.159301782,-0.06268164859,0
2001-02-01,2243.588214,12,5.49,,23.41157895,139.53,97.41,9286.13,,,1.698605274,,,,2.000955004,563.129,9.694025,,,,,,,,,1607.68,6.51,,,,,,-0.1555853721,,,7.715831745,7.382547425,,3.153230727,4.578928875,9.136277168,-0.06238263919,0
2001-03-01,2279.404516,11.67741935,5.31,,28.49681818,138.21,95.9,9283.02,,,1.582218192,,,,2.08995455,587.7859091,9.58925,,,,,,,,,1620.54,6.367419355,,,,,,0.6975425145,,,7.731669511,7.390514706,,3.349792438,4.563305982,9.135942204,0.1965617115,0
2001-04-01,2323.194,11.5,4.8,,28.134,179.73,100.41,9652.2,,,1.704659998,,,,2.190750003,598.452381,9.335065,,,,,,,,,1684.39,6.7,,,,,,0.2281844352,,,7.750698242,7.429158759,,3.336978809,4.609261804,9.174941148,-0.01281362896,0
2001-05-01,2347.995161,11.5,4.21,,22.94409091,178.8,98.94,9643.75,,,2.106695457,,,,2.292282612,604.3769565,9.196634783,,,,,,,,,1733.85,7.29,,,,,,0.2530653831,,,7.76131712,7.458099648,,3.133060427,4.594513606,9.174065316,-0.2039183827,0
2001-06-01,2304.778667,11.5,3.97,,20.94047619,171.93,100.17,9270.35,,,2.017114293,,,,2.380452383,615.6961905,9.105357143,,,,,,,,,1771.78,7.53,,,,,,0.3524050633,,,7.742739928,7.47973997,,3.041683946,4.606868743,9.134576414,-0.09137648073,0
2001-07-01,2304.41871,11.46774194,3.77,,22.31619048,165.32,99.76,9450,,,1.77731904,,,,2.461886373,655.1009091,9.155090909,,,,,,,,,1819.31,7.697741935,,,,,,1.04243294,,,7.742583737,7.506212587,,3.105312445,4.602767301,9.15377002,0.06362849946,0
2001-08-01,2288.001935,10.51612903,3.65,,21.86173913,158.88,100.6,9631.14,,,1.572260867,,,,2.504926101,674.1443478,9.174608696,,,,,,,,,1846.09,6.866129032,,,,,,0.4377854822,,,7.735434198,7.520825168,,3.084738037,4.611152258,9.172756878,-0.02057440811,0
2001-09-01,2327.738333,9.766666667,3.07,,35.06533333,146.62,96.14,9765.42,,,1.246517648,,-138.48,8.01,2.656174982,680.985,9.390705,,,,,,,,,1853.72,6.696666667,,,,-0.1380411779,0.008009914349,0.8347832752,,,7.752652403,7.52494971,,3.557212988,4.565805462,9.186602853,0.4724749509,0
2001-10-01,2320.004839,9.370967742,2.49,,32.72130435,191.37,92.78,9958.9,,,1.192513645,,-199.09,128.34,2.74026086,708.0117391,9.354891304,,,,,,,,,1917.46,6.880967742,,,,-0.197797704,0.1279902681,0.6204798453,,,7.74932455,7.558756673,,3.488026375,4.530231099,9.206221903,-0.06918661323,0
2001-11-01,2310.336333,8.95,2.09,,26.63095238,185.06,92.29,10041.39,,,1.140099999,,-110.86,-338.43,2.549486345,690.6386364,9.217727273,,,,,,,,,1965.32,6.86,,,,-0.1106341696,-0.3322815632,-1.246009854,,,7.745148392,7.583410361,,3.282074163,4.524935793,9.21447083,-0.2059522122,0
2001-12-01,2306.130323,8.629032258,1.82,,23.72,226.22,90.76,10191.79,,,1.272845006,,-202.1,0.95,2.369777785,668.5419048,9.158777778,,,,,,,,,2021.39,6.809032258,,,,-0.2007489127,0.0009499998571,-1.250280587,,,7.743326214,7.611540673,,3.166318574,4.50821866,9.229337773,-0.1157555885,0
2002-01-01,2276.966774,8.322580645,1.73,,22.25285714,167.18,92.88,10159.78,,,1.281938099,,-289.74,19.69,2.374363628,666.8,9.161904545,,,,,,,,,2048.85,6.592580645,,,,-0.2858319943,0.01968872793,-0.1138789194,,,7.730599474,7.625033939,,3.102470411,4.531308337,9.226192067,-0.06384816285,0
2002-02-01,2285.958571,8,1.74,,22.87578947,166.94,96.44,10532.98,,,1.36147368,,-138.13,281.46,2.42470001,678.835,9.09853,,,,,,,,,2076.26,6.26,,,,-0.1376944781,0.277870352,0.2279616766,,,7.734540721,7.638323477,,3.130079123,4.568921053,9.262266566,0.02760871179,0
2002-03-01,2280.249032,7.661290323,1.73,,18.985,165.34,99.33,10229.23,,,1.769605005,,-169.6,-230.97,2.346714292,663.32,9.064285714,,,,,,,,,2103.39,5.931290323,,,,-0.1687972806,-0.2289641902,-0.7339580016,,,7.732039941,7.651305608,,2.943649194,4.59844764,9.233004587,-0.1864299294,0
2002-04-01,2263.599,6.716666667,1.75,,19.90045455,198.18,102.11,10495.27,,,1.899272707,,-198.41,328.1,2.318459088,650.8845455,9.16175,,,,,,,,,2121.84,4.966666667,,,,-0.1971307493,0.3224814913,-0.321324225,,,7.724711303,7.660038916,,2.990742573,4.626050664,9.258679958,0.04709337927,0
2002-05-01,2308.602258,6.056451613,1.75,,20.08772727,197.05,96.38,10604.87,,,1.877640908,,-227.49,97.45,2.475152171,653.673913,9.507404348,,,,,,,,,2140.09,4.306451613,,,,-0.2255721699,0.0972964164,0.988333932,,,7.744397537,7.668603163,,3.000109045,4.568298711,9.269068609,0.009366472187,0
2002-06-01,2361.138,5.516666667,1.75,,25.271,188.71,94.45,10816.98,,,1.62887001,,-158.84,253.11,2.706599998,673.766,9.763475,,,,,,,,,2156.87,3.766666667,,,,-0.1581795453,0.250482497,1.405832245,,,7.766898985,7.676413376,,3.229657493,4.548070594,9.288872401,0.2295484481,0
2002-07-01,2506.290968,5.25,1.73,,34.04954545,240.68,96.81,10674.74,,,1.42730455,,-225.2,-162.78,2.924595646,696.3343478,9.774421739,,,,,,,,,2232.23,3.52,,,,-0.2233386691,-0.1620695664,1.02601045,,,7.826559237,7.710756365,,3.527816683,4.572750295,9.275635482,0.2981591899,0
2002-08-01,2645.796452,5.25,1.74,,33.74272727,232.87,97.23,10668.99,,,1.301027265,,-255.28,96.53,3.11734089,702.2940909,9.839518182,,,,,,,,,2306.22,3.51,,,,-0.2525856137,0.09638071339,0.6631623724,,,7.880727415,7.7433651,,3.518764906,4.577079306,9.275096682,-0.009051777272,0
2002-09-01,2755.753333,5.25,1.75,,37.6475,217.99,97.81,10727.44,,,1.230489999,,-231.39,143.68,3.32502381,726.767619,10.06634286,,,,,,,,,2377.59,3.5,,,,-0.2293733976,0.1431901832,1.183838818,,,7.921446126,7.773842649,,3.628266551,4.583026821,9.280560224,0.1095016451,0
2002-10-01,2830.105161,5.25,1.75,,35.24304348,214.68,95.7,10663.64,,,1.131827268,,-267.2,102.85,3.777630422,742.3173913,10.08493478,,,,,,,,,2400.9,3.5,,,,-0.2641185157,0.1026695311,1.343715268,,,7.948069149,7.783598946,,3.562268162,4.561218298,9.274595103,-0.06599838933,0
2002-11-01,2731.332333,5.25,1.34,,28.175,207.01,94.63,10704.99,,,1.11847368,,-231.97,-85.36,3.573714279,710.6080952,10.19006667,,,,,,,,,2422.85,3.91,,,,-0.2299384315,-0.08525667824,-1.028311956,,,7.912544803,7.792699812,,3.33843506,4.549974551,9.278465267,-0.2238331017,0
2002-12-01,2814.19,5.25,1.24,,28.21047619,257.08,97.53,10840.5,,,1.140747621,,-223.38,102.09,3.642921046,702.4454545,10.21323684,,,,,,,,,2453.71,4.01,,,,-0.2215627899,0.10191349,-0.04561310553,,,7.942429755,7.805356444,,3.339693405,4.580160023,9.291044399,0.001258345147,0
2003-01-01,2905.504839,5.637096774,1.24,,27.42428571,225.7,100.7,11074.78,15.45190476,6.7935,1.359328571,,-250.03,358.76,3.430249984,722.0386957,10.61849091,,,,,,,,,2512.23,4.397096774,,8.658404762,7.299076191,-0.2474955657,0.3514783995,0.1593117184,,,7.974362437,7.828926084,,3.311428961,4.6121458,9.31242573,-0.02826444431,0
2003-02-01,2950.542143,6.25,1.26,,32.21842105,218.45,101.24,10991.16,15.8935,6.3115,1.610115779,,-187.21,-116.46,3.590025008,745.2135,10.93683,,,,,,,,,2563.74,4.99,,9.582,7.971884221,-0.1861333523,-0.1161983374,1.058901965,,,7.98974421,7.849222409,,3.472538371,4.617493936,9.304846592,0.1611094106,0
2003-03-01,2958.639032,6.25,1.25,,30.63428571,237.37,99.8,10616.21,16.0055,6.7485,1.678742857,,-261.55,-329,3.460347618,743.2833333,10.92370476,,,,,,,,,2635.77,5,,9.257,7.578257143,-0.2586561898,-0.3233365253,-0.4842257564,,,7.992484655,7.876930638,,3.42211983,4.603168183,9.270137357,-0.05041854145,0
2003-04-01,2925.658333,6.316666667,1.26,,23.99190476,241.32,91.53,10602.37,15.9125,6.969,1.54835714,,-268.16,86.03,3.12168182,718.1104545,10.58580455,,,,,,,,,2678.91,5.056666667,,8.9435,7.39514286,-0.2650458669,0.08592423157,-1.845646461,,,7.981274806,7.893165274,,3.177716472,4.516666787,9.26883284,-0.244403358,0
2003-05-01,2856.165484,7.25,1.26,,20.23952381,272.04,91.94,10559.36,14.7947619,6.758095238,1.322976186,,-229.79,-70.19,2.967022701,703.9454545,10.26077727,,,,,,,,,2753.9,5.99,,8.036666667,6.713690481,-0.2278143106,-0.07013249397,-1.18696374,,,7.957235264,7.920773368,,3.007637317,4.52113619,9.264767949,-0.1700791549,0
2003-06-01,2827.413333,7.25,1.22,,20.36238095,235.95,98.51,10499.79,14.44277778,6.825555556,1.340819997,,-210.98,-72.9,2.881928592,709.1428571,10.50245714,,,,,,,,,2801.14,6.03,,7.617222222,6.276402226,-0.2094453359,-0.07283558385,0.002951645584,,,7.947117556,7.937781756,,3.013689127,4.590158066,9.259110536,0.006051810551,0
2003-07-01,2859.199677,7.25,1.01,,19.16136364,282.28,99.31,10450.97,14.39130435,6.819565217,1.515716665,,-240.89,-19.75,2.871239113,701.1404348,10.45258696,,,,,,,,,2842.74,6.24,,7.57173913,6.056022465,-0.2386190864,-0.01974871627,-0.3354020442,,,7.958297032,7.952523655,,2.952895941,4.598246271,9.254450076,-0.06079318649,0
2003-08-01,2865.230645,7.25,1.03,,19.27428571,245.75,100.23,10464.44,14.52842105,6.735789474,1.839414273,,-269.97,52.59,2.997785693,703.7957143,10.78133333,,,,,,,,,2855.62,6.22,,7.792631579,5.953217306,-0.2667937039,0.05256578869,0.7070407809,,,7.96040413,7.957044261,,2.958771861,4.607467545,9.255738122,0.005875920128,0
2003-09-01,2840.675333,7.25,1.01,,19.53238095,270.78,99.54,10862.96,14.235,6.656818182,1.844080948,,-197.19,308.88,2.92284091,674.74,10.92306818,,,,,,,,,2908.41,6.24,,7.578181818,5.73410087,-0.1959339372,0.3041680744,-0.7031048929,,,7.951797096,7.975361819,,2.97207365,4.600559573,9.293114116,0.01330178888,0
2003-10-01,2873.949677,7.25,1.01,,18.02347826,272.62,102.27,10585.54,14.57772727,6.899090909,1.955918193,,-253.23,-277.54,2.860121727,646.0695652,11.16324348,,,,,,,,,2966.35,6.24,,7.678636364,5.722718171,-0.2505988269,-0.2740950451,-0.5818480477,,,7.963442557,7.99508752,,2.891675256,4.627616375,9.267244198,-0.08039839422,0
2003-11-01,2846.541333,7.25,1,,17.40105263,235.47,101.4,10668.03,14.00722222,6.908333333,2.000922236,,-227.96,-24.42,2.910090017,625.467,11.140315,,,,,,,,,2994.81,6.25,,7.098888889,5.097966653,-0.2260304375,-0.02441757356,-0.3746575015,,,7.953859969,8.004636069,,2.8565307,4.619073091,9.275006697,-0.03514455534,0
2003-12-01,2806.553548,7.25,0.98,,16.82636364,322.37,103.89,10915.59,13.9135,6.651578947,2.027050002,,-333.45,208.86,2.925814299,602.6373913,11.24798571,,,,,,,,,3060.1,6.27,,7.261921053,5.234871051,-0.327560828,0.2073705574,-0.4029817728,,,7.939712514,8.026202874,,2.82294692,4.643332647,9.297947322,-0.03358377999,0
2004-01-01,2750.816774,7.25,1,,16.101,231.03,106.2,11238.45,13.4945,5.992,1.998539996,,-310.28,607.95,2.851238115,574.8131818,10.92435714,,-1888.33317,2907.948926,0.9612588728,302514.6512,302514.6512,,,3065.43,6.25,,7.5025,5.503960004,-0.3055054534,0.5756300019,-1.277260051,,,7.919653155,8.027943132,,2.778881382,4.665324109,9.327096214,-0.04406553861,0
2004-02-01,2718.254828,7.189655172,1.01,,15.99842105,228.12,104.54,11288.97,13.154,5.8785,2.168310529,,-275.07,66.56,2.936649978,584.306,11.023975,,-1558.313793,2836.204258,0.9375427758,302514.6512,302514.6512,,,3075.1,6.179655172,,7.2755,5.107189471,-0.2717142543,0.06651095166,0.478514154,,,7.907745346,8.0310927,,2.772490033,4.649569773,9.331581422,-0.006391348703,0
2004-03-01,2670.924194,6.927419355,1,,17.6873913,249.61,107.8,11329.89,12.06863636,5.927272727,2.234356497,,-230.9,-71.6,2.905021771,603.9121739,11.01095652,,-828.0835688,3183.417424,1.052318429,302514.6512,302514.6512,,,3087.34,5.927419355,,6.141363636,3.90700714,-0.2288959853,-0.07153896375,0.1963998837,,,7.890179831,8.035065158,,2.87285203,4.680277658,9.335199645,0.1003619969,0
2004-04-01,2641.568667,6.75,1,,15.69857143,237.15,109.79,11429.94,11.8655,6.055,2.326957135,,-256.59,61.93,2.902695439,608.1254545,11.26088636,,-38.08307988,3641.192511,1.203641707,302514.6512,302514.6512,,,3083.17,5.75,,5.8105,3.483542865,-0.2538547083,0.06189048122,0.2451952688,,,7.879128212,8.033713567,,2.753569716,4.69856945,9.343991507,-0.1192823136,0
2004-05-01,2719.518065,6.75,1,,17.705,262.21,107.93,11364.6,13.9475,7.2635,2.482454979,,-258.02,-208.48,3.090809493,635.742381,11.50179048,,-706.4797774,3690.743561,1.220021426,302514.6512,302514.6512,,,3073.34,5.75,,6.684,4.201545021,-0.2552395989,-0.2069985699,1.275715298,,,7.908209961,8.030520197,,2.873847086,4.681482869,9.33825854,0.1202773692,0
2004-06-01,2716.460333,6.75,1.03,,15.34272727,257.21,108.99,11587.83,14.031,7.341,2.49518097,,-271.03,68.37,3.126613649,643.0609091,11.37829545,,-1241.968143,3914.686834,1.294048675,302514.6512,302514.6512,,,3094.6,5.72,,6.69,4.19481903,-0.2678169299,0.0683168463,0.0153972624,,,7.907084964,8.037413936,,2.730641568,4.691256135,9.357710688,-0.1432055171,0
2004-07-01,2651.130645,6.75,1.26,,15.50238095,259,112.05,11763.55,14.0065,7.167,2.369814282,,-276,171.16,3.040104562,632.3936364,11.46531818,,-939.6394288,2983.777731,0.9863250324,302514.6512,302514.6512,,,3071.32,5.49,,6.8395,4.469685718,-0.2726108425,0.1703351189,-0.4756886209,,,7.882741487,8.029862716,,2.740993622,4.7189452,9.372761047,0.01035205351,0
2004-08-01,2599.370645,6.75,1.43,,16.68409091,249.51,113.38,12106.67,13.79,6.960952381,2.322536371,,-334.75,376.95,3.018072692,635.9318182,11.38947273,,-435.7042067,3436.909342,1.136113351,302514.6512,302514.6512,,,3075.08,5.32,,6.829047619,4.506511248,-0.3287938324,0.3685498602,-0.1789134808,,,7.863024635,8.031086196,,2.814455625,4.730745009,9.401511819,0.07346200324,0
2004-09-01,2553.415667,6.75,1.61,,14.08095238,251.58,114.68,12115.25,13.165,6.408636364,2.214204766,,-253.22,-73.66,2.89222727,616.4877273,11.48737273,,517.2288384,4110.436359,1.358756127,302514.6512,302514.6512,,,3055.88,5.14,,6.756363636,4.542158871,-0.2505891328,-0.07359355143,-0.7753941417,,,7.845187219,8.024822882,,2.644822989,4.742145641,9.402220269,-0.1696326361,0
2004-10-01,2580.235161,6.75,1.76,,14.97380952,271.54,120.57,12284.23,12.882,5.905,2.340639997,,-259.79,112.21,2.852042845,607.0709524,11.39607619,,-415.5072249,3284.359787,1.085686189,302514.6512,302514.6512,,,3054.8,4.99,,6.977,4.636360003,-0.2569531006,0.11197585,-0.5178458194,,,7.855635822,8.024469403,,2.706302643,4.792230497,9.416071605,0.06147965413,0
2004-11-01,2530.164333,6.75,1.93,,13.57761905,318.87,114.09,12967.33,12.496,5.8105,2.581629992,,-269.19,420.71,2.790559097,597.56,11.36699545,,-1641.906462,3115.107718,1.029737801,302514.6512,302514.6512,,,3138.2,4.82,,6.6855,4.103870008,-0.2660405897,0.4091947321,-0.5288253761,,,7.836039533,8.051404666,,2.608422779,4.736987611,9.470188396,-0.09787986437,0
2004-12-01,2413.289032,6.653225806,2.16,,12.45954545,354.07,113.42,13535.76,12.12333333,5.442631579,2.624209079,,-323.39,460.36,2.718634792,575.5786957,11.19633478,,-4536.435501,2847.015736,0.9411166449,302514.6512,302514.6512,-13713.22552,4.533078138,3169.9,4.493225806,,6.680701754,4.056492676,-0.3180031053,0.4454787934,-0.989308807,,,7.78874584,8.061455321,,2.522487032,4.731097743,9.513090351,-0.08593574658,0
2005-01-01,2364.517742,6.5,2.28,,13.438,224.23,113.43,13738.41,11.6815,5.132,2.536434984,,-262.45,365.37,2.692509526,574.1195238,11.25235714,,-1782.809547,3548.583286,1.050007186,337958,337958,-13607.70189,4.026447634,3163.1,4.22,,6.5495,4.013065016,-0.2595268045,0.3576935581,-0.1627107862,,,7.768329366,8.059307838,,2.598086514,4.731185907,9.527950839,0.07559948218,0
2005-02-01,2339.622857,6.5,2.5,,11.70894737,235.91,115.05,13838.88,11.4315,4.8675,2.634635294,,-306.85,65.05,2.602389991,573.183,11.13384,,-2287.657485,3211.553831,0.9502819377,337958,337958,-14337.04559,4.242256608,3170.89,4,,6.564,3.929364706,-0.3022279375,0.0650042106,-0.559632941,,,7.757745023,8.061767585,,2.460353282,4.745366816,9.535237301,-0.1377332326,0
2005-03-01,2356.807419,6.5,2.63,,13.12636364,270.99,124.65,12779.62,11.8845,5.737894737,2.842513626,,-244.24,-1202.45,2.702778277,586.7808696,11.1192913,,-2091.73944,3221.037256,0.9530880334,337958,337958,-15600.70146,4.616165753,3192.27,3.87,,6.146605263,3.304091637,-0.2418746781,-1.017540642,0.5181830838,,,7.765063194,8.068487541,,2.574622699,4.82550981,9.455606994,0.1142694173,0
2005-04-01,2351.016333,6.5,2.79,,14.45904762,261.69,125.74,13274.39,11.88714286,6.218571429,2.741671415,,-343.88,556.4,2.579204786,580.4557143,11.11741905,,-243.0710949,4269.252734,1.263249497,337958,337958,-15805.68947,4.676820632,3216.81,3.71,,5.668571429,2.926900014,-0.3374396523,0.5310806435,-0.6657835552,,,7.762602996,8.076145464,,2.671320351,4.834216283,9.493591894,0.09669765224,0
2005-05-01,2339.345484,6.5,3,,13.96761905,270.06,124.43,13404.54,11.182,5.867,2.548361914,,-317.42,91.66,2.453609087,578.4986364,10.97154545,,186.3514198,4086.592491,1.209201289,337958,337958,-14912.85827,4.412636563,3224.66,3.5,,5.315,2.766638086,-0.3123178074,0.09153213507,-0.7571313178,,,7.757626461,8.078582797,,2.636741726,4.823743309,9.503348735,-0.03457862592,0
2005-06-01,2331.444333,6.5,3.04,,11.86863636,271.51,129.81,13725.1,10.33142857,5.54047619,2.343077269,,-359.21,282.01,2.41348634,585.2240909,10.82329545,,-25.60513767,4701.035346,1.391011707,337958,337958,-13696.49527,4.052721128,3238.96,3.46,,4.790952381,2.447875111,-0.3519019357,0.278399743,-0.2714534135,,,7.75424324,8.08300757,,2.473899321,4.866071843,9.526981552,-0.1628424044,0
2005-07-01,2322.786774,6.5,3.26,,11.049,262.8,133.45,13862.98,9.621052632,4.835789474,2.292040014,,-381.66,244.08,2.371119034,575.8147619,10.68483333,,-1136.754365,3304.765366,0.9778627421,337958,337958,-13893.61021,4.111046404,3242.76,3.24,,4.785263158,2.493223144,-0.3729537042,0.241719244,-0.6204556661,,,7.75052294,8.084180098,,2.402339926,4.893726876,9.536977257,-0.07155939498,0
2005-08-01,2306.767419,6.5,3.5,,12.95130435,299.89,136.62,15076.66,9.478636364,4.742272727,2.373169567,,-409.86,1127.37,2.364586944,546.2269565,10.68084783,,712.3919479,4695.433224,1.389354069,337958,337958,-12745.51405,3.771330772,3293.14,3,,4.736363636,2.363194069,-0.3991744626,0.9686332475,-0.7910008422,,,7.743602438,8.099596796,,2.561196505,4.917203349,9.620903132,0.1588565788,0
2005-09-01,2295.474667,6.3,3.62,,12.62809524,288.79,135.54,14932.65,8.624545455,4.045909091,2.564557155,,-450.01,54.26,2.299931819,536.5909091,10.77318182,,-982.5325201,4217.82742,1.248033016,337958,337958,-14245.27541,4.215102294,3330.35,2.68,,4.578636364,2.014079209,-0.436058788,0.0542334103,-0.4741817129,,,7.738694928,8.110832683,,2.535924112,4.9092668,9.61130537,-0.02527239243,0
2005-10-01,2292.72,6,3.78,,14.93761905,285.52,129.36,14226.53,8.297,3.1645,2.598239994,,-372.29,-703.26,2.254333326,534.7738095,10.82892857,,-171.1776395,4037.391341,1.194642926,337958,337958,-14000.94582,4.14280645,3344.33,2.22,,5.1325,2.534260006,-0.3641860235,-0.655335217,-0.2656089927,,,7.737494165,8.115021654,,2.703882799,4.862599215,9.56286381,0.1679586869,0
2005-11-01,2279.736,6,4,,12.14761905,294.31,123.75,14742.15,8.5125,2.8085,2.460689998,,-394.1,538.29,2.206909093,530.5104545,10.66206364,,-2862.356891,3317.507057,0.9816329418,337958,337958,-15221.39625,4.503931333,3319.77,2,,5.704,3.243310002,-0.384551751,0.5151946479,-0.5820924341,,,7.731814926,8.107650782,,2.497133187,4.818263401,9.598466017,-0.206749612,0
2005-12-01,2278.539355,6,4.16,,11.26,348.03,122.69,14947.31,8.228,2.719230769,2.286352385,,-449.16,275.02,2.284454541,514.285,10.6285,3.424490476,-2824.564673,3265.185709,0.9661513292,337958,337958,-13509.52543,3.997397732,3313.73,1.84,,5.508769231,3.222416846,-0.4352835344,0.2716660446,-0.2144618765,,,7.731289883,8.105829722,,2.421256623,4.809660849,9.61228663,-0.07587656471,0
2006-01-01,2273.710968,6,4.29,100.0000045,12.036,266.88,128.63,14741.24,7.71047619,2.603333333,2.380690026,214.2727273,-442.48,-7.88,2.272227266,524.4768182,10.55181818,3.393195455,-2383.791927,4533.049307,1.187893551,381604,381604,-14110.50781,3.697683412,3356.38,1.71,2.142727273,5.107142857,2.726452831,-0.4291823968,-0.007879918452,0.006506135375,-0.1773078362,-0.1773078362,7.729168563,8.118618291,4.605170231,2.487902159,4.856940066,9.598404287,0.06664553606,0
2006-02-01,2255.771429,6,4.49,100.21117,12.47105263,264.75,128.04,15103.27,7.097894737,2.285,2.562715794,174,-504.99,646.81,2.15720005,525.8985,10.4855,3.288465,-3256.28879,3684.403074,0.9655043118,381604,381604,-15079.13911,3.95151495,3385.22,1.51,1.74,4.812894737,2.250178943,-0.4856705566,0.6085477296,-0.616990728,-1.090851665,-1.090851665,7.72124729,8.127174176,4.607279659,2.523410169,4.852342715,9.622666556,0.03550801048,0
2006-03-01,2261.91871,6,4.59,100.428087,11.69391304,324.26,130.99,15153.2,7.187727273,3.196923077,2.568847822,167.5652174,-418.94,31.86,2.153695646,528.6352174,10.75530435,3.340017391,-855.8288329,3886.690346,1.018514048,381604,381604,-13843.2285,3.6276424,3438.49,1.41,1.675652174,3.990804196,1.421956374,-0.407562722,0.03185461249,0.2511489501,0.503688482,0.503688482,7.723968719,8.142787701,4.609441919,2.459068454,4.875120984,9.62596701,-0.06434171552,0
2006-04-01,2335.137667,6,4.79,99.74348,11.84736842,283.26,136.46,15106.38,8.017058824,3.891111111,2.576700035,173.75,-374.76,-77.23,2.129249978,516.9625,11.0514,3.3313,-3018.330331,2403.380727,0.6298101507,381604,381604,-16618.48774,4.354903969,3460.06,1.21,1.7375,4.125947712,1.549247678,-0.3664998764,-0.07715343262,-0.1603891615,-0.1703918311,-0.1703918311,7.755826126,8.149041209,4.60260169,2.472105769,4.916031531,9.62287245,0.01303731502,0
2006-05-01,2418.649355,6.241935484,4.94,97.51177391,14.45454545,366.98,135.55,14595.41,9.197142857,4.589285714,2.653745445,188.6086957,-439.47,-612.47,2.173347815,520.5582609,11.08821739,3.278536364,2052.972861,7393.508855,1.937482011,381604,381604,-14751.8663,3.865752534,3556.98,1.301935484,1.886086957,4.607857143,1.954111698,-0.4264282898,-0.5794883815,0.2097398252,-0.1613489145,-0.1613489145,7.790964546,8.176667149,4.579973129,2.671008929,4.909340576,9.588462375,0.1989031607,0
2006-06-01,2542.22,6.333333333,4.99,98.69272273,16.91863636,342.37,135.31,14461.24,10.46277778,5.985,2.566595468,231.3181818,-479.87,-145.63,2.249545466,542.7163636,11.39377273,3.263909524,-539.8959368,5335.028349,1.398053571,381604,381604,-15266.1571,4.000523343,3627.84,1.343333333,2.313181818,4.477777778,1.91118231,-0.4631349192,-0.1451200957,1.056077012,0.7045879266,0.7045879266,7.840792994,8.196392709,4.592011212,2.828415758,4.907568442,9.579227246,0.1574068283,0
2006-07-01,2513.698387,6.5,5.24,98.43871429,15.326,313.73,137.8,14688.43,10.46333333,6.074285714,2.539475,228.2857143,-655.97,524.77,2.189142863,540.6552381,10.98671429,3.243425,-626.3574207,5981.144531,1.567369454,381604,381604,-14755.76015,3.866772925,3678.77,1.26,2.282857143,4.389047619,1.849572619,-0.6162229926,0.5032563326,-0.8334321008,-0.7492398484,-0.7492398484,7.829510409,8.210333736,4.589434165,2.729550733,4.925803359,9.594815388,-0.09886502522,0
2006-08-01,2388.983548,6.580645161,5.25,97.71376522,13.35173913,334.72,134.31,14982.42,9.539047619,4.792,2.495491308,196.4782609,-530.34,384.09,2.156304349,538.7847826,10.87452174,3.234790909,641.5375862,5584.936143,1.463542348,381604,381604,-14826.61452,3.885340436,3713.6,1.330645161,1.964782609,4.747047619,2.251556311,-0.508182807,0.3752230544,-0.4065242495,-0.3560427051,-0.3560427051,7.778623261,8.219757036,4.582042442,2.591646648,4.900150561,9.614632793,-0.1379040842,0
2006-09-01,2398.708667,6.75,5.25,97.9813619,12.1845,324.12,127.86,15013.29,9.602380952,4.6425,2.24733001,206.3333333,-560.04,126.98,2.167666674,538.5285714,10.982,3.247914286,-100.4314416,4984.233901,1.306127268,381604,381604,-13944.51344,3.654184295,3748.93,1.5,2.063333333,4.959880952,2.712550942,-0.5342589739,0.1266412165,0.05659956747,0.1263464674,0.1263464674,7.782685816,8.229225745,4.584777276,2.500164652,4.850935915,9.616691088,-0.09148199613,0
2006-10-01,2361.796452,7.008064516,5.25,98.31565455,11.30636364,331.6,127.38,15135.6,9.5,4.511111111,2.136961892,181.0454545,-653.95,499.03,2.148045431,530.855,10.8965,3.237409091,-1093.300195,4237.591891,1.110468415,381604,381604,-14866.63599,3.895828134,3795.01,1.758064516,1.810454545,4.988888889,2.851926997,-0.6145331766,0.4803440624,-0.4583576676,-0.4064648899,-0.4064648899,7.767177817,8.241442325,4.588183267,2.425365721,4.847174745,9.624804864,-0.07479893131,0
2006-11-01,2290.438,7.25,5.25,97.51328182,10.81761905,332.93,127.06,15452.62,9.1295,4.55,2.115390471,189.4545455,-563.44,509.33,2.157,527.4486364,10.91604545,3.222490476,-1369.838992,4178.720559,1.095041079,381604,381604,-13374.11809,3.504711191,3833.63,2,1.894545455,4.5795,2.464109529,-0.5372232926,0.4895412208,-0.1240557433,-0.1834777567,-0.1834777567,7.736498345,8.251567414,4.579988593,2.381176198,4.844659416,9.645533847,-0.04418952272,0
2006-12-01,2260.705484,7.362903226,5.24,96.79507143,10.9645,375.34,130.84,15435.49,9.043888889,4.337142857,2.183465028,181.0952381,-750.87,439.64,2.148142826,527.8133333,10.8557619,3.205089474,-2522.391247,4144.121058,1.085974219,381604,381604,-13071.94467,3.425526113,3860.94,2.122903226,1.810952381,4.706746032,2.523281004,-0.6938430352,0.4265839189,-0.1980495202,-0.254976089,-0.254976089,7.723432205,8.258665956,4.572596078,2.394662781,4.873975203,9.644424682,0.01348658304,0
2007-01-01,2236.202258,7.524193548,5.25,97.83377727,11.0425,305.28,125.16,16446.58,9.23952381,4.544444444,2.208919037,164.7826087,-521.75,1246.63,2.13782608,540.6830435,10.94882609,3.192663636,-994.5023411,5856.403632,1.366702831,428506,428506,-11682.65508,2.726369078,3899.34,2.274193548,1.647826087,4.695079365,2.486160328,-0.5005805176,1.045486059,0.2561482614,0.1164464361,0.1164464361,7.712534285,8.268562587,4.583269888,2.401751464,4.829592919,9.707872832,0.007088683294,0
2007-02-01,2227.569643,7.776785714,5.26,97.476425,11.15526316,299.97,129.93,17590.77,9.5115,4.451666667,2.290415776,163.25,-625.81,1479.84,2.096299994,542.0455,10.9944,3.19029,-3259.482586,4271.059151,0.9967326364,428506,428506,-11685.84888,2.727114411,3934.56,2.516785714,1.6325,5.059833333,2.769417557,-0.5908304394,1.183528184,-0.2001864049,-0.1626350848,-0.1626350848,7.708666424,8.277554338,4.579610554,2.411911419,4.866995844,9.775129612,0.01015995414,0
2007-03-01,2202.844516,8.048387097,5.26,97.01175455,15.16272727,338.83,130.28,18993.18,9.91047619,4.776153846,2.360368187,171.0909091,-698.04,1811.86,2.088090929,538.4486364,11.11627273,3.185577273,-1554.130205,4659.772123,1.087446179,428506,428506,-12384.15025,2.890076276,3949.13,2.788387097,1.710909091,5.134322344,2.773954158,-0.6510601323,1.356186007,-0.08979596971,-0.09461658682,-0.09461658682,7.697504766,8.28125058,4.574832152,2.718840263,4.86968598,9.851835246,0.3069288447,0
2007-04-01,2144.900667,8.25,5.25,95.6322,12.933,317.74,134.8,19775.82,10.14789474,5.026923077,2.403528543,142.4285714,-597.72,1045.44,2.03090477,531.8847619,10.98066667,3.178242105,-1980.651221,3599.344555,0.839975299,428506,428506,-11346.47114,2.647914181,3983.61,3,1.424285714,5.12097166,2.717443117,-0.5668688318,0.9131423205,-0.6554819,-0.5355140574,-0.5355140574,7.670848521,8.289943722,4.560509583,2.559782184,4.903792198,9.892215258,-0.1590580789,0
2007-05-01,2009.415484,8.572580645,5.25,94.72254783,13.29772727,339.88,138.75,20409.35,10.15095238,5.073333333,2.328095447,130,-656.01,1052.75,1.983695668,522.1469565,10.82347826,3.167618182,4532.533269,10101.63237,2.35740745,428506,428506,-8866.910732,2.069261745,3956.51,3.322580645,1.3,5.077619048,2.749523601,-0.6162564385,0.9181859819,-0.7200689434,-0.6049330023,-0.6049330023,7.605599155,8.283117603,4.550952069,2.587593139,4.932673753,9.923748408,0.02781095444,0
2007-06-01,1923.534333,8.85,5.25,94.44490952,14.94761905,334.95,139.13,19994.41,9.940526316,5.558333333,2.29662382,108.3809524,-568.67,-155.07,1.932857144,526.8028571,10.83852381,3.170315,-1488.785889,5731.281307,1.337503164,428506,428506,-9815.800684,2.290703207,3949.09,3.6,1.083809524,4.382192982,2.085569162,-0.5417747012,-0.1544551433,-0.2115894945,-0.1391118828,-0.1391118828,7.561919571,8.281240452,4.548016697,2.704552026,4.935408748,9.903208013,0.1169588872,0
2007-07-01,1951.843548,9.016129032,5.26,93.20591364,17.27333333,368.63,140.76,20195.71,10.001,5.778888889,2.198047638,135.4545455,-673.35,661.84,1.883045462,519.6877273,10.80995455,3.160922727,-1624.422056,5184.808099,1.209973279,428506,428506,-10813.86532,2.523620514,4003.99,3.756129032,1.354545455,4.222111111,2.024063473,-0.630697408,0.6211246154,-0.5416998111,-0.4634862161,-0.4634862161,7.576529614,8.295046643,4.534811171,2.849163886,4.947056312,9.913225485,0.1446118603,0
2007-08-01,2056.086774,9.25,5.02,93.76029565,25.02608696,412.73,136.63,20110.68,10.44714286,5.996153846,1.984443478,186.4347826,-578.53,104.03,1.961565199,522.9391304,11.04708696,3.157472727,1151.787206,6515.822816,1.520590801,428506,428506,-10303.6157,2.40454409,4082,4.23,1.864347826,4.450989011,2.466545533,-0.5503275602,0.1038432683,0.6060650072,0.4350479089,0.4350479089,7.628559831,8.314342343,4.540741479,3.219918759,4.917276542,9.909006296,0.3707548726,0
2007-09-01,2113.369667,9.25,4.94,92.436595,22.19894737,400.52,142.31,20547.95,10.629,5.976666667,1.964099991,180.6,-685.35,890.7,1.902250004,515.917,11.03135,3.135545,-1130.152235,5091.876382,1.188285901,428506,428506,-11333.33649,2.644848962,4158.4,4.31,1.806,4.652333333,2.688233343,-0.640623523,0.8019382983,-0.5679736805,-0.563683975,-0.563683975,7.656038951,8.332885664,4.52652295,3.100044872,4.958007777,9.930516458,-0.1198738872,0
2007-10-01,2001.086129,9.25,4.76,90.40017826,19.11565217,427.78,146.6,20661.24,10.35954545,5.617,2.07450456,160.6086957,-716.06,579.21,1.800999994,500.4286957,10.82617391,3.019427273,-1390.805457,4108.216809,0.9587302883,428506,428506,-11630.84175,2.714277456,4254.58,4.49,1.606086957,4.742545455,2.668040895,-0.6657737945,0.5509160698,-1.20549523,-1.660645371,-1.660645371,7.601445377,8.355751329,4.504246239,2.950507485,4.987707789,9.93601476,-0.1495373869,0
2007-11-01,2046.357,9.291666667,4.49,89.05299545,25.58238095,456.17,145.74,20882.4,10.2685,5.357142857,2.231260014,196.8636364,-563.97,408.26,1.767590918,506.88,10.88077273,3.000890476,-1697.946855,5351.076827,1.248775239,428506,428506,-11958.94962,2.790847647,4377.82,4.801666667,1.968636364,4.911357143,2.680097129,-0.5376849897,0.3976935715,-0.05311277896,-0.1612297969,-0.1612297969,7.623816418,8.384306163,4.489231647,3.24190387,4.981824212,9.946661978,0.2913963855,0
2007-12-01,2013.834516,9.5,4.24,90.00495714,21.651,427.25,147.1,20948.68,10.22277778,5.34,2.156349981,187.7619048,-781.75,564.81,1.783350009,498.8742857,10.8462,2.98104,-2177.068846,4233.960492,0.988074961,428506,428506,-11613.62722,2.710260117,4429.73,5.26,1.877619048,4.882777778,2.726427797,-0.7183538877,0.5384165216,-0.2590944229,-0.3253449846,-0.3253449846,7.607795903,8.396093913,4.499864748,3.075051643,4.991112628,9.949830916,-0.1668522277,0
2008-01-01,1983.184194,9.5,3.94,89.39711739,25.81619048,380.82,145.36,21367.99,10.76571429,5.454444444,2.090871448,239.5652174,-729.85,892.37,1.773130432,480.8963636,10.91004348,2.950168182,-1131.468567,9933.187765,2.084378216,476554,476554,-11750.59344,2.465742275,4505.27,5.56,2.395652174,5.311269841,3.220398394,-0.6769491746,0.8031848327,-0.5431162688,-0.6142527548,-0.6142527548,7.592459011,8.413003102,4.493088438,3.251001833,4.979213424,9.969649287,0.1759501902,0
2008-02-01,1905.294138,9.543103448,2.98,88.6434381,25.456,357.81,150.3,21843.11,11.31,5.615454545,2.151049995,249.6666667,-726.68,1007.79,1.731571442,467.2171429,10.76861905,2.905057143,-3897.160203,4826.15258,1.012718932,476554,476554,-12388.27106,2.599552424,4563.11,6.563103448,2.496666667,5.694545455,3.543495459,-0.6743866912,0.8868712353,-0.8350216922,-0.9337289352,-0.9337289352,7.552391679,8.425759688,4.484622009,3.236951472,5.012633297,9.991640819,-0.01405036135,0
2008-03-01,1843.493226,9.75,2.61,86.83986667,27.1035,389.47,156.16,22130.06,11.63055556,5.805454545,2.209690469,263.7142857,-491.61,626.16,1.709714282,442.942,10.7342381,2.810294737,-487.437149,5132.508529,1.077004606,476554,476554,-11321.578,2.375717758,4613.75,7.14,2.637142857,5.82510101,3.615410541,-0.4736950173,0.5911271074,-0.9227679547,-1.356639634,-1.356639634,7.519417543,8.436796254,4.46406581,3.299662871,5.050881123,10.00469214,0.06271139924,0
2008-04-01,1795.103,9.75,2.28,86.54753636,21.56272727,405.98,154.39,22209.35,11.28681818,6.137142857,2.186009082,215.7727273,-656.44,734.35,1.686500002,446.4336364,10.51513636,2.747650113,1170.9732,7233.933853,1.517967293,476554,476554,-8169.953582,1.714381493,4701.99,7.47,2.157727273,5.149675325,2.963666243,-0.6166159432,0.6805801315,-0.3761245279,-0.7330476342,-0.7330476342,7.492817681,8.455741102,4.460693816,3.070966235,5.039481869,10.00826865,-0.2286966359,0
2008-05-01,1775.156129,9.75,1.98,86.82446364,18.30333333,405.55,159.88,22377.81,11.35,5.781818182,2.369638114,179.0454545,-616.81,481.67,1.659409084,470.1,10.44022727,2.8045,2254.996348,6248.256939,1.311133038,476554,476554,-10447.4905,2.192299404,4767.66,7.77,1.790454545,5.568181818,3.198543704,-0.5831858066,0.464757173,0.3089908804,0.6461093397,0.6461093397,7.481643658,8.469610897,4.463888421,2.907083193,5.074423534,10.01582512,-0.1638830423,0
2008-06-01,1732.286333,9.75,2,87.07280476,22.11047619,362.75,162.14,22847.51,12.18894737,5.945333333,2.493171465,180.6190476,-712.03,1179.02,1.618904761,497.0119048,10.32814286,2.89227619,1772.505974,6322.973839,1.326811618,476554,476554,-7186.198641,1.507950545,4795.46,7.75,1.806190476,6.243614035,3.75044257,-0.6624940752,1.002472463,0.2380224945,0.8008393393,0.8008393393,7.457197395,8.475424916,4.466744605,3.096051532,5.08846016,10.03659742,0.1889683393,0
2008-07-01,1781.045161,9.782258065,2.01,86.45375652,24.32181818,465.82,159.92,23345.58,13.07869565,6.157857143,2.420181805,217.5217391,-764.68,998.73,1.591434769,499.8806522,10.21717391,2.84752381,-1018.414518,6509.307308,1.365911798,476554,476554,-6580.191103,1.38078604,4892.65,7.772258065,2.175217391,6.920838509,4.500656704,-0.7048498274,0.8804752762,-0.3160464393,-0.5482165142,-0.5482165142,7.48495564,8.495489358,4.459609664,3.191373815,5.07467369,10.05816295,0.0953222831,0
2008-08-01,1847.477419,10,2,88.94499524,20.69571429,369.55,147.49,23638.88,12.01526316,5.994545455,1.932185724,221.952381,-735.95,695.09,1.612666664,516.51,10.10866667,2.893338095,-1108.479733,4889.460671,1.02600349,476554,476554,-8840.458042,1.855080021,4849.47,8,2.21952381,6.020717703,4.08853198,-0.6818692618,0.6486394982,0.2982139333,0.5471528608,0.5471528608,7.52157643,8.4866247,4.488018148,3.029926639,4.993760377,10.07064809,-0.1614471756,0
2008-09-01,2066.187,10,1.81,91.26510909,30.23857143,476.54,144.57,24082.29,11.93681818,6.006428571,1.333100007,270.4545455,-713.33,812.95,1.794590907,533.3625,10.64740909,2.966263636,-692.0362976,6694.194662,1.404708524,476554,476554,-8402.342105,1.763145856,4925.49,8.19,2.704545455,5.93038961,4.597289604,-0.6635527321,0.7427485975,1.891190367,1.921518671,1.921518671,7.633460159,8.502179041,4.513768558,3.409118309,4.973763819,10.08923199,0.3791916696,0
2008-10-01,2288.858065,10,0.97,98.04,61.1773913,421.17,132.19,23407.49,12.65863636,6.652,0.0598090904,534.3478261,-644.2,-219.71,2.176434776,627.3641304,12.64386957,3.073586364,-1086.107683,5650.100725,1.185616053,476554,476554,-8097.64433,1.699208134,4918.88,9.03,5.343478261,6.006636364,5.946827273,-0.6063548989,-0.2179796719,5.734449444,5.01816254,5.01816254,7.73580831,8.500836141,4.585375559,4.113777698,4.884240282,10.06081134,0.7046593891,0
2008-11-01,2333.660333,10,0.39,100.76666,62.66894737,317.42,117.74,23604.5,12.2775,6.116363636,-1.110811108,549.6,-663.52,550.88,2.267949998,650.734,13.1082,3.092088889,-4714.333891,5559.072746,1.166514759,476554,476554,-11114.03137,2.332166211,4780.13,9.61,5.496,6.161136364,7.271947471,-0.6225250314,0.5262513747,1.159772216,0.9930082398,0.9930082398,7.755193272,8.472223022,4.612807547,4.137866068,4.768478804,10.06919265,0.02408836954,0
2008-12-01,2251.510323,9.838709677,0.16,99.66224783,52.405,432.04,127.1,24029.69,10.842,5.477272727,-1.385790901,536.2608696,-907.69,911.98,2.398400009,650.0565,13.4171,3.11397,-2130.803741,6059.489543,1.271522124,476554,476554,-11067.76626,2.32245795,4784.92,9.678709677,5.362608696,5.364727273,6.750518173,-0.8145719502,0.8177451181,0.6713216209,0.6477842907,0.6477842907,7.719356524,8.473224585,4.601786948,3.959002007,4.844974178,10.08704543,-0.1788640611,0
2009-01-01,2253.506129,9.5,0.15,100.3520842,44.683,319.24,114.11,23621.15,9.8715,4.736666667,-0.5874400007,502.9545455,-495.03,-95.91,2.314149988,621.865,13.91065,3.151542105,1131.622516,7450.247742,1.485373592,501574,501574,-8804.675179,1.755409008,4723.34,9.35,5.029545455,5.134833333,5.722273334,-0.4767621092,-0.09576356369,-0.5491106589,-0.168142793,-0.168142793,7.720242562,8.460271455,4.608684844,3.799593116,4.737162895,10.06989778,-0.1594088905,0
2009-02-01,2512.344286,9.017857143,0.22,102.9737263,45.57052632,374.71,114.79,23341.55,9.644444444,4.836666667,0.2000052623,477.75,-616.8,1.28,2.320700002,605.1975,14.6087,3.236695,-3211.483497,4694.403119,0.9359343026,501574,501574,-8118.998473,1.618704014,4740.24,8.797857143,4.7775,4.807777778,4.607772515,-0.5831772954,0.00127999965,0.1696952617,0.6659698589,0.6659698589,7.828971575,8.463843046,4.634473871,3.819261155,4.743104372,10.05799031,0.01966803874,0
2009-03-01,2469.634839,7.774193548,0.18,103.4397455,44.79545455,385.91,129.27,23840.96,9.003333333,4.991538462,0.2514045435,483.4090909,-536.61,808.55,2.314863628,592.2181818,14.641,3.174786364,-1171.186926,5193.119471,1.035364566,501574,501574,-8802.74825,1.755024832,4736.68,7.594193548,4.834090909,4.011794872,3.760390328,-0.5137148321,0.7393307702,-0.3700534773,-0.6635102659,-0.6635102659,7.81182558,8.463091747,4.638989274,3.802106673,4.86190324,10.07916039,-0.01715448159,0
2009-04-01,2374.607667,7,0.15,100.7161864,38.06380952,340.08,127.57,23413.66,8.4125,4.679333333,0.6342142849,417.5454545,-702.1,387.22,2.202636361,582.4590909,13.409,3.084215,2912.885466,10289.26593,2.051395392,501574,501574,-7060.835983,1.407735645,4670.78,6.85,4.175454545,3.733166667,3.098952382,-0.6543861045,0.3781434071,-1.814431296,-1.940499072,-1.940499072,7.77258751,8.44908136,4.612306525,3.639263949,4.848665234,10.06107489,-0.1628427238,0
2009-05-01,2227.317742,6.096774194,0.18,97.55188,31.978,341.62,139.83,23584.69,7.94,4.489411765,0.8413999975,322.4761905,-499.12,619.68,2.066761902,565.3952381,13.18757143,2.99438,-1876.659441,6039.915587,1.20419232,501574,501574,-11192.49177,2.231473675,4606.85,5.916774194,3.224761905,3.450588235,2.609188238,-0.4804245906,0.5856269439,-1.252373374,-1.531361328,-1.531361328,7.708553334,8.435299605,4.580384339,3.465048166,4.940427399,10.06835305,-0.1742157831,0
2009-06-01,2089.460333,4.866666667,0.21,96.04261818,29.14045455,313.08,146.13,23723.36,8.901176471,4.832666667,1.306950006,297.5454545,-510.76,679.65,1.958118184,550.3431818,13.33204545,2.990747619,-2008.01347,6660.466105,1.327912951,501574,501574,-14973.01122,2.985204818,4557.18,4.656666667,2.975454545,4.068509804,2.761559798,-0.4908150922,0.635915522,-0.800337655,-0.6222029274,-0.6222029274,7.644661098,8.42445929,4.564792032,3.372127399,4.984496636,10.0742155,-0.09292076704,0
2009-07-01,2049.239677,4.5,0.16,95.66055909,26.16272727,314.47,137.48,24122.44,8.719545455,4.783157895,1.039150005,297.6086957,-772.56,1101.62,1.933521742,540.2934783,13.36169565,3.012625,-2738.042198,5450.400371,1.086659271,501574,501574,-16692.6389,3.328051074,4405.83,4.34,2.976086957,3.93638756,2.897237555,-0.7110975492,0.9514362205,-0.4213658576,-0.1669678198,-0.1669678198,7.625224114,8.390683943,4.560806083,3.264335775,4.923478452,10.09089781,-0.1077916246,0
2009-08-01,2017.618065,4.5,0.16,94.37304286,25.33714286,304.05,144.15,25238.94,8.878421053,4.555263158,1.0577238,261.1428571,-568.66,1421.3,1.84495239,547.2857143,13.00761905,2.950680952,746.6916332,8724.581928,1.739440626,501574,501574,-14837.46753,2.958181152,4340.33,4.34,2.611428571,4.323157895,3.265434094,-0.5417660084,1.150300369,-0.6902847953,-0.9331176317,-0.9331176317,7.609672919,8.375705661,4.547255469,3.232271416,4.970854424,10.13614332,-0.03206435845,0
2009-09-01,1978.033,4.45,0.15,93.6638,24.92666667,313.7,148.17,25122.6,8.915714286,4.322352941,1.1555,250.3181818,-802.12,729.3,1.81959091,548.8113636,13.40490909,2.909509091,-1297.365731,6460.300014,1.288005362,501574,501574,-15442.79696,3.078867119,4177.49,4.3,2.503181818,4.593361345,3.437861344,-0.7343228421,0.6765048568,0.1660605909,-0.1556133066,-0.1556133066,7.589858196,8.337465867,4.539711775,3.215938181,4.998360263,10.13152312,-0.01633323537,0
2009-10-01,1901.400323,4,0.12,92.2597619,24.25227273,334.92,154.41,25185.77,8.307619048,3.988095238,1.348490477,218.3636364,-662.67,800.88,1.73913636,545.2545455,13.21986364,2.872,-3707.944669,4030.121513,0.8034949006,501574,501574,-18064.63395,3.601588988,4091.24,3.88,2.183636364,4.31952381,2.971033333,-0.621816623,0.7333552731,-0.7617096426,-0.8298014733,-0.8298014733,7.550345906,8.316603382,4.524608097,3.188510334,5.039611402,10.13403443,-0.02742784718,0
2009-11-01,1976.879333,3.883333333,0.12,91.79961053,23.789,340.87,153.54,25440.54,7.293684211,3.785,1.60220527,213.3333333,-615.96,661.52,1.728666663,505.4904762,13.10947619,2.8843,-3446.245145,5474.49061,1.091462199,501574,501574,-16796.5452,3.348767122,4114.69,3.763333333,2.133333333,3.508684211,1.90647894,-0.5824622203,0.6208577467,-1.203479883,-0.814190776,-0.814190776,7.589274786,8.322318776,4.519608055,3.169223289,5.033961119,10.14409924,-0.01928704474,0
2009-12-01,2018.012581,3.5,0.12,92.25861905,21.23954545,407.63,153.1,25355.74,7.1525,3.602857143,1.733800005,208.1304348,-699.85,412.46,1.751347827,502.6913043,12.85830435,2.877578947,-6049.282194,6688.198906,1.333442105,501574,501574,-20715.02366,4.13000348,4090.28,3.38,2.081304348,3.549642857,1.815842852,-0.652543677,0.401579137,-0.2853463917,-0.2584688735,-0.2584688735,7.609868435,8.316368706,4.52459571,3.055864796,5.031091303,10.14076041,-0.1133584933,0
2010-01-01,1983.426774,3.5,0.11,92.4403,20.64315789,265.31,158.66,25259.19,7.905263158,3.542222222,1.934999993,209.7142857,-832.88,717.35,1.780857149,502.0785714,12.81809524,2.856255,2168.018762,8131.389643,1.4945759,544060,544060,-19678.62741,3.616995811,4036.35,3.39,2.097142857,4.363040936,2.428040943,-0.7581378381,0.6668223095,-0.003769763674,-0.1499648446,-0.1499648446,7.592581322,8.303096097,4.526563031,3.027383928,5.066763548,10.13694533,-0.02848086801,0
2010-02-01,1951.723929,3.5,0.13,93.88668,22.54,273.2,154.55,25205.3,8.4435,3.3495,1.882184204,235.1,-841.4,839.52,1.841100007,532.01,12.9288,2.853985,-450.9388046,5699.006779,1.047496008,544060,544060,-16918.08272,3.109598706,3934.84,3.37,2.351,5.094,3.211815796,-0.764670839,0.7632316399,1.025260927,0.7554181934,0.7554181934,7.576468327,8.277625499,4.542088523,3.115291509,5.040517669,10.13480957,0.08790758093,0
2010-03-01,1908.991935,3.5,0.16,93.14987826,17.7673913,361.06,159.54,25501.04,8.435454545,3.57952381,1.870039137,189,-751.64,1290.25,1.78543479,522.7130435,12.57069565,2.839278261,-989.6072038,5690.530299,1.045938003,544060,544060,-16736.503,3.076223761,3909.99,3.34,1.89,4.855930736,2.985891599,-0.6944586642,1.072492343,-0.9384199028,-0.8052634607,-0.8052634607,7.554330599,8.271290095,4.53420979,2.877364828,5.072294674,10.14647451,-0.2379266806,0
2010-04-01,1937.449,3.5,0.2,92.63908636,17.42428571,317.54,164.62,25905.52,8.07,4.034736842,1.999209095,172.7727273,-636.67,1056.83,1.7595,519.775,12.24972727,2.8398,314.8964864,7468.2175,1.3726827,544060,544060,-19334.49198,3.553742597,3887.45,3.3,1.727727273,4.035263158,2.036054063,-0.6000138492,0.9209930534,-0.6159872758,-0.4558311011,-0.4558311011,7.569127438,8.265508695,4.528711152,2.857864964,5.103639788,10.16221135,-0.01949986423,0
2010-05-01,1983.593226,3.032258065,0.2,95.53064,31.9295,329.87,155.44,25933.86,7.8595,4.047368421,1.754359984,231.047619,-764.96,893.4,1.813714294,533.3666667,12.7382381,2.845452381,-1793.193985,6504.247256,1.19550183,544060,544060,-19251.02652,3.538401375,3875.7,2.832258065,2.31047619,3.812131579,2.057771595,-0.7050722353,0.8039531378,0.9632611718,0.7649034159,0.7649034159,7.59266524,8.262481571,4.559447034,3.463530347,5.046259805,10.16330473,0.6056653835,0
2010-06-01,1926.846,3,0.18,96.06062727,29.91636364,319.07,160.18,26402.22,7.6075,3.884736842,1.543190907,223.0454545,-987.02,1647.53,1.805318182,537.4727273,12.717,2.83802,-3600.618051,5639.188978,1.036501301,544060,544060,-20843.6311,3.831127284,3881.69,2.82,2.230454545,3.722763158,2.179572251,-0.8721654935,1.273908174,-0.06941040029,-0.1021988389,-0.1021988389,7.563639748,8.264025905,4.564979526,3.39840561,5.076298183,10.18120338,-0.06512473785,0
2010-07-01,1874.41129,3,0.18,94.45469048,25.5652381,341.59,155.63,26665.02,7.229,3.3095,1.310180942,199.0454545,-1028.52,1358.97,1.76931818,530.2136364,12.8205,2.823015789,-2150.40688,6078.180637,1.117189398,544060,544060,-20255.99578,3.723117998,3908.81,2.82,1.990454545,3.9195,2.609319058,-0.9013971745,1.113900203,-0.3588252628,-0.3732728373,-0.3732728373,7.536049911,8.270988259,4.548120254,3.241233542,5.047481395,10.19110787,-0.1571720677,0
2010-08-01,1821.200645,3,0.19,93.68223182,24.74590909,337,158.98,26701.9,6.921904762,3.147222222,1.219454532,165.7727273,-900.77,998.17,1.758727279,508.0090909,12.76863636,2.801847619,134.6172056,6580.946168,1.20959934,544060,544060,-20868.07021,3.835619272,3941.76,2.81,1.657727273,3.77468254,2.555228007,-0.8094391626,0.8800789894,-0.740102386,-0.7039985068,-0.7039985068,7.507251258,8.279382603,4.539908543,3.208660186,5.068778408,10.19249,-0.03257335572,0
2010-09-01,1805.772333,3,0.19,92.76259524,22.51761905,330.33,158.74,27286.08,6.744545455,2.988095238,1.219790476,175.7727273,-1120.01,1716.03,1.717727271,493.4136364,12.803,2.790590909,424.749597,7009.612705,1.288389645,544060,544060,-19145.95488,3.519088865,3958.39,2.81,1.757727273,3.756450216,2.536659741,-0.9637403445,1.308919601,-0.6491606132,-0.565376246,-0.565376246,7.498743665,8.283592656,4.53004349,3.114298072,5.067267644,10.21413196,-0.09436211454,0
2010-10-01,1808.607097,3,0.19,90.22912,20.37333333,343.74,163.94,27838.86,6.5605,3.052,1.476570004,158.1428571,-942.47,1600.73,1.683904761,484.6142857,12.44404762,2.79163,-2495.162226,4542.164589,0.8348646452,544060,544060,-17933.17244,3.296175502,3967.21,2.81,1.581428571,3.5085,2.031929996,-0.8401031764,1.249370164,-0.8488139257,-0.6266588473,-0.6266588473,7.500312268,8.285818356,4.502352213,3.014226856,5.099500507,10.23418817,-0.1000712154,0
2010-11-01,1862.994,3,0.19,90.509535,20.09571429,360.89,166.7,27871.06,6.665,3.047647059,1.541384989,151.6363636,-935.16,859.07,1.713499996,482.5886364,12.33477273,2.805819048,-2609.406444,5975.099149,1.098242685,544060,544060,-17096.33374,3.142361823,3987.23,2.81,1.516363636,3.617352941,2.075967952,-0.8347737549,0.7781327718,-0.1024320116,0.02761029498,0.02761029498,7.52994015,8.290852033,4.505455204,3.000506573,5.11619579,10.23534415,-0.01372028348,0
2010-12-01,1922.33129,3,0.18,91.18347143,17.56954545,416.74,167.94,28451.84,7.146666667,2.864736842,1.747586359,160.7391304,-1117.54,2157.34,1.693173906,473.523913,12.38904348,2.815455,-9971.978206,5638.436448,1.036362983,544060,544060,-21019.02975,3.863366127,3996.34,2.82,1.607391304,4.281929825,2.534343466,-0.9620942839,1.511864441,-0.3956209811,-0.2252961463,-0.2252961463,7.561293942,8.293134221,4.512873646,2.866167031,5.123606773,10.25596811,-0.1343395414,0
2011-01-01,1867.076774,3,0.17,90.11122,17.3155,291.37,168.24,28896.21,7.557,2.694,1.98001501,145.7619048,-1190.37,1665.29,1.67485714,490.2095238,12.1236619,2.786671429,4073.462465,8802.276394,1.421962737,619023,619023,-19113.58605,3.08770208,4022.4,2.83,1.457619048,4.863,2.88298499,-1.009793529,1.283087158,-0.02879319328,-0.2258149193,-0.2258149193,7.532129264,8.299634018,4.501044685,2.851602054,5.125391531,10.27146572,-0.01456497719,0
2011-02-01,1882.371429,3.008928571,0.16,89.39668947,17.43,320.09,173.53,29311.9,7.9305,3.0285,2.127331571,150.95,-806.14,1029.76,1.666649991,474.815,12.06545,2.77041,-788.2202759,5352.509258,0.8646704982,619023,619023,-19450.86752,3.142188177,4069.29,2.848928571,1.5095,4.902,2.774668429,-0.7374556136,0.9022613061,-0.6035450963,-0.5679079487,-0.5679079487,7.540287659,8.311223816,4.493083651,2.85819286,5.156350495,10.28574886,0.006590805398,0
2011-03-01,1881.814839,3.330645161,0.14,88.48722609,20.72347826,359.04,184.97,29846.61,7.988636364,3.502105263,2.302900024,155.1304348,-1175.09,1938.43,1.657260874,479.3173913,11.99795652,2.779508696,468.7181054,6426.81136,1.038218509,619023,619023,-17992.54221,2.906603181,4067.27,3.190645161,1.551304348,4.4865311,2.183631076,-0.9999279385,1.415756533,-0.1036843936,-0.009351239486,-0.009351239486,7.53999193,8.310727292,4.482858204,3.031267273,5.22019365,10.30382654,0.1730744135,0
2011-04-01,1809.834,3.5,0.1,86.92136667,16.244,308.01,192.99,30555.51,7.794736842,3.724,2.426485014,151.5238095,-1207.35,2149.83,1.584190482,469.7095238,11.70142857,2.815842105,3929.227352,11244.93391,1.816561567,619023,619023,-14378.21134,2.322726513,4057.74,3.4,1.515238095,4.070736842,1.644251828,-1.020669999,1.508701577,-1.065286415,-0.5352875091,-0.5352875091,7.500990407,8.308381447,4.465003879,2.78772361,5.262638374,10.32730031,-0.2435436632,0
2011-05-01,1800.50871,3.75,0.09,86.94640476,16.91142857,349.67,188.49,30811.65,7.635909091,3.661904762,2.198523805,147.5909091,-1137.89,1440.63,1.613090911,467.8863636,11.653,2.774390476,106.1759116,9251.85159,1.494589311,619023,619023,-12478.84145,2.01589302,4077.54,3.66,1.475909091,3.974004329,1.775480524,-0.975595946,1.161372999,-0.0367921051,-0.3234146804,-0.3234146804,7.49582452,8.313249144,4.465291892,2.82798964,5.239044955,10.33564814,0.04026603038,0
2011-06-01,1783.159333,4.091666667,0.09,86.94125455,19.15318182,326.63,185.71,31197.83,7.2005,3.427894737,1.954959084,144.6363636,-1162.65,1728.3,1.58590909,469.4954545,11.80381818,2.76382381,206.31011,9500.979883,1.534834713,619023,619023,-8671.913286,1.400903244,4085.1,4.001666667,1.446363636,3.772605263,1.817646179,-0.9918408856,1.315080969,-0.06070425238,-0.1198146521,-0.1198146521,7.486141976,8.315101487,4.465232655,2.952468854,5.224186317,10.34810382,0.124479214,0
2011-07-01,1761.593871,4.25,0.07,86.317805,19.2275,319.42,185.45,32144.6,7.075789474,3.507857143,2.05825001,140.7142857,-794.88,1838.09,1.562238103,461.9190476,11.669,2.741405263,-123.3717723,8729.915676,1.410273233,619023,619023,-6644.878179,1.073446088,4062.93,4.18,1.407142857,3.567932331,1.509682321,-0.7286652133,1.368790672,-0.5802948451,-0.5965692081,-0.5965692081,7.473974287,8.309659667,4.458035892,2.956341546,5.222785304,10.37799975,0.003872691739,0
2011-08-01,1785.56,4.5,0.1,86.89824348,35.02913043,369.65,180.66,32355.27,6.763181818,3.344210526,1.762778251,170.826087,-829.45,877.22,1.595739121,466.6369565,12.231,2.739519048,-3295.813115,5175.790293,0.8361224531,619023,619023,-10075.3085,1.627614564,4095.58,4.4,1.70826087,3.418971292,1.656193041,-0.7555000281,0.7918385269,0.7798503499,0.5735079299,0.5735079299,7.487487371,8.317663622,4.464737819,3.556180013,5.196616812,10.38453219,0.5998384675,0
2011-09-01,1833.319667,4.5,0.08,89.72526667,36.53,339.35,186.69,32434.11,6.550909091,3.203529412,1.567080941,214.8181818,-575.03,595.68,1.749954538,486.3363636,13.05427273,2.74415,1273.770036,10231.66422,1.652873031,619023,619023,-9226.288061,1.490459654,4104.6,4.42,2.148181818,3.347379679,1.780298739,-0.5472957232,0.565117001,2.031721955,1.560226337,1.560226337,7.513883628,8.319863575,4.496752409,3.598133841,5.229449487,10.38696593,0.04195382735,0
2011-10-01,1907.609032,4.5,0.07,90.609845,32.82904762,351.16,185.34,32739.02,6.891,3.232352941,1.625824988,207.0952381,-771.61,1156.01,1.772285722,509.1928571,13.43847619,2.73113,-3200.593164,6572.920335,1.061821667,619023,619023,-9931.718998,1.604418414,4112.02,4.43,2.070952381,3.658647059,2.032822071,-0.7103455949,0.9875039272,0.9328167599,0.6064194266,0.6064194266,7.553605921,8.321669671,4.506562872,3.491313722,5.222191976,10.39632292,-0.1068201192,0
2011-11-01,1919.475,4.525,0.08,91.26488,31.94190476,354.01,191.56,32588.96,7.0495,3.002105263,1.758014995,197.0454545,-523.34,239.96,1.786136367,508.6477273,13.69709091,2.705104762,-9099.518621,7692.487866,1.242682076,619023,619023,-16421.83118,2.652862846,4105.14,4.445,1.970454545,4.047394737,2.289379742,-0.5019897214,0.2377148535,0.1826083147,-0.05315976247,-0.05315976247,7.55980699,8.319995126,4.513766048,3.463918777,5.255201075,10.39172886,-0.02739494499,0
2011-12-01,1933.35129,4.75,0.07,92.20559048,25.04761905,375.7,183.64,32300.44,7.0905,2.998333333,1.722495244,187.1363636,-870.63,615.38,1.837681825,516.8840909,13.76968182,2.696178947,-11056.86197,5265.090877,0.8505485058,619023,619023,-17506.71494,2.82812027,4064.1,4.68,1.871363636,4.092166667,2.369671423,-0.7868764023,0.5819683214,0.4194774238,0.2505962464,0.2505962464,7.567010196,8.309947595,4.524020763,3.220778775,5.212977319,10.38283613,-0.2431400016,0
2012-01-01,1853.282258,4.758064516,0.08,91.646265,20.228,294.54,188.84,32518.33,6.962857143,2.852222222,1.799820006,197.1363636,-918.67,1248.34,1.788272733,499.7409091,13.40286364,2.6925,3977.500343,8779.393287,1.317224468,666507,666507,-17602.67706,2.641034086,4067.27,4.678064516,1.971363636,4.110634921,2.310814915,-0.8226799778,1.046555599,-1.095017501,-0.8462626431,-0.8462626431,7.52471354,8.310727292,4.517936221,3.007067783,5.240900096,10.38955921,-0.2137109918,0
2012-02-01,1782.754828,5.025862069,0.1,89.9605,18.4205,302.52,191.26,32818.29,6.967619048,2.997894737,2.037274992,175.5714286,-651.4,909.95,1.715619042,480.8690476,12.77552381,2.683271429,-372.308152,6562.646936,0.9846328599,666507,666507,-17186.76493,2.578632323,4049.7,4.925862069,1.755714286,3.969724311,1.932449318,-0.6123977593,0.8162444403,-1.534431971,-1.217416785,-1.217416785,7.485915103,8.306398083,4.499370685,2.913464175,5.253633759,10.39874126,-0.09360360835,0
2012-03-01,1766.331613,5.25,0.13,90.51121364,16.16727273,338.47,193.11,33121.74,6.788095238,3.228888889,2.17007727,149.0909091,-570.85,888.26,1.794590912,485.6181818,12.74281818,2.670872727,-598.6766777,6746.677891,1.012244116,666507,666507,-18254.15972,2.738779895,4029.13,5.12,1.490909091,3.559206349,1.389129079,-0.5436688311,0.8001151547,0.3981916376,0.2079542913,0.2079542913,7.47666014,8.301305751,4.505473751,2.782988997,5.263259975,10.40794514,-0.130475178,0
2012-04-01,1774.249,5.25,0.14,90.81560952,17.823,330.6,189.48,33554.52,6.592631579,3.293529412,2.065314282,147.4761905,-507.33,989.56,1.852952389,485.4452381,13.05628571,2.656622222,9730.221583,17680.22859,2.652669603,666507,666507,-12453.16549,1.86842231,4051.72,5.11,1.474761905,3.299102167,1.233787886,-0.4877583465,0.8739720913,0.4744600182,0.2507070853,0.2507070853,7.481132514,8.306896761,4.508831182,2.880489758,5.244283478,10.42092686,0.09750076118,0
2012-05-01,1793.276774,5.25,0.16,92.49278636,21.00181818,354.33,172.38,33669.15,6.642857143,3.336666667,1.931013644,174.3043478,-416.53,496.59,1.98134783,498.226087,13.62604348,2.669736364,777.0797026,9424.309257,1.413985038,666507,666507,-11782.2617,1.767762633,4056.38,5.09,1.743043478,3.306190476,1.375176832,-0.4053389512,0.4781597501,1.341861733,1.107902435,1.107902435,7.491799825,8.308046229,4.527130656,3.044609014,5.149701342,10.42433727,0.164119256,0
2012-06-01,1792.546667,5.25,0.16,93.88086667,21.13095238,319.67,160.51,34265.53,6.504736842,3.328333333,1.782585717,172.7619048,-488.08,1266.02,2.048904759,504.3857143,13.9137619,2.67096,2603.840731,13981.2627,2.097691802,666507,666507,-9384.731074,1.408046888,4049.42,5.09,1.727619048,3.176403509,1.393817791,-0.470524918,1.057561663,0.6053731685,0.4657101043,0.4657101043,7.491392607,8.30632894,4.542026603,3.050738903,5.078356246,10.44189517,0.006129889004,0
2012-07-01,1783.820323,5.233870968,0.16,93.40616667,17.5652381,330.39,162.14,34712.56,6.223,3.334375,1.783238104,150.9545455,-510.66,1098.05,2.027727268,490.9340909,13.35668182,2.634985714,-739.9800067,10894.79886,1.634611319,666507,666507,-10001.33931,1.500560281,4060.39,5.073870968,1.509545455,2.888625,1.105386896,-0.4907260343,0.9490345811,-1.023997101,-1.038272808,-1.038272808,7.486512592,8.309034307,4.536957367,2.865921841,5.08846016,10.45485686,-0.1848170623,0
2012-08-01,1805.523226,4.959677419,0.13,92.52826522,15.68956522,346.78,155.67,35270.04,5.871904762,3.06,1.941217391,128.7826087,-387.72,867.16,2.027913031,480.8956522,13.178,2.61587619,-3395.703087,5500.594816,0.8252868786,666507,666507,-10101.22928,1.515547366,4037.52,4.829677419,1.287826087,2.811904762,0.8706873705,-0.3786096325,0.7842570519,-0.5212470283,-0.5348684544,-0.5348684544,7.498605705,8.303385921,4.527514168,2.752995856,5.047738382,10.47078916,-0.1129259852,0
2012-09-01,1802.746333,4.75,0.14,90.9802,15.28473684,313.1,169.21,35829.46,5.797,2.645789474,2.172694721,126.5,-419.47,998.32,2.02650001,473.5725,12.9339,2.60267,590.9353321,9263.262253,1.3898222,666507,666507,-10784.06398,1.617997108,4011.27,4.61,1.265,3.151210526,0.9785158056,-0.4080515111,0.8801851486,-0.5246747376,-0.4928404222,-0.4928404222,7.497066522,8.296863178,4.5106419,2.726854738,5.131140547,10.48652574,-0.0261411171,0
2012-10-01,1804.400968,4.75,0.16,90.75663,16.27619048,353.61,170.07,36395.33,5.562272727,2.343333333,2.215485709,110.6521739,-293.83,994.42,2.029304328,475.4326087,12.88921739,2.58766,-5623.009116,5052.547473,0.7580636772,666507,666507,-13206.47994,1.981446547,4013.72,4.59,1.106521739,3.218939394,1.003453685,-0.2897582675,0.8774224219,-0.08289523778,-0.176039286,-0.176039286,7.497983942,8.297473771,4.508181528,2.789703333,5.136210117,10.50219575,0.06284859451,0
2012-11-01,1821.013667,4.708333333,0.16,91.47508,16.70190476,327.24,167.03,36889.85,5.598,2.34,2.123420012,122.8181818,-363.11,861.18,2.066954537,480.0122727,13.06513636,2.598605,-2810.256374,7739.529077,1.161207471,666507,666507,-6917.217691,1.037831214,3986.95,4.548333333,1.228181818,3.258,1.134579988,-0.3555700372,0.7797324438,0.3461067737,0.3469369418,0.3469369418,7.507148585,8.290781807,4.516066585,2.815522771,5.118173437,10.51569172,0.02581943756,0
2012-12-01,1792.494839,4.435483871,0.16,90.88039,17.307,358.42,166.52,37466.61,5.325263158,2.421428571,2.206884992,116.1428571,-578.73,1207.44,2.075904778,476.672381,12.8622381,2.566561111,-19579.2955,5440.749875,0.8163079871,666507,666507,-15439.65122,2.316502485,3969.67,4.275483871,1.161428571,2.903834586,0.6969495943,-0.5505006693,1.020727406,-0.3382040945,-0.5007506455,-0.5007506455,7.491363693,8.286438247,4.509544246,2.851111044,5.115115422,10.53120542,0.03558827343,0
2013-01-01,1769.672581,4.225806452,0.14,90.82551429,13.5052381,329.4,167.43,37862.51,4.87952381,2.092941176,2.308266674,112.4347826,-462.35,975.46,2.029043472,471.8052174,12.69817391,2.552172727,8920.333169,13423.77339,1.879835454,714093,714093,-10496.81839,1.469951168,4004.53,4.085806452,1.124347826,2.786582633,0.4783159593,-0.4472857585,0.8639142984,-0.5923571245,-0.5548777429,-0.5548777429,7.478549826,8.295181499,4.50894024,2.603077617,5.120565353,10.54171672,-0.2480334267,0
2013-02-01,1790.547857,3.964285714,0.15,91.55087368,14.07263158,317.32,170.29,38535.79,4.587,1.917692308,2.449884226,131.3,-260.93,737.18,1.972700006,472.018,12.71625,2.578347368,-1878.951326,7915.884985,1.108522977,714093,714093,-12003.46157,1.680938137,4019.33,3.814285714,1.313,2.669307692,0.2194234659,-0.2580563214,0.6828596115,-0.3363675092,-0.04458517608,-0.04458517608,7.490276917,8.298870501,4.516894814,2.644231888,5.137502866,10.5593427,0.04115427114,0
2013-03-01,1813.74871,3.653225806,0.14,92.41318,13.0315,334.17,164.81,39334.93,4.474444444,1.701538462,2.481630003,141.8095238,-133.72,1025.15,1.98509524,472.0547619,12.49833333,2.594173684,-3909.373406,6824.921082,0.9557468119,714093,714093,-15314.1583,2.144560764,4015.03,3.513225806,1.418095238,2.772905983,0.2912759795,-0.1333246641,0.8990459803,-0.2519671956,-0.06343102824,-0.06343102824,7.503151093,8.297800098,4.526269609,2.567369503,5.104793295,10.57986821,-0.07686238492,0
2013-04-01,1830.231333,3.25,0.15,92.04782273,13.96727273,387.13,156.96,40089.66,4.490909091,1.738666667,2.290472713,131.9545455,-442.14,1245.43,2.001409075,471.8686364,12.21318182,2.598068182,3956.848764,13878.69744,1.943542009,714093,714093,-21087.53112,2.953051089,4071.56,3.1,1.319545455,2.752242424,0.4617697109,-0.428871455,1.044734971,-0.3097547991,-0.1996801271,-0.1996801271,7.51219765,8.311781497,4.522308254,2.636716931,5.055990996,10.59887372,0.06934742721,0
2013-05-01,1847.92129,3.25,0.11,92.52896818,13.49363636,395.79,156.56,40509.26,4.784285714,2.002666667,2.064354523,135.3913043,-261.47,544.87,2.039238101,481.2471429,12.31371429,2.645718182,526.3185837,9969.085524,1.396048627,714093,714093,-21338.29223,2.98816712,4113.02,3.14,1.353913043,2.781619048,0.717264525,-0.2585787925,0.5209805964,0.4110659314,0.6763080216,0.6763080216,7.521816659,8.321912831,4.527521765,2.602218194,5.053439323,10.60928587,-0.03449873684,0
2013-06-01,1909.849333,3.25,0.09,93.283615,17.2715,372.87,157.8,40816.75,6.256666667,3.113333333,1.810659993,180,-285.82,674.93,2.172654986,503.0825,12.9572025,2.748484211,2058.561346,14287.93581,2.000850843,714093,714093,-21883.57162,3.064526836,4166.22,3.16,1.8,3.143333333,1.332673341,-0.2820648846,0.6320075112,1.636875579,1.996573665,1.996573665,7.554779635,8.334764429,4.535644476,2.849057744,5.061328408,10.61684782,0.2468395504,0
2013-07-01,1901.542581,3.25,0.09,93.87238636,13.97454545,394.23,160.44,41524.03,6.323181818,3.265294118,1.88493636,169.5217391,-531.62,1345.27,2.25185215,505.1813043,12.76188043,2.776885714,-3121.871982,8257.582431,1.15637353,714093,714093,-24265.46359,3.398081706,4230.06,3.16,1.695217391,3.057887701,1.172951341,-0.5093133215,1.105753827,0.09269878677,0.2787611899,0.2787611899,7.55042072,8.349971456,4.541936268,2.637237493,5.077920041,10.63402757,-0.2118202513,0
2013-08-01,1902.104194,3.25,0.08,93.71488636,14.21,372.23,162.5,42092.89,6.5265,3.417222222,1.902504552,182.9545455,-301.71,806.93,2.341890909,512.03,12.92856818,2.801985714,-3292.03001,6442.046662,0.9021299273,714093,714093,-24161.79052,3.383563558,4255.51,3.17,1.829545455,3.109277778,1.206773225,-0.2973105445,0.7380705349,0.5769155335,0.616134766,0.616134766,7.550716023,8.355969893,4.540257049,2.653945942,5.090678002,10.64763412,0.01670844921,0
2013-09-01,1919.512333,3.25,0.08,93.470565,14.692,354.14,160.64,43064.73,6.522857143,3.648,1.885879999,181.3809524,-452.7,1400.76,2.270199991,503.5538095,13.07427381,2.778661905,1832.936358,12492.06863,1.749361586,714093,714093,-22919.78949,3.209636489,4296.55,3.17,1.813809524,2.874857143,0.9889771435,-0.4385106118,1.138423708,-0.4598737282,-0.5105649621,-0.5105649621,7.55982644,8.365567654,4.537646574,2.687303128,5.079165837,10.67045961,0.03335718585,0
2013-10-01,1885.13129,3.25,0.09,92.49926818,15.40782609,368.29,159.96,43292.85,6.281818182,3.399090909,1.938222723,171.3043478,-651.55,1039.38,2.188347806,501.4386957,12.99666304,2.769066667,-6260.098119,7246.994616,1.014853054,714093,714093,-23556.87849,3.29885302,4311.23,3.16,1.713043478,2.882727273,0.9445045502,-0.6125234411,0.908947134,-0.5606630627,-0.4876083199,-0.4876083199,7.541752747,8.368978525,4.527200733,2.734875568,5.074923784,10.67574277,0.04757243984,0
2013-11-01,1921.753,3.25,0.08,93.37366842,12.924,360.61,158.91,43417.31,6.376315789,3.441578947,1.920999991,183.1428571,-375.72,360.13,2.296623798,520.1733333,13.07421429,2.79875,-2583.382716,9974.474651,1.396803309,714093,714093,-23330.00484,3.267082136,4344.6,3.17,1.831428571,2.934736842,1.013736851,-0.3673986814,0.3527676431,0.8652023057,0.8658236614,0.8658236614,7.560993069,8.376688974,4.536609383,2.559086048,5.068338004,10.67861349,-0.1757895198,0
2013-12-01,1932.956129,3.25,0.09,93.53402,14.19238095,414.86,159.34,43632.74,6.2725,3.203684211,1.874561912,177.0909091,-633.44,785.57,2.345604528,528.9259524,13.00595455,2.78564,-12894.70989,9030.89873,1.264667029,714093,714093,-16645.41923,2.330987593,4401.04,3.16,1.770909091,3.068815789,1.194253878,-0.5972872078,0.7213606221,0.2345250256,0.0839213086,0.0839213086,7.566805783,8.389596156,4.53832522,2.652705268,5.071040284,10.68356306,0.09361922,0
2014-01-01,1957.287097,3.25,0.07,94.46474762,14.24095238,352.57,154.23,43710.5,6.259047619,2.939047619,2.010638095,182.0869565,-452.26,537.45,2.380178255,538.4970455,13.21326087,2.809277273,7386.752191,13247.96938,1.736520814,762903,762903,-18179.00021,2.382871769,4424.21,3.18,1.820869565,3.32,1.309361905,-0.4381097392,0.5144548696,0.4432168626,0.5048247816,0.5048247816,7.579314659,8.39484701,4.548226724,2.656121784,5.038444995,10.68534363,0.00341651647,0
2014-02-01,2038.4925,3.25,0.07,94.64558235,15.47,330.22,154.46,44026.86,6.595,3.1985,2.035842099,188.25,-393.78,621.75,2.383375001,554.4525,13.2786,2.81255,-2756.311949,8875.698596,1.163411154,762903,762903,-19056.36083,2.497874675,4437.11,3.18,1.8825,3.3965,1.360657901,-0.3842540204,0.587385679,0.3327563874,0.2754486755,0.2754486755,7.619965843,8.397758543,4.550139203,2.738902665,5.039935163,10.69255518,0.08278088015,0
2014-03-01,2019.713226,3.25,0.08,94.44082105,14.83666667,338.7,157.03,44298.38,6.3475,3.0425,2.071966659,176.7619048,-549.09,887.69,2.326471408,563.4209524,13.2025,2.806571429,-4104.442797,8013.78621,1.050433176,762903,762903,-19251.43022,2.523444032,4441.64,3.17,1.767619048,3.305,1.233033341,-0.5246829383,0.799688938,-0.1911925957,-0.1837303259,-0.1837303259,7.610710813,8.398778957,4.547973406,2.697101594,5.05643687,10.69870339,-0.04180107023,0
2014-04-01,1938.360333,3.275,0.09,93.99555,14.19809524,317.03,154.76,44642.4,5.832,2.729473684,2.040071425,161.5454545,-405.89,902.31,2.233872728,555.1857143,13.06177273,2.79444,2549.881992,12519.1518,1.640988671,762903,762903,-20658.39699,2.707866792,4371.54,3.185,1.615454545,3.102526316,1.062454891,-0.395498478,0.8105829593,-0.7843421155,-0.6729206814,-0.6729206814,7.569597706,8.382870629,4.543247441,2.653107817,5.04187553,10.70643936,-0.04399377691,0
2014-05-01,1915.360968,3.5,0.09,93.67002857,12.4752381,333.13,149.05,45036.17,6.056666667,2.903333333,2.052661884,154,-457.83,954.65,2.221268188,554.9156818,12.93015909,2.786952381,-805.7828131,11789.18691,1.545306141,762903,762903,-21990.49839,2.882476329,4308.88,3.41,1.54,3.153333333,1.100671449,-0.4431795234,0.8489400332,-0.2817255492,-0.2627954228,-0.2627954228,7.557661379,8.368433289,4.539778272,2.523745727,5.00428182,10.71522122,-0.1293620902,0
2014-06-01,1887.039333,3.791666667,0.1,93.82740476,11.54142857,298.39,162.47,45501.64,6.129444444,2.923888889,2.10500951,144.2380952,-422.78,1106.4,2.236019055,553.1237048,12.99334524,2.79452381,-1168.040131,11213.669,1.469868254,762903,762903,-25217.09987,3.305413646,4234.4,3.691666667,1.442380952,3.205555556,1.100546045,-0.4111020446,0.9546451873,-0.02481825408,0.03841827441,0.03841827441,7.54276439,8.350996921,4.541456975,2.445943046,5.090493369,10.72550365,-0.07780268081,0
2014-07-01,1857.644194,4,0.09,93.60385909,12.29636364,346.21,148.64,46091.98,6.233913043,3.063043478,2.138290893,145.4782609,-515.55,1241.81,2.224330436,559.2120609,12.9666413,2.786395238,-2706.775753,10126.87291,1.327412909,762903,762903,-24802.00364,3.251003553,4186.38,3.91,1.454782609,3.170869565,1.032578672,-0.4950767377,1.042466522,-0.03860818642,-0.08508186806,-0.08508186806,7.527064401,8.339591678,4.539071612,2.509303579,5.001527275,10.73839424,0.06336053291,0
2014-08-01,1898.125161,4.25,0.09,94.58080952,13.49190476,315.26,151.55,46705.06,6.150526316,2.956842105,2.027733315,153.5714286,-404.15,1469.35,2.267723799,579.8196333,13.14407143,2.814766667,-5648.355493,7503.469367,0.9835417303,762903,762903,-27158.32912,3.559866605,4129.41,4.16,1.535714286,3.193684211,1.165950896,-0.3938857355,1.177640517,0.6871038693,0.7215510059,0.7215510059,7.548621921,8.325889819,4.549454596,2.602089858,5.020915604,10.75160779,0.09278627897,0
2014-09-01,1973.716667,4.5,0.09,96.12086667,13.46666667,343.28,145.98,47106.54,6.047272727,2.882727273,1.85944761,151.9090909,-356.99,923.79,2.332554535,594.2876136,13.23838636,2.864695455,3278.842819,13967.96517,1.830896611,762903,762903,-25712.42266,3.370339697,4118.55,4.41,1.519090909,3.164545455,1.305097845,-0.3498119033,0.8264456367,0.5465466648,0.7660173235,0.7660173235,7.587673677,8.323256439,4.565606427,2.600217496,4.983469626,10.76016712,-0.001872362019,0
2014-10-01,2048.567419,4.5,0.09,97.43960455,18.05869565,349.25,133.69,47364.58,6.055909091,2.840909091,1.675463633,174.173913,-395.14,885.3,2.447943439,588.3092652,13.4796087,2.906709091,-3539.124574,7568.044425,0.9920061168,762903,762903,-22991.44912,3.013679212,4099.51,4.41,1.74173913,3.215,1.539536367,-0.385519151,0.7979005054,0.4259806319,0.6147870631,0.6147870631,7.624896008,8.318622733,4.579232746,2.893627322,4.895523687,10.76562997,0.2934098261,0
2014-11-01,2128.683667,4.5,0.09,99.11468889,13.41315789,324.2,130.36,47380.2,5.736111111,2.486666667,1.687477781,172.8,-265.41,319.11,2.548040009,594.161385,13.622,2.92551,-1325.607484,10830.48373,1.419640994,762903,762903,-21733.67388,2.848812219,4063.1,4.41,1.728,3.249444444,1.561966664,-0.2623887997,0.3139282131,0.5107452137,0.5151979656,0.5151979656,7.663259071,8.309701508,4.596277653,2.596236158,4.870299854,10.7659597,-0.2973911647,0
2014-12-01,2342.253548,4.5,0.12,101.4441333,16.29227273,444.97,117.58,47323.09,6.112,2.43,1.43580454,199.7391304,-357.49,260.06,2.640943465,612.2470913,14.53530435,2.962538095,-9517.492224,10247.25998,1.343193038,762903,762903,-18356.45622,2.406132394,4093.21,4.38,1.997391304,3.682,2.24619546,-0.3502827597,0.2572144174,1.373736468,1.285740465,1.285740465,7.7588688,8.317084782,4.619508236,2.79069093,4.767118953,10.76475362,0.194454772,0
2015-01-01,2397.258065,4.5,0.11,103.76074,19.1195,349,104.49,47067.16,5.899,2.348947368,1.383875,229.5,-289.86,10.35,2.634918191,621.6387636,14.69686364,3.006785,4185.292315,12820.05895,1.593163465,804692,804692,-21557.91609,2.679027018,4089.64,4.39,2.295,3.550052632,2.166177631,-0.285947252,0.01034981522,0.1985991189,0.4495917297,0.4495917297,7.78208089,8.316212226,4.642087672,2.950708757,4.649091373,10.7593308,0.1600178271,0
2015-02-01,2420.6725,4.5,0.11,105.1685389,15.90421053,361.96,108.98,47055.26,5.6245,2.212,1.651231578,207.75,-241.31,166.63,2.818399978,622.849655,14.917725,3.079435,-2925.395126,7162.09623,0.8900419328,804692,804692,-21726.99927,2.700039179,4121.38,4.39,2.0775,3.4125,1.761268422,-0.2390273869,0.1658683824,0.7119261065,1.01660525,1.01660525,7.791800673,8.323943338,4.655564196,2.766583887,4.691164379,10.75907793,-0.1841248695,0
2015-03-01,2585.362258,4.5,0.11,107.3647381,14.81272727,435.94,116.07,46913.63,5.967619048,2.3315,1.69767273,221.8636364,-267.57,51.11,3.139163635,628.7480773,15.24282955,3.092236364,-4438.343245,8649.524964,1.074886412,804692,804692,-22060.89972,2.741533371,4218.62,4.39,2.218636364,3.636119048,1.938446317,-0.2644759586,0.05108777425,1.252769852,1.025479316,1.025479316,7.857620916,8.347263339,4.676231805,2.695486762,4.754193457,10.75606353,-0.07109712506,0
2015-04-01,2505.248,4.5,0.12,106.3522818,13.4947619,352.86,118.61,47172.99,5.887,2.486,1.796318195,215.7272727,-331.29,593.9,3.047900005,614.0399227,15.22827,3.12064,2274.928871,13668.27928,1.69857278,804692,804692,-22335.85284,2.775702112,4254.45,4.38,2.157272727,3.401,1.604681805,-0.3255110807,0.5635871585,-0.6781398962,-0.3222355442,-0.3222355442,7.826143011,8.355720773,4.666756997,2.602301603,4.7758408,10.76157676,-0.09318515899,0
2015-05-01,2437.535161,4.5,0.12,105.406515,13.3385,362.7,123.53,47005.47,5.988947368,2.735789474,1.747645003,208.952381,-201.58,-105.45,3.058133352,607.8615619,15.2665,3.151345,870.7905267,12694.2182,1.57752509,804692,804692,-20659.2795,2.567352415,4284.02,4.38,2.08952381,3.253157895,1.505512892,-0.2002391919,-0.1052555427,-0.1687206708,0.07285616795,0.07285616795,7.798742628,8.3626471,4.657824446,2.59065459,4.816484042,10.75801926,-0.01164701271,0
2015-06-01,2562.477667,4.5,0.13,106.1789864,14.33954545,396.98,122.42,46975.77,6.195789474,3.014210526,1.732659085,224.8636364,-164.19,168.05,3.111727281,631.7326318,15.50471591,3.161780952,-1953.188952,12303.99321,1.529031382,804692,804692,-21444.42832,2.664923762,4382.61,4.37,2.248636364,3.181578947,1.448919862,-0.163461093,0.1672689084,0.7211464185,0.6098200608,0.6098200608,7.848729908,8.385399716,4.665126221,2.663021137,4.807457755,10.75738722,0.07236654655,0
2015-07-01,2732.035806,4.5,0.13,108.1235682,14.35272727,458.71,115.13,46845.8,6.352272727,3.276818182,1.605290911,242,-220.53,-57.83,3.222817379,651.4216304,15.94103087,3.181965,-3128.173274,12875.1245,1.600006525,804692,804692,-21865.82584,2.717291316,4495.11,4.37,2.42,3.075454545,1.470163634,-0.2187805002,-0.05779781485,0.9312664655,0.8289032046,0.8289032046,7.912802327,8.410745418,4.683274723,2.663939978,4.746061925,10.75461664,0.0009188410576,0
2015-08-01,3012.587419,4.5,0.14,109.9767476,19.42809524,502.15,105.94,46703.28,6.677894737,3.013684211,1.330823813,275.7142857,-171.35,-171.04,3.51399525,688.8470238,16.54392381,3.239442857,-4192.1143,6974.912634,0.8667804121,804692,804692,-20409.58465,2.536322549,4682,4.36,2.757142857,3.664210526,2.333386713,-0.1705223925,-0.1702168378,1.825155624,1.731405228,1.731405228,8.010554596,8.451480648,4.700268958,2.966720227,4.662872896,10.75156968,0.3027802486,0
2015-09-01,3066.408,4.525,0.14,110.8512571,24.37714286,451.97,106.31,46726.37,7.214090909,2.993636364,1.220623805,290.7272727,-251.93,-50.87,3.901209105,691.3589818,16.85139091,3.218645455,1423.223087,13808.94814,1.716053861,804692,804692,-22265.20438,2.766922547,4790.69,4.385,2.907272727,4.220454545,2.99983074,-0.2493384105,-0.05084808564,1.113319359,0.7079092357,0.7079092357,8.028262123,8.47442973,4.708189277,3.193645925,4.666359354,10.75206395,0.2269256985,0
2015-10-01,2929.472258,4.75,0.12,109.9035714,16.78954545,388.73,105.08,46826.33,7.306666667,2.899047619,1.224066672,282.4545455,-330.84,414.98,3.873372707,684.1142136,16.57883273,3.24952,-3817.656829,8623.372122,1.071636368,804692,804692,-22543.73663,2.80153607,4830.17,4.63,2.824545455,4.407619048,3.183552376,-0.3250838834,0.4039077192,-0.49477594,-0.1766039319,-0.1766039319,7.982577569,8.482636943,4.699603358,2.820756398,4.654721965,10.75420093,-0.3728895268,0
2015-11-01,3001.376333,5.225,0.12,111.6916105,16.21,399,102.93,46757.77,7.561578947,2.987368421,1.32780001,280.3809524,-146.75,-154.99,3.780033339,704.8474905,16.63820762,3.3382,-2772.118317,11177.71476,1.389067464,804692,804692,-23990.24747,2.981295634,4904.97,5.105,2.803809524,4.574210526,3.246410516,-0.146228316,-0.1543760877,0.09072250098,0.6120419068,0.6120419068,8.00682624,8.498004256,4.715741596,2.785628336,4.634049146,10.75273572,-0.03512806258,0
2015-12-01,3244.201613,5.588709677,0.24,112.7857409,18.02545455,497.4,95.82,46731.11,7.8875,3.359411765,1.293045472,313.7391304,-252.16,-31.5,3.874326074,704.4074783,17.08013565,3.38377619,-9795.834233,8562.825483,1.064112168,804692,804692,-24268.58948,3.015885516,4957.4,5.348709677,3.137391304,4.528088235,3.235042763,-0.2495614356,-0.03149479301,0.4270484975,0.5954961751,0.5954961751,8.084624563,8.508636689,4.725489921,2.8917849,4.562471431,10.75216539,0.1061565646,0
2016-01-01,3270.195161,5.75,0.34,115.2343875,23.71789474,409.29,86.25,46734.29,8.222631579,3.561052632,1.226210525,367.4285714,-157.72,36.65,4.045000008,721.5532286,18.04937476,3.43865,1561.154616,13827.40585,1.6007981,863782,863782,-26892.72717,3.113369713,5017.69,5.41,3.674285714,4.661578947,3.435368422,-0.1570733166,0.0366418001,1.249890468,1.263435322,1.263435322,8.092604944,8.520724947,4.746968206,3.166229815,4.457250056,10.75223344,0.2744449151,0
2016-02-01,3354.956897,6.068965517,0.38,114.281735,22.517,451.42,94.13,46849.39,8.513333333,3.793333333,1.140039995,393.1904762,-147.57,54.35,3.966157153,703.1560714,18.46209,3.506957143,-5524.624035,7100.152544,0.8219843136,863782,863782,-29491.95608,3.414282317,5107.15,5.688965517,3.931904762,4.72,3.579960005,-0.1470395787,0.05432327789,-0.3337051692,0.1478070936,0.1478070936,8.118194202,8.538396798,4.738666759,3.114270579,4.544676806,10.75469327,-0.05195923594,0
2016-03-01,3128.789032,6.330645161,0.36,111.8933913,15.84909091,414.88,103.64,47224.96,7.9405,3.5855,1.489581813,309.3043478,-258.82,549.21,3.703213039,680.3120739,17.6228413,3.406928571,-3048.225588,9744.193647,1.128084823,863782,863782,-28101.83843,3.253348464,5086.09,5.970645161,3.093043478,4.355,2.865418187,-0.2560141541,0.524788122,-1.695845552,-1.851447177,-1.851447177,8.048401318,8.534264641,4.717546555,2.763112143,4.640923356,10.76267785,-0.3511584367,0
2016-04-01,2997.727,6.5,0.37,110.0170762,14.30047619,399.76,105.85,47292.95,7.723333333,3.335714286,1.533871424,286.8095238,-161.77,118.04,3.564800001,669.6329667,17.46794571,3.3011,-441.2978213,13743.15467,1.591044346,863782,863782,-30818.06512,3.567805895,5132.99,6.13,2.868095238,4.387619048,2.853747624,-0.1610726077,0.1177675874,-0.7525010312,-1.19659207,-1.19659207,8.005609614,8.543443614,4.700635592,2.660292837,4.662022998,10.76411651,-0.102819306,0
2016-05-01,2993.508387,6.991935484,0.37,111.1405143,14.85285714,433.51,112.65,47532.46,7.6175,3.339,1.549852366,291.2272727,9.75,-128.79,3.540854562,683.3696773,18.08294591,3.334681818,294.7500988,13042.8428,1.509969275,863782,863782,-31394.10555,3.634494068,5203.8,6.621935484,2.912272727,4.2785,2.728647634,0.00974984553,-0.1284365945,0.5034172842,0.5836027138,0.5836027138,8.004201352,8.557144407,4.710795295,2.698192247,4.724285667,10.76916813,0.03789941019,0
2016-06-01,2992.858667,7.316666667,0.38,111.5596273,17.77454545,404.3,115.06,47025.08,7.426190476,3.416190476,1.450309082,280.7727273,-151.83,-424.57,3.424177267,679.6082818,18.57009682,3.3161,-1564.24087,13449.58079,1.557057312,863782,863782,-31005.15746,3.589465567,5211.12,6.936666667,2.807727273,4.01,2.559690918,-0.1512526299,-0.4127502219,-0.1583088956,-0.2286578604,-0.2286578604,8.003984285,8.558550083,4.714559222,2.877767403,4.745453731,10.75843636,0.1795751563,0
2016-07-01,2960.999677,7.5,0.39,112.47729,13.1585,399.62,111.35,47091.19,7.081578947,3.08,1.39623999,249.8095238,-43.5,-30.32,3.275266647,656.9708524,18.52282762,3.299473684,-6505.047012,9727.028762,1.126097645,863782,863782,-34382.0312,3.980406075,5152.03,7.11,2.498095238,4.001578947,2.605338957,-0.04348629286,-0.03031535638,-0.9606139338,-0.8190941569,-0.8190941569,7.993282219,8.547146091,4.722751335,2.577067938,4.712678394,10.75984121,-0.3006994655,0
2016-08-01,2952.766774,7.75,0.4,111.4383696,12.39956522,453.21,113.12,47036.53,7.170909091,3.373636364,1.329260878,234.1304348,-230.41,24.63,3.209356495,659.3605348,18.41910043,3.333827273,-6591.676449,6633.432065,0.7679521065,863782,863782,-36781.59335,4.258203268,5103.09,7.35,2.341304348,3.797272727,2.468011849,-0.2284185216,0.02462751044,-0.3097098478,-0.02148612242,-0.02148612242,7.990497899,8.537601518,4.713471699,2.517661409,4.728449202,10.75867981,-0.05940652876,0
2016-09-01,2924.265333,7.75,0.4,112.3168619,14.21952381,413.45,113.7,47106.05,6.720909091,3.352272727,1.401557145,231.4545455,-143.72,-118.15,3.255563649,667.8723955,19.04943545,3.382459091,117.3548369,13088.8505,1.515295584,863782,863782,-38087.4616,4.409383572,5064.57,7.35,2.314545455,3.368636364,1.967079219,-0.1432297765,-0.1178768282,0.589903467,0.7361706747,0.7361706747,7.98079856,8.530024517,4.721324001,2.654615936,4.733563401,10.76015672,0.1369545276,0
2016-10-01,2929.38871,7.75,0.4,113.474695,14.5852381,422.42,118.75,46966.38,6.692,3.077,1.597090006,229.1904762,-5.36,-472.97,3.186866658,663.3505857,18.82844571,3.386019048,-4751.099336,7038.088253,0.8147991337,863782,863782,-39020.90411,4.517448165,5098.26,7.35,2.291904762,3.615,2.017909994,-0.005359974335,-0.4569057412,-0.5213670002,-0.3674039987,-0.3674039987,7.982549049,8.536654584,4.731579861,2.680009928,4.777020443,10.75718731,0.02539399141,0
2016-11-01,3110.258667,7.75,0.41,116.107515,15.23619048,478.31,116.04,46742.28,6.95,3.056,1.739534998,251.7727273,-0.6,-618.18,3.340177287,666.8226045,19.99668545,3.403489474,-4847.143896,10193.19091,1.180065214,863782,863782,-41095.92969,4.757673775,5177.57,7.34,2.517727273,3.894,2.154465002,-0.000599999964,-0.5843514791,1.109984454,0.9384607938,0.9384607938,8.042461174,8.552091113,4.754516615,2.72367355,4.753934959,10.75240439,0.04366362241,0
2016-12-01,3009.863871,7.64516129,0.54,117.9048286,12.47238095,467.3,122.86,46674.63,6.779,3.033684211,1.883342851,227.6363636,-216.63,-60.01,3.35196818,666.4767182,20.45695045,3.39542381,-3625.232331,10779.16486,1.24790339,863782,863782,-34925.32779,4.043303494,5147.47,7.10516129,2.276363636,3.745315789,1.861972939,-0.214970457,-0.05997404024,0.1949879014,0.1009834419,0.1009834419,8.009650131,8.546260611,4.769877762,2.523516676,4.811045496,10.75095604,-0.2001568744,0
2017-01-01,2941.399355,7.5,0.65,117.7857789,11.6085,436.51,129.46,46981.59,6.483333333,2.674285714,2.004924995,211.3636364,-204.74,355.57,3.196295446,660.5767136,21.27207091,3.339872727,-257.4366851,13570.34703,1.474282952,920471,920471,-36743.91909,3.99186059,5174.69,6.85,2.113636364,3.809047619,1.804122624,-0.2033359296,0.3484742646,-0.17863863,-0.4632999832,-0.4632999832,7.986640718,8.551534713,4.768867542,2.451737588,4.863371953,10.7575111,-0.0717790875,0
2017-02-01,2879.566786,7.482142857,0.66,116.1203895,11.53052632,392.88,128.28,46985.58,6.539,2.7295,2.063836826,199.15,-48.41,-109.21,3.10339998,643.31889,20.2188015,3.259575,-6420.920022,6944.105155,0.7544078146,920471,920471,-37640.21507,4.089234215,5116.15,6.822142857,1.9915,3.8095,1.745663174,-0.04839111155,-0.1089940688,-1.309475568,-1.469114949,-1.469114949,7.96539514,8.540157482,4.754627493,2.444997981,4.854215375,10.75759603,-0.006739607647,0
2017-03-01,2942.286129,7.209677419,0.79,115.6558478,11.89782609,479.01,124.5,46931.69,6.456363636,3.054090909,2.046482625,195.0869565,-98.02,-188.46,3.127630441,661.9683739,19.22789696,3.263982609,-4048.257913,10040.81998,1.090835016,920471,920471,-38640.2474,4.19787776,5180.28,6.419677419,1.950869565,3.402272727,1.355790102,-0.09786371338,-0.1873618678,-0.2770679549,-0.178158479,-0.178158479,7.986942153,8.552614388,4.750618952,2.476355702,4.824305716,10.75644842,0.03135772091,0
2017-04-01,2877.821667,7,0.9,114.769795,13.13631579,401.64,125.02,46935.77,6.079444444,2.932222222,1.896189464,196.7,3.69,-310.73,3.135865021,655.341395,18.756366,3.247755556,1626.511029,14533.57242,1.57892779,920471,920471,-36572.43855,3.973230938,5182.16,6.1,1.967,3.147222222,1.251032758,0.003689991626,-0.3059352128,-0.5018768809,-0.474186997,-0.474186997,7.964788921,8.552977237,4.74292834,2.575380592,4.828473725,10.75653535,0.09902489076,0
2017-05-01,2923.612903,6.5,0.91,114.2591318,10.86227273,499.08,123.74,47152.54,5.901428571,2.62047619,1.791736354,194.5652174,-44.92,-136.51,3.208626104,671.4088087,18.76033,3.273463636,-53.32923461,14294.90092,1.552998511,920471,920471,-36920.51788,4.011046289,5247.73,5.59,1.945652174,3.280952381,1.489216027,-0.04490490706,-0.1360895396,0.4104604792,0.4688911009,0.4688911009,7.980575426,8.565550881,4.738468955,2.385295568,4.81818259,10.76114316,-0.1900850247,0
2017-06-01,2957.098333,6.25,1.04,112.7602727,10.51363636,499.39,122.3,47234.35,5.8495,2.646,1.687586373,196.3636364,37.62,-300.78,3.29453179,664.5387682,18.10983455,3.267975,-3441.009172,13558.12386,1.472955027,920471,920471,-38797.28618,4.214938459,5342.82,5.21,1.963636364,3.2035,1.515913627,0.03761113194,-0.2964200718,-0.413563418,-0.3414610178,-0.3414610178,7.991963774,8.583508882,4.725264085,2.352673116,4.806477043,10.76287666,-0.0326224518,0
2017-07-01,3036.583871,5.766129032,1.15,111.060555,10.2645,509.54,122.99,47531.09,6.192105263,2.933157895,1.699534994,200.0952381,-99.52,115.27,3.205838095,657.6549,17.78123143,3.249373684,-6424.036542,11387.4371,1.237131545,920471,920471,-38716.27571,4.206137479,5452.74,4.616129032,2.000952381,3.258947368,1.559412374,-0.09935644972,0.1150162456,-0.7002852348,-0.6375614899,-0.6375614899,8.018488436,8.603873514,4.710075593,2.32869134,4.812103051,10.7691393,-0.0239817758,0
2017-08-01,2973.204839,5.5,1.16,109.9058609,11.97565217,503.72,124.53,47568.61,6.274761905,2.897142857,1.693826095,200.6956522,-123.63,-96.92,3.150613043,643.4549,17.79015652,3.241559091,-1423.300483,11697.55237,1.270822478,920471,920471,-33547.89975,3.644644942,5503.25,4.34,2.006956522,3.377619048,1.683792953,-0.123317212,-0.09676890172,-0.5274350351,-0.4415420624,-0.4415420624,7.99739572,8.613094106,4.699624189,2.482875603,4.824546651,10.76992837,0.154184263,0
2017-09-01,2917.085,5.25,1.15,108.854245,10.438,458.75,129.58,47514.56,6.095238095,2.655714286,1.774534982,189.1904762,-103.87,-209.64,3.133466667,626.014419,17.79284,3.24652381,2208.06195,18430.2592,2.002263972,920471,920471,-31457.19263,3.417510452,5548.55,4.1,1.891904762,3.43952381,1.664988827,-0.1036841258,-0.2081340221,-0.4937918215,-0.3370986696,-0.3370986696,7.978340109,8.621291911,4.690009786,2.345452993,4.864298451,10.76879147,-0.1374226099,0
2017-10-01,2953.755806,5.233870968,1.15,110.8891762,10.12545455,527.61,133.47,47407.84,6.043809524,2.600952381,1.807942873,185.3636364,18.02,-495.32,3.189686364,629.7869773,18.73077727,3.251295455,-2906.501852,7512.19693,0.8161253239,920471,920471,-29612.59515,3.21711332,5653.74,4.083870968,1.853636364,3.442857143,1.63491427,0.0180190249,-0.4770219927,0.7486497355,0.5934911043,0.5934911043,7.990832794,8.640072552,4.70853129,2.315052505,4.893876733,10.76654289,-0.03040048786,0
2017-11-01,3013.466667,4.966666667,1.16,111.163525,10.54047619,528.26,132.23,47395.26,6.097,2.7095,1.83486666,186.1363636,-77.25,-340.77,3.260795455,634.6289909,18.87773,3.240790476,-6524.460658,11796.18261,1.28153767,920471,920471,-31289.91191,3.399337069,5703.69,3.806666667,1.861363636,3.3875,1.55263334,-0.07717337323,-0.3344972811,0.2866448418,0.1523562085,0.1523562085,8.010846412,8.648868613,4.711002315,2.355222721,4.884542831,10.7662775,0.04017021609,0
2017-12-01,2991.761935,4.75,1.3,110.87581,10.2645,547.32,139.11,47629.04,5.911666667,2.431666667,1.856864995,173.2857143,-139.71,-2.62,3.292990476,635.4287333,19.13987429,3.2465,-5971.104678,10296.94767,1.118660737,920471,920471,-33635.78426,3.654192719,5783.71,3.45,1.732857143,3.48,1.623135005,-0.1392594491,-0.002619997003,0.1671575097,0.1632354768,0.1632354768,8.003617769,8.662800624,4.708410746,2.32869134,4.935264987,10.77119794,-0.02653138138,0
2018-01-01,2868.572258,4.733870968,1.41,108.3567762,11.06238095,531.21,140.97,47783.93,5.851428571,2.351428571,2.024304753,159.9130435,-227.76,140.79,3.214526087,605.6526957,18.89299391,3.214909524,5175.538626,15455.59673,1.56466264,987791,987791,-28202.80895,2.85513929,5878.41,3.323870968,1.599130435,3.5,1.475695247,-0.2258354357,0.1403289814,-1.076734371,-1.001759309,-1.001759309,7.961569714,8.679041596,4.685429266,2.403550249,4.948547102,10.77444467,0.07485890883,0
2018-02-01,2860.252857,4.5,1.42,107.6500947,22.46473684,472.96,134.97,47636.76,6.013,2.4685,2.087878942,172.9,8.58,-424.28,3.24526,596.221895,18.6114675,3.24881,-6032.619578,7717.846314,0.7813238138,987791,987791,-27814.5085,2.815829311,5958.49,3.08,1.729,3.5445,1.456621058,0.008579894732,-0.4124832707,-0.3920744427,-0.08061365941,-0.08061365941,7.958665311,8.692572372,4.678886104,3.111946828,4.905052532,10.77136001,0.7083965794,0
2018-03-01,2847.930645,4.5,1.51,107.947175,19.02380952,499.6,135.79,47608.31,6.052105263,2.705789474,2.127971445,178.9090909,-119.03,-30.65,3.280940909,604.1078773,18.59596,3.252255,-4327.127948,11385.14793,1.152586725,987791,987791,-28093.37854,2.844060995,5979.08,2.99,1.789090909,3.346315789,1.218344345,-0.1187507048,-0.03064520314,0.150486674,0.1366452316,0.1366452316,7.95434792,8.696021989,4.681641987,2.945691327,4.911109575,10.7707626,-0.1662555008,0
2018-04-01,2766.285,4.491666667,1.69,107.9433571,18.26761905,535.62,137.43,47504.25,5.773809524,2.663333333,2.148747637,173.2857143,-22.44,-344.49,3.407195238,600.927981,18.32210048,3.230685,-1675.994131,14320.80022,1.449780391,987791,987791,-31395.8837,3.178393375,6113.06,2.801666667,1.732857143,3.11047619,0.9617285533,-0.02243811714,-0.3380164439,-0.003140086552,-0.1337327364,-0.1337327364,7.925260544,8.718182745,4.681606619,2.905130042,4.923114697,10.76857446,-0.04056128591,0
2018-05-01,2861.825806,4.25,1.7,111.0470409,14.12454545,552.11,141.01,47603.01,5.914285714,2.605714286,2.148713643,189.9130435,-21.84,-271.8,3.633408696,627.268813,19.47355652,3.274109091,-807.8597494,13862.04456,1.403337807,987791,987791,-32150.41422,3.254779019,6166.09,2.55,1.899130435,3.308571429,1.159857786,-0.02183826414,-0.268560045,1.746583369,1.580944624,1.580944624,7.959215094,8.726820205,4.709953904,2.647914096,4.94883081,10.77065127,-0.2572159453,0
2018-06-01,2889.689,4.25,1.82,112.844419,13.67809524,511.2,141.11,47491.08,6.070526316,2.706315789,2.102361917,199.7142857,2.23,-267.36,3.772871429,637.5196667,20.2173519,3.271345,-3408.072224,12959.71869,1.311989954,987791,987791,-32117.47727,3.251444614,6177.9,2.43,1.997142857,3.364210526,1.261848609,0.002229998152,-0.2642730897,0.8905220415,0.6533680148,0.6533680148,7.968904163,8.728733687,4.726010047,2.615795666,4.949539728,10.76829718,-0.03211843079,0
2018-07-01,2885.321935,4.25,1.91,113.0595333,13.14761905,553.55,140.34,47518.17,6.128,2.7395,2.077904769,180.7727273,-130.43,-86.73,3.82845,652.0980818,18.95360727,3.27722381,-7972.161694,12397.71752,1.255095209,987791,987791,-33665.60242,3.408170597,6221.91,2.34,1.807727273,3.3885,1.310595231,-0.1300629905,-0.08662163456,-0.4604413067,-0.3067550411,-0.3067550411,7.967391762,8.735832213,4.727914524,2.576240681,4.94406805,10.76886744,-0.03955498431,0
2018-08-01,2958.666774,4.25,1.91,113.8316304,12.54695652,606.67,140.51,47537.14,6.166190476,2.871904762,2.030147817,182.3913043,-68.47,-408.75,3.929456522,658.3012043,18.78904913,3.288719048,-6169.206812,8272.090734,0.8374332966,987791,987791,-38411.50875,3.888627123,6324.86,2.34,1.823913043,3.294285714,1.264137897,-0.06841661305,-0.3981471826,0.1475915266,0.183583238,0.183583238,7.992494032,8.752243179,4.734720431,2.529478128,4.945278661,10.76926658,-0.04676255327,0
2018-09-01,3033.768,4.25,1.95,114.0786632,12.91052632,550.17,148.99,47511.72,6.2495,2.7655,2.054473676,177.05,-145.51,-200.76,4.11772,680.17666,18.958956,3.31181,1322.525015,15989.88822,1.618752167,987791,987791,-39297.04568,3.978275332,6416.28,2.3,1.7705,3.484,1.429526324,-0.1450013472,-0.1994352971,0.8383412221,0.7719460828,0.7719460828,8.01756069,8.766593789,4.736888238,2.558042972,5.00387919,10.7687317,0.02856484416,0
2018-10-01,3084.830968,4.25,2.19,114.8312591,19.35217391,616.87,149.13,47496.11,6.349090909,2.794090909,2.025527261,179.0869565,40.37,-797.81,3.757565217,678.8616348,19.11436261,3.334768182,-3357.740578,8379.035117,0.848259917,987791,987791,-39748.28441,4.023956931,6505.54,2.06,1.790869565,3.555,1.529472739,0.04035904262,-0.7309572398,-0.861603597,-0.5047910893,-0.5047910893,8.034252143,8.780409401,4.743463739,2.96280476,5.004818409,10.76840309,0.404761788,0
2018-11-01,3194.034333,4.25,2.2,116.169045,19.38904762,588.4,138.73,47753.5,6.447,2.596,1.897289997,201.7727273,-77.66,-286.86,3.782536364,677.2892,20.18623955,3.37565,-3715.161114,13070.58864,1.323213984,987791,987791,-36938.98487,3.73955471,6565.68,2.05,2.017727273,3.851,1.953710003,-0.07758214888,-0.283064704,0.5814211769,0.6836033595,0.6836033595,8.069040078,8.789611361,4.755046415,2.964708351,4.932529598,10.77380764,0.001903590836,0
2018-12-01,3218.550968,4.25,2.27,116.2118053,24.95315789,617.83,130.2,48392.92,6.217368421,2.500555556,1.672952633,211.8095238,-98.06,51.28,3.884728571,684.3270619,20.02230762,3.364384211,652.0410394,15481.75192,1.567310486,987791,987791,-30315.83915,3.069053995,6636.19,1.98,2.118095238,3.716812865,2.043860232,-0.09790352252,0.05125755191,0.1708379032,0.06335480249,0.06335480249,8.076686527,8.800293283,4.755414434,3.217000383,4.86907173,10.7871088,0.2522920322,0
2019-01-01,3165.188065,4.25,2.4,114.44249,19.57238095,572.48,131.86,49208.63,6.150952381,2.52047619,1.693757148,201.4347826,-207.42,526.69,3.747152174,675.2184,19.14483565,3.343813636,4041.232271,16338.14359,1.541235429,1060068,1060068,-31450.1455,2.966804535,6677.46,1.85,2.014347826,3.63047619,1.936719042,-0.2059607713,0.5049557857,-1.134521118,-0.9717809385,-0.9717809385,8.059967753,8.806492955,4.740072426,2.974119437,4.881740754,10.80382429,-0.2428809457,0
2019-02-01,3115.838571,4.25,2.4,114.4130056,15.23473684,512.25,141.28,50498.27,6.009,2.5625,1.831599988,191,-23.29,769.57,3.723325,656.063625,19.15143,3.3216,-7565.784087,9991.234063,0.9425087884,1060068,1060068,-32983.31001,3.111433419,6716.75,1.85,1.91,3.4465,1.614900012,-0.023287895,0.708729704,-0.516083351,-0.5186605353,-0.5186605353,8.044253599,8.812359686,4.739814757,2.723578139,4.950743737,10.82969436,-0.2505412983,0
2019-03-01,3128.684194,4.25,2.41,114.783519,14.4852381,559.97,140.82,51260.99,5.843,2.6105,1.884904776,188.1428571,12.51,227.34,3.840157143,669.593719,19.19449286,3.304319048,-2767.366095,14499.20087,1.367761395,1060068,1060068,-31423.54816,2.964295513,6777.12,1.84,1.881428571,3.2325,1.347595224,0.01250967372,0.2254259044,0.4596357577,0.2422765954,0.2422765954,8.04836781,8.821307512,4.743047911,2.673130068,4.947482479,10.84468531,-0.05044807059,0
2019-04-01,3155.765,4.25,2.42,114.9037545,12.94904762,596.53,143.6,51521.67,5.8015,2.547,1.890471424,176.9545455,28.41,-394.67,3.897713636,667.3414545,18.93698318,3.303405,1075.425241,16612.25701,1.567093527,1060068,1060068,-28672.12879,2.704744298,6838.03,1.83,1.769545455,3.2545,1.364028576,0.02840617964,-0.3850820032,-0.1714512532,-0.1316892158,-0.1316892158,8.056986218,8.830254957,4.744094861,2.561022243,4.967031657,10.84975777,-0.1121078259,0
2019-05-01,3304.494516,4.25,2.39,115.9573818,16.72181818,652.23,140.88,51975.23,5.886363636,2.53,1.734959088,190.6086957,-46.58,-357.7,3.998773913,693.1424913,19.08361217,3.333504545,-87.8617433,15577.01603,1.469435548,1060068,1060068,-27952.13078,2.636824315,6938.15,1.86,1.906086957,3.356363636,1.621404549,-0.04656317235,-0.3504804972,0.6956051346,0.7066024398,0.7066024398,8.103038795,8.844790447,4.753222725,2.816714345,4.947908464,10.85852254,0.2556921022,0
2019-06-01,3260.517,4.25,2.38,115.42707,15.836,525.75,136.62,52444.49,5.455555556,2.282777778,1.586185002,189.6,-139.77,-17.21,3.8592,691.00066,19.212393,3.325475,330.9743755,17255.85207,1.627806147,1060068,1060068,-24213.08418,2.284106697,6952.7,1.87,1.896,3.172777778,1.586592775,-0.1393188717,-0.01720915056,-0.3841252541,-0.3341360629,-0.3341360629,8.089641051,8.846885352,4.748638902,2.762285829,4.917203349,10.86751056,-0.05442851543,0
2019-07-01,3206.600323,4.25,2.4,115.0775909,13.30590909,606.88,137.66,52365.75,5.223181818,1.958181818,1.606336361,172.4782609,-121.82,-643.91,3.779026087,686.8788217,19.01640609,3.290404762,-5340.236714,14291.53882,1.348171892,1060068,1060068,-21581.1592,2.035827815,7006.03,1.85,1.724782609,3.265,1.658663639,-0.1215206908,-0.60611109,-0.491274184,-0.5792305586,-0.5792305586,8.072966565,8.854526486,4.745606604,2.588208229,4.924786877,10.86600803,-0.1740776001,0
2019-08-01,3410.729032,4.25,2.13,117.1003864,18.97909091,680.3,134.09,52993.64,5.297,1.898421053,1.418700001,187.3636364,-16.43,-519.7,4.019681818,714.5055545,19.65245909,3.37871,-5887.050241,9182.484074,0.8662165138,1060068,1060068,-21299.00263,2.009210978,7079.66,2.12,1.873636364,3.398578947,1.979878946,-0.01642926089,-0.4987622631,1.344400564,1.5434295,1.5434295,8.13468134,8.864981163,4.76303157,2.943337895,4.898511216,10.87792719,0.3551296656,0
2019-09-01,3399.457,4.25,2.04,117.32392,15.559,582.33,136.63,52868.75,5.273809524,1.9375,1.417964995,175.9047619,-111.27,-1040.81,4.1212,718.7510857,19.54335,3.357190476,3935.148563,19915.74547,1.878723391,1060068,1060068,-18686.37908,1.762752869,7111.82,2.21,1.759047619,3.336309524,1.918344529,-0.111041664,-0.9099382325,0.1311044368,-0.02772157543,-0.02772157543,8.131370992,8.869513468,4.764938656,2.744639249,4.917276542,10.87556771,-0.1986986454,0
2019-10-01,3433.311613,4.25,1.83,116.7462591,15.46652174,597.33,135.92,53083.7,5.313181818,1.766842105,1.367468167,178.6086957,-172.49,-471.59,4.086682609,722.4324826,19.29837217,3.36007619,-6344.163231,9178.714764,0.8658609414,1060068,1060068,-21672.80173,2.044472782,7092.28,2.42,1.786086957,3.546339713,2.178871545,-0.1716459098,-0.455657906,-0.2666762011,-0.1802623005,-0.1802623005,8.141280559,8.866762148,4.760002854,2.7386778,4.912066477,10.87962519,-0.005961449127,0
2019-11-01,3401.473,4.25,1.55,116.5594684,12.5235,542.94,137.2,52951.8,5.603157895,1.934117647,1.483136842,181.8571429,-57.21,-911.44,4.156357143,779.5039524,19.28694571,3.372715,-4504.724544,14076.05119,1.327844175,1060068,1060068,-22462.36517,2.11895512,7046.82,2.7,1.818571429,3.669040248,2.185903406,-0.05717883797,-0.8173460711,0.9927427176,0.8225338838,0.8225338838,8.131963852,8.86033173,4.758401601,2.527606879,4.921439715,10.87713734,-0.2110709209,0
2019-12-01,3378.050645,4.25,1.55,115.90961,13.75666667,657.54,139.13,53167.19,5.583,1.795,1.581071428,171.0454545,-312.82,-667.21,4.107940909,765.2586409,19.07965818,3.354738095,-2934.132085,14943.00738,1.409627248,1060068,1060068,-26048.53829,2.457251638,7086.53,2.7,1.710454545,3.788,2.206928572,-0.3079304871,-0.6255971412,-0.5690876847,-0.531843996,-0.531843996,8.12505409,8.865951078,4.752810663,2.621523555,4.935408748,10.88119676,0.09391667578,0
2020-01-01,3311.189355,4.25,1.55,115.2793857,13.94095238,537.91,132.64,53461.52,5.392380952,1.752777778,1.603828566,170.0869565,-78.41,-336.39,4.144,774.1786565,18.77573957,3.327763636,2831.894771,18976.74091,1.900580078,998471,998471,-27257.87579,2.72996169,7051.96,2.7,1.700869565,3.639603175,2.035774608,-0.07832987569,-0.3303486265,-0.07106709284,-0.213214429,-0.213214429,8.105062726,8.861060871,4.747358623,2.634830723,4.887638691,10.88671742,0.01330716791,0
2020-02-01,3411.052759,4.25,1.58,116.7105421,19.62894737,536.38,125.37,53676.04,5.2,1.6745,1.540247365,172.7,69.24,-978.67,4.34585,797.7135,18.801899,3.39138,-4034.656326,11100.83842,1.111783759,998471,998471,-23726.74803,2.376308178,7076.09,2.67,1.727,3.5255,1.985252635,0.06918479421,-0.8662102879,0.7199279079,0.9232813437,0.9232813437,8.134776249,8.864476774,4.75969687,2.977005383,4.831269365,10.890722,0.3421746602,0
2020-03-01,3877.048387,4.217741935,0.65,121.0227409,57.73681818,718.64,100.17,53336.49,6.668095238,2.746666667,0.6171227236,345.1818182,234.39,-2229.42,4.883531818,840.3306773,22.14204455,3.492554545,-1265.372149,18539.9212,1.856831215,998471,998471,-22224.75408,2.225878777,7234.76,3.567741935,3.451818182,3.921428571,3.304305848,0.2322952067,-1.54176756,3.564684862,3.267234776,3.267234776,8.262829418,8.886652466,4.795978469,4.055895067,4.606868743,10.88437599,1.078889684,1
2020-04-01,3977.393333,3.75,0.05,123.2803455,41.45380952,349.52,96.74,53862.68,6.2605,2.819230769,0.6783285794,388.8636364,11.17,14.17,5.312122727,852.085,24.10104591,3.39842,-8441.085868,11352.53369,1.136991829,998471,998471,-31741.26519,3.178987191,6987.75,3.7,3.888636364,3.441269231,2.762940651,0.01116976773,0.01416952585,1.850095616,0.840486766,0.840486766,8.288381942,8.851913895,4.814460993,3.724579784,4.572026967,10.89419312,-0.3313152829,1
2020-05-01,3858.191613,3.298387097,0.05,122.61501,30.897,448.57,100.17,56361.68,4.949473684,2.58,0.7583300024,335.3333333,-94.9,1887.31,5.632842857,820.0199857,23.33409524,3.42185,-7384.940838,12687.279,1.270670755,998471,998471,-39038.34429,3.909812532,6784.09,3.248387097,3.353333333,2.369473684,1.611143682,-0.09475812915,1.39207254,-0.4358909802,-0.1862623949,-0.1862623949,8.257953859,8.822335444,4.809049447,3.430659092,4.606868743,10.93954477,-0.293920692,1
2020-06-01,3701.604333,2.75,0.08,119.6766045,31.11954545,526.42,108.03,56623.49,4.722105263,2.533684211,1.065604546,287.3181818,-57.41,-672.46,5.182331818,795.8832,22.17543045,3.471095238,-12312.51201,10587.17497,1.060338755,998471,998471,-51681.83067,5.17609732,6784.76,2.67,2.873181818,2.188421053,1.122816507,-0.05737851033,-0.6299590161,-1.843489585,-1.092759523,-1.092759523,8.216521608,8.822434199,4.784793143,3.437836093,4.682408966,10.9441792,0.007177001175,0
2020-07-01,3657.866774,2.5,0.09,118.69005,26.84045455,584.64,117.97,56971.93,4.234545455,2.128181818,1.350899989,272.173913,-29.76,-770.79,5.279895652,780.9887043,22.33604217,3.517340909,-11480.51974,10549.73537,1.056589061,998471,998471,-57822.1137,5.791065909,6762.52,2.41,2.72173913,2.106363636,0.7554636474,-0.02975560889,-0.7096962617,-0.0828278232,0.2065429672,0.2065429672,8.204635408,8.819150881,4.776515473,3.289910247,4.770430355,10.95031397,-0.1479258457,0
2020-08-01,3783.025806,2.266129032,0.1,116.9453476,22.88952381,635.88,122.67,57184.93,4.272631579,1.785263158,1.582147621,241.047619,64.18,-795.33,5.460933333,785.5256905,22.13742952,3.564547619,-11214.28637,7953.720545,0.7965900407,998471,998471,-63149.34982,6.324605304,6718.1,2.166129032,2.41047619,2.487368421,0.9052208001,0.06413602113,-0.7290174437,0.1689394899,0.3973146901,0.3973146901,8.238279446,8.812560655,4.761706711,3.13067933,4.809497823,10.95404568,-0.159230917,0
2020-09-01,3750.215333,1.975,0.09,116.3431333,27.64761905,653,121.86,56978.48,4.242727273,1.537727273,1.578671421,253.9090909,109.83,-1294.55,5.393968182,773.2568182,21.54995182,3.555759091,-6442.003856,14196.92906,1.421866941,998471,998471,-73526.50224,7.363909642,6788.77,1.885,2.539090909,2.705,1.126328579,0.1096103836,-1.075123754,-0.7336197567,-0.5974021241,-0.5974021241,8.22956854,8.823025055,4.756543871,3.319539614,4.802872845,10.95042893,0.1888602835,0
2020-10-01,3833.788387,1.75,0.09,115.7798143,29.43863636,646.59,121.18,56918.99,4.44,1.314285714,1.592328577,240.4090909,93.28,-1154.57,5.621563636,787.7706818,21.21154636,3.596136364,2477.461562,9785.783921,0.9800769298,998471,998471,-64704.87745,6.480396271,6838.03,1.66,2.404090909,3.125714286,1.533385709,0.09314525293,-0.9865615009,0.3154473082,0.4661565877,0.4661565877,8.251608728,8.830254957,4.751690235,3.382307974,4.797277044,10.94938431,0.06276835975,0
2020-11-01,3685.626667,1.75,0.09,114.0984,24.9955,602.59,123.44,57244.55,4.398421053,1.365263158,1.598405248,217.7142857,-63.03,-338.37,5.434390476,762.4780857,20.35438095,3.608719048,-8645.868268,14914.98134,1.493782127,998471,998471,-68846.02117,6.895144794,6897.68,1.66,2.177142857,3.033157895,1.434752646,-0.06298834037,-0.3322247292,-1.311983844,-0.9112720511,-0.9112720511,8.212195849,8.838940402,4.737061234,3.218695809,4.815755208,10.95508772,-0.163612165,0
2020-12-01,3466.127097,1.75,0.09,111.8992143,22.37409091,668.7,129.34,59030.79,4.340526316,1.185,1.855690902,209.9565217,-68.97,916.7,5.14673913,730.3515217,19.89075783,3.603242857,-11851.53491,11922.56725,1.194082477,998471,998471,-77763.424,7.788250635,6908.84,1.66,2.099565217,3.155526316,1.299835414,-0.0689154366,0.8212285206,-1.410605932,-1.086035413,-1.086035413,8.150793139,8.84055703,4.717598594,3.107903634,4.862444596,10.98581445,-0.1107921751,0
2021-01-01,3491.321613,1.75,0.09,111.4872722,24.91,547.62,133.99,59000.87,4.247894737,0.8568421053,2.125578956,216.4285714,28.99,-841.36,5.348328571,723.7957333,19.84059429,3.62495,-3975.91576,17424.05695,1.460972683,1192634,1192634,-84571.23453,7.0911306,6918.55,1.66,2.164285714,3.391052632,1.265473676,0.02898594091,-0.7646402316,0.1035725325,0.2009481724,0.2009481724,8.158035629,8.841961489,4.713910434,3.215269329,4.89776517,10.98530747,0.1073656957,0
2021-02-01,3554.504286,1.75,0.08,112.0170526,23.14052632,606.02,133.22,58975.17,4.339,0.9025,2.294578954,213.8,-29.58,-1103.72,5.412695,722.353985,20.2356995,3.64569,-11153.51896,9996.065348,0.8381502915,1192634,1192634,-91690.09717,7.68803314,6988.19,1.67,2.138,3.4365,1.141921046,-0.02957568806,-0.9528469576,0.2169412801,0.2799184808,0.2799184808,8.175970891,8.85197686,4.718651115,3.141585466,4.892001897,10.98487179,-0.07368386292,0
2021-03-01,3612.768387,1.75,0.07,113.3366435,21.84304348,795.37,137.51,58900.51,5.273636364,1.634545455,2.455391314,223.3043478,81.45,-1495.67,5.645847826,726.1030261,20.68165391,3.709178261,261.5796268,20169.75793,1.691194275,1192634,1192634,-90163.14539,7.560001257,7064.92,1.68,2.233043478,3.639090909,1.183699595,0.08136020986,-1.192358963,0.606028151,0.804233131,0.804233131,8.192229624,8.862896972,4.730362536,3.083882495,4.923696642,10.98360503,-0.05770297179,0
2021-04-01,3650.776,1.75,0.07,112.6322864,17.41619048,709.16,129.87,59085.22,5.4805,1.948,2.536877275,220.1363636,47.14,-879.18,5.5658,707.7875136,20.02527364,3.699525,-5640.34754,14692.71376,1.231954963,1192634,1192634,-87362.40706,7.325164892,7424.56,1.68,2.201363636,3.5325,0.9956227255,0.04712255851,-0.7933112393,-0.9377845485,-0.7532881314,-0.7532881314,8.202695027,8.912548703,4.72412841,2.857400261,4.86653395,10.98673609,-0.2264822338,0
2021-05-01,3735.666129,1.75,0.06,111.21227,19.7605,759.17,131.94,59143.96,6.035,2.1225,2.690989995,236.8571429,-16.48,-947.06,5.290752381,713.4066571,19.91764238,3.774757143,-4145.044419,15928.79538,1.335597961,1192634,1192634,-84122.51064,7.053505991,7735.16,1.69,2.368571429,3.9125,1.221510005,-0.01647925412,-0.8434396334,-0.5295735298,0.01019442144,0.01019442144,8.225681429,8.953531448,4.711440717,2.983684996,4.882347274,10.98772975,0.1262847349,0
2021-06-01,3685.042667,1.75,0.08,111.5776955,16.95681818,699.01,138.18,58917.31,5.9495,2.0255,2.502268195,243.5454545,61.27,-1051.93,5.035368182,728.6411136,19.94855,3.911604762,-10505.66582,13873.46752,1.163262788,1192634,1192634,-82315.66445,6.902005515,7907.75,1.67,2.435454545,3.924,1.421731805,0.06123172989,-0.9176211251,-0.2704856867,0.5158634174,0.5158634174,8.212037383,8.97559857,4.714721168,2.830670006,4.928557183,10.98389021,-0.1530149901,0
2021-07-01,3829.418065,1.75,0.1,113.063319,17.60333333,741.6,136.71,58878.39,6.127,2.547,2.556014299,267.3181818,143.13,-1224.69,5.156363636,752.0147682,19.92552318,3.942455,-8204.341235,14976.35998,1.255738137,1192634,1192634,-79039.48595,6.627304432,8064.71,1.65,2.673181818,3.58,1.023985701,0.1426457528,-1.03168383,0.4932260639,0.5303906559,0.5303906559,8.250468129,8.995253032,4.727948007,2.868088278,4.917861894,10.98322941,0.03741827249,0
2021-08-01,3881.183548,1.75,0.09,113.4025364,17.47272727,744.43,136.74,58846.51,6.207142857,2.474761905,2.578799996,277.4090909,-186.24,-923.8,5.251418182,780.8318227,20.02157,4.087252381,4852.144199,24433.22314,2.048677393,1192634,1192634,-62973.05538,5.280166034,8173.26,1.66,2.774090909,3.732380952,1.153580957,-0.1851798327,-0.8264529821,0.5900634574,1.170480312,1.170480312,8.263895424,9.008623129,4.730943758,2.860641224,4.918081312,10.98268781,-0.007447054313,0
2021-09-01,3821.537667,1.75,0.08,113.4437476,19.8247619,682.84,146.87,58721.07,6.493636364,2.434545455,2.5629381,281.7727273,-12.78,-1105.8,5.274736364,785.3691227,20.00172864,4.108054545,-1203.703056,17288.77729,1.449629751,1192634,1192634,-57734.75458,4.840944881,8203.1,1.67,2.817727273,4.059090909,1.496152809,-0.01277965214,-0.9542428068,-0.002236865068,0.1028929765,0.1028929765,8.248408151,9.012267411,4.731307098,2.986931758,4.989547842,10.98055389,0.1262905339,0
2021-10-01,3773.384194,2,0.08,114.063485,17.87142857,664.02,149.87,58792,6.8985,2.5105,2.769164991,290.6190476,-62.97,-659.72,5.538542857,814.2059286,20.45407095,4.01368,-14353.43524,11346.03984,0.9513429799,1192634,1192634,-74565.65138,6.25218226,8220.53,1.92,2.906190476,4.388,1.618835009,-0.06292845909,-0.619355878,1.058561938,0.3289338611,0.3289338611,8.235727542,9.014389963,4.736755179,2.883203268,5.009768252,10.98176107,-0.1037284892,0
2021-11-01,3902.901,2.483333333,0.08,114.989795,18.50047619,817.19,151.22,58532.09,7.5145,2.927,2.96401999,318.1818182,139.73,-1689.24,5.55545,813.5070773,20.79524909,4.020495238,-13322.33323,18569.54837,1.557019871,1192634,1192634,-79242.11634,6.64429459,8435.13,2.403333333,3.181818182,4.5875,1.62348001,0.1392792567,-1.29535203,0.112040498,0.1206173851,0.1206173851,8.269475402,9.040160407,4.744843385,2.917796472,5.01873573,10.97733043,0.03459320336,0
2021-12-01,3963.133548,2.693548387,0.08,115.8045381,21.35454545,830.81,150.03,58579.2,7.582,2.798421053,2.734327284,346.5217391,-112.93,-1059.29,5.650995652,849.818913,20.83254478,4.036868182,-15758.37634,13359.59735,1.120175792,1192634,1192634,-83148.95777,6.97187551,8597.24,2.613548387,3.465217391,4.783578947,2.049251664,-0.112691331,-0.9226827913,0.6186153737,0.5481672612,0.5481672612,8.284790291,9.0591965,4.751903753,3.061264619,5.010835274,10.97813496,0.1434681471,0
2022-01-01,3999.616129,3.032258065,0.08,115.03728,23.181,664.45,161.25,58264.14,8.373,2.943,2.776670003,355.0952381,-32.31,-1107.06,5.533804762,819.8269238,20.45195333,3.888342857,2448.449004,22029.39444,1.497499076,1471079,1471079,-76724.59301,5.215531798,8714.07,2.952258065,3.550952381,5.43,2.653329997,-0.03230438104,-0.955087667,-0.9627257422,-1.473545765,-1.473545765,8.293953668,9.07269424,4.74525625,3.143332978,5.082955956,10.97274209,0.08206835875,0
2022-02-01,3935.835714,4,0.08,114.9977421,25.74842105,647.26,159.72,58284.44,8.753,2.8775,2.824347396,371.45,1.95,-796.34,5.19342,806.89199,20.4117995,3.790945,-9751.783475,13233.87531,0.8996033054,1471079,1471079,-75322.85752,5.120245584,8755.31,3.92,3.7145,5.8755,3.051152604,0.001949998764,-0.7298077243,-0.9022178562,-1.18442557,-1.18442557,8.277878518,9.077415652,4.744912494,3.248373307,5.073422282,10.97309044,0.1050403293,0
2022-03-01,3807.170968,4,0.2,116.2908391,26.96869565,733.95,168.92,58003.92,9.442272727,3.193636364,3.342730429,364.4782609,31.09,-1198.99,4.975517391,798.4104435,20.49295391,3.738621739,-9535.658323,17409.71681,1.183465797,1471079,1471079,-85120.09547,5.78623551,8693.89,3.8,3.644782609,6.248636364,2.905905935,0.03108499364,-1.015326387,-0.5771004569,-0.7099007107,-0.7099007107,8.244641664,9.070375759,4.756094287,3.294676773,5.12942523,10.96826587,0.04630346618,0
2022-04-01,3792.982,5,0.33,117.1687952,24.3735,754.84,174.49,57473.73,9.471052632,3.439473684,3.266240025,344.4761905,323.79,-1836.83,4.750071429,818.9242857,20.0125719,3.741005263,222.4787016,22863.86762,1.554224323,1471079,1471079,-79257.26923,5.387696326,8739.57,4.67,3.444761905,6.031578947,2.765338923,0.3183836763,-1.368188364,-0.4918526605,-0.3536068624,-0.3536068624,8.240907796,9.075616268,4.763615589,3.193496477,5.161867433,10.95908325,-0.1011802965,0
2022-05-01,4019.079355,5.967741935,0.77,119.6961905,29.31363636,841.09,164.26,57628.59,10.70428571,3.927619048,3.010319063,383.0454545,80.43,-1121.92,4.95475,848.2588545,19.97522409,3.757277273,-2825.785652,21616.76797,1.469449837,1471079,1471079,-77938.01046,5.298016658,8821.49,5.197741935,3.830454545,6.776666667,3.766347604,0.08034353473,-0.965011825,0.6975517018,0.6129228175,0.6129228175,8.298808139,9.084946069,4.784956786,3.378052813,5.101450538,10.96177408,0.1845563361,0
2022-06-01,3930.766667,6,1.21,120.0257095,28.23318182,821.59,194.14,57164.46,11.0575,4.6795,2.863523813,388.7272727,140.01,-1425.48,5.051759091,867.3395318,19.95293318,3.748438095,-13728.02858,24389.42081,1.657927332,1471079,1471079,-81160.37322,5.517064225,8944.07,4.79,3.887272727,6.378,3.514476187,0.1395565573,-1.152703288,0.3376256081,0.2083099663,0.2083099663,8.276589766,9.098746022,4.787705966,3.340497946,5.268579548,10.95368766,-0.03755486622,0
2022-07-01,4367.805806,7.5,1.68,122.7512,24.9952381,889.45,189.5,57349.41,12.09105263,5.413684211,2.532545006,437.8571429,141.22,-1271.19,5.367771429,951.3871381,20.47002476,3.903436842,-6723.770522,23464.2219,1.595034794,1471079,1471079,-79679.80251,5.416419004,9091.92,5.82,4.378571429,6.677368421,4.144823415,0.1407547694,-1.060762207,1.909497503,2.249536018,2.249536018,8.382016058,9.115141386,4.810159543,3.218685331,5.244389025,10.95691783,-0.1218126159,0
2022-08-01,4322.469355,9,2.33,122.3177522,22.16956522,769.44,161.64,56982.62,11.66636364,5.264545455,2.704795651,400.2608696,69.19,-1667.9,5.142995652,902.2732696,20.07445652,3.873559091,-9665.237656,16211.22904,1.101995817,1471079,1471079,-94197.18437,6.403271638,9116.93,6.67,4.002608696,6.401818182,3.697022531,0.06913491355,-1.284430035,-1.387121965,-1.19242059,-1.19242059,8.371582128,9.117888404,4.806622185,3.098720412,5.08537164,10.95050159,-0.1199649184,0
2022-09-01,4433.651,9.033333333,2.56,125.5946,27.34181818,750.95,171.86,56326.34,12.31909091,4.841363636,2.470857143,423.8181818,33.19,-1808.56,5.236013636,924.6438682,20.01561273,3.898959091,775.7208097,24302.21897,1.651999585,1471079,1471079,-92217.7605,6.268715719,9185.04,6.473333333,4.238181818,7.477727273,5.006870129,0.03318390947,-1.354590306,0.3305730855,0.3818507321,0.3818507321,8.396978677,9.125331353,4.833059259,3.308417332,5.146680192,10.93891756,0.2096969196,0
2022-10-01,4711.830323,10.03225806,3.08,127.480605,30.00571429,894.34,169.15,56380.08,13.5135,5.5105,2.443115032,470.8571429,169.15,-1293,5.247928571,953.295719,19.95526238,3.979347619,-7519.731175,15768.85712,1.071924561,1471079,1471079,-85384.05644,5.804178868,9415.36,6.952258065,4.708571429,8.003,5.559884968,0.1683535997,-1.074175853,0.2624688373,0.6097906839,0.6097906839,8.457831715,9.150097677,4.847964235,3.40138784,5.130785895,10.93987118,0.092970508,0
2022-11-01,4926.660667,11,3.78,124.85272,23.29909091,812.59,168.11,56981.59,13.391,5.74,2.372730017,416.7272727,65.38,-775.86,5.269895455,915.3527227,19.42906727,3.87657619,-5467.725894,21644.78515,1.47135437,1471079,1471079,-77529.4491,5.270243754,9410.76,7.22,4.167272727,7.651,5.278269983,0.06533351108,-0.7137069168,-0.8918695705,-1.192710941,-1.192710941,8.502416688,9.149608994,4.827134803,3.148414343,5.124618527,10.95048351,-0.2529734967,0
2022-12-01,4788.490645,11.41935484,4.1,122.2343286,21.78428571,848.88,161.8,57269.16,12.722,5.3615,2.242285717,381.7727273,-64.24,-750.34,5.242127273,872.4404636,19.54254636,3.828975,-15808.39626,15328.52099,1.041991694,1471079,1471079,-77579.46902,5.273643973,9428.83,7.319354839,3.817727273,7.3605,5.118214283,-0.06419589782,-0.6934191584,-0.6806531827,-0.7565284384,-0.7565284384,8.473970535,9.151527296,4.805939928,3.081188871,5.086361005,10.95551754,-0.06722547196,0
2023-01-01,4715.203871,12.0483871,4.33,119.810065,20.16904762,785.02,160.16,57772.25,12.48047619,4.881904762,2.148364985,370.1818182,24.05,-863.3,5.200381818,825.0718136,18.94156545,3.833804762,3235.982625,26667.76,1.680176412,1587200,1587200,-76791.9354,4.838201575,9549.4,7.718387097,3.701818182,7.598571429,5.450206444,0.02404768217,-0.7813380171,-1.246400617,-0.9069825013,-0.9069825013,8.458547433,9.164233604,4.785907697,3.004149133,5.076173316,10.96426384,-0.07703973792,0
2023-02-01,4803.1125,12.75,4.57,120.3083737,20.1205,832.7,162.34,57374.45,12.276,4.7675,2.356010537,384.35,233.94,-2243.14,5.17434,801.34175,18.553871,3.84146,-10208.45713,15371.47052,0.9684646242,1587200,1587200,-77248.60905,4.866973857,9734.84,8.18,3.8435,7.5085,5.152489463,0.231857059,-1.547368295,-0.7604530505,-0.5277546275,-0.5277546275,8.477019424,9.183466482,4.790058227,3.001739196,5.089692901,10.95735436,-0.002409937337,0
2023-03-01,4766.305806,12.75806452,4.65,120.745013,21.64434783,858.26,153.95,57965.68,12.01681818,4.716363636,2.337921733,411.6086957,190.55,-1189.17,5.21116087,807.3986696,18.32991217,3.77916087,-6830.854038,22105.42124,1.392730673,1587200,1587200,-74543.80477,4.69656028,9859.15,8.108064516,4.116086957,7.300454545,4.962532812,0.1894153208,-1.00902143,-0.08988140565,-0.3938080883,-0.3938080883,8.46932682,9.196155237,4.793680992,3.07474435,5.036627874,10.96760639,0.07300515416,0
2023-04-01,4542.674333,13,4.83,119.245145,17.81789474,736.74,155.74,58022.63,11.25,4.388888889,2.276825011,402.15,178.75,-1248.04,5.02336,804.97701,18.057974,3.76545,6253.650288,32171.36338,2.026925616,1587200,1587200,-68512.63318,4.316572151,9841.05,8.17,4.0215,6.861111111,4.5842861,0.1778115414,-1.046368025,-0.6531090346,-0.5604717403,-0.5604717403,8.421271178,9.194317692,4.781181416,2.880203275,5.04818795,10.96858839,-0.1945410754,0
2023-05-01,4540.089032,13.24193548,5.06,119.6292545,17.63608696,877.18,152.75,57705.75,11.05095238,4.444285714,2.15348636,412.7391304,158.92,-1985.55,4.983313043,799.3510783,17.70276217,3.688668182,358.2410622,24988.50174,1.57437637,1587200,1587200,-65328.60647,4.115965629,9877.14,8.181935484,4.127391304,6.606666667,4.453180306,0.1582585543,-1.4371545,-0.5011104434,-0.7877390397,-0.7877390397,8.420701901,9.197978275,4.784397415,2.869947198,5.028802598,10.9631121,-0.01025607648,0
2023-06-01,4209.268,13.25,5.08,119.2969524,14.00318182,783.48,149,57838.77,10.3245,4.235,2.138395241,366.5909091,148.37,-1489.36,4.854009091,799.5101955,17.20136636,3.650419048,-6250.657965,35579.07097,2.241624935,1587200,1587200,-57851.23585,3.64486113,9839.03,8.17,3.665909091,6.0895,3.951104759,0.1478309619,-1.188846679,-0.6834579742,-0.7197794472,-0.7197794472,8.34504404,9.194112408,4.781615783,2.639284577,5.003946306,10.96541459,-0.2306626216,0
2023-07-01,4069.233548,13.25,5.12,118.049165,13.93238095,761.61,148.93,58111.93,9.929473684,4.093157895,2.202724981,340,83.7,-1407.5,4.800533333,815.0168905,16.86173762,3.601255,-926.8154562,25654.03198,1.616307458,1587200,1587200,-52054.28079,3.279629586,9711.19,8.13,3.4,5.836315789,3.633590808,0.08360257744,-1.142333615,-0.202625797,-0.4222317561,-0.4222317561,8.311209943,9.181034108,4.77110119,2.634215696,5.003476397,10.97012626,-0.005068880693,0
2023-08-01,4070.725161,13.25,5.33,119.8563478,15.85391304,887.76,158.2,57944.58,10.26809524,4.414761905,2.23587825,323.7826087,86.16,-2102.61,4.90323913,856.5443609,16.93789391,3.697768182,-4986.281174,23205.49914,1.462040016,1587200,1587200,-47375.32431,2.984836461,9829.51,7.92,3.237826087,5.853333333,3.617455083,0.08605375243,-1.488604395,0.7637915181,1.107241663,1.107241663,8.311576435,9.193144364,4.786293924,2.76341635,5.063860055,10.96724232,0.1292006537,0
2023-09-01,4004.520667,13.25,5.33,121.64553,15.17333333,881.47,158.88,57566.19,10.80095238,4.553333333,2.266419995,329.8571429,50.06,-2013.26,4.938557143,886.6047619,17.25992476,3.730995238,-4435.154069,33966.83359,2.140047479,1587200,1587200,-52586.19918,3.31314259,9960.03,7.92,3.298571429,6.247619048,3.981199053,0.05003911512,-1.449549849,0.6182965181,0.6461100967,0.6461100967,8.295179169,9.206335363,4.801111324,2.719539501,5.0681492,10.9606907,-0.04387684842,0
2023-10-01,4222.433226,13.25,5.33,123.4971476,18.88772727,885.75,157.26,57447.16,11.50904762,4.767142857,2.271980933,346.0909091,241.67,-2383.93,5.06385,925.0958909,17.99809364,3.845759091,-13240.80264,16009.01373,1.008632417,1587200,1587200,-58307.27065,3.673593161,9951.44,7.92,3.460909091,6.741904762,4.469923829,0.2393773276,-1.60323945,1.15661039,1.479270261,1.479270261,8.348166835,9.205472543,4.81621806,2.93851236,5.057900487,10.95862085,0.2189728593,0
2023-11-01,4038.804667,13.25,5.33,121.22212,14.01909091,886.9,143.02,58592.27,10.501,4.4805,2.179876169,312.4545455,158.26,-407.12,4.902168182,885.2386182,17.34034182,3.760795238,-13022.02769,21280.65285,1.340766938,1587200,1587200,-65861.57244,4.149544635,10025.75,7.92,3.124545455,6.0205,3.840623831,0.1576067008,-0.3966379305,-1.393411098,-1.491934563,-1.491934563,8.303704053,9.212912062,4.797624565,2.640420037,4.962984481,10.97835806,-0.2980923234,0
2023-12-01,3948.206774,13.15322581,5.33,119.83314,12.7185,914.21,148.74,59608.32,9.975,4.119444444,2.079309988,289.2380952,81.25,-731.25,4.895261905,875.7559143,17.1358319,3.733942105,-16863.47586,19365.6967,1.22011698,1587200,1587200,-66916.65205,4.216018904,10091.08,7.823225806,2.892380952,5.855555556,3.776245568,0.08116086837,-0.6780796402,-0.3922472592,-0.4358506351,-0.4358506351,8.281016774,9.219407144,4.786100275,2.543057626,5.002199815,10.99555044,-0.09736241064,0
2024-01-01,3915.19871,13,5.33,120.2273571,13.38863636,912.79,151.86,59653.73,9.345238095,3.871904762,2.171176195,302.6956522,212.29,-2148.5,4.910917391,910.1408478,17.04017522,3.740742857,-1386.781896,29720.99721,1.734706103,1713316,1713316,-71539.41657,4.175494571,10218.85,7.67,3.026956522,5.473333333,3.302157138,0.2107269488,-1.508140496,0.3397757829,0.2938950627,0.2938950627,8.272621363,9.231989333,4.789384593,2.594406315,5.022959044,10.99631196,0.05134868818,0
2024-02-01,3931.438621,12.75,5.33,121.06594,13.98047619,913.93,151.07,59463.56,9.27,3.984761905,2.264555013,309.0952381,238.64,-2663.26,4.964785714,965.8012095,17.07062048,3.827938095,-12856.69828,18077.6421,1.055125972,1713316,1713316,-74187.65772,4.330062739,10300.08,7.42,3.090952381,5.285238095,3.020683082,0.2364310987,-1.706214605,0.7585337697,1.034813723,1.034813723,8.276760699,9.239906941,4.796335356,2.637661798,5.017743306,10.99311897,0.04325548388,0
2024-03-01,3899.34129,12.65322581,5.33,120.6588333,13.7875,894.05,152.47,59994.63,9.515555556,4.392222222,2.317689991,295.5714286,106.99,-1353.85,4.9806,969.6888,16.73718857,3.708989474,-2100.702934,30113.96226,1.757642038,1713316,1713316,-69457.50661,4.053981088,10335.87,7.323225806,2.955714286,5.123333333,2.805643342,0.1067869277,-1.11086196,-0.2600426789,-0.827477887,-0.827477887,8.268562918,9.243375649,4.792967004,2.623762385,5.026967855,11.00201034,-0.01389941391,0
2024-04-01,3867.975333,12.25,5.33,122.1428136,16.13772727,929.39,156.2,59806.04,10.28454545,5.046363636,2.395227281,291.4090909,322.53,-2794.2,5.128790909,958.6875045,16.76438591,3.715031818,-18621.39771,22857.11372,1.334086282,1713316,1713316,-94332.55461,5.505846826,10528.52,6.92,2.914090909,5.238181818,2.842954538,0.3171847266,-1.751276356,0.04061121811,0.06566204225,0.06566204225,8.260486479,9.261843044,4.805190964,2.78115984,5.051137237,10.99886194,0.157397455,0
2024-05-01,3869.100645,11.76612903,5.33,121.8583409,13.05869565,960.09,149.8,60582.47,10.24380952,5.379047619,2.308363644,297.3478261,225.76,-900.16,5.137221739,916.884113,16.76932696,3.731727273,-4474.015612,28417.64969,1.658634466,1713316,1713316,-99164.81129,5.787888007,10611.43,6.436129032,2.973478261,4.864761905,2.556398261,0.2238849543,-0.808985858,-0.6410412244,-0.3881304846,-0.3881304846,8.260777368,9.269687001,4.80285923,2.569454245,5.009301071,11.01176086,-0.2117055942,0
2024-06-01,4042.797,11.75,5.33,123.7094789,12.667,1017.28,157.16,60901.42,10.25777778,5.384444444,2.21875788,313.05,407.34,-2003.2,5.38867,927.894005,18.13341225,3.786705263,-15576.83121,22306.34207,1.301939752,1713316,1713316,-108490.9845,6.332222692,10845.23,6.42,3.1305,4.873333333,2.654575453,0.3968416835,-1.445065643,1.416648456,1.359107684,1.359107684,8.304692058,9.291480631,4.817935905,2.539000187,5.057264395,11.01701177,-0.03045405887,0
2024-07-01,4036.921935,11.26612903,5.33,123.3824364,14.37391304,1006.44,156.3,61868.46,10.19727273,5.494545455,2.206277273,308.5652174,195.45,-1168.91,5.541747826,935.9515348,18.06171826,3.764135,-2836.833987,28230.17163,1.647692056,1713316,1713316,-110401.0031,6.443703501,11090.06,5.936129032,3.085652174,4.702727273,2.49645,0.1942265294,-0.995916627,0.2122136521,0.04138275339,0.04138275339,8.303237783,9.313804491,4.81528877,2.665414969,5.051777237,11.0327658,0.126414783,0
2024-08-01,4065.546452,10.75,5.33,122.6137409,19.31227273,1008.94,157.21,62778.49,9.582,5.0475,2.027113627,322.1363636,185.67,-1451.07,5.552313636,927.7602182,19.07088545,3.74185,-10928.00282,14613.89763,0.8529598524,1713316,1713316,-116342.7247,6.790500101,11211.24,5.42,3.221363636,4.5345,2.507386373,0.1846194393,-1.167311653,0.4554266835,0.2246027761,0.2246027761,8.310303441,9.324672125,4.809039096,2.960740786,5.057582491,11.04736778,0.295325817,0
2024-09-01,4182.512333,10.75,5.13,121.884855,17.66333333,1037.32,153.43,63581.9,9.36,4.953333333,2.036079991,323.6190476,317.91,-1670.42,5.541266667,925.8795476,19.52721143,3.768961905,-1961.057506,28804.57307,1.681217771,1713316,1713316,-113868.6282,6.646096117,11367.09,5.62,3.236190476,4.406666667,2.370586676,0.3127848107,-1.285725139,0.1366409956,0.2501509067,0.2501509067,8.338667382,9.338477617,4.803076788,2.871490928,5.033244437,11.06008412,-0.08924985859,0
2024-10-01,4249.47,10.25,4.83,123.5952909,19.96086957,1036.4,157.45,62771.57,9.719545455,5.191363636,2.255495462,312.0869565,383.15,-3459.65,5.623808696,938.5641261,19.64228217,3.754363636,-13343.67814,14640.15544,0.854492425,1713316,1713316,-113971.5037,6.652100585,11517.74,5.42,3.120869565,4.528181818,2.272686357,0.3743454172,-1.954575994,0.2716453405,0.1281423752,0.1281423752,8.354549548,9.351643734,4.817012445,2.993773835,5.059107948,11.04725754,0.1222829075,0
2024-11-01,4408.652333,9.75,4.64,126.3113368,16.0152381,1033.19,157.35,62957.73,10.02210526,5.334736842,2.331473652,323.952381,210.39,-1826.94,5.804314286,971.6471381,20.25711857,3.779135,-18186.62878,21411.26152,1.249697167,1713316,1713316,-119136.1048,6.953539496,11664.03,5.11,3.23952381,4.687368421,2.355894769,0.20886801,-1.363449626,0.9856346216,0.8739609857,0.8739609857,8.391324328,9.364265026,4.838749787,2.77354065,5.058472624,11.05021883,-0.2202331854,0
2024-12-01,4385.14871,9.677419355,4.48,127.575781,15.86619048,1098.4,161.4,62481.18,10.371,5.261,2.296300014,323,54.57,-2952.47,6.099286364,984.5883773,20.20261636,3.735536842,-12238.24063,22266.45848,1.299611892,1713316,1713316,-114510.8695,6.683581401,11848.22,5.197419355,3.23,5.11,2.813699986,0.05454295237,-1.803308024,0.4806324555,0.1295526405,0.1295526405,8.385978817,9.379932924,4.848710548,2.76419046,5.083885756,11.04262067,-0.009350189851,0
2025-01-01,4307.567419,9.5,4.33,128.8369524,16.76363636,1009.66,165.69,62798.75,10.70285714,5.271428571,2.418833313,321.9130435,-17.34,-1410.34,6.028886957,1000.168683,20.49089043,3.746922727,-12491.39631,29549.46623,1.59386939,1853945.275,1853945.275,-125615.4839,6.775576693,11945.09,5.17,3.219130435,5.431428571,3.012595259,-0.01733913117,-1.143977389,0.1570510632,0.1814636132,0.1814636132,8.36812862,9.388075594,4.85854767,2.819212038,5.110118573,11.04769045,0.05502157821,0
2025-02-01,4127.953929,9.5,4.33,127.8758316,16.968,1031.63,164.54,63450.61,10.711,5.3385,2.524678958,325.35,222.91,-1741.78,5.765345,954.782765,20.4073,3.69685,-17409.86142,17277.31616,0.9319215836,1853945.275,1853945.275,-130168.6471,7.021169873,12062.79,5.17,3.2535,5.3725,2.847821042,0.2211040718,-1.32181227,-1.137999396,-1.121634355,-1.121634355,8.325537146,9.397880787,4.851059727,2.831329217,5.103153702,11.05801709,0.01211717894,0
2025-03-01,4137.684516,9.5,4.33,126.2430429,21.84142857,1089.33,163.87,63854,10.9955,5.6365,2.447190489,336.4761905,206.63,-2292.08,5.75622381,932.3276238,20.17183524,3.652485714,-7588.630465,30891.65429,1.666265705,1853945.275,1853945.275,-135656.5746,7.317183331,12258.07,5.17,3.364761905,5.359,2.911809511,0.2051871753,-1.567116052,-0.5533742554,-0.6553964546,-0.6553964546,8.327891615,9.413939775,4.838208961,3.08380856,5.099073431,11.06435451,0.2524793423,0
2025-04-01,4280.258,9.5,4.33,124.1402,31.96619048,1097.41,162.39,64630.58,11.3175,6.126315789,2.314747617,385.3181818,135.08,-1524.99,5.789945455,962.8508909,19.96541045,3.70003,-13594.17391,25305.90715,1.364975951,1853945.275,1853945.275,-130629.3508,7.046019782,12426.09,5.17,3.853181818,5.191184211,2.876436593,0.1346725449,-1.208545711,0.22912326,0.4344294529,0.4344294529,8.361768567,9.427553573,4.821411572,3.464678797,5.090000849,11.07644295,0.3808702371,0
2025-05-01,4203.377097,9.258064516,4.33,122.3421619,20.46227273,1095.91,157.92,64592.1,11.37190476,6.160952381,2.397971448,356.6363636,22.75,-2132.77,5.666786364,940.4631955,19.40206773,3.659914286,-5976.691931,31647.80159,1.707051552,1853945.275,1853945.275,-132132.0271,7.127072678,12561.91,4.928064516,3.566363636,5.210952381,2.812980933,0.02274803803,-1.501482821,-0.934745192,-0.9178529637,-0.9178529637,8.343643552,9.438424499,4.806821725,3.018582836,5.062088576,11.07584739,-0.4460959608,0
2025-06-01,4113.485,9.25,4.33,120.59387,18.40333333,1084.15,164.6,65163.18,11.79,6.345555556,2.336609995,347.047619,82.96,-1562.48,5.543938095,937.3952429,18.99023762,3.602195238,-11405.85686,24181.43861,1.304323215,1853945.275,1853945.275,-127961.0528,6.902094389,12628.78,4.92,3.47047619,5.444444444,3.107834449,0.0828651334,-1.228928577,-0.5998585254,-0.7671549194,-0.7671549194,8.32202588,9.443733615,4.792428454,2.912531808,5.103518288,11.08464986,-0.1060510282,0
2025-07-01,4040.848387,9.25,4.33,120.1126909,16.38130435,1158.36,164.94,64881.34,11.55347826,6.287391304,2.462836363,318.7826087,42.15,-2680.62,5.528191304,954.1915304,18.65645435,3.556945,-1995.450946,31330.07622,1.689913756,1853945.275,1853945.275,-127119.6697,6.856711008,12780.7,4.92,3.187826087,5.266086957,2.803250593,0.04213752919,-1.712299573,-0.1194245278,-0.3413637827,-0.3413637827,8.304209946,9.4556915,4.788430393,2.796140706,5.105581771,11.08031534,-0.1163911019,0
2025-08-01,4047.411613,9.25,4.33,120.5758429,15.75,1095.38,167.7,65466.99,11.40684211,6.273684211,2.466047628,297,-106.63,-1400.87,5.44662381,965.2635762,18.67054714,3.542385,-5824.707711,17440.16723,0.9407056113,1853945.275,1853945.275,-122016.3746,6.581444247,12867.14,4.92,2.97,5.133157895,2.667110267,-0.1064289638,-1.13848762,-0.08508103132,-0.1438473044,-0.1438473044,8.305832848,9.462432054,4.792278956,2.756840365,5.122176669,11.08930133,-0.0393003405,0
2025-09-01,3922.212,9.25,4.22,120.0290619,15.78909091,1100.26,169.72,65823.14,11.13409091,6.084545455,2.447723786,257.1363636,-141.77,-1620.01,5.367109091,959.7174818,18.45806682,3.501804545,1570.725831,29945.733,1.615243633,1853945.275,1853945.275,-118484.5913,6.390943298,12930.08,5.03,2.571363636,5.049545455,2.601821669,-0.1412993449,-1.259541148,-0.4456293328,-0.5634984964,-0.5634984964,8.274411059,9.467311659,4.787733896,2.759319253,5.13415002,11.09472673,0.0024788875,0
2025-10-01,3877.844839,9.25,4.09,120.7618,18.08652174,1092.1,163,65924.6,11.27545455,5.770454545,2.354418202,262.2173913,-347.83,-1488.35,5.385226087,952.6674087,18.39539043,3.413227273,-9455.491073,17119.19072,0.9233924512,1853945.275,1853945.275,-114596.4042,6.18121828,12985.78,5.16,2.622173913,5.505,3.150581798,-0.3411726905,-1.188283538,-0.2050885162,-0.6666556207,-0.6666556207,8.263034824,9.471610192,4.79382001,2.895167006,5.093750201,11.09626694,0.1358477528,0
2025-11-01,3786.183333,9.25,3.88,121.4177167,19.7695,1070.69,162.01,66123.65,11.90166667,5.955,2.281516671,254.75,-95.9,-1071.79,5.34024,934.79846,18.386701,3.37263,-25812.60589,21168.70833,1.141819482,1853945.275,1853945.275,-122222.3813,6.592556047,13023.28,5.37,2.5475,5.946666667,3.665149995,-0.09575360936,-0.9312368785,-0.4212607073,-0.5541441045,-0.5541441045,8.239113755,9.474493804,4.799236804,2.984140346,5.087658062,11.09928175,0.08897334044,0
2025-12-01,3791.471935,9.25,3.72,120.1883227,15.54818182,1173.39,163.76,66352.3,12.3415,6.241052632,2.215050025,273.6956522,172.27,-2432.35,5.456343478,913.9449913,18.04282565,3.366863158,-7822.991807,26907.62429,1.451371012,1853945.275,1853945.275,-117807.1325,6.354401832,13098.27,5.53,2.736956522,6.100447368,3.885397343,0.1714291073,-1.621809265,-0.4150303452,-0.343229874,-0.343229874,8.240509596,9.480235439,4.789059869,2.743943707,5.098401941,11.1027337,-0.2401966391,0
2026-01-01,3702.999032,9.25,3.64,119.22981,16.17904762,1020.11,164.09,66929.82,12.5805,5.8795,2.336664999,268.0909091,79.91,-1672.63,5.345190909,882.6829682,17.62665955,3.356115,-5666.100052,32527.80079,1.61084136,2019305.041,2019305.041,-110981.8362,5.496041161,13108.72,5.61,2.680909091,6.701,4.364335001,0.0798251978,-1.286859742,-1.003894719,-0.8147680318,-0.8147680318,8.21689832,9.481032937,4.781052807,2.783717048,5.100415058,11.11139989,0.03977334137,0
2026-02-01,3675.641429,10.21428571,3.64,117.9060211,19.207,1101.16,165.05,67424.11,13.1775,6.146,2.399415794,262.5,446.75,-2646.36,5.203135,862.716485,17.187973,3.35664,-28017.28184,18811.59491,0.9315875772,2019305.041,2019305.041,-121589.2567,6.021341708,13178.25,6.574285714,2.625,7.0315,4.632084206,0.4330841238,-1.700257389,-0.9351712405,-0.6957686099,-0.6957686099,8.209482935,9.486323022,4.769887875,2.955274796,5.106248458,11.11875795,0.1715577476,0
2026-03-01,3717.557419,10.25,3.64,119.9198545,25.59681818,1225.69,180.04,66611.03,13.75428571,7.04,2.510727265,280.3181818,231.61,-3652.38,5.231281818,912.7447773,17.69336409,3.448359091,-2351.738572,37156.92733,1.840084909,2019305.041,2019305.041,-116352.3648,5.76200041,13314.61,6.61,2.803181818,6.714285714,4.20355845,0.2295877293,-2.006761079,0.9966247935,1.292143866,1.292143866,8.220822124,9.496617208,4.786823641,3.242468054,5.193179048,11.10662546,0.2871932581,0
2026-04-01,3617.518667,11.25,3.64,119.0363182,19.81190476,1102.86,185.04,67153.55,13.4405,6.8625,2.576072736,244.7727273,-29.74,-1565.95,5.036581818,898.3015682,17.426435,3.44349,-9092.641521,24662.99042,1.221360315,2019305.041,2019305.041,-111850.8324,5.539075577,13320.06,7.61,2.447727273,6.578,4.001927264,-0.02973561773,-1.230797638,-0.8289013011,-0.6476321597,-0.6476321597,8.193543619,9.497026449,4.779428641,2.986283008,5.220572018,11.11473707,-0.2561850464,0
2026-05-01,3714.020968,11.25,3.63,118.779185,17.23714286,1189,184.09,67300.72,14.16368421,7.119473684,2.66787498,,164.49,-2719.13,4.983633333,897.0611667,17.28502143,,,,,,,,,13413.15,7.62,,7.044210526,4.376335546,0.1637571221,-1.725675356,-0.3138496889,,,8.219870387,9.503990848,4.777266181,2.847066524,5.215424768,11.11692621,-0.1392164837,0
2026-06-01,3500.983,11.25,3.63,120.0834476,17.90681818,1038.2,,66957.39,12.46736842,6.469473684,2.399990479,,-169.62,-1846.58,5.123359091,905.4386182,17.34966136,,,,,,,,,13367.2,7.62,,5.997894737,3.597904258,-0.168816999,-1.372840796,0.3091455981,,,8.160799065,9.500559224,4.788186898,2.885181544,,11.11181173,0.03811502038,0
2026-07-01,3268.952903,12,3.63,120.5970455,17.09086957,,,67028.07,12.13238095,6.18952381,2.312586383,,2.01,-1725.76,5.113647826,931.3202,17.43604304,,,,,,,,,,8.37,,5.942857143,3.630270759,0.002009998647,-1.313808203,0.2910307958,,,8.092225,,4.792454785,2.838544377,,11.11286677,-0.04663716698,0
2026-08-01,3127.000417,12,,119.27603,15.30857143,,,,12.08222222,6.044444444,2.292449999,,,,,,,,,,,,,,,,,,6.037777778,3.745327779,,,,,,8.047829491,,4.781440387,2.728412896,,,-0.1101314817,0
