origen_vintage,serie_id,fecha_observacion,valor,realtime_start,realtime_end
2022-05-01,CCUSMA02BRM618N,2022-01-01,5.533504762,2022-05-01,2022-05-01
2022-05-01,CCUSMA02BRM618N,2022-02-01,5.201361111,2022-05-01,2022-05-01
2022-05-01,CCUSMA02CLM618N,2022-01-01,819.8269238,2022-05-01,2022-05-01
2022-05-01,CCUSMA02CLM618N,2022-02-01,806.89199,2022-05-01,2022-05-01
2022-05-01,CCUSMA02CLM618N,2022-03-01,798.4104435,2022-05-01,2022-05-01
2022-05-01,CCUSMA02MXM618N,2022-01-01,20.45195333,2022-05-01,2022-05-01
2022-05-01,CCUSMA02MXM618N,2022-02-01,20.4117995,2022-05-01,2022-05-01
2022-05-01,CCUSMA02MXM618N,2022-03-01,20.49984435,2022-05-01,2022-05-01
2022-05-01,DTWEXBGS,2022-01-03,115.4344,2022-05-01,2022-05-01
2022-05-01,DTWEXBGS,2022-01-04,115.3509,2022-05-01,2022-05-01
2022-05-01,DTWEXBGS,2022-01-05,115.1831,2022-05-01,2022-05-01
2022-05-01,DTWEXBGS,2022-01-06,115.451,2022-05-01,2022-05-01
2022-05-01,DTWEXBGS,2022-01-07,115.0949,2022-05-01,2022-05-01
2022-05-01,DTWEXBGS,2022-01-10,115.2634,2022-05-01,2022-05-01
2022-05-01,DTWEXBGS,2022-01-11,114.889,2022-05-01,2022-05-01
2022-05-01,DTWEXBGS,2022-01-12,114.4078,2022-05-01,2022-05-01
2022-05-01,DTWEXBGS,2022-01-13,114.2313,2022-05-01,2022-05-01
2022-05-01,DTWEXBGS,2022-01-14,114.4295,2022-05-01,2022-05-01
2022-05-01,DTWEXBGS,2022-01-18,114.7828,2022-05-01,2022-05-01
2022-05-01,DTWEXBGS,2022-01-19,114.6541,2022-05-01,2022-05-01
2022-05-01,DTWEXBGS,2022-01-20,114.5125,2022-05-01,2022-05-01
2022-05-01,DTWEXBGS,2022-01-21,114.6534,2022-05-01,2022-05-01
2022-05-01,DTWEXBGS,2022-01-24,115.2276,2022-05-01,2022-05-01
2022-05-01,DTWEXBGS,2022-01-25,115.1907,2022-05-01,2022-05-01
2022-05-01,DTWEXBGS,2022-01-26,115.1264,2022-05-01,2022-05-01
2022-05-01,DTWEXBGS,2022-01-27,116.0127,2022-05-01,2022-05-01
2022-05-01,DTWEXBGS,2022-01-28,116.0637,2022-05-01,2022-05-01
2022-05-01,DTWEXBGS,2022-01-31,115.611,2022-05-01,2022-05-01
2022-05-01,DTWEXBGS,2022-02-01,115.4098,2022-05-01,2022-05-01
2022-05-01,DTWEXBGS,2022-02-02,115.1917,2022-05-01,2022-05-01
2022-05-01,DTWEXBGS,2022-02-03,114.9501,2022-05-01,2022-05-01
2022-05-01,DTWEXBGS,2022-02-04,115.1732,2022-05-01,2022-05-01
2022-05-01,DTWEXBGS,2022-02-07,115.0495,2022-05-01,2022-05-01
2022-05-01,DTWEXBGS,2022-02-08,115.1317,2022-05-01,2022-05-01
2022-05-01,DTWEXBGS,2022-02-09,114.8719,2022-05-01,2022-05-01
2022-05-01,DTWEXBGS,2022-02-10,114.6087,2022-05-01,2022-05-01
2022-05-01,DTWEXBGS,2022-02-11,114.8964,2022-05-01,2022-05-01
2022-05-01,DTWEXBGS,2022-02-14,115.2428,2022-05-01,2022-05-01
2022-05-01,DTWEXBGS,2022-02-15,114.9784,2022-05-01,2022-05-01
2022-05-01,DTWEXBGS,2022-02-16,114.7394,2022-05-01,2022-05-01
2022-05-01,DTWEXBGS,2022-02-17,114.7266,2022-05-01,2022-05-01
2022-05-01,DTWEXBGS,2022-02-18,114.8487,2022-05-01,2022-05-01
2022-05-01,DTWEXBGS,2022-02-22,114.7578,2022-05-01,2022-05-01
2022-05-01,DTWEXBGS,2022-02-23,114.729,2022-05-01,2022-05-01
2022-05-01,DTWEXBGS,2022-02-24,115.987,2022-05-01,2022-05-01
2022-05-01,DTWEXBGS,2022-02-25,115.3149,2022-05-01,2022-05-01
2022-05-01,DTWEXBGS,2022-02-28,115.313,2022-05-01,2022-05-01
2022-05-01,DTWEXBGS,2022-03-01,115.8932,2022-05-01,2022-05-01
2022-05-01,DTWEXBGS,2022-03-02,115.8498,2022-05-01,2022-05-01
2022-05-01,DTWEXBGS,2022-03-03,116.0419,2022-05-01,2022-05-01
2022-05-01,DTWEXBGS,2022-03-04,116.7313,2022-05-01,2022-05-01
2022-05-01,DTWEXBGS,2022-03-07,117.4421,2022-05-01,2022-05-01
2022-05-01,DTWEXBGS,2022-03-08,117.6898,2022-05-01,2022-05-01
2022-05-01,DTWEXBGS,2022-03-09,116.716,2022-05-01,2022-05-01
2022-05-01,DTWEXBGS,2022-03-10,116.8566,2022-05-01,2022-05-01
2022-05-01,DTWEXBGS,2022-03-11,117.1415,2022-05-01,2022-05-01
2022-05-01,DTWEXBGS,2022-03-14,117.2681,2022-05-01,2022-05-01
2022-05-01,DTWEXBGS,2022-03-15,117.3366,2022-05-01,2022-05-01
2022-05-01,DTWEXBGS,2022-03-16,116.9088,2022-05-01,2022-05-01
2022-05-01,DTWEXBGS,2022-03-17,116.1617,2022-05-01,2022-05-01
2022-05-01,DTWEXBGS,2022-03-18,116.2705,2022-05-01,2022-05-01
2022-05-01,DTWEXBGS,2022-03-21,116.0795,2022-05-01,2022-05-01
2022-05-01,DTWEXBGS,2022-03-22,116.2307,2022-05-01,2022-05-01
2022-05-01,DTWEXBGS,2022-03-23,116.1466,2022-05-01,2022-05-01
2022-05-01,DTWEXBGS,2022-03-24,116.1156,2022-05-01,2022-05-01
2022-05-01,DTWEXBGS,2022-03-25,115.958,2022-05-01,2022-05-01
2022-05-01,DTWEXBGS,2022-03-28,116.344,2022-05-01,2022-05-01
2022-05-01,DTWEXBGS,2022-03-29,115.7168,2022-05-01,2022-05-01
2022-05-01,DTWEXBGS,2022-03-30,115.2245,2022-05-01,2022-05-01
2022-05-01,DTWEXBGS,2022-03-31,115.3456,2022-05-01,2022-05-01
2022-05-01,DTWEXBGS,2022-04-01,115.6251,2022-05-01,2022-05-01
2022-05-01,DTWEXBGS,2022-04-04,115.5679,2022-05-01,2022-05-01
2022-05-01,DTWEXBGS,2022-04-05,115.8748,2022-05-01,2022-05-01
2022-05-01,DTWEXBGS,2022-04-06,116.1355,2022-05-01,2022-05-01
2022-05-01,DTWEXBGS,2022-04-07,116.4626,2022-05-01,2022-05-01
2022-05-01,DTWEXBGS,2022-04-08,116.5353,2022-05-01,2022-05-01
2022-05-01,DTWEXBGS,2022-04-11,116.679,2022-05-01,2022-05-01
2022-05-01,DTWEXBGS,2022-04-12,116.5305,2022-05-01,2022-05-01
2022-05-01,DTWEXBGS,2022-04-13,116.4239,2022-05-01,2022-05-01
2022-05-01,DTWEXBGS,2022-04-14,116.8916,2022-05-01,2022-05-01
2022-05-01,DTWEXBGS,2022-04-15,116.8441,2022-05-01,2022-05-01
2022-05-01,DTWEXBGS,2022-04-18,116.9885,2022-05-01,2022-05-01
2022-05-01,DTWEXBGS,2022-04-19,117.2858,2022-05-01,2022-05-01
2022-05-01,DTWEXBGS,2022-04-20,116.8998,2022-05-01,2022-05-01
2022-05-01,DTWEXBGS,2022-04-21,117.3118,2022-05-01,2022-05-01
2022-05-01,DTWEXBGS,2022-04-22,118.1736,2022-05-01,2022-05-01
2022-05-01,FEDFUNDS,2022-01-01,0.08,2022-05-01,2022-05-01
2022-05-01,FEDFUNDS,2022-02-01,0.08,2022-05-01,2022-05-01
2022-05-01,FEDFUNDS,2022-03-01,0.2,2022-05-01,2022-05-01
2022-05-01,VIXCLS,2022-01-03,16.6,2022-05-01,2022-05-01
2022-05-01,VIXCLS,2022-01-04,16.91,2022-05-01,2022-05-01
2022-05-01,VIXCLS,2022-01-05,19.73,2022-05-01,2022-05-01
2022-05-01,VIXCLS,2022-01-06,19.61,2022-05-01,2022-05-01
2022-05-01,VIXCLS,2022-01-07,18.76,2022-05-01,2022-05-01
2022-05-01,VIXCLS,2022-01-10,19.4,2022-05-01,2022-05-01
2022-05-01,VIXCLS,2022-01-11,18.41,2022-05-01,2022-05-01
2022-05-01,VIXCLS,2022-01-12,17.62,2022-05-01,2022-05-01
2022-05-01,VIXCLS,2022-01-13,20.31,2022-05-01,2022-05-01
2022-05-01,VIXCLS,2022-01-14,19.19,2022-05-01,2022-05-01
2022-05-01,VIXCLS,2022-01-18,22.79,2022-05-01,2022-05-01
2022-05-01,VIXCLS,2022-01-19,23.85,2022-05-01,2022-05-01
2022-05-01,VIXCLS,2022-01-20,25.59,2022-05-01,2022-05-01
2022-05-01,VIXCLS,2022-01-21,28.85,2022-05-01,2022-05-01
2022-05-01,VIXCLS,2022-01-24,29.9,2022-05-01,2022-05-01
2022-05-01,VIXCLS,2022-01-25,31.16,2022-05-01,2022-05-01
2022-05-01,VIXCLS,2022-01-26,31.96,2022-05-01,2022-05-01
2022-05-01,VIXCLS,2022-01-27,30.49,2022-05-01,2022-05-01
2022-05-01,VIXCLS,2022-01-28,27.66,2022-05-01,2022-05-01
2022-05-01,VIXCLS,2022-01-31,24.83,2022-05-01,2022-05-01
2022-05-01,VIXCLS,2022-02-01,21.96,2022-05-01,2022-05-01
2022-05-01,VIXCLS,2022-02-02,22.09,2022-05-01,2022-05-01
2022-05-01,VIXCLS,2022-02-03,24.35,2022-05-01,2022-05-01
2022-05-01,VIXCLS,2022-02-04,23.22,2022-05-01,2022-05-01
2022-05-01,VIXCLS,2022-02-07,22.86,2022-05-01,2022-05-01
2022-05-01,VIXCLS,2022-02-08,21.44,2022-05-01,2022-05-01
2022-05-01,VIXCLS,2022-02-09,19.96,2022-05-01,2022-05-01
2022-05-01,VIXCLS,2022-02-10,23.91,2022-05-01,2022-05-01
2022-05-01,VIXCLS,2022-02-11,27.36,2022-05-01,2022-05-01
2022-05-01,VIXCLS,2022-02-14,28.33,2022-05-01,2022-05-01
2022-05-01,VIXCLS,2022-02-15,25.7,2022-05-01,2022-05-01
2022-05-01,VIXCLS,2022-02-16,24.29,2022-05-01,2022-05-01
2022-05-01,VIXCLS,2022-02-17,28.11,2022-05-01,2022-05-01
2022-05-01,VIXCLS,2022-02-18,27.75,2022-05-01,2022-05-01
2022-05-01,VIXCLS,2022-02-22,28.81,2022-05-01,2022-05-01
2022-05-01,VIXCLS,2022-02-23,31.02,2022-05-01,2022-05-01
2022-05-01,VIXCLS,2022-02-24,30.32,2022-05-01,2022-05-01
2022-05-01,VIXCLS,2022-02-25,27.59,2022-05-01,2022-05-01
2022-05-01,VIXCLS,2022-02-28,30.15,2022-05-01,2022-05-01
2022-05-01,VIXCLS,2022-03-01,33.32,2022-05-01,2022-05-01
2022-05-01,VIXCLS,2022-03-02,30.74,2022-05-01,2022-05-01
2022-05-01,VIXCLS,2022-03-03,30.48,2022-05-01,2022-05-01
2022-05-01,VIXCLS,2022-03-04,31.98,2022-05-01,2022-05-01
2022-05-01,VIXCLS,2022-03-07,36.45,2022-05-01,2022-05-01
2022-05-01,VIXCLS,2022-03-08,35.13,2022-05-01,2022-05-01
2022-05-01,VIXCLS,2022-03-09,32.45,2022-05-01,2022-05-01
2022-05-01,VIXCLS,2022-03-10,30.23,2022-05-01,2022-05-01
2022-05-01,VIXCLS,2022-03-11,30.75,2022-05-01,2022-05-01
2022-05-01,VIXCLS,2022-03-14,31.77,2022-05-01,2022-05-01
2022-05-01,VIXCLS,2022-03-15,29.83,2022-05-01,2022-05-01
2022-05-01,VIXCLS,2022-03-16,26.67,2022-05-01,2022-05-01
2022-05-01,VIXCLS,2022-03-17,25.67,2022-05-01,2022-05-01
2022-05-01,VIXCLS,2022-03-18,23.87,2022-05-01,2022-05-01
2022-05-01,VIXCLS,2022-03-21,23.53,2022-05-01,2022-05-01
2022-05-01,VIXCLS,2022-03-22,22.94,2022-05-01,2022-05-01
2022-05-01,VIXCLS,2022-03-23,23.57,2022-05-01,2022-05-01
2022-05-01,VIXCLS,2022-03-24,21.67,2022-05-01,2022-05-01
2022-05-01,VIXCLS,2022-03-25,20.81,2022-05-01,2022-05-01
2022-05-01,VIXCLS,2022-03-28,19.63,2022-05-01,2022-05-01
2022-05-01,VIXCLS,2022-03-29,18.9,2022-05-01,2022-05-01
2022-05-01,VIXCLS,2022-03-30,19.33,2022-05-01,2022-05-01
2022-05-01,VIXCLS,2022-03-31,20.56,2022-05-01,2022-05-01
2022-05-01,VIXCLS,2022-04-01,19.63,2022-05-01,2022-05-01
2022-05-01,VIXCLS,2022-04-04,18.57,2022-05-01,2022-05-01
2022-05-01,VIXCLS,2022-04-05,21.03,2022-05-01,2022-05-01
2022-05-01,VIXCLS,2022-04-06,22.1,2022-05-01,2022-05-01
2022-05-01,VIXCLS,2022-04-07,21.55,2022-05-01,2022-05-01
2022-05-01,VIXCLS,2022-04-08,21.16,2022-05-01,2022-05-01
2022-05-01,VIXCLS,2022-04-11,24.37,2022-05-01,2022-05-01
2022-05-01,VIXCLS,2022-04-12,24.26,2022-05-01,2022-05-01
2022-05-01,VIXCLS,2022-04-13,21.82,2022-05-01,2022-05-01
2022-05-01,VIXCLS,2022-04-14,22.7,2022-05-01,2022-05-01
2022-05-01,VIXCLS,2022-04-18,22.17,2022-05-01,2022-05-01
2022-05-01,VIXCLS,2022-04-19,21.37,2022-05-01,2022-05-01
2022-05-01,VIXCLS,2022-04-20,20.32,2022-05-01,2022-05-01
2022-05-01,VIXCLS,2022-04-21,22.68,2022-05-01,2022-05-01
2022-05-01,VIXCLS,2022-04-22,28.21,2022-05-01,2022-05-01
2022-05-01,VIXCLS,2022-04-25,27.02,2022-05-01,2022-05-01
2022-05-01,VIXCLS,2022-04-26,33.52,2022-05-01,2022-05-01
2022-05-01,VIXCLS,2022-04-27,31.6,2022-05-01,2022-05-01
2022-05-01,VIXCLS,2022-04-28,29.99,2022-05-01,2022-05-01
2022-05-01,VIXCLS,2022-04-29,33.4,2022-05-01,2022-05-01
2022-06-01,CCUSMA02BRM618N,2022-02-01,5.195978947,2022-06-01,2022-06-01
2022-06-01,CCUSMA02BRM618N,2022-03-01,4.995961111,2022-06-01,2022-06-01
2022-06-01,CCUSMA02CLM618N,2022-02-01,806.89199,2022-06-01,2022-06-01
2022-06-01,CCUSMA02CLM618N,2022-03-01,798.4104435,2022-06-01,2022-06-01
2022-06-01,CCUSMA02CLM618N,2022-04-01,818.9242857,2022-06-01,2022-06-01
2022-06-01,CCUSMA02MXM618N,2022-02-01,20.4117995,2022-06-01,2022-06-01
2022-06-01,CCUSMA02MXM618N,2022-03-01,20.49295391,2022-06-01,2022-06-01
2022-06-01,CCUSMA02MXM618N,2022-04-01,20.0125719,2022-06-01,2022-06-01
2022-06-01,DTWEXBGS,2022-02-01,115.4098,2022-06-01,2022-06-01
2022-06-01,DTWEXBGS,2022-02-02,115.1917,2022-06-01,2022-06-01
2022-06-01,DTWEXBGS,2022-02-03,114.9501,2022-06-01,2022-06-01
2022-06-01,DTWEXBGS,2022-02-04,115.1732,2022-06-01,2022-06-01
2022-06-01,DTWEXBGS,2022-02-07,115.0495,2022-06-01,2022-06-01
2022-06-01,DTWEXBGS,2022-02-08,115.1317,2022-06-01,2022-06-01
2022-06-01,DTWEXBGS,2022-02-09,114.8719,2022-06-01,2022-06-01
2022-06-01,DTWEXBGS,2022-02-10,114.6087,2022-06-01,2022-06-01
2022-06-01,DTWEXBGS,2022-02-11,114.8964,2022-06-01,2022-06-01
2022-06-01,DTWEXBGS,2022-02-14,115.2428,2022-06-01,2022-06-01
2022-06-01,DTWEXBGS,2022-02-15,114.9784,2022-06-01,2022-06-01
2022-06-01,DTWEXBGS,2022-02-16,114.7394,2022-06-01,2022-06-01
2022-06-01,DTWEXBGS,2022-02-17,114.7266,2022-06-01,2022-06-01
2022-06-01,DTWEXBGS,2022-02-18,114.8487,2022-06-01,2022-06-01
2022-06-01,DTWEXBGS,2022-02-22,114.7578,2022-06-01,2022-06-01
2022-06-01,DTWEXBGS,2022-02-23,114.729,2022-06-01,2022-06-01
2022-06-01,DTWEXBGS,2022-02-24,115.987,2022-06-01,2022-06-01
2022-06-01,DTWEXBGS,2022-02-25,115.3149,2022-06-01,2022-06-01
2022-06-01,DTWEXBGS,2022-02-28,115.313,2022-06-01,2022-06-01
2022-06-01,DTWEXBGS,2022-03-01,115.8932,2022-06-01,2022-06-01
2022-06-01,DTWEXBGS,2022-03-02,115.8498,2022-06-01,2022-06-01
2022-06-01,DTWEXBGS,2022-03-03,116.0419,2022-06-01,2022-06-01
2022-06-01,DTWEXBGS,2022-03-04,116.7313,2022-06-01,2022-06-01
2022-06-01,DTWEXBGS,2022-03-07,117.4421,2022-06-01,2022-06-01
2022-06-01,DTWEXBGS,2022-03-08,117.6898,2022-06-01,2022-06-01
2022-06-01,DTWEXBGS,2022-03-09,116.716,2022-06-01,2022-06-01
2022-06-01,DTWEXBGS,2022-03-10,116.8566,2022-06-01,2022-06-01
2022-06-01,DTWEXBGS,2022-03-11,117.1415,2022-06-01,2022-06-01
2022-06-01,DTWEXBGS,2022-03-14,117.2681,2022-06-01,2022-06-01
2022-06-01,DTWEXBGS,2022-03-15,117.3366,2022-06-01,2022-06-01
2022-06-01,DTWEXBGS,2022-03-16,116.9088,2022-06-01,2022-06-01
2022-06-01,DTWEXBGS,2022-03-17,116.1617,2022-06-01,2022-06-01
2022-06-01,DTWEXBGS,2022-03-18,116.2705,2022-06-01,2022-06-01
2022-06-01,DTWEXBGS,2022-03-21,116.0795,2022-06-01,2022-06-01
2022-06-01,DTWEXBGS,2022-03-22,116.2307,2022-06-01,2022-06-01
2022-06-01,DTWEXBGS,2022-03-23,116.1466,2022-06-01,2022-06-01
2022-06-01,DTWEXBGS,2022-03-24,116.1156,2022-06-01,2022-06-01
2022-06-01,DTWEXBGS,2022-03-25,115.958,2022-06-01,2022-06-01
2022-06-01,DTWEXBGS,2022-03-28,116.344,2022-06-01,2022-06-01
2022-06-01,DTWEXBGS,2022-03-29,115.7168,2022-06-01,2022-06-01
2022-06-01,DTWEXBGS,2022-03-30,115.2245,2022-06-01,2022-06-01
2022-06-01,DTWEXBGS,2022-03-31,115.3456,2022-06-01,2022-06-01
2022-06-01,DTWEXBGS,2022-04-01,115.6251,2022-06-01,2022-06-01
2022-06-01,DTWEXBGS,2022-04-04,115.5679,2022-06-01,2022-06-01
2022-06-01,DTWEXBGS,2022-04-05,115.8748,2022-06-01,2022-06-01
2022-06-01,DTWEXBGS,2022-04-06,116.1355,2022-06-01,2022-06-01
2022-06-01,DTWEXBGS,2022-04-07,116.4626,2022-06-01,2022-06-01
2022-06-01,DTWEXBGS,2022-04-08,116.5353,2022-06-01,2022-06-01
2022-06-01,DTWEXBGS,2022-04-11,116.679,2022-06-01,2022-06-01
2022-06-01,DTWEXBGS,2022-04-12,116.5305,2022-06-01,2022-06-01
2022-06-01,DTWEXBGS,2022-04-13,116.4239,2022-06-01,2022-06-01
2022-06-01,DTWEXBGS,2022-04-14,116.8916,2022-06-01,2022-06-01
2022-06-01,DTWEXBGS,2022-04-15,116.8441,2022-06-01,2022-06-01
2022-06-01,DTWEXBGS,2022-04-18,116.9885,2022-06-01,2022-06-01
2022-06-01,DTWEXBGS,2022-04-19,117.2858,2022-06-01,2022-06-01
2022-06-01,DTWEXBGS,2022-04-20,116.8998,2022-06-01,2022-06-01
2022-06-01,DTWEXBGS,2022-04-21,117.3118,2022-06-01,2022-06-01
2022-06-01,DTWEXBGS,2022-04-22,118.1736,2022-06-01,2022-06-01
2022-06-01,DTWEXBGS,2022-04-25,118.7683,2022-06-01,2022-06-01
2022-06-01,DTWEXBGS,2022-04-26,119.0919,2022-06-01,2022-06-01
2022-06-01,DTWEXBGS,2022-04-27,119.6006,2022-06-01,2022-06-01
2022-06-01,DTWEXBGS,2022-04-28,120.2144,2022-06-01,2022-06-01
2022-06-01,DTWEXBGS,2022-04-29,119.6421,2022-06-01,2022-06-01
2022-06-01,DTWEXBGS,2022-05-02,120.0229,2022-06-01,2022-06-01
2022-06-01,DTWEXBGS,2022-05-03,119.8435,2022-06-01,2022-06-01
2022-06-01,DTWEXBGS,2022-05-04,119.6936,2022-06-01,2022-06-01
2022-06-01,DTWEXBGS,2022-05-05,120.1389,2022-06-01,2022-06-01
2022-06-01,DTWEXBGS,2022-05-06,120.0159,2022-06-01,2022-06-01
2022-06-01,DTWEXBGS,2022-05-09,120.6525,2022-06-01,2022-06-01
2022-06-01,DTWEXBGS,2022-05-10,120.9284,2022-06-01,2022-06-01
2022-06-01,DTWEXBGS,2022-05-11,120.5382,2022-06-01,2022-06-01
2022-06-01,DTWEXBGS,2022-05-12,121.4119,2022-06-01,2022-06-01
2022-06-01,DTWEXBGS,2022-05-13,120.9998,2022-06-01,2022-06-01
2022-06-01,DTWEXBGS,2022-05-16,120.8458,2022-06-01,2022-06-01
2022-06-01,DTWEXBGS,2022-05-17,120.0502,2022-06-01,2022-06-01
2022-06-01,DTWEXBGS,2022-05-18,120.18,2022-06-01,2022-06-01
2022-06-01,DTWEXBGS,2022-05-19,119.562,2022-06-01,2022-06-01
2022-06-01,DTWEXBGS,2022-05-20,119.502,2022-06-01,2022-06-01
2022-06-01,DTWEXBGS,2022-05-23,118.8381,2022-06-01,2022-06-01
2022-06-01,DTWEXBGS,2022-05-24,118.7258,2022-06-01,2022-06-01
2022-06-01,DTWEXBGS,2022-05-25,119.0878,2022-06-01,2022-06-01
2022-06-01,DTWEXBGS,2022-05-26,118.9273,2022-06-01,2022-06-01
2022-06-01,DTWEXBGS,2022-05-27,118.4545,2022-06-01,2022-06-01
2022-06-01,FEDFUNDS,2022-02-01,0.08,2022-06-01,2022-06-01
2022-06-01,FEDFUNDS,2022-03-01,0.2,2022-06-01,2022-06-01
2022-06-01,FEDFUNDS,2022-04-01,0.33,2022-06-01,2022-06-01
2022-06-01,FEDFUNDS,2022-05-01,0.77,2022-06-01,2022-06-01
2022-06-01,VIXCLS,2022-02-01,21.96,2022-06-01,2022-06-01
2022-06-01,VIXCLS,2022-02-02,22.09,2022-06-01,2022-06-01
2022-06-01,VIXCLS,2022-02-03,24.35,2022-06-01,2022-06-01
2022-06-01,VIXCLS,2022-02-04,23.22,2022-06-01,2022-06-01
2022-06-01,VIXCLS,2022-02-07,22.86,2022-06-01,2022-06-01
2022-06-01,VIXCLS,2022-02-08,21.44,2022-06-01,2022-06-01
2022-06-01,VIXCLS,2022-02-09,19.96,2022-06-01,2022-06-01
2022-06-01,VIXCLS,2022-02-10,23.91,2022-06-01,2022-06-01
2022-06-01,VIXCLS,2022-02-11,27.36,2022-06-01,2022-06-01
2022-06-01,VIXCLS,2022-02-14,28.33,2022-06-01,2022-06-01
2022-06-01,VIXCLS,2022-02-15,25.7,2022-06-01,2022-06-01
2022-06-01,VIXCLS,2022-02-16,24.29,2022-06-01,2022-06-01
2022-06-01,VIXCLS,2022-02-17,28.11,2022-06-01,2022-06-01
2022-06-01,VIXCLS,2022-02-18,27.75,2022-06-01,2022-06-01
2022-06-01,VIXCLS,2022-02-22,28.81,2022-06-01,2022-06-01
2022-06-01,VIXCLS,2022-02-23,31.02,2022-06-01,2022-06-01
2022-06-01,VIXCLS,2022-02-24,30.32,2022-06-01,2022-06-01
2022-06-01,VIXCLS,2022-02-25,27.59,2022-06-01,2022-06-01
2022-06-01,VIXCLS,2022-02-28,30.15,2022-06-01,2022-06-01
2022-06-01,VIXCLS,2022-03-01,33.32,2022-06-01,2022-06-01
2022-06-01,VIXCLS,2022-03-02,30.74,2022-06-01,2022-06-01
2022-06-01,VIXCLS,2022-03-03,30.48,2022-06-01,2022-06-01
2022-06-01,VIXCLS,2022-03-04,31.98,2022-06-01,2022-06-01
2022-06-01,VIXCLS,2022-03-07,36.45,2022-06-01,2022-06-01
2022-06-01,VIXCLS,2022-03-08,35.13,2022-06-01,2022-06-01
2022-06-01,VIXCLS,2022-03-09,32.45,2022-06-01,2022-06-01
2022-06-01,VIXCLS,2022-03-10,30.23,2022-06-01,2022-06-01
2022-06-01,VIXCLS,2022-03-11,30.75,2022-06-01,2022-06-01
2022-06-01,VIXCLS,2022-03-14,31.77,2022-06-01,2022-06-01
2022-06-01,VIXCLS,2022-03-15,29.83,2022-06-01,2022-06-01
2022-06-01,VIXCLS,2022-03-16,26.67,2022-06-01,2022-06-01
2022-06-01,VIXCLS,2022-03-17,25.67,2022-06-01,2022-06-01
2022-06-01,VIXCLS,2022-03-18,23.87,2022-06-01,2022-06-01
2022-06-01,VIXCLS,2022-03-21,23.53,2022-06-01,2022-06-01
2022-06-01,VIXCLS,2022-03-22,22.94,2022-06-01,2022-06-01
2022-06-01,VIXCLS,2022-03-23,23.57,2022-06-01,2022-06-01
2022-06-01,VIXCLS,2022-03-24,21.67,2022-06-01,2022-06-01
2022-06-01,VIXCLS,2022-03-25,20.81,2022-06-01,2022-06-01
2022-06-01,VIXCLS,2022-03-28,19.63,2022-06-01,2022-06-01
2022-06-01,VIXCLS,2022-03-29,18.9,2022-06-01,2022-06-01
2022-06-01,VIXCLS,2022-03-30,19.33,2022-06-01,2022-06-01
2022-06-01,VIXCLS,2022-03-31,20.56,2022-06-01,2022-06-01
2022-06-01,VIXCLS,2022-04-01,19.63,2022-06-01,2022-06-01
2022-06-01,VIXCLS,2022-04-04,18.57,2022-06-01,2022-06-01
2022-06-01,VIXCLS,2022-04-05,21.03,2022-06-01,2022-06-01
2022-06-01,VIXCLS,2022-04-06,22.1,2022-06-01,2022-06-01
2022-06-01,VIXCLS,2022-04-07,21.55,2022-06-01,2022-06-01
2022-06-01,VIXCLS,2022-04-08,21.16,2022-06-01,2022-06-01
2022-06-01,VIXCLS,2022-04-11,24.37,2022-06-01,2022-06-01
2022-06-01,VIXCLS,2022-04-12,24.26,2022-06-01,2022-06-01
2022-06-01,VIXCLS,2022-04-13,21.82,2022-06-01,2022-06-01
2022-06-01,VIXCLS,2022-04-14,22.7,2022-06-01,2022-06-01
2022-06-01,VIXCLS,2022-04-18,22.17,2022-06-01,2022-06-01
2022-06-01,VIXCLS,2022-04-19,21.37,2022-06-01,2022-06-01
2022-06-01,VIXCLS,2022-04-20,20.32,2022-06-01,2022-06-01
2022-06-01,VIXCLS,2022-04-21,22.68,2022-06-01,2022-06-01
2022-06-01,VIXCLS,2022-04-22,28.21,2022-06-01,2022-06-01
2022-06-01,VIXCLS,2022-04-25,27.02,2022-06-01,2022-06-01
2022-06-01,VIXCLS,2022-04-26,33.52,2022-06-01,2022-06-01
2022-06-01,VIXCLS,2022-04-27,31.6,2022-06-01,2022-06-01
2022-06-01,VIXCLS,2022-04-28,29.99,2022-06-01,2022-06-01
2022-06-01,VIXCLS,2022-04-29,33.4,2022-06-01,2022-06-01
2022-06-01,VIXCLS,2022-05-02,32.34,2022-06-01,2022-06-01
2022-06-01,VIXCLS,2022-05-03,29.25,2022-06-01,2022-06-01
2022-06-01,VIXCLS,2022-05-04,25.42,2022-06-01,2022-06-01
2022-06-01,VIXCLS,2022-05-05,31.2,2022-06-01,2022-06-01
2022-06-01,VIXCLS,2022-05-06,30.19,2022-06-01,2022-06-01
2022-06-01,VIXCLS,2022-05-09,34.75,2022-06-01,2022-06-01
2022-06-01,VIXCLS,2022-05-10,32.99,2022-06-01,2022-06-01
2022-06-01,VIXCLS,2022-05-11,32.56,2022-06-01,2022-06-01
2022-06-01,VIXCLS,2022-05-12,31.77,2022-06-01,2022-06-01
2022-06-01,VIXCLS,2022-05-13,28.87,2022-06-01,2022-06-01
2022-06-01,VIXCLS,2022-05-16,27.47,2022-06-01,2022-06-01
2022-06-01,VIXCLS,2022-05-17,26.1,2022-06-01,2022-06-01
2022-06-01,VIXCLS,2022-05-18,30.96,2022-06-01,2022-06-01
2022-06-01,VIXCLS,2022-05-19,29.35,2022-06-01,2022-06-01
2022-06-01,VIXCLS,2022-05-20,29.43,2022-06-01,2022-06-01
2022-06-01,VIXCLS,2022-05-23,28.48,2022-06-01,2022-06-01
2022-06-01,VIXCLS,2022-05-24,29.45,2022-06-01,2022-06-01
2022-06-01,VIXCLS,2022-05-25,28.37,2022-06-01,2022-06-01
2022-06-01,VIXCLS,2022-05-26,27.5,2022-06-01,2022-06-01
2022-06-01,VIXCLS,2022-05-27,25.72,2022-06-01,2022-06-01
2022-06-01,VIXCLS,2022-05-30,26.54,2022-06-01,2022-06-01
2022-06-01,VIXCLS,2022-05-31,26.19,2022-06-01,2022-06-01
2022-07-01,CCUSMA02BRM618N,2022-03-01,4.967781818,2022-07-01,2022-07-01
2022-07-01,CCUSMA02BRM618N,2022-04-01,4.763511111,2022-07-01,2022-07-01
2022-07-01,CCUSMA02BRM618N,2022-05-01,4.975242105,2022-07-01,2022-07-01
2022-07-01,CCUSMA02CLM618N,2022-03-01,798.4104435,2022-07-01,2022-07-01
2022-07-01,CCUSMA02CLM618N,2022-04-01,818.9242857,2022-07-01,2022-07-01
2022-07-01,CCUSMA02CLM618N,2022-05-01,848.2588545,2022-07-01,2022-07-01
2022-07-01,CCUSMA02MXM618N,2022-03-01,20.49295391,2022-07-01,2022-07-01
2022-07-01,CCUSMA02MXM618N,2022-04-01,20.0125719,2022-07-01,2022-07-01
2022-07-01,CCUSMA02MXM618N,2022-05-01,19.97522409,2022-07-01,2022-07-01
2022-07-01,DTWEXBGS,2022-03-01,115.8932,2022-07-01,2022-07-01
2022-07-01,DTWEXBGS,2022-03-02,115.8498,2022-07-01,2022-07-01
2022-07-01,DTWEXBGS,2022-03-03,116.0419,2022-07-01,2022-07-01
2022-07-01,DTWEXBGS,2022-03-04,116.7313,2022-07-01,2022-07-01
2022-07-01,DTWEXBGS,2022-03-07,117.4421,2022-07-01,2022-07-01
2022-07-01,DTWEXBGS,2022-03-08,117.6898,2022-07-01,2022-07-01
2022-07-01,DTWEXBGS,2022-03-09,116.716,2022-07-01,2022-07-01
2022-07-01,DTWEXBGS,2022-03-10,116.8566,2022-07-01,2022-07-01
2022-07-01,DTWEXBGS,2022-03-11,117.1415,2022-07-01,2022-07-01
2022-07-01,DTWEXBGS,2022-03-14,117.2681,2022-07-01,2022-07-01
2022-07-01,DTWEXBGS,2022-03-15,117.3366,2022-07-01,2022-07-01
2022-07-01,DTWEXBGS,2022-03-16,116.9088,2022-07-01,2022-07-01
2022-07-01,DTWEXBGS,2022-03-17,116.1617,2022-07-01,2022-07-01
2022-07-01,DTWEXBGS,2022-03-18,116.2705,2022-07-01,2022-07-01
2022-07-01,DTWEXBGS,2022-03-21,116.0795,2022-07-01,2022-07-01
2022-07-01,DTWEXBGS,2022-03-22,116.2307,2022-07-01,2022-07-01
2022-07-01,DTWEXBGS,2022-03-23,116.1466,2022-07-01,2022-07-01
2022-07-01,DTWEXBGS,2022-03-24,116.1156,2022-07-01,2022-07-01
2022-07-01,DTWEXBGS,2022-03-25,115.958,2022-07-01,2022-07-01
2022-07-01,DTWEXBGS,2022-03-28,116.344,2022-07-01,2022-07-01
2022-07-01,DTWEXBGS,2022-03-29,115.7168,2022-07-01,2022-07-01
2022-07-01,DTWEXBGS,2022-03-30,115.2245,2022-07-01,2022-07-01
2022-07-01,DTWEXBGS,2022-03-31,115.3456,2022-07-01,2022-07-01
2022-07-01,DTWEXBGS,2022-04-01,115.6251,2022-07-01,2022-07-01
2022-07-01,DTWEXBGS,2022-04-04,115.5679,2022-07-01,2022-07-01
2022-07-01,DTWEXBGS,2022-04-05,115.8748,2022-07-01,2022-07-01
2022-07-01,DTWEXBGS,2022-04-06,116.1355,2022-07-01,2022-07-01
2022-07-01,DTWEXBGS,2022-04-07,116.4626,2022-07-01,2022-07-01
2022-07-01,DTWEXBGS,2022-04-08,116.5353,2022-07-01,2022-07-01
2022-07-01,DTWEXBGS,2022-04-11,116.679,2022-07-01,2022-07-01
2022-07-01,DTWEXBGS,2022-04-12,116.5305,2022-07-01,2022-07-01
2022-07-01,DTWEXBGS,2022-04-13,116.4239,2022-07-01,2022-07-01
2022-07-01,DTWEXBGS,2022-04-14,116.8916,2022-07-01,2022-07-01
2022-07-01,DTWEXBGS,2022-04-15,116.8441,2022-07-01,2022-07-01
2022-07-01,DTWEXBGS,2022-04-18,116.9885,2022-07-01,2022-07-01
2022-07-01,DTWEXBGS,2022-04-19,117.2858,2022-07-01,2022-07-01
2022-07-01,DTWEXBGS,2022-04-20,116.8998,2022-07-01,2022-07-01
2022-07-01,DTWEXBGS,2022-04-21,117.3118,2022-07-01,2022-07-01
2022-07-01,DTWEXBGS,2022-04-22,118.1736,2022-07-01,2022-07-01
2022-07-01,DTWEXBGS,2022-04-25,118.7683,2022-07-01,2022-07-01
2022-07-01,DTWEXBGS,2022-04-26,119.0919,2022-07-01,2022-07-01
2022-07-01,DTWEXBGS,2022-04-27,119.6006,2022-07-01,2022-07-01
2022-07-01,DTWEXBGS,2022-04-28,120.2144,2022-07-01,2022-07-01
2022-07-01,DTWEXBGS,2022-04-29,119.6421,2022-07-01,2022-07-01
2022-07-01,DTWEXBGS,2022-05-02,120.0229,2022-07-01,2022-07-01
2022-07-01,DTWEXBGS,2022-05-03,119.8435,2022-07-01,2022-07-01
2022-07-01,DTWEXBGS,2022-05-04,119.6936,2022-07-01,2022-07-01
2022-07-01,DTWEXBGS,2022-05-05,120.1389,2022-07-01,2022-07-01
2022-07-01,DTWEXBGS,2022-05-06,120.0159,2022-07-01,2022-07-01
2022-07-01,DTWEXBGS,2022-05-09,120.6525,2022-07-01,2022-07-01
2022-07-01,DTWEXBGS,2022-05-10,120.9284,2022-07-01,2022-07-01
2022-07-01,DTWEXBGS,2022-05-11,120.5382,2022-07-01,2022-07-01
2022-07-01,DTWEXBGS,2022-05-12,121.4119,2022-07-01,2022-07-01
2022-07-01,DTWEXBGS,2022-05-13,120.9998,2022-07-01,2022-07-01
2022-07-01,DTWEXBGS,2022-05-16,120.8458,2022-07-01,2022-07-01
2022-07-01,DTWEXBGS,2022-05-17,120.0502,2022-07-01,2022-07-01
2022-07-01,DTWEXBGS,2022-05-18,120.18,2022-07-01,2022-07-01
2022-07-01,DTWEXBGS,2022-05-19,119.562,2022-07-01,2022-07-01
2022-07-01,DTWEXBGS,2022-05-20,119.502,2022-07-01,2022-07-01
2022-07-01,DTWEXBGS,2022-05-23,118.8381,2022-07-01,2022-07-01
2022-07-01,DTWEXBGS,2022-05-24,118.7258,2022-07-01,2022-07-01
2022-07-01,DTWEXBGS,2022-05-25,119.0878,2022-07-01,2022-07-01
2022-07-01,DTWEXBGS,2022-05-26,118.9273,2022-07-01,2022-07-01
2022-07-01,DTWEXBGS,2022-05-27,118.4545,2022-07-01,2022-07-01
2022-07-01,DTWEXBGS,2022-05-31,118.2429,2022-07-01,2022-07-01
2022-07-01,DTWEXBGS,2022-06-01,118.8763,2022-07-01,2022-07-01
2022-07-01,DTWEXBGS,2022-06-02,118.2531,2022-07-01,2022-07-01
2022-07-01,DTWEXBGS,2022-06-03,118.4066,2022-07-01,2022-07-01
2022-07-01,DTWEXBGS,2022-06-06,118.4867,2022-07-01,2022-07-01
2022-07-01,DTWEXBGS,2022-06-07,118.6308,2022-07-01,2022-07-01
2022-07-01,DTWEXBGS,2022-06-08,118.6011,2022-07-01,2022-07-01
2022-07-01,DTWEXBGS,2022-06-09,119.1061,2022-07-01,2022-07-01
2022-07-01,DTWEXBGS,2022-06-10,120.1624,2022-07-01,2022-07-01
2022-07-01,DTWEXBGS,2022-06-13,121.2877,2022-07-01,2022-07-01
2022-07-01,DTWEXBGS,2022-06-14,121.7973,2022-07-01,2022-07-01
2022-07-01,DTWEXBGS,2022-06-15,121.7546,2022-07-01,2022-07-01
2022-07-01,DTWEXBGS,2022-06-16,120.7654,2022-07-01,2022-07-01
2022-07-01,DTWEXBGS,2022-06-17,121.3486,2022-07-01,2022-07-01
2022-07-01,DTWEXBGS,2022-06-21,120.7491,2022-07-01,2022-07-01
2022-07-01,DTWEXBGS,2022-06-22,120.6333,2022-07-01,2022-07-01
2022-07-01,DTWEXBGS,2022-06-23,120.8609,2022-07-01,2022-07-01
2022-07-01,DTWEXBGS,2022-06-24,120.5844,2022-07-01,2022-07-01
2022-07-01,FEDFUNDS,2022-03-01,0.2,2022-07-01,2022-07-01
2022-07-01,FEDFUNDS,2022-04-01,0.33,2022-07-01,2022-07-01
2022-07-01,FEDFUNDS,2022-05-01,0.77,2022-07-01,2022-07-01
2022-07-01,FEDFUNDS,2022-06-01,1.21,2022-07-01,2022-07-01
2022-07-01,VIXCLS,2022-03-01,33.32,2022-07-01,2022-07-01
2022-07-01,VIXCLS,2022-03-02,30.74,2022-07-01,2022-07-01
2022-07-01,VIXCLS,2022-03-03,30.48,2022-07-01,2022-07-01
2022-07-01,VIXCLS,2022-03-04,31.98,2022-07-01,2022-07-01
2022-07-01,VIXCLS,2022-03-07,36.45,2022-07-01,2022-07-01
2022-07-01,VIXCLS,2022-03-08,35.13,2022-07-01,2022-07-01
2022-07-01,VIXCLS,2022-03-09,32.45,2022-07-01,2022-07-01
2022-07-01,VIXCLS,2022-03-10,30.23,2022-07-01,2022-07-01
2022-07-01,VIXCLS,2022-03-11,30.75,2022-07-01,2022-07-01
2022-07-01,VIXCLS,2022-03-14,31.77,2022-07-01,2022-07-01
2022-07-01,VIXCLS,2022-03-15,29.83,2022-07-01,2022-07-01
2022-07-01,VIXCLS,2022-03-16,26.67,2022-07-01,2022-07-01
2022-07-01,VIXCLS,2022-03-17,25.67,2022-07-01,2022-07-01
2022-07-01,VIXCLS,2022-03-18,23.87,2022-07-01,2022-07-01
2022-07-01,VIXCLS,2022-03-21,23.53,2022-07-01,2022-07-01
2022-07-01,VIXCLS,2022-03-22,22.94,2022-07-01,2022-07-01
2022-07-01,VIXCLS,2022-03-23,23.57,2022-07-01,2022-07-01
2022-07-01,VIXCLS,2022-03-24,21.67,2022-07-01,2022-07-01
2022-07-01,VIXCLS,2022-03-25,20.81,2022-07-01,2022-07-01
2022-07-01,VIXCLS,2022-03-28,19.63,2022-07-01,2022-07-01
2022-07-01,VIXCLS,2022-03-29,18.9,2022-07-01,2022-07-01
2022-07-01,VIXCLS,2022-03-30,19.33,2022-07-01,2022-07-01
2022-07-01,VIXCLS,2022-03-31,20.56,2022-07-01,2022-07-01
2022-07-01,VIXCLS,2022-04-01,19.63,2022-07-01,2022-07-01
2022-07-01,VIXCLS,2022-04-04,18.57,2022-07-01,2022-07-01
2022-07-01,VIXCLS,2022-04-05,21.03,2022-07-01,2022-07-01
2022-07-01,VIXCLS,2022-04-06,22.1,2022-07-01,2022-07-01
2022-07-01,VIXCLS,2022-04-07,21.55,2022-07-01,2022-07-01
2022-07-01,VIXCLS,2022-04-08,21.16,2022-07-01,2022-07-01
2022-07-01,VIXCLS,2022-04-11,24.37,2022-07-01,2022-07-01
2022-07-01,VIXCLS,2022-04-12,24.26,2022-07-01,2022-07-01
2022-07-01,VIXCLS,2022-04-13,21.82,2022-07-01,2022-07-01
2022-07-01,VIXCLS,2022-04-14,22.7,2022-07-01,2022-07-01
2022-07-01,VIXCLS,2022-04-18,22.17,2022-07-01,2022-07-01
2022-07-01,VIXCLS,2022-04-19,21.37,2022-07-01,2022-07-01
2022-07-01,VIXCLS,2022-04-20,20.32,2022-07-01,2022-07-01
2022-07-01,VIXCLS,2022-04-21,22.68,2022-07-01,2022-07-01
2022-07-01,VIXCLS,2022-04-22,28.21,2022-07-01,2022-07-01
2022-07-01,VIXCLS,2022-04-25,27.02,2022-07-01,2022-07-01
2022-07-01,VIXCLS,2022-04-26,33.52,2022-07-01,2022-07-01
2022-07-01,VIXCLS,2022-04-27,31.6,2022-07-01,2022-07-01
2022-07-01,VIXCLS,2022-04-28,29.99,2022-07-01,2022-07-01
2022-07-01,VIXCLS,2022-04-29,33.4,2022-07-01,2022-07-01
2022-07-01,VIXCLS,2022-05-02,32.34,2022-07-01,2022-07-01
2022-07-01,VIXCLS,2022-05-03,29.25,2022-07-01,2022-07-01
2022-07-01,VIXCLS,2022-05-04,25.42,2022-07-01,2022-07-01
2022-07-01,VIXCLS,2022-05-05,31.2,2022-07-01,2022-07-01
2022-07-01,VIXCLS,2022-05-06,30.19,2022-07-01,2022-07-01
2022-07-01,VIXCLS,2022-05-09,34.75,2022-07-01,2022-07-01
2022-07-01,VIXCLS,2022-05-10,32.99,2022-07-01,2022-07-01
2022-07-01,VIXCLS,2022-05-11,32.56,2022-07-01,2022-07-01
2022-07-01,VIXCLS,2022-05-12,31.77,2022-07-01,2022-07-01
2022-07-01,VIXCLS,2022-05-13,28.87,2022-07-01,2022-07-01
2022-07-01,VIXCLS,2022-05-16,27.47,2022-07-01,2022-07-01
2022-07-01,VIXCLS,2022-05-17,26.1,2022-07-01,2022-07-01
2022-07-01,VIXCLS,2022-05-18,30.96,2022-07-01,2022-07-01
2022-07-01,VIXCLS,2022-05-19,29.35,2022-07-01,2022-07-01
2022-07-01,VIXCLS,2022-05-20,29.43,2022-07-01,2022-07-01
2022-07-01,VIXCLS,2022-05-23,28.48,2022-07-01,2022-07-01
2022-07-01,VIXCLS,2022-05-24,29.45,2022-07-01,2022-07-01
2022-07-01,VIXCLS,2022-05-25,28.37,2022-07-01,2022-07-01
2022-07-01,VIXCLS,2022-05-26,27.5,2022-07-01,2022-07-01
2022-07-01,VIXCLS,2022-05-27,25.72,2022-07-01,2022-07-01
2022-07-01,VIXCLS,2022-05-30,26.54,2022-07-01,2022-07-01
2022-07-01,VIXCLS,2022-05-31,26.19,2022-07-01,2022-07-01
2022-07-01,VIXCLS,2022-06-01,25.69,2022-07-01,2022-07-01
2022-07-01,VIXCLS,2022-06-02,24.72,2022-07-01,2022-07-01
2022-07-01,VIXCLS,2022-06-03,24.79,2022-07-01,2022-07-01
2022-07-01,VIXCLS,2022-06-06,25.07,2022-07-01,2022-07-01
2022-07-01,VIXCLS,2022-06-07,24.02,2022-07-01,2022-07-01
2022-07-01,VIXCLS,2022-06-08,23.96,2022-07-01,2022-07-01
2022-07-01,VIXCLS,2022-06-09,26.09,2022-07-01,2022-07-01
2022-07-01,VIXCLS,2022-06-10,27.75,2022-07-01,2022-07-01
2022-07-01,VIXCLS,2022-06-13,34.02,2022-07-01,2022-07-01
2022-07-01,VIXCLS,2022-06-14,32.69,2022-07-01,2022-07-01
2022-07-01,VIXCLS,2022-06-15,29.62,2022-07-01,2022-07-01
2022-07-01,VIXCLS,2022-06-16,32.95,2022-07-01,2022-07-01
2022-07-01,VIXCLS,2022-06-17,31.13,2022-07-01,2022-07-01
2022-07-01,VIXCLS,2022-06-20,31.03,2022-07-01,2022-07-01
2022-07-01,VIXCLS,2022-06-21,30.19,2022-07-01,2022-07-01
2022-07-01,VIXCLS,2022-06-22,28.95,2022-07-01,2022-07-01
2022-07-01,VIXCLS,2022-06-23,29.05,2022-07-01,2022-07-01
2022-07-01,VIXCLS,2022-06-24,27.23,2022-07-01,2022-07-01
2022-07-01,VIXCLS,2022-06-27,26.95,2022-07-01,2022-07-01
2022-07-01,VIXCLS,2022-06-28,28.36,2022-07-01,2022-07-01
2022-07-01,VIXCLS,2022-06-29,28.16,2022-07-01,2022-07-01
2022-07-01,VIXCLS,2022-06-30,28.71,2022-07-01,2022-07-01
2022-08-01,CCUSMA02BRM618N,2022-04-01,4.763511111,2022-08-01,2022-08-01
2022-08-01,CCUSMA02BRM618N,2022-05-01,4.96362,2022-08-01,2022-08-01
2022-08-01,CCUSMA02CLM618N,2022-04-01,818.9242857,2022-08-01,2022-08-01
2022-08-01,CCUSMA02CLM618N,2022-05-01,848.2588545,2022-08-01,2022-08-01
2022-08-01,CCUSMA02CLM618N,2022-06-01,867.3395318,2022-08-01,2022-08-01
2022-08-01,CCUSMA02MXM618N,2022-04-01,20.0125719,2022-08-01,2022-08-01
2022-08-01,CCUSMA02MXM618N,2022-05-01,19.97522409,2022-08-01,2022-08-01
2022-08-01,CCUSMA02MXM618N,2022-06-01,19.95293318,2022-08-01,2022-08-01
2022-08-01,DTWEXBGS,2022-04-01,115.6251,2022-08-01,2022-08-01
2022-08-01,DTWEXBGS,2022-04-04,115.5679,2022-08-01,2022-08-01
2022-08-01,DTWEXBGS,2022-04-05,115.8748,2022-08-01,2022-08-01
2022-08-01,DTWEXBGS,2022-04-06,116.1355,2022-08-01,2022-08-01
2022-08-01,DTWEXBGS,2022-04-07,116.4626,2022-08-01,2022-08-01
2022-08-01,DTWEXBGS,2022-04-08,116.5353,2022-08-01,2022-08-01
2022-08-01,DTWEXBGS,2022-04-11,116.679,2022-08-01,2022-08-01
2022-08-01,DTWEXBGS,2022-04-12,116.5305,2022-08-01,2022-08-01
2022-08-01,DTWEXBGS,2022-04-13,116.4239,2022-08-01,2022-08-01
2022-08-01,DTWEXBGS,2022-04-14,116.8916,2022-08-01,2022-08-01
2022-08-01,DTWEXBGS,2022-04-15,116.8441,2022-08-01,2022-08-01
2022-08-01,DTWEXBGS,2022-04-18,116.9885,2022-08-01,2022-08-01
2022-08-01,DTWEXBGS,2022-04-19,117.2858,2022-08-01,2022-08-01
2022-08-01,DTWEXBGS,2022-04-20,116.8998,2022-08-01,2022-08-01
2022-08-01,DTWEXBGS,2022-04-21,117.3118,2022-08-01,2022-08-01
2022-08-01,DTWEXBGS,2022-04-22,118.1736,2022-08-01,2022-08-01
2022-08-01,DTWEXBGS,2022-04-25,118.7683,2022-08-01,2022-08-01
2022-08-01,DTWEXBGS,2022-04-26,119.0919,2022-08-01,2022-08-01
2022-08-01,DTWEXBGS,2022-04-27,119.6006,2022-08-01,2022-08-01
2022-08-01,DTWEXBGS,2022-04-28,120.2144,2022-08-01,2022-08-01
2022-08-01,DTWEXBGS,2022-04-29,119.6421,2022-08-01,2022-08-01
2022-08-01,DTWEXBGS,2022-05-02,120.0229,2022-08-01,2022-08-01
2022-08-01,DTWEXBGS,2022-05-03,119.8435,2022-08-01,2022-08-01
2022-08-01,DTWEXBGS,2022-05-04,119.6936,2022-08-01,2022-08-01
2022-08-01,DTWEXBGS,2022-05-05,120.1389,2022-08-01,2022-08-01
2022-08-01,DTWEXBGS,2022-05-06,120.0159,2022-08-01,2022-08-01
2022-08-01,DTWEXBGS,2022-05-09,120.6525,2022-08-01,2022-08-01
2022-08-01,DTWEXBGS,2022-05-10,120.9284,2022-08-01,2022-08-01
2022-08-01,DTWEXBGS,2022-05-11,120.5382,2022-08-01,2022-08-01
2022-08-01,DTWEXBGS,2022-05-12,121.4119,2022-08-01,2022-08-01
2022-08-01,DTWEXBGS,2022-05-13,120.9998,2022-08-01,2022-08-01
2022-08-01,DTWEXBGS,2022-05-16,120.8458,2022-08-01,2022-08-01
2022-08-01,DTWEXBGS,2022-05-17,120.0502,2022-08-01,2022-08-01
2022-08-01,DTWEXBGS,2022-05-18,120.18,2022-08-01,2022-08-01
2022-08-01,DTWEXBGS,2022-05-19,119.562,2022-08-01,2022-08-01
2022-08-01,DTWEXBGS,2022-05-20,119.502,2022-08-01,2022-08-01
2022-08-01,DTWEXBGS,2022-05-23,118.8381,2022-08-01,2022-08-01
2022-08-01,DTWEXBGS,2022-05-24,118.7258,2022-08-01,2022-08-01
2022-08-01,DTWEXBGS,2022-05-25,119.0878,2022-08-01,2022-08-01
2022-08-01,DTWEXBGS,2022-05-26,118.9273,2022-08-01,2022-08-01
2022-08-01,DTWEXBGS,2022-05-27,118.4545,2022-08-01,2022-08-01
2022-08-01,DTWEXBGS,2022-05-31,118.2429,2022-08-01,2022-08-01
2022-08-01,DTWEXBGS,2022-06-01,118.8763,2022-08-01,2022-08-01
2022-08-01,DTWEXBGS,2022-06-02,118.2531,2022-08-01,2022-08-01
2022-08-01,DTWEXBGS,2022-06-03,118.4066,2022-08-01,2022-08-01
2022-08-01,DTWEXBGS,2022-06-06,118.4867,2022-08-01,2022-08-01
2022-08-01,DTWEXBGS,2022-06-07,118.6308,2022-08-01,2022-08-01
2022-08-01,DTWEXBGS,2022-06-08,118.6011,2022-08-01,2022-08-01
2022-08-01,DTWEXBGS,2022-06-09,119.1061,2022-08-01,2022-08-01
2022-08-01,DTWEXBGS,2022-06-10,120.1624,2022-08-01,2022-08-01
2022-08-01,DTWEXBGS,2022-06-13,121.2877,2022-08-01,2022-08-01
2022-08-01,DTWEXBGS,2022-06-14,121.7973,2022-08-01,2022-08-01
2022-08-01,DTWEXBGS,2022-06-15,121.7546,2022-08-01,2022-08-01
2022-08-01,DTWEXBGS,2022-06-16,120.7654,2022-08-01,2022-08-01
2022-08-01,DTWEXBGS,2022-06-17,121.3486,2022-08-01,2022-08-01
2022-08-01,DTWEXBGS,2022-06-21,120.7491,2022-08-01,2022-08-01
2022-08-01,DTWEXBGS,2022-06-22,120.6333,2022-08-01,2022-08-01
2022-08-01,DTWEXBGS,2022-06-23,120.8609,2022-08-01,2022-08-01
2022-08-01,DTWEXBGS,2022-06-24,120.5844,2022-08-01,2022-08-01
2022-08-01,DTWEXBGS,2022-06-27,120.2774,2022-08-01,2022-08-01
2022-08-01,DTWEXBGS,2022-06-28,120.7207,2022-08-01,2022-08-01
2022-08-01,DTWEXBGS,2022-06-29,121.0481,2022-08-01,2022-08-01
2022-08-01,DTWEXBGS,2022-06-30,121.054,2022-08-01,2022-08-01
2022-08-01,DTWEXBGS,2022-07-01,121.5779,2022-08-01,2022-08-01
2022-08-01,DTWEXBGS,2022-07-05,122.699,2022-08-01,2022-08-01
2022-08-01,DTWEXBGS,2022-07-06,123.0661,2022-08-01,2022-08-01
2022-08-01,DTWEXBGS,2022-07-07,122.8011,2022-08-01,2022-08-01
2022-08-01,DTWEXBGS,2022-07-08,122.5503,2022-08-01,2022-08-01
2022-08-01,DTWEXBGS,2022-07-11,123.3678,2022-08-01,2022-08-01
2022-08-01,DTWEXBGS,2022-07-12,123.4954,2022-08-01,2022-08-01
2022-08-01,DTWEXBGS,2022-07-13,123.3349,2022-08-01,2022-08-01
2022-08-01,DTWEXBGS,2022-07-14,124.1127,2022-08-01,2022-08-01
2022-08-01,DTWEXBGS,2022-07-15,123.5454,2022-08-01,2022-08-01
2022-08-01,DTWEXBGS,2022-07-18,122.8542,2022-08-01,2022-08-01
2022-08-01,DTWEXBGS,2022-07-19,122.5571,2022-08-01,2022-08-01
2022-08-01,DTWEXBGS,2022-07-20,122.6759,2022-08-01,2022-08-01
2022-08-01,DTWEXBGS,2022-07-21,122.9741,2022-08-01,2022-08-01
2022-08-01,DTWEXBGS,2022-07-22,122.5116,2022-08-01,2022-08-01
2022-08-01,DTWEXBGS,2022-07-25,122.5253,2022-08-01,2022-08-01
2022-08-01,DTWEXBGS,2022-07-26,122.8323,2022-08-01,2022-08-01
2022-08-01,DTWEXBGS,2022-07-27,122.894,2022-08-01,2022-08-01
2022-08-01,DTWEXBGS,2022-07-28,122.1894,2022-08-01,2022-08-01
2022-08-01,DTWEXBGS,2022-07-29,121.8526,2022-08-01,2022-08-01
2022-08-01,FEDFUNDS,2022-04-01,0.33,2022-08-01,2022-08-01
2022-08-01,FEDFUNDS,2022-05-01,0.77,2022-08-01,2022-08-01
2022-08-01,FEDFUNDS,2022-06-01,1.21,2022-08-01,2022-08-01
2022-08-01,FEDFUNDS,2022-07-01,1.68,2022-08-01,2022-08-01
2022-08-01,VIXCLS,2022-04-01,19.63,2022-08-01,2022-08-01
2022-08-01,VIXCLS,2022-04-04,18.57,2022-08-01,2022-08-01
2022-08-01,VIXCLS,2022-04-05,21.03,2022-08-01,2022-08-01
2022-08-01,VIXCLS,2022-04-06,22.1,2022-08-01,2022-08-01
2022-08-01,VIXCLS,2022-04-07,21.55,2022-08-01,2022-08-01
2022-08-01,VIXCLS,2022-04-08,21.16,2022-08-01,2022-08-01
2022-08-01,VIXCLS,2022-04-11,24.37,2022-08-01,2022-08-01
2022-08-01,VIXCLS,2022-04-12,24.26,2022-08-01,2022-08-01
2022-08-01,VIXCLS,2022-04-13,21.82,2022-08-01,2022-08-01
2022-08-01,VIXCLS,2022-04-14,22.7,2022-08-01,2022-08-01
2022-08-01,VIXCLS,2022-04-18,22.17,2022-08-01,2022-08-01
2022-08-01,VIXCLS,2022-04-19,21.37,2022-08-01,2022-08-01
2022-08-01,VIXCLS,2022-04-20,20.32,2022-08-01,2022-08-01
2022-08-01,VIXCLS,2022-04-21,22.68,2022-08-01,2022-08-01
2022-08-01,VIXCLS,2022-04-22,28.21,2022-08-01,2022-08-01
2022-08-01,VIXCLS,2022-04-25,27.02,2022-08-01,2022-08-01
2022-08-01,VIXCLS,2022-04-26,33.52,2022-08-01,2022-08-01
2022-08-01,VIXCLS,2022-04-27,31.6,2022-08-01,2022-08-01
2022-08-01,VIXCLS,2022-04-28,29.99,2022-08-01,2022-08-01
2022-08-01,VIXCLS,2022-04-29,33.4,2022-08-01,2022-08-01
2022-08-01,VIXCLS,2022-05-02,32.34,2022-08-01,2022-08-01
2022-08-01,VIXCLS,2022-05-03,29.25,2022-08-01,2022-08-01
2022-08-01,VIXCLS,2022-05-04,25.42,2022-08-01,2022-08-01
2022-08-01,VIXCLS,2022-05-05,31.2,2022-08-01,2022-08-01
2022-08-01,VIXCLS,2022-05-06,30.19,2022-08-01,2022-08-01
2022-08-01,VIXCLS,2022-05-09,34.75,2022-08-01,2022-08-01
2022-08-01,VIXCLS,2022-05-10,32.99,2022-08-01,2022-08-01
2022-08-01,VIXCLS,2022-05-11,32.56,2022-08-01,2022-08-01
2022-08-01,VIXCLS,2022-05-12,31.77,2022-08-01,2022-08-01
2022-08-01,VIXCLS,2022-05-13,28.87,2022-08-01,2022-08-01
2022-08-01,VIXCLS,2022-05-16,27.47,2022-08-01,2022-08-01
2022-08-01,VIXCLS,2022-05-17,26.1,2022-08-01,2022-08-01
2022-08-01,VIXCLS,2022-05-18,30.96,2022-08-01,2022-08-01
2022-08-01,VIXCLS,2022-05-19,29.35,2022-08-01,2022-08-01
2022-08-01,VIXCLS,2022-05-20,29.43,2022-08-01,2022-08-01
2022-08-01,VIXCLS,2022-05-23,28.48,2022-08-01,2022-08-01
2022-08-01,VIXCLS,2022-05-24,29.45,2022-08-01,2022-08-01
2022-08-01,VIXCLS,2022-05-25,28.37,2022-08-01,2022-08-01
2022-08-01,VIXCLS,2022-05-26,27.5,2022-08-01,2022-08-01
2022-08-01,VIXCLS,2022-05-27,25.72,2022-08-01,2022-08-01
2022-08-01,VIXCLS,2022-05-30,26.54,2022-08-01,2022-08-01
2022-08-01,VIXCLS,2022-05-31,26.19,2022-08-01,2022-08-01
2022-08-01,VIXCLS,2022-06-01,25.69,2022-08-01,2022-08-01
2022-08-01,VIXCLS,2022-06-02,24.72,2022-08-01,2022-08-01
2022-08-01,VIXCLS,2022-06-03,24.79,2022-08-01,2022-08-01
2022-08-01,VIXCLS,2022-06-06,25.07,2022-08-01,2022-08-01
2022-08-01,VIXCLS,2022-06-07,24.02,2022-08-01,2022-08-01
2022-08-01,VIXCLS,2022-06-08,23.96,2022-08-01,2022-08-01
2022-08-01,VIXCLS,2022-06-09,26.09,2022-08-01,2022-08-01
2022-08-01,VIXCLS,2022-06-10,27.75,2022-08-01,2022-08-01
2022-08-01,VIXCLS,2022-06-13,34.02,2022-08-01,2022-08-01
2022-08-01,VIXCLS,2022-06-14,32.69,2022-08-01,2022-08-01
2022-08-01,VIXCLS,2022-06-15,29.62,2022-08-01,2022-08-01
2022-08-01,VIXCLS,2022-06-16,32.95,2022-08-01,2022-08-01
2022-08-01,VIXCLS,2022-06-17,31.13,2022-08-01,2022-08-01
2022-08-01,VIXCLS,2022-06-20,31.03,2022-08-01,2022-08-01
2022-08-01,VIXCLS,2022-06-21,30.19,2022-08-01,2022-08-01
2022-08-01,VIXCLS,2022-06-22,28.95,2022-08-01,2022-08-01
2022-08-01,VIXCLS,2022-06-23,29.05,2022-08-01,2022-08-01
2022-08-01,VIXCLS,2022-06-24,27.23,2022-08-01,2022-08-01
2022-08-01,VIXCLS,2022-06-27,26.95,2022-08-01,2022-08-01
2022-08-01,VIXCLS,2022-06-28,28.36,2022-08-01,2022-08-01
2022-08-01,VIXCLS,2022-06-29,28.16,2022-08-01,2022-08-01
2022-08-01,VIXCLS,2022-06-30,28.71,2022-08-01,2022-08-01
2022-08-01,VIXCLS,2022-07-01,26.7,2022-08-01,2022-08-01
2022-08-01,VIXCLS,2022-07-04,27.53,2022-08-01,2022-08-01
2022-08-01,VIXCLS,2022-07-05,27.54,2022-08-01,2022-08-01
2022-08-01,VIXCLS,2022-07-06,26.73,2022-08-01,2022-08-01
2022-08-01,VIXCLS,2022-07-07,26.08,2022-08-01,2022-08-01
2022-08-01,VIXCLS,2022-07-08,24.64,2022-08-01,2022-08-01
2022-08-01,VIXCLS,2022-07-11,26.17,2022-08-01,2022-08-01
2022-08-01,VIXCLS,2022-07-12,27.29,2022-08-01,2022-08-01
2022-08-01,VIXCLS,2022-07-13,26.82,2022-08-01,2022-08-01
2022-08-01,VIXCLS,2022-07-14,26.4,2022-08-01,2022-08-01
2022-08-01,VIXCLS,2022-07-15,24.23,2022-08-01,2022-08-01
2022-08-01,VIXCLS,2022-07-18,25.3,2022-08-01,2022-08-01
2022-08-01,VIXCLS,2022-07-19,24.5,2022-08-01,2022-08-01
2022-08-01,VIXCLS,2022-07-20,23.88,2022-08-01,2022-08-01
2022-08-01,VIXCLS,2022-07-21,23.11,2022-08-01,2022-08-01
2022-08-01,VIXCLS,2022-07-22,23.03,2022-08-01,2022-08-01
2022-08-01,VIXCLS,2022-07-25,23.36,2022-08-01,2022-08-01
2022-08-01,VIXCLS,2022-07-26,24.69,2022-08-01,2022-08-01
2022-08-01,VIXCLS,2022-07-27,23.24,2022-08-01,2022-08-01
2022-08-01,VIXCLS,2022-07-28,22.33,2022-08-01,2022-08-01
2022-08-01,VIXCLS,2022-07-29,21.33,2022-08-01,2022-08-01
2022-09-01,CCUSMA02BRM618N,2022-05-01,4.96362,2022-09-01,2022-09-01
2022-09-01,CCUSMA02BRM618N,2022-06-01,5.031117647,2022-09-01,2022-09-01
2022-09-01,CCUSMA02CLM618N,2022-05-01,848.2588545,2022-09-01,2022-09-01
2022-09-01,CCUSMA02CLM618N,2022-06-01,867.3395318,2022-09-01,2022-09-01
2022-09-01,CCUSMA02CLM618N,2022-07-01,951.3871381,2022-09-01,2022-09-01
2022-09-01,CCUSMA02MXM618N,2022-05-01,19.97522409,2022-09-01,2022-09-01
2022-09-01,CCUSMA02MXM618N,2022-06-01,19.95293318,2022-09-01,2022-09-01
2022-09-01,CCUSMA02MXM618N,2022-07-01,20.47002476,2022-09-01,2022-09-01
2022-09-01,DTWEXBGS,2022-05-02,120.0229,2022-09-01,2022-09-01
2022-09-01,DTWEXBGS,2022-05-03,119.8435,2022-09-01,2022-09-01
2022-09-01,DTWEXBGS,2022-05-04,119.6936,2022-09-01,2022-09-01
2022-09-01,DTWEXBGS,2022-05-05,120.1389,2022-09-01,2022-09-01
2022-09-01,DTWEXBGS,2022-05-06,120.0159,2022-09-01,2022-09-01
2022-09-01,DTWEXBGS,2022-05-09,120.6525,2022-09-01,2022-09-01
2022-09-01,DTWEXBGS,2022-05-10,120.9284,2022-09-01,2022-09-01
2022-09-01,DTWEXBGS,2022-05-11,120.5382,2022-09-01,2022-09-01
2022-09-01,DTWEXBGS,2022-05-12,121.4119,2022-09-01,2022-09-01
2022-09-01,DTWEXBGS,2022-05-13,120.9998,2022-09-01,2022-09-01
2022-09-01,DTWEXBGS,2022-05-16,120.8458,2022-09-01,2022-09-01
2022-09-01,DTWEXBGS,2022-05-17,120.0502,2022-09-01,2022-09-01
2022-09-01,DTWEXBGS,2022-05-18,120.18,2022-09-01,2022-09-01
2022-09-01,DTWEXBGS,2022-05-19,119.562,2022-09-01,2022-09-01
2022-09-01,DTWEXBGS,2022-05-20,119.502,2022-09-01,2022-09-01
2022-09-01,DTWEXBGS,2022-05-23,118.8381,2022-09-01,2022-09-01
2022-09-01,DTWEXBGS,2022-05-24,118.7258,2022-09-01,2022-09-01
2022-09-01,DTWEXBGS,2022-05-25,119.0878,2022-09-01,2022-09-01
2022-09-01,DTWEXBGS,2022-05-26,118.9273,2022-09-01,2022-09-01
2022-09-01,DTWEXBGS,2022-05-27,118.4545,2022-09-01,2022-09-01
2022-09-01,DTWEXBGS,2022-05-31,118.2429,2022-09-01,2022-09-01
2022-09-01,DTWEXBGS,2022-06-01,118.8763,2022-09-01,2022-09-01
2022-09-01,DTWEXBGS,2022-06-02,118.2531,2022-09-01,2022-09-01
2022-09-01,DTWEXBGS,2022-06-03,118.4066,2022-09-01,2022-09-01
2022-09-01,DTWEXBGS,2022-06-06,118.4867,2022-09-01,2022-09-01
2022-09-01,DTWEXBGS,2022-06-07,118.6308,2022-09-01,2022-09-01
2022-09-01,DTWEXBGS,2022-06-08,118.6011,2022-09-01,2022-09-01
2022-09-01,DTWEXBGS,2022-06-09,119.1061,2022-09-01,2022-09-01
2022-09-01,DTWEXBGS,2022-06-10,120.1624,2022-09-01,2022-09-01
2022-09-01,DTWEXBGS,2022-06-13,121.2877,2022-09-01,2022-09-01
2022-09-01,DTWEXBGS,2022-06-14,121.7973,2022-09-01,2022-09-01
2022-09-01,DTWEXBGS,2022-06-15,121.7546,2022-09-01,2022-09-01
2022-09-01,DTWEXBGS,2022-06-16,120.7654,2022-09-01,2022-09-01
2022-09-01,DTWEXBGS,2022-06-17,121.3486,2022-09-01,2022-09-01
2022-09-01,DTWEXBGS,2022-06-21,120.7491,2022-09-01,2022-09-01
2022-09-01,DTWEXBGS,2022-06-22,120.6333,2022-09-01,2022-09-01
2022-09-01,DTWEXBGS,2022-06-23,120.8609,2022-09-01,2022-09-01
2022-09-01,DTWEXBGS,2022-06-24,120.5844,2022-09-01,2022-09-01
2022-09-01,DTWEXBGS,2022-06-27,120.2774,2022-09-01,2022-09-01
2022-09-01,DTWEXBGS,2022-06-28,120.7207,2022-09-01,2022-09-01
2022-09-01,DTWEXBGS,2022-06-29,121.0481,2022-09-01,2022-09-01
2022-09-01,DTWEXBGS,2022-06-30,121.054,2022-09-01,2022-09-01
2022-09-01,DTWEXBGS,2022-07-01,121.5779,2022-09-01,2022-09-01
2022-09-01,DTWEXBGS,2022-07-05,122.699,2022-09-01,2022-09-01
2022-09-01,DTWEXBGS,2022-07-06,123.0661,2022-09-01,2022-09-01
2022-09-01,DTWEXBGS,2022-07-07,122.8011,2022-09-01,2022-09-01
2022-09-01,DTWEXBGS,2022-07-08,122.5503,2022-09-01,2022-09-01
2022-09-01,DTWEXBGS,2022-07-11,123.3678,2022-09-01,2022-09-01
2022-09-01,DTWEXBGS,2022-07-12,123.4954,2022-09-01,2022-09-01
2022-09-01,DTWEXBGS,2022-07-13,123.3349,2022-09-01,2022-09-01
2022-09-01,DTWEXBGS,2022-07-14,124.1127,2022-09-01,2022-09-01
2022-09-01,DTWEXBGS,2022-07-15,123.5454,2022-09-01,2022-09-01
2022-09-01,DTWEXBGS,2022-07-18,122.8542,2022-09-01,2022-09-01
2022-09-01,DTWEXBGS,2022-07-19,122.5571,2022-09-01,2022-09-01
2022-09-01,DTWEXBGS,2022-07-20,122.6759,2022-09-01,2022-09-01
2022-09-01,DTWEXBGS,2022-07-21,122.9741,2022-09-01,2022-09-01
2022-09-01,DTWEXBGS,2022-07-22,122.5116,2022-09-01,2022-09-01
2022-09-01,DTWEXBGS,2022-07-25,122.5253,2022-09-01,2022-09-01
2022-09-01,DTWEXBGS,2022-07-26,122.8323,2022-09-01,2022-09-01
2022-09-01,DTWEXBGS,2022-07-27,122.894,2022-09-01,2022-09-01
2022-09-01,DTWEXBGS,2022-07-28,122.1894,2022-09-01,2022-09-01
2022-09-01,DTWEXBGS,2022-07-29,121.8526,2022-09-01,2022-09-01
2022-09-01,DTWEXBGS,2022-08-01,121.5001,2022-09-01,2022-09-01
2022-09-01,DTWEXBGS,2022-08-02,122.0121,2022-09-01,2022-09-01
2022-09-01,DTWEXBGS,2022-08-03,122.4589,2022-09-01,2022-09-01
2022-09-01,DTWEXBGS,2022-08-04,121.916,2022-09-01,2022-09-01
2022-09-01,DTWEXBGS,2022-08-05,122.4112,2022-09-01,2022-09-01
2022-09-01,DTWEXBGS,2022-08-08,121.9674,2022-09-01,2022-09-01
2022-09-01,DTWEXBGS,2022-08-09,121.9555,2022-09-01,2022-09-01
2022-09-01,DTWEXBGS,2022-08-10,120.8527,2022-09-01,2022-09-01
2022-09-01,DTWEXBGS,2022-08-11,120.8212,2022-09-01,2022-09-01
2022-09-01,DTWEXBGS,2022-08-12,121.1306,2022-09-01,2022-09-01
2022-09-01,DTWEXBGS,2022-08-15,121.5445,2022-09-01,2022-09-01
2022-09-01,DTWEXBGS,2022-08-16,121.8022,2022-09-01,2022-09-01
2022-09-01,DTWEXBGS,2022-08-17,122.1803,2022-09-01,2022-09-01
2022-09-01,DTWEXBGS,2022-08-18,122.4603,2022-09-01,2022-09-01
2022-09-01,DTWEXBGS,2022-08-19,123.1541,2022-09-01,2022-09-01
2022-09-01,DTWEXBGS,2022-08-22,123.7166,2022-09-01,2022-09-01
2022-09-01,DTWEXBGS,2022-08-23,123.172,2022-09-01,2022-09-01
2022-09-01,DTWEXBGS,2022-08-24,123.2385,2022-09-01,2022-09-01
2022-09-01,DTWEXBGS,2022-08-25,123.1836,2022-09-01,2022-09-01
2022-09-01,DTWEXBGS,2022-08-26,123.2019,2022-09-01,2022-09-01
2022-09-01,FEDFUNDS,2022-05-01,0.77,2022-09-01,2022-09-01
2022-09-01,FEDFUNDS,2022-06-01,1.21,2022-09-01,2022-09-01
2022-09-01,FEDFUNDS,2022-07-01,1.68,2022-09-01,2022-09-01
2022-09-01,FEDFUNDS,2022-08-01,2.33,2022-09-01,2022-09-01
2022-09-01,VIXCLS,2022-05-02,32.34,2022-09-01,2022-09-01
2022-09-01,VIXCLS,2022-05-03,29.25,2022-09-01,2022-09-01
2022-09-01,VIXCLS,2022-05-04,25.42,2022-09-01,2022-09-01
2022-09-01,VIXCLS,2022-05-05,31.2,2022-09-01,2022-09-01
2022-09-01,VIXCLS,2022-05-06,30.19,2022-09-01,2022-09-01
2022-09-01,VIXCLS,2022-05-09,34.75,2022-09-01,2022-09-01
2022-09-01,VIXCLS,2022-05-10,32.99,2022-09-01,2022-09-01
2022-09-01,VIXCLS,2022-05-11,32.56,2022-09-01,2022-09-01
2022-09-01,VIXCLS,2022-05-12,31.77,2022-09-01,2022-09-01
2022-09-01,VIXCLS,2022-05-13,28.87,2022-09-01,2022-09-01
2022-09-01,VIXCLS,2022-05-16,27.47,2022-09-01,2022-09-01
2022-09-01,VIXCLS,2022-05-17,26.1,2022-09-01,2022-09-01
2022-09-01,VIXCLS,2022-05-18,30.96,2022-09-01,2022-09-01
2022-09-01,VIXCLS,2022-05-19,29.35,2022-09-01,2022-09-01
2022-09-01,VIXCLS,2022-05-20,29.43,2022-09-01,2022-09-01
2022-09-01,VIXCLS,2022-05-23,28.48,2022-09-01,2022-09-01
2022-09-01,VIXCLS,2022-05-24,29.45,2022-09-01,2022-09-01
2022-09-01,VIXCLS,2022-05-25,28.37,2022-09-01,2022-09-01
2022-09-01,VIXCLS,2022-05-26,27.5,2022-09-01,2022-09-01
2022-09-01,VIXCLS,2022-05-27,25.72,2022-09-01,2022-09-01
2022-09-01,VIXCLS,2022-05-30,26.54,2022-09-01,2022-09-01
2022-09-01,VIXCLS,2022-05-31,26.19,2022-09-01,2022-09-01
2022-09-01,VIXCLS,2022-06-01,25.69,2022-09-01,2022-09-01
2022-09-01,VIXCLS,2022-06-02,24.72,2022-09-01,2022-09-01
2022-09-01,VIXCLS,2022-06-03,24.79,2022-09-01,2022-09-01
2022-09-01,VIXCLS,2022-06-06,25.07,2022-09-01,2022-09-01
2022-09-01,VIXCLS,2022-06-07,24.02,2022-09-01,2022-09-01
2022-09-01,VIXCLS,2022-06-08,23.96,2022-09-01,2022-09-01
2022-09-01,VIXCLS,2022-06-09,26.09,2022-09-01,2022-09-01
2022-09-01,VIXCLS,2022-06-10,27.75,2022-09-01,2022-09-01
2022-09-01,VIXCLS,2022-06-13,34.02,2022-09-01,2022-09-01
2022-09-01,VIXCLS,2022-06-14,32.69,2022-09-01,2022-09-01
2022-09-01,VIXCLS,2022-06-15,29.62,2022-09-01,2022-09-01
2022-09-01,VIXCLS,2022-06-16,32.95,2022-09-01,2022-09-01
2022-09-01,VIXCLS,2022-06-17,31.13,2022-09-01,2022-09-01
2022-09-01,VIXCLS,2022-06-20,31.03,2022-09-01,2022-09-01
2022-09-01,VIXCLS,2022-06-21,30.19,2022-09-01,2022-09-01
2022-09-01,VIXCLS,2022-06-22,28.95,2022-09-01,2022-09-01
2022-09-01,VIXCLS,2022-06-23,29.05,2022-09-01,2022-09-01
2022-09-01,VIXCLS,2022-06-24,27.23,2022-09-01,2022-09-01
2022-09-01,VIXCLS,2022-06-27,26.95,2022-09-01,2022-09-01
2022-09-01,VIXCLS,2022-06-28,28.36,2022-09-01,2022-09-01
2022-09-01,VIXCLS,2022-06-29,28.16,2022-09-01,2022-09-01
2022-09-01,VIXCLS,2022-06-30,28.71,2022-09-01,2022-09-01
2022-09-01,VIXCLS,2022-07-01,26.7,2022-09-01,2022-09-01
2022-09-01,VIXCLS,2022-07-04,27.53,2022-09-01,2022-09-01
2022-09-01,VIXCLS,2022-07-05,27.54,2022-09-01,2022-09-01
2022-09-01,VIXCLS,2022-07-06,26.73,2022-09-01,2022-09-01
2022-09-01,VIXCLS,2022-07-07,26.08,2022-09-01,2022-09-01
2022-09-01,VIXCLS,2022-07-08,24.64,2022-09-01,2022-09-01
2022-09-01,VIXCLS,2022-07-11,26.17,2022-09-01,2022-09-01
2022-09-01,VIXCLS,2022-07-12,27.29,2022-09-01,2022-09-01
2022-09-01,VIXCLS,2022-07-13,26.82,2022-09-01,2022-09-01
2022-09-01,VIXCLS,2022-07-14,26.4,2022-09-01,2022-09-01
2022-09-01,VIXCLS,2022-07-15,24.23,2022-09-01,2022-09-01
2022-09-01,VIXCLS,2022-07-18,25.3,2022-09-01,2022-09-01
2022-09-01,VIXCLS,2022-07-19,24.5,2022-09-01,2022-09-01
2022-09-01,VIXCLS,2022-07-20,23.88,2022-09-01,2022-09-01
2022-09-01,VIXCLS,2022-07-21,23.11,2022-09-01,2022-09-01
2022-09-01,VIXCLS,2022-07-22,23.03,2022-09-01,2022-09-01
2022-09-01,VIXCLS,2022-07-25,23.36,2022-09-01,2022-09-01
2022-09-01,VIXCLS,2022-07-26,24.69,2022-09-01,2022-09-01
2022-09-01,VIXCLS,2022-07-27,23.24,2022-09-01,2022-09-01
2022-09-01,VIXCLS,2022-07-28,22.33,2022-09-01,2022-09-01
2022-09-01,VIXCLS,2022-07-29,21.33,2022-09-01,2022-09-01
2022-09-01,VIXCLS,2022-08-01,22.84,2022-09-01,2022-09-01
2022-09-01,VIXCLS,2022-08-02,23.93,2022-09-01,2022-09-01
2022-09-01,VIXCLS,2022-08-03,21.95,2022-09-01,2022-09-01
2022-09-01,VIXCLS,2022-08-04,21.44,2022-09-01,2022-09-01
2022-09-01,VIXCLS,2022-08-05,21.15,2022-09-01,2022-09-01
2022-09-01,VIXCLS,2022-08-08,21.29,2022-09-01,2022-09-01
2022-09-01,VIXCLS,2022-08-09,21.77,2022-09-01,2022-09-01
2022-09-01,VIXCLS,2022-08-10,19.74,2022-09-01,2022-09-01
2022-09-01,VIXCLS,2022-08-11,20.2,2022-09-01,2022-09-01
2022-09-01,VIXCLS,2022-08-12,19.53,2022-09-01,2022-09-01
2022-09-01,VIXCLS,2022-08-15,19.95,2022-09-01,2022-09-01
2022-09-01,VIXCLS,2022-08-16,19.69,2022-09-01,2022-09-01
2022-09-01,VIXCLS,2022-08-17,19.9,2022-09-01,2022-09-01
2022-09-01,VIXCLS,2022-08-18,19.56,2022-09-01,2022-09-01
2022-09-01,VIXCLS,2022-08-19,20.6,2022-09-01,2022-09-01
2022-09-01,VIXCLS,2022-08-22,23.8,2022-09-01,2022-09-01
2022-09-01,VIXCLS,2022-08-23,24.11,2022-09-01,2022-09-01
2022-09-01,VIXCLS,2022-08-24,22.82,2022-09-01,2022-09-01
2022-09-01,VIXCLS,2022-08-25,21.78,2022-09-01,2022-09-01
2022-09-01,VIXCLS,2022-08-26,25.56,2022-09-01,2022-09-01
2022-09-01,VIXCLS,2022-08-29,26.21,2022-09-01,2022-09-01
2022-09-01,VIXCLS,2022-08-30,26.21,2022-09-01,2022-09-01
2022-09-01,VIXCLS,2022-08-31,25.87,2022-09-01,2022-09-01
2022-10-01,CCUSMA02BRM618N,2022-06-01,5.048609524,2022-10-01,2022-10-01
2022-10-01,CCUSMA02BRM618N,2022-07-01,5.36747619,2022-10-01,2022-10-01
2022-10-01,CCUSMA02CLM618N,2022-06-01,867.3395318,2022-10-01,2022-10-01
2022-10-01,CCUSMA02CLM618N,2022-07-01,951.3871381,2022-10-01,2022-10-01
2022-10-01,CCUSMA02CLM618N,2022-08-01,902.2732696,2022-10-01,2022-10-01
2022-10-01,CCUSMA02MXM618N,2022-06-01,19.95293318,2022-10-01,2022-10-01
2022-10-01,CCUSMA02MXM618N,2022-07-01,20.47002476,2022-10-01,2022-10-01
2022-10-01,CCUSMA02MXM618N,2022-08-01,20.07445652,2022-10-01,2022-10-01
2022-10-01,DTWEXBGS,2022-06-01,118.8763,2022-10-01,2022-10-01
2022-10-01,DTWEXBGS,2022-06-02,118.2531,2022-10-01,2022-10-01
2022-10-01,DTWEXBGS,2022-06-03,118.4066,2022-10-01,2022-10-01
2022-10-01,DTWEXBGS,2022-06-06,118.4867,2022-10-01,2022-10-01
2022-10-01,DTWEXBGS,2022-06-07,118.6308,2022-10-01,2022-10-01
2022-10-01,DTWEXBGS,2022-06-08,118.6011,2022-10-01,2022-10-01
2022-10-01,DTWEXBGS,2022-06-09,119.1061,2022-10-01,2022-10-01
2022-10-01,DTWEXBGS,2022-06-10,120.1624,2022-10-01,2022-10-01
2022-10-01,DTWEXBGS,2022-06-13,121.2877,2022-10-01,2022-10-01
2022-10-01,DTWEXBGS,2022-06-14,121.7973,2022-10-01,2022-10-01
2022-10-01,DTWEXBGS,2022-06-15,121.7546,2022-10-01,2022-10-01
2022-10-01,DTWEXBGS,2022-06-16,120.7654,2022-10-01,2022-10-01
2022-10-01,DTWEXBGS,2022-06-17,121.3486,2022-10-01,2022-10-01
2022-10-01,DTWEXBGS,2022-06-21,120.7491,2022-10-01,2022-10-01
2022-10-01,DTWEXBGS,2022-06-22,120.6333,2022-10-01,2022-10-01
2022-10-01,DTWEXBGS,2022-06-23,120.8609,2022-10-01,2022-10-01
2022-10-01,DTWEXBGS,2022-06-24,120.5844,2022-10-01,2022-10-01
2022-10-01,DTWEXBGS,2022-06-27,120.2774,2022-10-01,2022-10-01
2022-10-01,DTWEXBGS,2022-06-28,120.7207,2022-10-01,2022-10-01
2022-10-01,DTWEXBGS,2022-06-29,121.0481,2022-10-01,2022-10-01
2022-10-01,DTWEXBGS,2022-06-30,121.054,2022-10-01,2022-10-01
2022-10-01,DTWEXBGS,2022-07-01,121.5779,2022-10-01,2022-10-01
2022-10-01,DTWEXBGS,2022-07-05,122.699,2022-10-01,2022-10-01
2022-10-01,DTWEXBGS,2022-07-06,123.0661,2022-10-01,2022-10-01
2022-10-01,DTWEXBGS,2022-07-07,122.8011,2022-10-01,2022-10-01
2022-10-01,DTWEXBGS,2022-07-08,122.5503,2022-10-01,2022-10-01
2022-10-01,DTWEXBGS,2022-07-11,123.3678,2022-10-01,2022-10-01
2022-10-01,DTWEXBGS,2022-07-12,123.4954,2022-10-01,2022-10-01
2022-10-01,DTWEXBGS,2022-07-13,123.3349,2022-10-01,2022-10-01
2022-10-01,DTWEXBGS,2022-07-14,124.1127,2022-10-01,2022-10-01
2022-10-01,DTWEXBGS,2022-07-15,123.5454,2022-10-01,2022-10-01
2022-10-01,DTWEXBGS,2022-07-18,122.8542,2022-10-01,2022-10-01
2022-10-01,DTWEXBGS,2022-07-19,122.5571,2022-10-01,2022-10-01
2022-10-01,DTWEXBGS,2022-07-20,122.6759,2022-10-01,2022-10-01
2022-10-01,DTWEXBGS,2022-07-21,122.9741,2022-10-01,2022-10-01
2022-10-01,DTWEXBGS,2022-07-22,122.5116,2022-10-01,2022-10-01
2022-10-01,DTWEXBGS,2022-07-25,122.5253,2022-10-01,2022-10-01
2022-10-01,DTWEXBGS,2022-07-26,122.8323,2022-10-01,2022-10-01
2022-10-01,DTWEXBGS,2022-07-27,122.894,2022-10-01,2022-10-01
2022-10-01,DTWEXBGS,2022-07-28,122.1894,2022-10-01,2022-10-01
2022-10-01,DTWEXBGS,2022-07-29,121.8526,2022-10-01,2022-10-01
2022-10-01,DTWEXBGS,2022-08-01,121.5001,2022-10-01,2022-10-01
2022-10-01,DTWEXBGS,2022-08-02,122.0121,2022-10-01,2022-10-01
2022-10-01,DTWEXBGS,2022-08-03,122.4589,2022-10-01,2022-10-01
2022-10-01,DTWEXBGS,2022-08-04,121.916,2022-10-01,2022-10-01
2022-10-01,DTWEXBGS,2022-08-05,122.4112,2022-10-01,2022-10-01
2022-10-01,DTWEXBGS,2022-08-08,121.9674,2022-10-01,2022-10-01
2022-10-01,DTWEXBGS,2022-08-09,121.9555,2022-10-01,2022-10-01
2022-10-01,DTWEXBGS,2022-08-10,120.8527,2022-10-01,2022-10-01
2022-10-01,DTWEXBGS,2022-08-11,120.8212,2022-10-01,2022-10-01
2022-10-01,DTWEXBGS,2022-08-12,121.1306,2022-10-01,2022-10-01
2022-10-01,DTWEXBGS,2022-08-15,121.5445,2022-10-01,2022-10-01
2022-10-01,DTWEXBGS,2022-08-16,121.8022,2022-10-01,2022-10-01
2022-10-01,DTWEXBGS,2022-08-17,122.1803,2022-10-01,2022-10-01
2022-10-01,DTWEXBGS,2022-08-18,122.4603,2022-10-01,2022-10-01
2022-10-01,DTWEXBGS,2022-08-19,123.1541,2022-10-01,2022-10-01
2022-10-01,DTWEXBGS,2022-08-22,123.7166,2022-10-01,2022-10-01
2022-10-01,DTWEXBGS,2022-08-23,123.172,2022-10-01,2022-10-01
2022-10-01,DTWEXBGS,2022-08-24,123.2385,2022-10-01,2022-10-01
2022-10-01,DTWEXBGS,2022-08-25,123.1836,2022-10-01,2022-10-01
2022-10-01,DTWEXBGS,2022-08-26,123.2019,2022-10-01,2022-10-01
2022-10-01,DTWEXBGS,2022-08-29,123.6185,2022-10-01,2022-10-01
2022-10-01,DTWEXBGS,2022-08-30,123.8334,2022-10-01,2022-10-01
2022-10-01,DTWEXBGS,2022-08-31,123.6748,2022-10-01,2022-10-01
2022-10-01,DTWEXBGS,2022-09-01,124.5364,2022-10-01,2022-10-01
2022-10-01,DTWEXBGS,2022-09-02,123.9261,2022-10-01,2022-10-01
2022-10-01,DTWEXBGS,2022-09-06,124.9312,2022-10-01,2022-10-01
2022-10-01,DTWEXBGS,2022-09-07,125.0185,2022-10-01,2022-10-01
2022-10-01,DTWEXBGS,2022-09-08,124.756,2022-10-01,2022-10-01
2022-10-01,DTWEXBGS,2022-09-09,123.9551,2022-10-01,2022-10-01
2022-10-01,DTWEXBGS,2022-09-12,123.5084,2022-10-01,2022-10-01
2022-10-01,DTWEXBGS,2022-09-13,124.5838,2022-10-01,2022-10-01
2022-10-01,DTWEXBGS,2022-09-14,124.6123,2022-10-01,2022-10-01
2022-10-01,DTWEXBGS,2022-09-15,125.0439,2022-10-01,2022-10-01
2022-10-01,DTWEXBGS,2022-09-16,125.0338,2022-10-01,2022-10-01
2022-10-01,DTWEXBGS,2022-09-19,125.174,2022-10-01,2022-10-01
2022-10-01,DTWEXBGS,2022-09-20,125.2921,2022-10-01,2022-10-01
2022-10-01,DTWEXBGS,2022-09-21,125.9083,2022-10-01,2022-10-01
2022-10-01,DTWEXBGS,2022-09-22,126.3149,2022-10-01,2022-10-01
2022-10-01,DTWEXBGS,2022-09-23,127.4232,2022-10-01,2022-10-01
2022-10-01,FEDFUNDS,2022-06-01,1.21,2022-10-01,2022-10-01
2022-10-01,FEDFUNDS,2022-07-01,1.68,2022-10-01,2022-10-01
2022-10-01,FEDFUNDS,2022-08-01,2.33,2022-10-01,2022-10-01
2022-10-01,VIXCLS,2022-06-01,25.69,2022-10-01,2022-10-01
2022-10-01,VIXCLS,2022-06-02,24.72,2022-10-01,2022-10-01
2022-10-01,VIXCLS,2022-06-03,24.79,2022-10-01,2022-10-01
2022-10-01,VIXCLS,2022-06-06,25.07,2022-10-01,2022-10-01
2022-10-01,VIXCLS,2022-06-07,24.02,2022-10-01,2022-10-01
2022-10-01,VIXCLS,2022-06-08,23.96,2022-10-01,2022-10-01
2022-10-01,VIXCLS,2022-06-09,26.09,2022-10-01,2022-10-01
2022-10-01,VIXCLS,2022-06-10,27.75,2022-10-01,2022-10-01
2022-10-01,VIXCLS,2022-06-13,34.02,2022-10-01,2022-10-01
2022-10-01,VIXCLS,2022-06-14,32.69,2022-10-01,2022-10-01
2022-10-01,VIXCLS,2022-06-15,29.62,2022-10-01,2022-10-01
2022-10-01,VIXCLS,2022-06-16,32.95,2022-10-01,2022-10-01
2022-10-01,VIXCLS,2022-06-17,31.13,2022-10-01,2022-10-01
2022-10-01,VIXCLS,2022-06-20,31.03,2022-10-01,2022-10-01
2022-10-01,VIXCLS,2022-06-21,30.19,2022-10-01,2022-10-01
2022-10-01,VIXCLS,2022-06-22,28.95,2022-10-01,2022-10-01
2022-10-01,VIXCLS,2022-06-23,29.05,2022-10-01,2022-10-01
2022-10-01,VIXCLS,2022-06-24,27.23,2022-10-01,2022-10-01
2022-10-01,VIXCLS,2022-06-27,26.95,2022-10-01,2022-10-01
2022-10-01,VIXCLS,2022-06-28,28.36,2022-10-01,2022-10-01
2022-10-01,VIXCLS,2022-06-29,28.16,2022-10-01,2022-10-01
2022-10-01,VIXCLS,2022-06-30,28.71,2022-10-01,2022-10-01
2022-10-01,VIXCLS,2022-07-01,26.7,2022-10-01,2022-10-01
2022-10-01,VIXCLS,2022-07-04,27.53,2022-10-01,2022-10-01
2022-10-01,VIXCLS,2022-07-05,27.54,2022-10-01,2022-10-01
2022-10-01,VIXCLS,2022-07-06,26.73,2022-10-01,2022-10-01
2022-10-01,VIXCLS,2022-07-07,26.08,2022-10-01,2022-10-01
2022-10-01,VIXCLS,2022-07-08,24.64,2022-10-01,2022-10-01
2022-10-01,VIXCLS,2022-07-11,26.17,2022-10-01,2022-10-01
2022-10-01,VIXCLS,2022-07-12,27.29,2022-10-01,2022-10-01
2022-10-01,VIXCLS,2022-07-13,26.82,2022-10-01,2022-10-01
2022-10-01,VIXCLS,2022-07-14,26.4,2022-10-01,2022-10-01
2022-10-01,VIXCLS,2022-07-15,24.23,2022-10-01,2022-10-01
2022-10-01,VIXCLS,2022-07-18,25.3,2022-10-01,2022-10-01
2022-10-01,VIXCLS,2022-07-19,24.5,2022-10-01,2022-10-01
2022-10-01,VIXCLS,2022-07-20,23.88,2022-10-01,2022-10-01
2022-10-01,VIXCLS,2022-07-21,23.11,2022-10-01,2022-10-01
2022-10-01,VIXCLS,2022-07-22,23.03,2022-10-01,2022-10-01
2022-10-01,VIXCLS,2022-07-25,23.36,2022-10-01,2022-10-01
2022-10-01,VIXCLS,2022-07-26,24.69,2022-10-01,2022-10-01
2022-10-01,VIXCLS,2022-07-27,23.24,2022-10-01,2022-10-01
2022-10-01,VIXCLS,2022-07-28,22.33,2022-10-01,2022-10-01
2022-10-01,VIXCLS,2022-07-29,21.33,2022-10-01,2022-10-01
2022-10-01,VIXCLS,2022-08-01,22.84,2022-10-01,2022-10-01
2022-10-01,VIXCLS,2022-08-02,23.93,2022-10-01,2022-10-01
2022-10-01,VIXCLS,2022-08-03,21.95,2022-10-01,2022-10-01
2022-10-01,VIXCLS,2022-08-04,21.44,2022-10-01,2022-10-01
2022-10-01,VIXCLS,2022-08-05,21.15,2022-10-01,2022-10-01
2022-10-01,VIXCLS,2022-08-08,21.29,2022-10-01,2022-10-01
2022-10-01,VIXCLS,2022-08-09,21.77,2022-10-01,2022-10-01
2022-10-01,VIXCLS,2022-08-10,19.74,2022-10-01,2022-10-01
2022-10-01,VIXCLS,2022-08-11,20.2,2022-10-01,2022-10-01
2022-10-01,VIXCLS,2022-08-12,19.53,2022-10-01,2022-10-01
2022-10-01,VIXCLS,2022-08-15,19.95,2022-10-01,2022-10-01
2022-10-01,VIXCLS,2022-08-16,19.69,2022-10-01,2022-10-01
2022-10-01,VIXCLS,2022-08-17,19.9,2022-10-01,2022-10-01
2022-10-01,VIXCLS,2022-08-18,19.56,2022-10-01,2022-10-01
2022-10-01,VIXCLS,2022-08-19,20.6,2022-10-01,2022-10-01
2022-10-01,VIXCLS,2022-08-22,23.8,2022-10-01,2022-10-01
2022-10-01,VIXCLS,2022-08-23,24.11,2022-10-01,2022-10-01
2022-10-01,VIXCLS,2022-08-24,22.82,2022-10-01,2022-10-01
2022-10-01,VIXCLS,2022-08-25,21.78,2022-10-01,2022-10-01
2022-10-01,VIXCLS,2022-08-26,25.56,2022-10-01,2022-10-01
2022-10-01,VIXCLS,2022-08-29,26.21,2022-10-01,2022-10-01
2022-10-01,VIXCLS,2022-08-30,26.21,2022-10-01,2022-10-01
2022-10-01,VIXCLS,2022-08-31,25.87,2022-10-01,2022-10-01
2022-10-01,VIXCLS,2022-09-01,25.56,2022-10-01,2022-10-01
2022-10-01,VIXCLS,2022-09-02,25.47,2022-10-01,2022-10-01
2022-10-01,VIXCLS,2022-09-05,25.99,2022-10-01,2022-10-01
2022-10-01,VIXCLS,2022-09-06,26.91,2022-10-01,2022-10-01
2022-10-01,VIXCLS,2022-09-07,24.64,2022-10-01,2022-10-01
2022-10-01,VIXCLS,2022-09-08,23.61,2022-10-01,2022-10-01
2022-10-01,VIXCLS,2022-09-09,22.79,2022-10-01,2022-10-01
2022-10-01,VIXCLS,2022-09-12,23.87,2022-10-01,2022-10-01
2022-10-01,VIXCLS,2022-09-13,27.27,2022-10-01,2022-10-01
2022-10-01,VIXCLS,2022-09-14,26.16,2022-10-01,2022-10-01
2022-10-01,VIXCLS,2022-09-15,26.27,2022-10-01,2022-10-01
2022-10-01,VIXCLS,2022-09-16,26.3,2022-10-01,2022-10-01
2022-10-01,VIXCLS,2022-09-19,25.76,2022-10-01,2022-10-01
2022-10-01,VIXCLS,2022-09-20,27.16,2022-10-01,2022-10-01
2022-10-01,VIXCLS,2022-09-21,27.99,2022-10-01,2022-10-01
2022-10-01,VIXCLS,2022-09-22,27.35,2022-10-01,2022-10-01
2022-10-01,VIXCLS,2022-09-23,29.92,2022-10-01,2022-10-01
2022-10-01,VIXCLS,2022-09-26,32.26,2022-10-01,2022-10-01
2022-10-01,VIXCLS,2022-09-27,32.6,2022-10-01,2022-10-01
2022-10-01,VIXCLS,2022-09-28,30.18,2022-10-01,2022-10-01
2022-10-01,VIXCLS,2022-09-29,31.84,2022-10-01,2022-10-01
2022-10-01,VIXCLS,2022-09-30,31.62,2022-10-01,2022-10-01
2022-11-01,CCUSMA02BRM618N,2022-07-01,5.36747619,2022-11-01,2022-11-01
2022-11-01,CCUSMA02CLM618N,2022-07-01,951.3871381,2022-11-01,2022-11-01
2022-11-01,CCUSMA02CLM618N,2022-08-01,902.2732696,2022-11-01,2022-11-01
2022-11-01,CCUSMA02MXM618N,2022-07-01,20.47002476,2022-11-01,2022-11-01
2022-11-01,CCUSMA02MXM618N,2022-08-01,20.07445652,2022-11-01,2022-11-01
2022-11-01,DTWEXBGS,2022-07-01,121.5779,2022-11-01,2022-11-01
2022-11-01,DTWEXBGS,2022-07-05,122.699,2022-11-01,2022-11-01
2022-11-01,DTWEXBGS,2022-07-06,123.0661,2022-11-01,2022-11-01
2022-11-01,DTWEXBGS,2022-07-07,122.8011,2022-11-01,2022-11-01
2022-11-01,DTWEXBGS,2022-07-08,122.5503,2022-11-01,2022-11-01
2022-11-01,DTWEXBGS,2022-07-11,123.3678,2022-11-01,2022-11-01
2022-11-01,DTWEXBGS,2022-07-12,123.4954,2022-11-01,2022-11-01
2022-11-01,DTWEXBGS,2022-07-13,123.3349,2022-11-01,2022-11-01
2022-11-01,DTWEXBGS,2022-07-14,124.1127,2022-11-01,2022-11-01
2022-11-01,DTWEXBGS,2022-07-15,123.5454,2022-11-01,2022-11-01
2022-11-01,DTWEXBGS,2022-07-18,122.8542,2022-11-01,2022-11-01
2022-11-01,DTWEXBGS,2022-07-19,122.5571,2022-11-01,2022-11-01
2022-11-01,DTWEXBGS,2022-07-20,122.6759,2022-11-01,2022-11-01
2022-11-01,DTWEXBGS,2022-07-21,122.9741,2022-11-01,2022-11-01
2022-11-01,DTWEXBGS,2022-07-22,122.5116,2022-11-01,2022-11-01
2022-11-01,DTWEXBGS,2022-07-25,122.5253,2022-11-01,2022-11-01
2022-11-01,DTWEXBGS,2022-07-26,122.8323,2022-11-01,2022-11-01
2022-11-01,DTWEXBGS,2022-07-27,122.894,2022-11-01,2022-11-01
2022-11-01,DTWEXBGS,2022-07-28,122.1894,2022-11-01,2022-11-01
2022-11-01,DTWEXBGS,2022-07-29,121.8526,2022-11-01,2022-11-01
2022-11-01,DTWEXBGS,2022-08-01,121.5001,2022-11-01,2022-11-01
2022-11-01,DTWEXBGS,2022-08-02,122.0121,2022-11-01,2022-11-01
2022-11-01,DTWEXBGS,2022-08-03,122.4589,2022-11-01,2022-11-01
2022-11-01,DTWEXBGS,2022-08-04,121.916,2022-11-01,2022-11-01
2022-11-01,DTWEXBGS,2022-08-05,122.4112,2022-11-01,2022-11-01
2022-11-01,DTWEXBGS,2022-08-08,121.9674,2022-11-01,2022-11-01
2022-11-01,DTWEXBGS,2022-08-09,121.9555,2022-11-01,2022-11-01
2022-11-01,DTWEXBGS,2022-08-10,120.8527,2022-11-01,2022-11-01
2022-11-01,DTWEXBGS,2022-08-11,120.8212,2022-11-01,2022-11-01
2022-11-01,DTWEXBGS,2022-08-12,121.1306,2022-11-01,2022-11-01
2022-11-01,DTWEXBGS,2022-08-15,121.5445,2022-11-01,2022-11-01
2022-11-01,DTWEXBGS,2022-08-16,121.8022,2022-11-01,2022-11-01
2022-11-01,DTWEXBGS,2022-08-17,122.1803,2022-11-01,2022-11-01
2022-11-01,DTWEXBGS,2022-08-18,122.4603,2022-11-01,2022-11-01
2022-11-01,DTWEXBGS,2022-08-19,123.1541,2022-11-01,2022-11-01
2022-11-01,DTWEXBGS,2022-08-22,123.7166,2022-11-01,2022-11-01
2022-11-01,DTWEXBGS,2022-08-23,123.172,2022-11-01,2022-11-01
2022-11-01,DTWEXBGS,2022-08-24,123.2385,2022-11-01,2022-11-01
2022-11-01,DTWEXBGS,2022-08-25,123.1836,2022-11-01,2022-11-01
2022-11-01,DTWEXBGS,2022-08-26,123.2019,2022-11-01,2022-11-01
2022-11-01,DTWEXBGS,2022-08-29,123.6185,2022-11-01,2022-11-01
2022-11-01,DTWEXBGS,2022-08-30,123.8334,2022-11-01,2022-11-01
2022-11-01,DTWEXBGS,2022-08-31,123.6748,2022-11-01,2022-11-01
2022-11-01,DTWEXBGS,2022-09-01,124.5364,2022-11-01,2022-11-01
2022-11-01,DTWEXBGS,2022-09-02,123.9261,2022-11-01,2022-11-01
2022-11-01,DTWEXBGS,2022-09-06,124.9312,2022-11-01,2022-11-01
2022-11-01,DTWEXBGS,2022-09-07,125.0185,2022-11-01,2022-11-01
2022-11-01,DTWEXBGS,2022-09-08,124.756,2022-11-01,2022-11-01
2022-11-01,DTWEXBGS,2022-09-09,123.9551,2022-11-01,2022-11-01
2022-11-01,DTWEXBGS,2022-09-12,123.5084,2022-11-01,2022-11-01
2022-11-01,DTWEXBGS,2022-09-13,124.5838,2022-11-01,2022-11-01
2022-11-01,DTWEXBGS,2022-09-14,124.6123,2022-11-01,2022-11-01
2022-11-01,DTWEXBGS,2022-09-15,125.0439,2022-11-01,2022-11-01
2022-11-01,DTWEXBGS,2022-09-16,125.0338,2022-11-01,2022-11-01
2022-11-01,DTWEXBGS,2022-09-19,125.174,2022-11-01,2022-11-01
2022-11-01,DTWEXBGS,2022-09-20,125.2921,2022-11-01,2022-11-01
2022-11-01,DTWEXBGS,2022-09-21,125.9083,2022-11-01,2022-11-01
2022-11-01,DTWEXBGS,2022-09-22,126.3149,2022-11-01,2022-11-01
2022-11-01,DTWEXBGS,2022-09-23,127.4232,2022-11-01,2022-11-01
2022-11-01,DTWEXBGS,2022-09-26,128.5773,2022-11-01,2022-11-01
2022-11-01,DTWEXBGS,2022-09-27,128.58,2022-11-01,2022-11-01
2022-11-01,DTWEXBGS,2022-09-28,128.2291,2022-11-01,2022-11-01
2022-11-01,DTWEXBGS,2022-09-29,127.6627,2022-11-01,2022-11-01
2022-11-01,DTWEXBGS,2022-09-30,127.6413,2022-11-01,2022-11-01
2022-11-01,DTWEXBGS,2022-10-03,127.2201,2022-11-01,2022-11-01
2022-11-01,DTWEXBGS,2022-10-04,126.339,2022-11-01,2022-11-01
2022-11-01,DTWEXBGS,2022-10-05,127.0138,2022-11-01,2022-11-01
2022-11-01,DTWEXBGS,2022-10-06,127.3968,2022-11-01,2022-11-01
2022-11-01,DTWEXBGS,2022-10-07,127.4628,2022-11-01,2022-11-01
2022-11-01,DTWEXBGS,2022-10-11,127.8368,2022-11-01,2022-11-01
2022-11-01,DTWEXBGS,2022-10-12,128.3203,2022-11-01,2022-11-01
2022-11-01,DTWEXBGS,2022-10-13,127.9007,2022-11-01,2022-11-01
2022-11-01,DTWEXBGS,2022-10-14,128.4973,2022-11-01,2022-11-01
2022-11-01,DTWEXBGS,2022-10-17,127.8162,2022-11-01,2022-11-01
2022-11-01,DTWEXBGS,2022-10-18,128.0829,2022-11-01,2022-11-01
2022-11-01,DTWEXBGS,2022-10-19,128.5655,2022-11-01,2022-11-01
2022-11-01,DTWEXBGS,2022-10-20,128.1747,2022-11-01,2022-11-01
2022-11-01,DTWEXBGS,2022-10-21,127.8337,2022-11-01,2022-11-01
2022-11-01,DTWEXBGS,2022-10-24,128.1976,2022-11-01,2022-11-01
2022-11-01,DTWEXBGS,2022-10-25,127.5509,2022-11-01,2022-11-01
2022-11-01,DTWEXBGS,2022-10-26,126.6202,2022-11-01,2022-11-01
2022-11-01,DTWEXBGS,2022-10-27,126.8694,2022-11-01,2022-11-01
2022-11-01,DTWEXBGS,2022-10-28,127.3892,2022-11-01,2022-11-01
2022-11-01,FEDFUNDS,2022-07-01,1.68,2022-11-01,2022-11-01
2022-11-01,FEDFUNDS,2022-08-01,2.33,2022-11-01,2022-11-01
2022-11-01,FEDFUNDS,2022-09-01,2.56,2022-11-01,2022-11-01
2022-11-01,FEDFUNDS,2022-10-01,3.08,2022-11-01,2022-11-01
2022-11-01,VIXCLS,2022-07-01,26.7,2022-11-01,2022-11-01
2022-11-01,VIXCLS,2022-07-04,27.53,2022-11-01,2022-11-01
2022-11-01,VIXCLS,2022-07-05,27.54,2022-11-01,2022-11-01
2022-11-01,VIXCLS,2022-07-06,26.73,2022-11-01,2022-11-01
2022-11-01,VIXCLS,2022-07-07,26.08,2022-11-01,2022-11-01
2022-11-01,VIXCLS,2022-07-08,24.64,2022-11-01,2022-11-01
2022-11-01,VIXCLS,2022-07-11,26.17,2022-11-01,2022-11-01
2022-11-01,VIXCLS,2022-07-12,27.29,2022-11-01,2022-11-01
2022-11-01,VIXCLS,2022-07-13,26.82,2022-11-01,2022-11-01
2022-11-01,VIXCLS,2022-07-14,26.4,2022-11-01,2022-11-01
2022-11-01,VIXCLS,2022-07-15,24.23,2022-11-01,2022-11-01
2022-11-01,VIXCLS,2022-07-18,25.3,2022-11-01,2022-11-01
2022-11-01,VIXCLS,2022-07-19,24.5,2022-11-01,2022-11-01
2022-11-01,VIXCLS,2022-07-20,23.88,2022-11-01,2022-11-01
2022-11-01,VIXCLS,2022-07-21,23.11,2022-11-01,2022-11-01
2022-11-01,VIXCLS,2022-07-22,23.03,2022-11-01,2022-11-01
2022-11-01,VIXCLS,2022-07-25,23.36,2022-11-01,2022-11-01
2022-11-01,VIXCLS,2022-07-26,24.69,2022-11-01,2022-11-01
2022-11-01,VIXCLS,2022-07-27,23.24,2022-11-01,2022-11-01
2022-11-01,VIXCLS,2022-07-28,22.33,2022-11-01,2022-11-01
2022-11-01,VIXCLS,2022-07-29,21.33,2022-11-01,2022-11-01
2022-11-01,VIXCLS,2022-08-01,22.84,2022-11-01,2022-11-01
2022-11-01,VIXCLS,2022-08-02,23.93,2022-11-01,2022-11-01
2022-11-01,VIXCLS,2022-08-03,21.95,2022-11-01,2022-11-01
2022-11-01,VIXCLS,2022-08-04,21.44,2022-11-01,2022-11-01
2022-11-01,VIXCLS,2022-08-05,21.15,2022-11-01,2022-11-01
2022-11-01,VIXCLS,2022-08-08,21.29,2022-11-01,2022-11-01
2022-11-01,VIXCLS,2022-08-09,21.77,2022-11-01,2022-11-01
2022-11-01,VIXCLS,2022-08-10,19.74,2022-11-01,2022-11-01
2022-11-01,VIXCLS,2022-08-11,20.2,2022-11-01,2022-11-01
2022-11-01,VIXCLS,2022-08-12,19.53,2022-11-01,2022-11-01
2022-11-01,VIXCLS,2022-08-15,19.95,2022-11-01,2022-11-01
2022-11-01,VIXCLS,2022-08-16,19.69,2022-11-01,2022-11-01
2022-11-01,VIXCLS,2022-08-17,19.9,2022-11-01,2022-11-01
2022-11-01,VIXCLS,2022-08-18,19.56,2022-11-01,2022-11-01
2022-11-01,VIXCLS,2022-08-19,20.6,2022-11-01,2022-11-01
2022-11-01,VIXCLS,2022-08-22,23.8,2022-11-01,2022-11-01
2022-11-01,VIXCLS,2022-08-23,24.11,2022-11-01,2022-11-01
2022-11-01,VIXCLS,2022-08-24,22.82,2022-11-01,2022-11-01
2022-11-01,VIXCLS,2022-08-25,21.78,2022-11-01,2022-11-01
2022-11-01,VIXCLS,2022-08-26,25.56,2022-11-01,2022-11-01
2022-11-01,VIXCLS,2022-08-29,26.21,2022-11-01,2022-11-01
2022-11-01,VIXCLS,2022-08-30,26.21,2022-11-01,2022-11-01
2022-11-01,VIXCLS,2022-08-31,25.87,2022-11-01,2022-11-01
2022-11-01,VIXCLS,2022-09-01,25.56,2022-11-01,2022-11-01
2022-11-01,VIXCLS,2022-09-02,25.47,2022-11-01,2022-11-01
2022-11-01,VIXCLS,2022-09-05,25.99,2022-11-01,2022-11-01
2022-11-01,VIXCLS,2022-09-06,26.91,2022-11-01,2022-11-01
2022-11-01,VIXCLS,2022-09-07,24.64,2022-11-01,2022-11-01
2022-11-01,VIXCLS,2022-09-08,23.61,2022-11-01,2022-11-01
2022-11-01,VIXCLS,2022-09-09,22.79,2022-11-01,2022-11-01
2022-11-01,VIXCLS,2022-09-12,23.87,2022-11-01,2022-11-01
2022-11-01,VIXCLS,2022-09-13,27.27,2022-11-01,2022-11-01
2022-11-01,VIXCLS,2022-09-14,26.16,2022-11-01,2022-11-01
2022-11-01,VIXCLS,2022-09-15,26.27,2022-11-01,2022-11-01
2022-11-01,VIXCLS,2022-09-16,26.3,2022-11-01,2022-11-01
2022-11-01,VIXCLS,2022-09-19,25.76,2022-11-01,2022-11-01
2022-11-01,VIXCLS,2022-09-20,27.16,2022-11-01,2022-11-01
2022-11-01,VIXCLS,2022-09-21,27.99,2022-11-01,2022-11-01
2022-11-01,VIXCLS,2022-09-22,27.35,2022-11-01,2022-11-01
2022-11-01,VIXCLS,2022-09-23,29.92,2022-11-01,2022-11-01
2022-11-01,VIXCLS,2022-09-26,32.26,2022-11-01,2022-11-01
2022-11-01,VIXCLS,2022-09-27,32.6,2022-11-01,2022-11-01
2022-11-01,VIXCLS,2022-09-28,30.18,2022-11-01,2022-11-01
2022-11-01,VIXCLS,2022-09-29,31.84,2022-11-01,2022-11-01
2022-11-01,VIXCLS,2022-09-30,31.62,2022-11-01,2022-11-01
2022-11-01,VIXCLS,2022-10-03,30.1,2022-11-01,2022-11-01
2022-11-01,VIXCLS,2022-10-04,29.07,2022-11-01,2022-11-01
2022-11-01,VIXCLS,2022-10-05,28.55,2022-11-01,2022-11-01
2022-11-01,VIXCLS,2022-10-06,30.52,2022-11-01,2022-11-01
2022-11-01,VIXCLS,2022-10-07,31.36,2022-11-01,2022-11-01
2022-11-01,VIXCLS,2022-10-10,32.45,2022-11-01,2022-11-01
2022-11-01,VIXCLS,2022-10-11,33.63,2022-11-01,2022-11-01
2022-11-01,VIXCLS,2022-10-12,33.57,2022-11-01,2022-11-01
2022-11-01,VIXCLS,2022-10-13,31.94,2022-11-01,2022-11-01
2022-11-01,VIXCLS,2022-10-14,32.02,2022-11-01,2022-11-01
2022-11-01,VIXCLS,2022-10-17,31.37,2022-11-01,2022-11-01
2022-11-01,VIXCLS,2022-10-18,30.5,2022-11-01,2022-11-01
2022-11-01,VIXCLS,2022-10-19,30.76,2022-11-01,2022-11-01
2022-11-01,VIXCLS,2022-10-20,29.98,2022-11-01,2022-11-01
2022-11-01,VIXCLS,2022-10-21,29.69,2022-11-01,2022-11-01
2022-11-01,VIXCLS,2022-10-24,29.85,2022-11-01,2022-11-01
2022-11-01,VIXCLS,2022-10-25,28.46,2022-11-01,2022-11-01
2022-11-01,VIXCLS,2022-10-26,27.28,2022-11-01,2022-11-01
2022-11-01,VIXCLS,2022-10-27,27.39,2022-11-01,2022-11-01
2022-11-01,VIXCLS,2022-10-28,25.75,2022-11-01,2022-11-01
2022-11-01,VIXCLS,2022-10-31,25.88,2022-11-01,2022-11-01
2022-12-01,CCUSMA02BRM618N,2022-08-01,5.1404875,2022-12-01,2022-12-01
2022-12-01,CCUSMA02BRM618N,2022-09-01,5.236357143,2022-12-01,2022-12-01
2022-12-01,CCUSMA02CLM618N,2022-08-01,902.2732696,2022-12-01,2022-12-01
2022-12-01,CCUSMA02CLM618N,2022-09-01,924.6438682,2022-12-01,2022-12-01
2022-12-01,CCUSMA02CLM618N,2022-10-01,953.295719,2022-12-01,2022-12-01
2022-12-01,CCUSMA02MXM618N,2022-08-01,20.07445652,2022-12-01,2022-12-01
2022-12-01,CCUSMA02MXM618N,2022-09-01,20.01561273,2022-12-01,2022-12-01
2022-12-01,CCUSMA02MXM618N,2022-10-01,19.95526238,2022-12-01,2022-12-01
2022-12-01,DTWEXBGS,2022-08-01,121.5001,2022-12-01,2022-12-01
2022-12-01,DTWEXBGS,2022-08-02,122.0121,2022-12-01,2022-12-01
2022-12-01,DTWEXBGS,2022-08-03,122.4589,2022-12-01,2022-12-01
2022-12-01,DTWEXBGS,2022-08-04,121.916,2022-12-01,2022-12-01
2022-12-01,DTWEXBGS,2022-08-05,122.4112,2022-12-01,2022-12-01
2022-12-01,DTWEXBGS,2022-08-08,121.9674,2022-12-01,2022-12-01
2022-12-01,DTWEXBGS,2022-08-09,121.9555,2022-12-01,2022-12-01
2022-12-01,DTWEXBGS,2022-08-10,120.8527,2022-12-01,2022-12-01
2022-12-01,DTWEXBGS,2022-08-11,120.8212,2022-12-01,2022-12-01
2022-12-01,DTWEXBGS,2022-08-12,121.1306,2022-12-01,2022-12-01
2022-12-01,DTWEXBGS,2022-08-15,121.5445,2022-12-01,2022-12-01
2022-12-01,DTWEXBGS,2022-08-16,121.8022,2022-12-01,2022-12-01
2022-12-01,DTWEXBGS,2022-08-17,122.1803,2022-12-01,2022-12-01
2022-12-01,DTWEXBGS,2022-08-18,122.4603,2022-12-01,2022-12-01
2022-12-01,DTWEXBGS,2022-08-19,123.1541,2022-12-01,2022-12-01
2022-12-01,DTWEXBGS,2022-08-22,123.7166,2022-12-01,2022-12-01
2022-12-01,DTWEXBGS,2022-08-23,123.172,2022-12-01,2022-12-01
2022-12-01,DTWEXBGS,2022-08-24,123.2385,2022-12-01,2022-12-01
2022-12-01,DTWEXBGS,2022-08-25,123.1836,2022-12-01,2022-12-01
2022-12-01,DTWEXBGS,2022-08-26,123.2019,2022-12-01,2022-12-01
2022-12-01,DTWEXBGS,2022-08-29,123.6185,2022-12-01,2022-12-01
2022-12-01,DTWEXBGS,2022-08-30,123.8334,2022-12-01,2022-12-01
2022-12-01,DTWEXBGS,2022-08-31,123.6748,2022-12-01,2022-12-01
2022-12-01,DTWEXBGS,2022-09-01,124.5364,2022-12-01,2022-12-01
2022-12-01,DTWEXBGS,2022-09-02,123.9261,2022-12-01,2022-12-01
2022-12-01,DTWEXBGS,2022-09-06,124.9312,2022-12-01,2022-12-01
2022-12-01,DTWEXBGS,2022-09-07,125.0185,2022-12-01,2022-12-01
2022-12-01,DTWEXBGS,2022-09-08,124.756,2022-12-01,2022-12-01
2022-12-01,DTWEXBGS,2022-09-09,123.9551,2022-12-01,2022-12-01
2022-12-01,DTWEXBGS,2022-09-12,123.5084,2022-12-01,2022-12-01
2022-12-01,DTWEXBGS,2022-09-13,124.5838,2022-12-01,2022-12-01
2022-12-01,DTWEXBGS,2022-09-14,124.6123,2022-12-01,2022-12-01
2022-12-01,DTWEXBGS,2022-09-15,125.0439,2022-12-01,2022-12-01
2022-12-01,DTWEXBGS,2022-09-16,125.0338,2022-12-01,2022-12-01
2022-12-01,DTWEXBGS,2022-09-19,125.174,2022-12-01,2022-12-01
2022-12-01,DTWEXBGS,2022-09-20,125.2921,2022-12-01,2022-12-01
2022-12-01,DTWEXBGS,2022-09-21,125.9083,2022-12-01,2022-12-01
2022-12-01,DTWEXBGS,2022-09-22,126.3149,2022-12-01,2022-12-01
2022-12-01,DTWEXBGS,2022-09-23,127.4232,2022-12-01,2022-12-01
2022-12-01,DTWEXBGS,2022-09-26,128.5773,2022-12-01,2022-12-01
2022-12-01,DTWEXBGS,2022-09-27,128.58,2022-12-01,2022-12-01
2022-12-01,DTWEXBGS,2022-09-28,128.2291,2022-12-01,2022-12-01
2022-12-01,DTWEXBGS,2022-09-29,127.6627,2022-12-01,2022-12-01
2022-12-01,DTWEXBGS,2022-09-30,127.6413,2022-12-01,2022-12-01
2022-12-01,DTWEXBGS,2022-10-03,127.2201,2022-12-01,2022-12-01
2022-12-01,DTWEXBGS,2022-10-04,126.339,2022-12-01,2022-12-01
2022-12-01,DTWEXBGS,2022-10-05,127.0138,2022-12-01,2022-12-01
2022-12-01,DTWEXBGS,2022-10-06,127.3968,2022-12-01,2022-12-01
2022-12-01,DTWEXBGS,2022-10-07,127.4628,2022-12-01,2022-12-01
2022-12-01,DTWEXBGS,2022-10-11,127.8368,2022-12-01,2022-12-01
2022-12-01,DTWEXBGS,2022-10-12,128.3203,2022-12-01,2022-12-01
2022-12-01,DTWEXBGS,2022-10-13,127.9007,2022-12-01,2022-12-01
2022-12-01,DTWEXBGS,2022-10-14,128.4973,2022-12-01,2022-12-01
2022-12-01,DTWEXBGS,2022-10-17,127.8162,2022-12-01,2022-12-01
2022-12-01,DTWEXBGS,2022-10-18,128.0829,2022-12-01,2022-12-01
2022-12-01,DTWEXBGS,2022-10-19,128.5655,2022-12-01,2022-12-01
2022-12-01,DTWEXBGS,2022-10-20,128.1747,2022-12-01,2022-12-01
2022-12-01,DTWEXBGS,2022-10-21,127.8337,2022-12-01,2022-12-01
2022-12-01,DTWEXBGS,2022-10-24,128.1976,2022-12-01,2022-12-01
2022-12-01,DTWEXBGS,2022-10-25,127.5509,2022-12-01,2022-12-01
2022-12-01,DTWEXBGS,2022-10-26,126.6202,2022-12-01,2022-12-01
2022-12-01,DTWEXBGS,2022-10-27,126.8694,2022-12-01,2022-12-01
2022-12-01,DTWEXBGS,2022-10-28,127.3892,2022-12-01,2022-12-01
2022-12-01,DTWEXBGS,2022-10-31,127.8126,2022-12-01,2022-12-01
2022-12-01,DTWEXBGS,2022-11-01,127.5861,2022-12-01,2022-12-01
2022-12-01,DTWEXBGS,2022-11-02,127.4997,2022-12-01,2022-12-01
2022-12-01,DTWEXBGS,2022-11-03,128.3657,2022-12-01,2022-12-01
2022-12-01,DTWEXBGS,2022-11-04,127.3506,2022-12-01,2022-12-01
2022-12-01,DTWEXBGS,2022-11-07,126.4947,2022-12-01,2022-12-01
2022-12-01,DTWEXBGS,2022-11-08,125.836,2022-12-01,2022-12-01
2022-12-01,DTWEXBGS,2022-11-09,126.191,2022-12-01,2022-12-01
2022-12-01,DTWEXBGS,2022-11-10,124.8818,2022-12-01,2022-12-01
2022-12-01,DTWEXBGS,2022-11-14,123.5788,2022-12-01,2022-12-01
2022-12-01,DTWEXBGS,2022-11-15,123.1759,2022-12-01,2022-12-01
2022-12-01,DTWEXBGS,2022-11-16,123.4178,2022-12-01,2022-12-01
2022-12-01,DTWEXBGS,2022-11-17,124.1229,2022-12-01,2022-12-01
2022-12-01,DTWEXBGS,2022-11-18,123.9828,2022-12-01,2022-12-01
2022-12-01,DTWEXBGS,2022-11-21,124.8448,2022-12-01,2022-12-01
2022-12-01,DTWEXBGS,2022-11-22,124.3777,2022-12-01,2022-12-01
2022-12-01,DTWEXBGS,2022-11-23,123.8988,2022-12-01,2022-12-01
2022-12-01,DTWEXBGS,2022-11-25,123.4863,2022-12-01,2022-12-01
2022-12-01,FEDFUNDS,2022-08-01,2.33,2022-12-01,2022-12-01
2022-12-01,FEDFUNDS,2022-09-01,2.56,2022-12-01,2022-12-01
2022-12-01,FEDFUNDS,2022-10-01,3.08,2022-12-01,2022-12-01
2022-12-01,FEDFUNDS,2022-11-01,3.78,2022-12-01,2022-12-01
2022-12-01,VIXCLS,2022-08-01,22.84,2022-12-01,2022-12-01
2022-12-01,VIXCLS,2022-08-02,23.93,2022-12-01,2022-12-01
2022-12-01,VIXCLS,2022-08-03,21.95,2022-12-01,2022-12-01
2022-12-01,VIXCLS,2022-08-04,21.44,2022-12-01,2022-12-01
2022-12-01,VIXCLS,2022-08-05,21.15,2022-12-01,2022-12-01
2022-12-01,VIXCLS,2022-08-08,21.29,2022-12-01,2022-12-01
2022-12-01,VIXCLS,2022-08-09,21.77,2022-12-01,2022-12-01
2022-12-01,VIXCLS,2022-08-10,19.74,2022-12-01,2022-12-01
2022-12-01,VIXCLS,2022-08-11,20.2,2022-12-01,2022-12-01
2022-12-01,VIXCLS,2022-08-12,19.53,2022-12-01,2022-12-01
2022-12-01,VIXCLS,2022-08-15,19.95,2022-12-01,2022-12-01
2022-12-01,VIXCLS,2022-08-16,19.69,2022-12-01,2022-12-01
2022-12-01,VIXCLS,2022-08-17,19.9,2022-12-01,2022-12-01
2022-12-01,VIXCLS,2022-08-18,19.56,2022-12-01,2022-12-01
2022-12-01,VIXCLS,2022-08-19,20.6,2022-12-01,2022-12-01
2022-12-01,VIXCLS,2022-08-22,23.8,2022-12-01,2022-12-01
2022-12-01,VIXCLS,2022-08-23,24.11,2022-12-01,2022-12-01
2022-12-01,VIXCLS,2022-08-24,22.82,2022-12-01,2022-12-01
2022-12-01,VIXCLS,2022-08-25,21.78,2022-12-01,2022-12-01
2022-12-01,VIXCLS,2022-08-26,25.56,2022-12-01,2022-12-01
2022-12-01,VIXCLS,2022-08-29,26.21,2022-12-01,2022-12-01
2022-12-01,VIXCLS,2022-08-30,26.21,2022-12-01,2022-12-01
2022-12-01,VIXCLS,2022-08-31,25.87,2022-12-01,2022-12-01
2022-12-01,VIXCLS,2022-09-01,25.56,2022-12-01,2022-12-01
2022-12-01,VIXCLS,2022-09-02,25.47,2022-12-01,2022-12-01
2022-12-01,VIXCLS,2022-09-05,25.99,2022-12-01,2022-12-01
2022-12-01,VIXCLS,2022-09-06,26.91,2022-12-01,2022-12-01
2022-12-01,VIXCLS,2022-09-07,24.64,2022-12-01,2022-12-01
2022-12-01,VIXCLS,2022-09-08,23.61,2022-12-01,2022-12-01
2022-12-01,VIXCLS,2022-09-09,22.79,2022-12-01,2022-12-01
2022-12-01,VIXCLS,2022-09-12,23.87,2022-12-01,2022-12-01
2022-12-01,VIXCLS,2022-09-13,27.27,2022-12-01,2022-12-01
2022-12-01,VIXCLS,2022-09-14,26.16,2022-12-01,2022-12-01
2022-12-01,VIXCLS,2022-09-15,26.27,2022-12-01,2022-12-01
2022-12-01,VIXCLS,2022-09-16,26.3,2022-12-01,2022-12-01
2022-12-01,VIXCLS,2022-09-19,25.76,2022-12-01,2022-12-01
2022-12-01,VIXCLS,2022-09-20,27.16,2022-12-01,2022-12-01
2022-12-01,VIXCLS,2022-09-21,27.99,2022-12-01,2022-12-01
2022-12-01,VIXCLS,2022-09-22,27.35,2022-12-01,2022-12-01
2022-12-01,VIXCLS,2022-09-23,29.92,2022-12-01,2022-12-01
2022-12-01,VIXCLS,2022-09-26,32.26,2022-12-01,2022-12-01
2022-12-01,VIXCLS,2022-09-27,32.6,2022-12-01,2022-12-01
2022-12-01,VIXCLS,2022-09-28,30.18,2022-12-01,2022-12-01
2022-12-01,VIXCLS,2022-09-29,31.84,2022-12-01,2022-12-01
2022-12-01,VIXCLS,2022-09-30,31.62,2022-12-01,2022-12-01
2022-12-01,VIXCLS,2022-10-03,30.1,2022-12-01,2022-12-01
2022-12-01,VIXCLS,2022-10-04,29.07,2022-12-01,2022-12-01
2022-12-01,VIXCLS,2022-10-05,28.55,2022-12-01,2022-12-01
2022-12-01,VIXCLS,2022-10-06,30.52,2022-12-01,2022-12-01
2022-12-01,VIXCLS,2022-10-07,31.36,2022-12-01,2022-12-01
2022-12-01,VIXCLS,2022-10-10,32.45,2022-12-01,2022-12-01
2022-12-01,VIXCLS,2022-10-11,33.63,2022-12-01,2022-12-01
2022-12-01,VIXCLS,2022-10-12,33.57,2022-12-01,2022-12-01
2022-12-01,VIXCLS,2022-10-13,31.94,2022-12-01,2022-12-01
2022-12-01,VIXCLS,2022-10-14,32.02,2022-12-01,2022-12-01
2022-12-01,VIXCLS,2022-10-17,31.37,2022-12-01,2022-12-01
2022-12-01,VIXCLS,2022-10-18,30.5,2022-12-01,2022-12-01
2022-12-01,VIXCLS,2022-10-19,30.76,2022-12-01,2022-12-01
2022-12-01,VIXCLS,2022-10-20,29.98,2022-12-01,2022-12-01
2022-12-01,VIXCLS,2022-10-21,29.69,2022-12-01,2022-12-01
2022-12-01,VIXCLS,2022-10-24,29.85,2022-12-01,2022-12-01
2022-12-01,VIXCLS,2022-10-25,28.46,2022-12-01,2022-12-01
2022-12-01,VIXCLS,2022-10-26,27.28,2022-12-01,2022-12-01
2022-12-01,VIXCLS,2022-10-27,27.39,2022-12-01,2022-12-01
2022-12-01,VIXCLS,2022-10-28,25.75,2022-12-01,2022-12-01
2022-12-01,VIXCLS,2022-10-31,25.88,2022-12-01,2022-12-01
2022-12-01,VIXCLS,2022-11-01,25.81,2022-12-01,2022-12-01
2022-12-01,VIXCLS,2022-11-02,25.86,2022-12-01,2022-12-01
2022-12-01,VIXCLS,2022-11-03,25.3,2022-12-01,2022-12-01
2022-12-01,VIXCLS,2022-11-04,24.55,2022-12-01,2022-12-01
2022-12-01,VIXCLS,2022-11-07,24.35,2022-12-01,2022-12-01
2022-12-01,VIXCLS,2022-11-08,25.54,2022-12-01,2022-12-01
2022-12-01,VIXCLS,2022-11-09,26.09,2022-12-01,2022-12-01
2022-12-01,VIXCLS,2022-11-10,23.53,2022-12-01,2022-12-01
2022-12-01,VIXCLS,2022-11-11,22.52,2022-12-01,2022-12-01
2022-12-01,VIXCLS,2022-11-14,23.73,2022-12-01,2022-12-01
2022-12-01,VIXCLS,2022-11-15,24.54,2022-12-01,2022-12-01
2022-12-01,VIXCLS,2022-11-16,24.11,2022-12-01,2022-12-01
2022-12-01,VIXCLS,2022-11-17,23.93,2022-12-01,2022-12-01
2022-12-01,VIXCLS,2022-11-18,23.12,2022-12-01,2022-12-01
2022-12-01,VIXCLS,2022-11-21,22.36,2022-12-01,2022-12-01
2022-12-01,VIXCLS,2022-11-22,21.29,2022-12-01,2022-12-01
2022-12-01,VIXCLS,2022-11-23,20.35,2022-12-01,2022-12-01
2022-12-01,VIXCLS,2022-11-24,20.42,2022-12-01,2022-12-01
2022-12-01,VIXCLS,2022-11-25,20.5,2022-12-01,2022-12-01
2022-12-01,VIXCLS,2022-11-28,22.21,2022-12-01,2022-12-01
2022-12-01,VIXCLS,2022-11-29,21.89,2022-12-01,2022-12-01
2022-12-01,VIXCLS,2022-11-30,20.58,2022-12-01,2022-12-01
2023-01-01,CCUSMA02BRM618N,2022-09-01,5.236357143,2023-01-01,2023-01-01
2023-01-01,CCUSMA02BRM618N,2022-10-01,5.249695,2023-01-01,2023-01-01
2023-01-01,CCUSMA02CLM618N,2022-09-01,924.6438682,2023-01-01,2023-01-01
2023-01-01,CCUSMA02CLM618N,2022-10-01,953.295719,2023-01-01,2023-01-01
2023-01-01,CCUSMA02CLM618N,2022-11-01,915.3527227,2023-01-01,2023-01-01
2023-01-01,CCUSMA02MXM618N,2022-09-01,20.01561273,2023-01-01,2023-01-01
2023-01-01,CCUSMA02MXM618N,2022-10-01,19.95526238,2023-01-01,2023-01-01
2023-01-01,CCUSMA02MXM618N,2022-11-01,19.42906727,2023-01-01,2023-01-01
2023-01-01,DTWEXBGS,2022-09-01,124.5364,2023-01-01,2023-01-01
2023-01-01,DTWEXBGS,2022-09-02,123.9261,2023-01-01,2023-01-01
2023-01-01,DTWEXBGS,2022-09-06,124.9312,2023-01-01,2023-01-01
2023-01-01,DTWEXBGS,2022-09-07,125.0185,2023-01-01,2023-01-01
2023-01-01,DTWEXBGS,2022-09-08,124.756,2023-01-01,2023-01-01
2023-01-01,DTWEXBGS,2022-09-09,123.9551,2023-01-01,2023-01-01
2023-01-01,DTWEXBGS,2022-09-12,123.5084,2023-01-01,2023-01-01
2023-01-01,DTWEXBGS,2022-09-13,124.5838,2023-01-01,2023-01-01
2023-01-01,DTWEXBGS,2022-09-14,124.6123,2023-01-01,2023-01-01
2023-01-01,DTWEXBGS,2022-09-15,125.0439,2023-01-01,2023-01-01
2023-01-01,DTWEXBGS,2022-09-16,125.0338,2023-01-01,2023-01-01
2023-01-01,DTWEXBGS,2022-09-19,125.174,2023-01-01,2023-01-01
2023-01-01,DTWEXBGS,2022-09-20,125.2921,2023-01-01,2023-01-01
2023-01-01,DTWEXBGS,2022-09-21,125.9083,2023-01-01,2023-01-01
2023-01-01,DTWEXBGS,2022-09-22,126.3149,2023-01-01,2023-01-01
2023-01-01,DTWEXBGS,2022-09-23,127.4232,2023-01-01,2023-01-01
2023-01-01,DTWEXBGS,2022-09-26,128.5773,2023-01-01,2023-01-01
2023-01-01,DTWEXBGS,2022-09-27,128.58,2023-01-01,2023-01-01
2023-01-01,DTWEXBGS,2022-09-28,128.2291,2023-01-01,2023-01-01
2023-01-01,DTWEXBGS,2022-09-29,127.6627,2023-01-01,2023-01-01
2023-01-01,DTWEXBGS,2022-09-30,127.6413,2023-01-01,2023-01-01
2023-01-01,DTWEXBGS,2022-10-03,127.2201,2023-01-01,2023-01-01
2023-01-01,DTWEXBGS,2022-10-04,126.339,2023-01-01,2023-01-01
2023-01-01,DTWEXBGS,2022-10-05,127.0138,2023-01-01,2023-01-01
2023-01-01,DTWEXBGS,2022-10-06,127.3968,2023-01-01,2023-01-01
2023-01-01,DTWEXBGS,2022-10-07,127.4628,2023-01-01,2023-01-01
2023-01-01,DTWEXBGS,2022-10-11,127.8368,2023-01-01,2023-01-01
2023-01-01,DTWEXBGS,2022-10-12,128.3203,2023-01-01,2023-01-01
2023-01-01,DTWEXBGS,2022-10-13,127.9007,2023-01-01,2023-01-01
2023-01-01,DTWEXBGS,2022-10-14,128.4973,2023-01-01,2023-01-01
2023-01-01,DTWEXBGS,2022-10-17,127.8162,2023-01-01,2023-01-01
2023-01-01,DTWEXBGS,2022-10-18,128.0829,2023-01-01,2023-01-01
2023-01-01,DTWEXBGS,2022-10-19,128.5655,2023-01-01,2023-01-01
2023-01-01,DTWEXBGS,2022-10-20,128.1747,2023-01-01,2023-01-01
2023-01-01,DTWEXBGS,2022-10-21,127.8337,2023-01-01,2023-01-01
2023-01-01,DTWEXBGS,2022-10-24,128.1976,2023-01-01,2023-01-01
2023-01-01,DTWEXBGS,2022-10-25,127.5509,2023-01-01,2023-01-01
2023-01-01,DTWEXBGS,2022-10-26,126.6202,2023-01-01,2023-01-01
2023-01-01,DTWEXBGS,2022-10-27,126.8694,2023-01-01,2023-01-01
2023-01-01,DTWEXBGS,2022-10-28,127.3892,2023-01-01,2023-01-01
2023-01-01,DTWEXBGS,2022-10-31,127.8126,2023-01-01,2023-01-01
2023-01-01,DTWEXBGS,2022-11-01,127.5861,2023-01-01,2023-01-01
2023-01-01,DTWEXBGS,2022-11-02,127.4997,2023-01-01,2023-01-01
2023-01-01,DTWEXBGS,2022-11-03,128.3657,2023-01-01,2023-01-01
2023-01-01,DTWEXBGS,2022-11-04,127.3506,2023-01-01,2023-01-01
2023-01-01,DTWEXBGS,2022-11-07,126.4947,2023-01-01,2023-01-01
2023-01-01,DTWEXBGS,2022-11-08,125.836,2023-01-01,2023-01-01
2023-01-01,DTWEXBGS,2022-11-09,126.191,2023-01-01,2023-01-01
2023-01-01,DTWEXBGS,2022-11-10,124.8818,2023-01-01,2023-01-01
2023-01-01,DTWEXBGS,2022-11-14,123.5788,2023-01-01,2023-01-01
2023-01-01,DTWEXBGS,2022-11-15,123.1759,2023-01-01,2023-01-01
2023-01-01,DTWEXBGS,2022-11-16,123.4178,2023-01-01,2023-01-01
2023-01-01,DTWEXBGS,2022-11-17,124.1229,2023-01-01,2023-01-01
2023-01-01,DTWEXBGS,2022-11-18,123.9828,2023-01-01,2023-01-01
2023-01-01,DTWEXBGS,2022-11-21,124.8448,2023-01-01,2023-01-01
2023-01-01,DTWEXBGS,2022-11-22,124.3777,2023-01-01,2023-01-01
2023-01-01,DTWEXBGS,2022-11-23,123.8988,2023-01-01,2023-01-01
2023-01-01,DTWEXBGS,2022-11-25,123.4863,2023-01-01,2023-01-01
2023-01-01,DTWEXBGS,2022-11-28,123.7593,2023-01-01,2023-01-01
2023-01-01,DTWEXBGS,2022-11-29,123.8068,2023-01-01,2023-01-01
2023-01-01,DTWEXBGS,2022-11-30,123.6502,2023-01-01,2023-01-01
2023-01-01,DTWEXBGS,2022-12-01,122.1324,2023-01-01,2023-01-01
2023-01-01,DTWEXBGS,2022-12-02,122.1251,2023-01-01,2023-01-01
2023-01-01,DTWEXBGS,2022-12-05,122.727,2023-01-01,2023-01-01
2023-01-01,DTWEXBGS,2022-12-06,123.1031,2023-01-01,2023-01-01
2023-01-01,DTWEXBGS,2022-12-07,122.8464,2023-01-01,2023-01-01
2023-01-01,DTWEXBGS,2022-12-08,122.5098,2023-01-01,2023-01-01
2023-01-01,DTWEXBGS,2022-12-09,122.5047,2023-01-01,2023-01-01
2023-01-01,DTWEXBGS,2022-12-12,122.8596,2023-01-01,2023-01-01
2023-01-01,DTWEXBGS,2022-12-13,121.9363,2023-01-01,2023-01-01
2023-01-01,DTWEXBGS,2022-12-14,121.9111,2023-01-01,2023-01-01
2023-01-01,DTWEXBGS,2022-12-15,122.6533,2023-01-01,2023-01-01
2023-01-01,DTWEXBGS,2022-12-16,122.7419,2023-01-01,2023-01-01
2023-01-01,DTWEXBGS,2022-12-19,122.6367,2023-01-01,2023-01-01
2023-01-01,DTWEXBGS,2022-12-20,122.2122,2023-01-01,2023-01-01
2023-01-01,DTWEXBGS,2022-12-21,122.3811,2023-01-01,2023-01-01
2023-01-01,DTWEXBGS,2022-12-22,122.3367,2023-01-01,2023-01-01
2023-01-01,DTWEXBGS,2022-12-23,122.0889,2023-01-01,2023-01-01
2023-01-01,FEDFUNDS,2022-09-01,2.56,2023-01-01,2023-01-01
2023-01-01,FEDFUNDS,2022-10-01,3.08,2023-01-01,2023-01-01
2023-01-01,FEDFUNDS,2022-11-01,3.78,2023-01-01,2023-01-01
2023-01-01,VIXCLS,2022-09-01,25.56,2023-01-01,2023-01-01
2023-01-01,VIXCLS,2022-09-02,25.47,2023-01-01,2023-01-01
2023-01-01,VIXCLS,2022-09-05,25.99,2023-01-01,2023-01-01
2023-01-01,VIXCLS,2022-09-06,26.91,2023-01-01,2023-01-01
2023-01-01,VIXCLS,2022-09-07,24.64,2023-01-01,2023-01-01
2023-01-01,VIXCLS,2022-09-08,23.61,2023-01-01,2023-01-01
2023-01-01,VIXCLS,2022-09-09,22.79,2023-01-01,2023-01-01
2023-01-01,VIXCLS,2022-09-12,23.87,2023-01-01,2023-01-01
2023-01-01,VIXCLS,2022-09-13,27.27,2023-01-01,2023-01-01
2023-01-01,VIXCLS,2022-09-14,26.16,2023-01-01,2023-01-01
2023-01-01,VIXCLS,2022-09-15,26.27,2023-01-01,2023-01-01
2023-01-01,VIXCLS,2022-09-16,26.3,2023-01-01,2023-01-01
2023-01-01,VIXCLS,2022-09-19,25.76,2023-01-01,2023-01-01
2023-01-01,VIXCLS,2022-09-20,27.16,2023-01-01,2023-01-01
2023-01-01,VIXCLS,2022-09-21,27.99,2023-01-01,2023-01-01
2023-01-01,VIXCLS,2022-09-22,27.35,2023-01-01,2023-01-01
2023-01-01,VIXCLS,2022-09-23,29.92,2023-01-01,2023-01-01
2023-01-01,VIXCLS,2022-09-26,32.26,2023-01-01,2023-01-01
2023-01-01,VIXCLS,2022-09-27,32.6,2023-01-01,2023-01-01
2023-01-01,VIXCLS,2022-09-28,30.18,2023-01-01,2023-01-01
2023-01-01,VIXCLS,2022-09-29,31.84,2023-01-01,2023-01-01
2023-01-01,VIXCLS,2022-09-30,31.62,2023-01-01,2023-01-01
2023-01-01,VIXCLS,2022-10-03,30.1,2023-01-01,2023-01-01
2023-01-01,VIXCLS,2022-10-04,29.07,2023-01-01,2023-01-01
2023-01-01,VIXCLS,2022-10-05,28.55,2023-01-01,2023-01-01
2023-01-01,VIXCLS,2022-10-06,30.52,2023-01-01,2023-01-01
2023-01-01,VIXCLS,2022-10-07,31.36,2023-01-01,2023-01-01
2023-01-01,VIXCLS,2022-10-10,32.45,2023-01-01,2023-01-01
2023-01-01,VIXCLS,2022-10-11,33.63,2023-01-01,2023-01-01
2023-01-01,VIXCLS,2022-10-12,33.57,2023-01-01,2023-01-01
2023-01-01,VIXCLS,2022-10-13,31.94,2023-01-01,2023-01-01
2023-01-01,VIXCLS,2022-10-14,32.02,2023-01-01,2023-01-01
2023-01-01,VIXCLS,2022-10-17,31.37,2023-01-01,2023-01-01
2023-01-01,VIXCLS,2022-10-18,30.5,2023-01-01,2023-01-01
2023-01-01,VIXCLS,2022-10-19,30.76,2023-01-01,2023-01-01
2023-01-01,VIXCLS,2022-10-20,29.98,2023-01-01,2023-01-01
2023-01-01,VIXCLS,2022-10-21,29.69,2023-01-01,2023-01-01
2023-01-01,VIXCLS,2022-10-24,29.85,2023-01-01,2023-01-01
2023-01-01,VIXCLS,2022-10-25,28.46,2023-01-01,2023-01-01
2023-01-01,VIXCLS,2022-10-26,27.28,2023-01-01,2023-01-01
2023-01-01,VIXCLS,2022-10-27,27.39,2023-01-01,2023-01-01
2023-01-01,VIXCLS,2022-10-28,25.75,2023-01-01,2023-01-01
2023-01-01,VIXCLS,2022-10-31,25.88,2023-01-01,2023-01-01
2023-01-01,VIXCLS,2022-11-01,25.81,2023-01-01,2023-01-01
2023-01-01,VIXCLS,2022-11-02,25.86,2023-01-01,2023-01-01
2023-01-01,VIXCLS,2022-11-03,25.3,2023-01-01,2023-01-01
2023-01-01,VIXCLS,2022-11-04,24.55,2023-01-01,2023-01-01
2023-01-01,VIXCLS,2022-11-07,24.35,2023-01-01,2023-01-01
2023-01-01,VIXCLS,2022-11-08,25.54,2023-01-01,2023-01-01
2023-01-01,VIXCLS,2022-11-09,26.09,2023-01-01,2023-01-01
2023-01-01,VIXCLS,2022-11-10,23.53,2023-01-01,2023-01-01
2023-01-01,VIXCLS,2022-11-11,22.52,2023-01-01,2023-01-01
2023-01-01,VIXCLS,2022-11-14,23.73,2023-01-01,2023-01-01
2023-01-01,VIXCLS,2022-11-15,24.54,2023-01-01,2023-01-01
2023-01-01,VIXCLS,2022-11-16,24.11,2023-01-01,2023-01-01
2023-01-01,VIXCLS,2022-11-17,23.93,2023-01-01,2023-01-01
2023-01-01,VIXCLS,2022-11-18,23.12,2023-01-01,2023-01-01
2023-01-01,VIXCLS,2022-11-21,22.36,2023-01-01,2023-01-01
2023-01-01,VIXCLS,2022-11-22,21.29,2023-01-01,2023-01-01
2023-01-01,VIXCLS,2022-11-23,20.35,2023-01-01,2023-01-01
2023-01-01,VIXCLS,2022-11-24,20.42,2023-01-01,2023-01-01
2023-01-01,VIXCLS,2022-11-25,20.5,2023-01-01,2023-01-01
2023-01-01,VIXCLS,2022-11-28,22.21,2023-01-01,2023-01-01
2023-01-01,VIXCLS,2022-11-29,21.89,2023-01-01,2023-01-01
2023-01-01,VIXCLS,2022-11-30,20.58,2023-01-01,2023-01-01
2023-01-01,VIXCLS,2022-12-01,19.84,2023-01-01,2023-01-01
2023-01-01,VIXCLS,2022-12-02,19.06,2023-01-01,2023-01-01
2023-01-01,VIXCLS,2022-12-05,20.75,2023-01-01,2023-01-01
2023-01-01,VIXCLS,2022-12-06,22.17,2023-01-01,2023-01-01
2023-01-01,VIXCLS,2022-12-07,22.68,2023-01-01,2023-01-01
2023-01-01,VIXCLS,2022-12-08,22.29,2023-01-01,2023-01-01
2023-01-01,VIXCLS,2022-12-09,22.83,2023-01-01,2023-01-01
2023-01-01,VIXCLS,2022-12-12,25,2023-01-01,2023-01-01
2023-01-01,VIXCLS,2022-12-13,22.55,2023-01-01,2023-01-01
2023-01-01,VIXCLS,2022-12-14,21.14,2023-01-01,2023-01-01
2023-01-01,VIXCLS,2022-12-15,22.83,2023-01-01,2023-01-01
2023-01-01,VIXCLS,2022-12-16,22.62,2023-01-01,2023-01-01
2023-01-01,VIXCLS,2022-12-19,22.42,2023-01-01,2023-01-01
2023-01-01,VIXCLS,2022-12-20,21.48,2023-01-01,2023-01-01
2023-01-01,VIXCLS,2022-12-21,20.07,2023-01-01,2023-01-01
2023-01-01,VIXCLS,2022-12-22,21.97,2023-01-01,2023-01-01
2023-01-01,VIXCLS,2022-12-23,20.87,2023-01-01,2023-01-01
2023-01-01,VIXCLS,2022-12-27,21.65,2023-01-01,2023-01-01
2023-01-01,VIXCLS,2022-12-28,22.14,2023-01-01,2023-01-01
2023-01-01,VIXCLS,2022-12-29,21.44,2023-01-01,2023-01-01
2023-01-01,VIXCLS,2022-12-30,21.67,2023-01-01,2023-01-01
2023-02-01,CCUSMA02BRM618N,2022-10-01,5.249695,2023-02-01,2023-02-01
2023-02-01,CCUSMA02BRM618N,2022-11-01,5.274055,2023-02-01,2023-02-01
2023-02-01,CCUSMA02CLM618N,2022-10-01,953.295719,2023-02-01,2023-02-01
2023-02-01,CCUSMA02CLM618N,2022-11-01,915.3527227,2023-02-01,2023-02-01
2023-02-01,CCUSMA02CLM618N,2022-12-01,872.4404636,2023-02-01,2023-02-01
2023-02-01,CCUSMA02MXM618N,2022-10-01,19.95526238,2023-02-01,2023-02-01
2023-02-01,CCUSMA02MXM618N,2022-11-01,19.42906727,2023-02-01,2023-02-01
2023-02-01,CCUSMA02MXM618N,2022-12-01,19.54254636,2023-02-01,2023-02-01
2023-02-01,DTWEXBGS,2022-10-03,127.2201,2023-02-01,2023-02-01
2023-02-01,DTWEXBGS,2022-10-04,126.339,2023-02-01,2023-02-01
2023-02-01,DTWEXBGS,2022-10-05,127.0138,2023-02-01,2023-02-01
2023-02-01,DTWEXBGS,2022-10-06,127.3968,2023-02-01,2023-02-01
2023-02-01,DTWEXBGS,2022-10-07,127.4628,2023-02-01,2023-02-01
2023-02-01,DTWEXBGS,2022-10-11,127.8368,2023-02-01,2023-02-01
2023-02-01,DTWEXBGS,2022-10-12,128.3203,2023-02-01,2023-02-01
2023-02-01,DTWEXBGS,2022-10-13,127.9007,2023-02-01,2023-02-01
2023-02-01,DTWEXBGS,2022-10-14,128.4973,2023-02-01,2023-02-01
2023-02-01,DTWEXBGS,2022-10-17,127.8162,2023-02-01,2023-02-01
2023-02-01,DTWEXBGS,2022-10-18,128.0829,2023-02-01,2023-02-01
2023-02-01,DTWEXBGS,2022-10-19,128.5655,2023-02-01,2023-02-01
2023-02-01,DTWEXBGS,2022-10-20,128.1747,2023-02-01,2023-02-01
2023-02-01,DTWEXBGS,2022-10-21,127.8337,2023-02-01,2023-02-01
2023-02-01,DTWEXBGS,2022-10-24,128.1976,2023-02-01,2023-02-01
2023-02-01,DTWEXBGS,2022-10-25,127.5509,2023-02-01,2023-02-01
2023-02-01,DTWEXBGS,2022-10-26,126.6202,2023-02-01,2023-02-01
2023-02-01,DTWEXBGS,2022-10-27,126.8694,2023-02-01,2023-02-01
2023-02-01,DTWEXBGS,2022-10-28,127.3892,2023-02-01,2023-02-01
2023-02-01,DTWEXBGS,2022-10-31,127.8126,2023-02-01,2023-02-01
2023-02-01,DTWEXBGS,2022-11-01,127.5861,2023-02-01,2023-02-01
2023-02-01,DTWEXBGS,2022-11-02,127.4997,2023-02-01,2023-02-01
2023-02-01,DTWEXBGS,2022-11-03,128.3657,2023-02-01,2023-02-01
2023-02-01,DTWEXBGS,2022-11-04,127.3506,2023-02-01,2023-02-01
2023-02-01,DTWEXBGS,2022-11-07,126.4947,2023-02-01,2023-02-01
2023-02-01,DTWEXBGS,2022-11-08,125.836,2023-02-01,2023-02-01
2023-02-01,DTWEXBGS,2022-11-09,126.191,2023-02-01,2023-02-01
2023-02-01,DTWEXBGS,2022-11-10,124.8818,2023-02-01,2023-02-01
2023-02-01,DTWEXBGS,2022-11-14,123.5788,2023-02-01,2023-02-01
2023-02-01,DTWEXBGS,2022-11-15,123.1759,2023-02-01,2023-02-01
2023-02-01,DTWEXBGS,2022-11-16,123.4178,2023-02-01,2023-02-01
2023-02-01,DTWEXBGS,2022-11-17,124.1229,2023-02-01,2023-02-01
2023-02-01,DTWEXBGS,2022-11-18,123.9828,2023-02-01,2023-02-01
2023-02-01,DTWEXBGS,2022-11-21,124.8448,2023-02-01,2023-02-01
2023-02-01,DTWEXBGS,2022-11-22,124.3777,2023-02-01,2023-02-01
2023-02-01,DTWEXBGS,2022-11-23,123.8988,2023-02-01,2023-02-01
2023-02-01,DTWEXBGS,2022-11-25,123.4863,2023-02-01,2023-02-01
2023-02-01,DTWEXBGS,2022-11-28,123.7593,2023-02-01,2023-02-01
2023-02-01,DTWEXBGS,2022-11-29,123.8068,2023-02-01,2023-02-01
2023-02-01,DTWEXBGS,2022-11-30,123.6502,2023-02-01,2023-02-01
2023-02-01,DTWEXBGS,2022-12-01,122.1324,2023-02-01,2023-02-01
2023-02-01,DTWEXBGS,2022-12-02,122.1251,2023-02-01,2023-02-01
2023-02-01,DTWEXBGS,2022-12-05,122.727,2023-02-01,2023-02-01
2023-02-01,DTWEXBGS,2022-12-06,123.1031,2023-02-01,2023-02-01
2023-02-01,DTWEXBGS,2022-12-07,122.8464,2023-02-01,2023-02-01
2023-02-01,DTWEXBGS,2022-12-08,122.5098,2023-02-01,2023-02-01
2023-02-01,DTWEXBGS,2022-12-09,122.5047,2023-02-01,2023-02-01
2023-02-01,DTWEXBGS,2022-12-12,122.8596,2023-02-01,2023-02-01
2023-02-01,DTWEXBGS,2022-12-13,121.9363,2023-02-01,2023-02-01
2023-02-01,DTWEXBGS,2022-12-14,121.9111,2023-02-01,2023-02-01
2023-02-01,DTWEXBGS,2022-12-15,122.6533,2023-02-01,2023-02-01
2023-02-01,DTWEXBGS,2022-12-16,122.7419,2023-02-01,2023-02-01
2023-02-01,DTWEXBGS,2022-12-19,122.6367,2023-02-01,2023-02-01
2023-02-01,DTWEXBGS,2022-12-20,122.2122,2023-02-01,2023-02-01
2023-02-01,DTWEXBGS,2022-12-21,122.3811,2023-02-01,2023-02-01
2023-02-01,DTWEXBGS,2022-12-22,122.3367,2023-02-01,2023-02-01
2023-02-01,DTWEXBGS,2022-12-23,122.0889,2023-02-01,2023-02-01
2023-02-01,DTWEXBGS,2022-12-27,121.8653,2023-02-01,2023-02-01
2023-02-01,DTWEXBGS,2022-12-28,122.1301,2023-02-01,2023-02-01
2023-02-01,DTWEXBGS,2022-12-29,121.7775,2023-02-01,2023-02-01
2023-02-01,DTWEXBGS,2022-12-30,121.5147,2023-02-01,2023-02-01
2023-02-01,DTWEXBGS,2023-01-03,122.1578,2023-02-01,2023-02-01
2023-02-01,DTWEXBGS,2023-01-04,121.5901,2023-02-01,2023-02-01
2023-02-01,DTWEXBGS,2023-01-05,122.1643,2023-02-01,2023-02-01
2023-02-01,DTWEXBGS,2023-01-06,121.1711,2023-02-01,2023-02-01
2023-02-01,DTWEXBGS,2023-01-09,120.2094,2023-02-01,2023-02-01
2023-02-01,DTWEXBGS,2023-01-10,120.323,2023-02-01,2023-02-01
2023-02-01,DTWEXBGS,2023-01-11,120.2437,2023-02-01,2023-02-01
2023-02-01,DTWEXBGS,2023-01-12,119.5014,2023-02-01,2023-02-01
2023-02-01,DTWEXBGS,2023-01-13,119.2232,2023-02-01,2023-02-01
2023-02-01,DTWEXBGS,2023-01-17,119.3143,2023-02-01,2023-02-01
2023-02-01,DTWEXBGS,2023-01-18,119.1686,2023-02-01,2023-02-01
2023-02-01,DTWEXBGS,2023-01-19,119.677,2023-02-01,2023-02-01
2023-02-01,DTWEXBGS,2023-01-20,119.4619,2023-02-01,2023-02-01
2023-02-01,DTWEXBGS,2023-01-23,119.2856,2023-02-01,2023-02-01
2023-02-01,DTWEXBGS,2023-01-24,119.237,2023-02-01,2023-02-01
2023-02-01,DTWEXBGS,2023-01-25,119.1106,2023-02-01,2023-02-01
2023-02-01,DTWEXBGS,2023-01-26,119.1674,2023-02-01,2023-02-01
2023-02-01,DTWEXBGS,2023-01-27,119.0724,2023-02-01,2023-02-01
2023-02-01,FEDFUNDS,2022-10-01,3.08,2023-02-01,2023-02-01
2023-02-01,FEDFUNDS,2022-11-01,3.78,2023-02-01,2023-02-01
2023-02-01,FEDFUNDS,2022-12-01,4.1,2023-02-01,2023-02-01
2023-02-01,FEDFUNDS,2023-01-01,4.33,2023-02-01,2023-02-01
2023-02-01,VIXCLS,2022-10-03,30.1,2023-02-01,2023-02-01
2023-02-01,VIXCLS,2022-10-04,29.07,2023-02-01,2023-02-01
2023-02-01,VIXCLS,2022-10-05,28.55,2023-02-01,2023-02-01
2023-02-01,VIXCLS,2022-10-06,30.52,2023-02-01,2023-02-01
2023-02-01,VIXCLS,2022-10-07,31.36,2023-02-01,2023-02-01
2023-02-01,VIXCLS,2022-10-10,32.45,2023-02-01,2023-02-01
2023-02-01,VIXCLS,2022-10-11,33.63,2023-02-01,2023-02-01
2023-02-01,VIXCLS,2022-10-12,33.57,2023-02-01,2023-02-01
2023-02-01,VIXCLS,2022-10-13,31.94,2023-02-01,2023-02-01
2023-02-01,VIXCLS,2022-10-14,32.02,2023-02-01,2023-02-01
2023-02-01,VIXCLS,2022-10-17,31.37,2023-02-01,2023-02-01
2023-02-01,VIXCLS,2022-10-18,30.5,2023-02-01,2023-02-01
2023-02-01,VIXCLS,2022-10-19,30.76,2023-02-01,2023-02-01
2023-02-01,VIXCLS,2022-10-20,29.98,2023-02-01,2023-02-01
2023-02-01,VIXCLS,2022-10-21,29.69,2023-02-01,2023-02-01
2023-02-01,VIXCLS,2022-10-24,29.85,2023-02-01,2023-02-01
2023-02-01,VIXCLS,2022-10-25,28.46,2023-02-01,2023-02-01
2023-02-01,VIXCLS,2022-10-26,27.28,2023-02-01,2023-02-01
2023-02-01,VIXCLS,2022-10-27,27.39,2023-02-01,2023-02-01
2023-02-01,VIXCLS,2022-10-28,25.75,2023-02-01,2023-02-01
2023-02-01,VIXCLS,2022-10-31,25.88,2023-02-01,2023-02-01
2023-02-01,VIXCLS,2022-11-01,25.81,2023-02-01,2023-02-01
2023-02-01,VIXCLS,2022-11-02,25.86,2023-02-01,2023-02-01
2023-02-01,VIXCLS,2022-11-03,25.3,2023-02-01,2023-02-01
2023-02-01,VIXCLS,2022-11-04,24.55,2023-02-01,2023-02-01
2023-02-01,VIXCLS,2022-11-07,24.35,2023-02-01,2023-02-01
2023-02-01,VIXCLS,2022-11-08,25.54,2023-02-01,2023-02-01
2023-02-01,VIXCLS,2022-11-09,26.09,2023-02-01,2023-02-01
2023-02-01,VIXCLS,2022-11-10,23.53,2023-02-01,2023-02-01
2023-02-01,VIXCLS,2022-11-11,22.52,2023-02-01,2023-02-01
2023-02-01,VIXCLS,2022-11-14,23.73,2023-02-01,2023-02-01
2023-02-01,VIXCLS,2022-11-15,24.54,2023-02-01,2023-02-01
2023-02-01,VIXCLS,2022-11-16,24.11,2023-02-01,2023-02-01
2023-02-01,VIXCLS,2022-11-17,23.93,2023-02-01,2023-02-01
2023-02-01,VIXCLS,2022-11-18,23.12,2023-02-01,2023-02-01
2023-02-01,VIXCLS,2022-11-21,22.36,2023-02-01,2023-02-01
2023-02-01,VIXCLS,2022-11-22,21.29,2023-02-01,2023-02-01
2023-02-01,VIXCLS,2022-11-23,20.35,2023-02-01,2023-02-01
2023-02-01,VIXCLS,2022-11-24,20.42,2023-02-01,2023-02-01
2023-02-01,VIXCLS,2022-11-25,20.5,2023-02-01,2023-02-01
2023-02-01,VIXCLS,2022-11-28,22.21,2023-02-01,2023-02-01
2023-02-01,VIXCLS,2022-11-29,21.89,2023-02-01,2023-02-01
2023-02-01,VIXCLS,2022-11-30,20.58,2023-02-01,2023-02-01
2023-02-01,VIXCLS,2022-12-01,19.84,2023-02-01,2023-02-01
2023-02-01,VIXCLS,2022-12-02,19.06,2023-02-01,2023-02-01
2023-02-01,VIXCLS,2022-12-05,20.75,2023-02-01,2023-02-01
2023-02-01,VIXCLS,2022-12-06,22.17,2023-02-01,2023-02-01
2023-02-01,VIXCLS,2022-12-07,22.68,2023-02-01,2023-02-01
2023-02-01,VIXCLS,2022-12-08,22.29,2023-02-01,2023-02-01
2023-02-01,VIXCLS,2022-12-09,22.83,2023-02-01,2023-02-01
2023-02-01,VIXCLS,2022-12-12,25,2023-02-01,2023-02-01
2023-02-01,VIXCLS,2022-12-13,22.55,2023-02-01,2023-02-01
2023-02-01,VIXCLS,2022-12-14,21.14,2023-02-01,2023-02-01
2023-02-01,VIXCLS,2022-12-15,22.83,2023-02-01,2023-02-01
2023-02-01,VIXCLS,2022-12-16,22.62,2023-02-01,2023-02-01
2023-02-01,VIXCLS,2022-12-19,22.42,2023-02-01,2023-02-01
2023-02-01,VIXCLS,2022-12-20,21.48,2023-02-01,2023-02-01
2023-02-01,VIXCLS,2022-12-21,20.07,2023-02-01,2023-02-01
2023-02-01,VIXCLS,2022-12-22,21.97,2023-02-01,2023-02-01
2023-02-01,VIXCLS,2022-12-23,20.87,2023-02-01,2023-02-01
2023-02-01,VIXCLS,2022-12-27,21.65,2023-02-01,2023-02-01
2023-02-01,VIXCLS,2022-12-28,22.14,2023-02-01,2023-02-01
2023-02-01,VIXCLS,2022-12-29,21.44,2023-02-01,2023-02-01
2023-02-01,VIXCLS,2022-12-30,21.67,2023-02-01,2023-02-01
2023-02-01,VIXCLS,2023-01-03,22.9,2023-02-01,2023-02-01
2023-02-01,VIXCLS,2023-01-04,22.01,2023-02-01,2023-02-01
2023-02-01,VIXCLS,2023-01-05,22.46,2023-02-01,2023-02-01
2023-02-01,VIXCLS,2023-01-06,21.13,2023-02-01,2023-02-01
2023-02-01,VIXCLS,2023-01-09,21.97,2023-02-01,2023-02-01
2023-02-01,VIXCLS,2023-01-10,20.58,2023-02-01,2023-02-01
2023-02-01,VIXCLS,2023-01-11,21.09,2023-02-01,2023-02-01
2023-02-01,VIXCLS,2023-01-12,18.83,2023-02-01,2023-02-01
2023-02-01,VIXCLS,2023-01-13,18.35,2023-02-01,2023-02-01
2023-02-01,VIXCLS,2023-01-16,19.49,2023-02-01,2023-02-01
2023-02-01,VIXCLS,2023-01-17,19.36,2023-02-01,2023-02-01
2023-02-01,VIXCLS,2023-01-18,20.34,2023-02-01,2023-02-01
2023-02-01,VIXCLS,2023-01-19,20.52,2023-02-01,2023-02-01
2023-02-01,VIXCLS,2023-01-20,19.85,2023-02-01,2023-02-01
2023-02-01,VIXCLS,2023-01-23,19.81,2023-02-01,2023-02-01
2023-02-01,VIXCLS,2023-01-24,19.2,2023-02-01,2023-02-01
2023-02-01,VIXCLS,2023-01-25,19.08,2023-02-01,2023-02-01
2023-02-01,VIXCLS,2023-01-26,18.73,2023-02-01,2023-02-01
2023-02-01,VIXCLS,2023-01-27,18.51,2023-02-01,2023-02-01
2023-02-01,VIXCLS,2023-01-30,19.94,2023-02-01,2023-02-01
2023-02-01,VIXCLS,2023-01-31,19.4,2023-02-01,2023-02-01
2023-03-01,CCUSMA02BRM618N,2022-11-01,5.274055,2023-03-01,2023-03-01
2023-03-01,CCUSMA02BRM618N,2022-12-01,5.241831818,2023-03-01,2023-03-01
2023-03-01,CCUSMA02CLM618N,2022-11-01,915.3527227,2023-03-01,2023-03-01
2023-03-01,CCUSMA02CLM618N,2022-12-01,872.4404636,2023-03-01,2023-03-01
2023-03-01,CCUSMA02MXM618N,2022-11-01,19.42906727,2023-03-01,2023-03-01
2023-03-01,CCUSMA02MXM618N,2022-12-01,19.54254636,2023-03-01,2023-03-01
2023-03-01,DTWEXBGS,2022-11-01,127.348,2023-03-01,2023-03-01
2023-03-01,DTWEXBGS,2022-11-02,127.2652,2023-03-01,2023-03-01
2023-03-01,DTWEXBGS,2022-11-03,128.1087,2023-03-01,2023-03-01
2023-03-01,DTWEXBGS,2022-11-04,127.1053,2023-03-01,2023-03-01
2023-03-01,DTWEXBGS,2022-11-07,126.2613,2023-03-01,2023-03-01
2023-03-01,DTWEXBGS,2022-11-08,125.6077,2023-03-01,2023-03-01
2023-03-01,DTWEXBGS,2022-11-09,125.9479,2023-03-01,2023-03-01
2023-03-01,DTWEXBGS,2022-11-10,124.6714,2023-03-01,2023-03-01
2023-03-01,DTWEXBGS,2022-11-14,123.3884,2023-03-01,2023-03-01
2023-03-01,DTWEXBGS,2022-11-15,122.9951,2023-03-01,2023-03-01
2023-03-01,DTWEXBGS,2022-11-16,123.243,2023-03-01,2023-03-01
2023-03-01,DTWEXBGS,2022-11-17,123.946,2023-03-01,2023-03-01
2023-03-01,DTWEXBGS,2022-11-18,123.8169,2023-03-01,2023-03-01
2023-03-01,DTWEXBGS,2022-11-21,124.6611,2023-03-01,2023-03-01
2023-03-01,DTWEXBGS,2022-11-22,124.1986,2023-03-01,2023-03-01
2023-03-01,DTWEXBGS,2022-11-23,123.734,2023-03-01,2023-03-01
2023-03-01,DTWEXBGS,2022-11-25,123.3171,2023-03-01,2023-03-01
2023-03-01,DTWEXBGS,2022-11-28,123.5866,2023-03-01,2023-03-01
2023-03-01,DTWEXBGS,2022-11-29,123.6284,2023-03-01,2023-03-01
2023-03-01,DTWEXBGS,2022-11-30,123.467,2023-03-01,2023-03-01
2023-03-01,DTWEXBGS,2022-12-01,121.9697,2023-03-01,2023-03-01
2023-03-01,DTWEXBGS,2022-12-02,121.9745,2023-03-01,2023-03-01
2023-03-01,DTWEXBGS,2022-12-05,122.5802,2023-03-01,2023-03-01
2023-03-01,DTWEXBGS,2022-12-06,122.9649,2023-03-01,2023-03-01
2023-03-01,DTWEXBGS,2022-12-07,122.7015,2023-03-01,2023-03-01
2023-03-01,DTWEXBGS,2022-12-08,122.3684,2023-03-01,2023-03-01
2023-03-01,DTWEXBGS,2022-12-09,122.3712,2023-03-01,2023-03-01
2023-03-01,DTWEXBGS,2022-12-12,122.7245,2023-03-01,2023-03-01
2023-03-01,DTWEXBGS,2022-12-13,121.8116,2023-03-01,2023-03-01
2023-03-01,DTWEXBGS,2022-12-14,121.7922,2023-03-01,2023-03-01
2023-03-01,DTWEXBGS,2022-12-15,122.5201,2023-03-01,2023-03-01
2023-03-01,DTWEXBGS,2022-12-16,122.6127,2023-03-01,2023-03-01
2023-03-01,DTWEXBGS,2022-12-19,122.5102,2023-03-01,2023-03-01
2023-03-01,DTWEXBGS,2022-12-20,122.1117,2023-03-01,2023-03-01
2023-03-01,DTWEXBGS,2022-12-21,122.2665,2023-03-01,2023-03-01
2023-03-01,DTWEXBGS,2022-12-22,122.2105,2023-03-01,2023-03-01
2023-03-01,DTWEXBGS,2022-12-23,121.9579,2023-03-01,2023-03-01
2023-03-01,DTWEXBGS,2022-12-27,121.7378,2023-03-01,2023-03-01
2023-03-01,DTWEXBGS,2022-12-28,121.9983,2023-03-01,2023-03-01
2023-03-01,DTWEXBGS,2022-12-29,121.6556,2023-03-01,2023-03-01
2023-03-01,DTWEXBGS,2022-12-30,121.4047,2023-03-01,2023-03-01
2023-03-01,DTWEXBGS,2023-01-03,122.041,2023-03-01,2023-03-01
2023-03-01,DTWEXBGS,2023-01-04,121.4767,2023-03-01,2023-03-01
2023-03-01,DTWEXBGS,2023-01-05,122.0316,2023-03-01,2023-03-01
2023-03-01,DTWEXBGS,2023-01-06,121.044,2023-03-01,2023-03-01
2023-03-01,DTWEXBGS,2023-01-09,120.0928,2023-03-01,2023-03-01
2023-03-01,DTWEXBGS,2023-01-10,120.1881,2023-03-01,2023-03-01
2023-03-01,DTWEXBGS,2023-01-11,120.0968,2023-03-01,2023-03-01
2023-03-01,DTWEXBGS,2023-01-12,119.3624,2023-03-01,2023-03-01
2023-03-01,DTWEXBGS,2023-01-13,119.0901,2023-03-01,2023-03-01
2023-03-01,DTWEXBGS,2023-01-17,119.1802,2023-03-01,2023-03-01
2023-03-01,DTWEXBGS,2023-01-18,119.0426,2023-03-01,2023-03-01
2023-03-01,DTWEXBGS,2023-01-19,119.5592,2023-03-01,2023-03-01
2023-03-01,DTWEXBGS,2023-01-20,119.3251,2023-03-01,2023-03-01
2023-03-01,DTWEXBGS,2023-01-23,119.1417,2023-03-01,2023-03-01
2023-03-01,DTWEXBGS,2023-01-24,119.0923,2023-03-01,2023-03-01
2023-03-01,DTWEXBGS,2023-01-25,118.9715,2023-03-01,2023-03-01
2023-03-01,DTWEXBGS,2023-01-26,119.0236,2023-03-01,2023-03-01
2023-03-01,DTWEXBGS,2023-01-27,118.9295,2023-03-01,2023-03-01
2023-03-01,DTWEXBGS,2023-01-30,118.8786,2023-03-01,2023-03-01
2023-03-01,DTWEXBGS,2023-01-31,118.9619,2023-03-01,2023-03-01
2023-03-01,DTWEXBGS,2023-02-01,118.6101,2023-03-01,2023-03-01
2023-03-01,DTWEXBGS,2023-02-02,118.3164,2023-03-01,2023-03-01
2023-03-01,DTWEXBGS,2023-02-03,119.4642,2023-03-01,2023-03-01
2023-03-01,DTWEXBGS,2023-02-06,120.461,2023-03-01,2023-03-01
2023-03-01,DTWEXBGS,2023-02-07,120.2808,2023-03-01,2023-03-01
2023-03-01,DTWEXBGS,2023-02-08,120.101,2023-03-01,2023-03-01
2023-03-01,DTWEXBGS,2023-02-09,119.9425,2023-03-01,2023-03-01
2023-03-01,DTWEXBGS,2023-02-10,120.1228,2023-03-01,2023-03-01
2023-03-01,DTWEXBGS,2023-02-13,119.9952,2023-03-01,2023-03-01
2023-03-01,DTWEXBGS,2023-02-14,119.9426,2023-03-01,2023-03-01
2023-03-01,DTWEXBGS,2023-02-15,120.4772,2023-03-01,2023-03-01
2023-03-01,DTWEXBGS,2023-02-16,120.4938,2023-03-01,2023-03-01
2023-03-01,DTWEXBGS,2023-02-17,120.5898,2023-03-01,2023-03-01
2023-03-01,DTWEXBGS,2023-02-21,120.6705,2023-03-01,2023-03-01
2023-03-01,DTWEXBGS,2023-02-22,120.8904,2023-03-01,2023-03-01
2023-03-01,DTWEXBGS,2023-02-23,121.1348,2023-03-01,2023-03-01
2023-03-01,DTWEXBGS,2023-02-24,121.6304,2023-03-01,2023-03-01
2023-03-01,FEDFUNDS,2022-11-01,3.78,2023-03-01,2023-03-01
2023-03-01,FEDFUNDS,2022-12-01,4.1,2023-03-01,2023-03-01
2023-03-01,FEDFUNDS,2023-01-01,4.33,2023-03-01,2023-03-01
2023-03-01,FEDFUNDS,2023-02-01,4.57,2023-03-01,2023-03-01
2023-03-01,VIXCLS,2022-11-01,25.81,2023-03-01,2023-03-01
2023-03-01,VIXCLS,2022-11-02,25.86,2023-03-01,2023-03-01
2023-03-01,VIXCLS,2022-11-03,25.3,2023-03-01,2023-03-01
2023-03-01,VIXCLS,2022-11-04,24.55,2023-03-01,2023-03-01
2023-03-01,VIXCLS,2022-11-07,24.35,2023-03-01,2023-03-01
2023-03-01,VIXCLS,2022-11-08,25.54,2023-03-01,2023-03-01
2023-03-01,VIXCLS,2022-11-09,26.09,2023-03-01,2023-03-01
2023-03-01,VIXCLS,2022-11-10,23.53,2023-03-01,2023-03-01
2023-03-01,VIXCLS,2022-11-11,22.52,2023-03-01,2023-03-01
2023-03-01,VIXCLS,2022-11-14,23.73,2023-03-01,2023-03-01
2023-03-01,VIXCLS,2022-11-15,24.54,2023-03-01,2023-03-01
2023-03-01,VIXCLS,2022-11-16,24.11,2023-03-01,2023-03-01
2023-03-01,VIXCLS,2022-11-17,23.93,2023-03-01,2023-03-01
2023-03-01,VIXCLS,2022-11-18,23.12,2023-03-01,2023-03-01
2023-03-01,VIXCLS,2022-11-21,22.36,2023-03-01,2023-03-01
2023-03-01,VIXCLS,2022-11-22,21.29,2023-03-01,2023-03-01
2023-03-01,VIXCLS,2022-11-23,20.35,2023-03-01,2023-03-01
2023-03-01,VIXCLS,2022-11-24,20.42,2023-03-01,2023-03-01
2023-03-01,VIXCLS,2022-11-25,20.5,2023-03-01,2023-03-01
2023-03-01,VIXCLS,2022-11-28,22.21,2023-03-01,2023-03-01
2023-03-01,VIXCLS,2022-11-29,21.89,2023-03-01,2023-03-01
2023-03-01,VIXCLS,2022-11-30,20.58,2023-03-01,2023-03-01
2023-03-01,VIXCLS,2022-12-01,19.84,2023-03-01,2023-03-01
2023-03-01,VIXCLS,2022-12-02,19.06,2023-03-01,2023-03-01
2023-03-01,VIXCLS,2022-12-05,20.75,2023-03-01,2023-03-01
2023-03-01,VIXCLS,2022-12-06,22.17,2023-03-01,2023-03-01
2023-03-01,VIXCLS,2022-12-07,22.68,2023-03-01,2023-03-01
2023-03-01,VIXCLS,2022-12-08,22.29,2023-03-01,2023-03-01
2023-03-01,VIXCLS,2022-12-09,22.83,2023-03-01,2023-03-01
2023-03-01,VIXCLS,2022-12-12,25,2023-03-01,2023-03-01
2023-03-01,VIXCLS,2022-12-13,22.55,2023-03-01,2023-03-01
2023-03-01,VIXCLS,2022-12-14,21.14,2023-03-01,2023-03-01
2023-03-01,VIXCLS,2022-12-15,22.83,2023-03-01,2023-03-01
2023-03-01,VIXCLS,2022-12-16,22.62,2023-03-01,2023-03-01
2023-03-01,VIXCLS,2022-12-19,22.42,2023-03-01,2023-03-01
2023-03-01,VIXCLS,2022-12-20,21.48,2023-03-01,2023-03-01
2023-03-01,VIXCLS,2022-12-21,20.07,2023-03-01,2023-03-01
2023-03-01,VIXCLS,2022-12-22,21.97,2023-03-01,2023-03-01
2023-03-01,VIXCLS,2022-12-23,20.87,2023-03-01,2023-03-01
2023-03-01,VIXCLS,2022-12-27,21.65,2023-03-01,2023-03-01
2023-03-01,VIXCLS,2022-12-28,22.14,2023-03-01,2023-03-01
2023-03-01,VIXCLS,2022-12-29,21.44,2023-03-01,2023-03-01
2023-03-01,VIXCLS,2022-12-30,21.67,2023-03-01,2023-03-01
2023-03-01,VIXCLS,2023-01-03,22.9,2023-03-01,2023-03-01
2023-03-01,VIXCLS,2023-01-04,22.01,2023-03-01,2023-03-01
2023-03-01,VIXCLS,2023-01-05,22.46,2023-03-01,2023-03-01
2023-03-01,VIXCLS,2023-01-06,21.13,2023-03-01,2023-03-01
2023-03-01,VIXCLS,2023-01-09,21.97,2023-03-01,2023-03-01
2023-03-01,VIXCLS,2023-01-10,20.58,2023-03-01,2023-03-01
2023-03-01,VIXCLS,2023-01-11,21.09,2023-03-01,2023-03-01
2023-03-01,VIXCLS,2023-01-12,18.83,2023-03-01,2023-03-01
2023-03-01,VIXCLS,2023-01-13,18.35,2023-03-01,2023-03-01
2023-03-01,VIXCLS,2023-01-16,19.49,2023-03-01,2023-03-01
2023-03-01,VIXCLS,2023-01-17,19.36,2023-03-01,2023-03-01
2023-03-01,VIXCLS,2023-01-18,20.34,2023-03-01,2023-03-01
2023-03-01,VIXCLS,2023-01-19,20.52,2023-03-01,2023-03-01
2023-03-01,VIXCLS,2023-01-20,19.85,2023-03-01,2023-03-01
2023-03-01,VIXCLS,2023-01-23,19.81,2023-03-01,2023-03-01
2023-03-01,VIXCLS,2023-01-24,19.2,2023-03-01,2023-03-01
2023-03-01,VIXCLS,2023-01-25,19.08,2023-03-01,2023-03-01
2023-03-01,VIXCLS,2023-01-26,18.73,2023-03-01,2023-03-01
2023-03-01,VIXCLS,2023-01-27,18.51,2023-03-01,2023-03-01
2023-03-01,VIXCLS,2023-01-30,19.94,2023-03-01,2023-03-01
2023-03-01,VIXCLS,2023-01-31,19.4,2023-03-01,2023-03-01
2023-03-01,VIXCLS,2023-02-01,17.87,2023-03-01,2023-03-01
2023-03-01,VIXCLS,2023-02-02,18.73,2023-03-01,2023-03-01
2023-03-01,VIXCLS,2023-02-03,18.33,2023-03-01,2023-03-01
2023-03-01,VIXCLS,2023-02-06,19.43,2023-03-01,2023-03-01
2023-03-01,VIXCLS,2023-02-07,18.66,2023-03-01,2023-03-01
2023-03-01,VIXCLS,2023-02-08,19.63,2023-03-01,2023-03-01
2023-03-01,VIXCLS,2023-02-09,20.71,2023-03-01,2023-03-01
2023-03-01,VIXCLS,2023-02-10,20.53,2023-03-01,2023-03-01
2023-03-01,VIXCLS,2023-02-13,20.34,2023-03-01,2023-03-01
2023-03-01,VIXCLS,2023-02-14,18.91,2023-03-01,2023-03-01
2023-03-01,VIXCLS,2023-02-15,18.23,2023-03-01,2023-03-01
2023-03-01,VIXCLS,2023-02-16,20.17,2023-03-01,2023-03-01
2023-03-01,VIXCLS,2023-02-17,20.02,2023-03-01,2023-03-01
2023-03-01,VIXCLS,2023-02-20,21.23,2023-03-01,2023-03-01
2023-03-01,VIXCLS,2023-02-21,22.87,2023-03-01,2023-03-01
2023-03-01,VIXCLS,2023-02-22,22.29,2023-03-01,2023-03-01
2023-03-01,VIXCLS,2023-02-23,21.14,2023-03-01,2023-03-01
2023-03-01,VIXCLS,2023-02-24,21.67,2023-03-01,2023-03-01
2023-03-01,VIXCLS,2023-02-27,20.95,2023-03-01,2023-03-01
2023-03-01,VIXCLS,2023-02-28,20.7,2023-03-01,2023-03-01
2023-04-01,CCUSMA02BRM618N,2022-12-01,5.241831818,2023-04-01,2023-04-01
2023-04-01,CCUSMA02BRM618N,2023-01-01,5.200081818,2023-04-01,2023-04-01
2023-04-01,CCUSMA02CLM618N,2022-12-01,872.4404636,2023-04-01,2023-04-01
2023-04-01,CCUSMA02CLM618N,2023-01-01,825.0718136,2023-04-01,2023-04-01
2023-04-01,CCUSMA02CLM618N,2023-02-01,801.34175,2023-04-01,2023-04-01
2023-04-01,CCUSMA02MXM618N,2022-12-01,19.54254636,2023-04-01,2023-04-01
2023-04-01,CCUSMA02MXM618N,2023-01-01,18.94156545,2023-04-01,2023-04-01
2023-04-01,CCUSMA02MXM618N,2023-02-01,18.553871,2023-04-01,2023-04-01
2023-04-01,DTWEXBGS,2022-12-01,121.9697,2023-04-01,2023-04-01
2023-04-01,DTWEXBGS,2022-12-02,121.9745,2023-04-01,2023-04-01
2023-04-01,DTWEXBGS,2022-12-05,122.5802,2023-04-01,2023-04-01
2023-04-01,DTWEXBGS,2022-12-06,122.9649,2023-04-01,2023-04-01
2023-04-01,DTWEXBGS,2022-12-07,122.7015,2023-04-01,2023-04-01
2023-04-01,DTWEXBGS,2022-12-08,122.3684,2023-04-01,2023-04-01
2023-04-01,DTWEXBGS,2022-12-09,122.3712,2023-04-01,2023-04-01
2023-04-01,DTWEXBGS,2022-12-12,122.7245,2023-04-01,2023-04-01
2023-04-01,DTWEXBGS,2022-12-13,121.8116,2023-04-01,2023-04-01
2023-04-01,DTWEXBGS,2022-12-14,121.7922,2023-04-01,2023-04-01
2023-04-01,DTWEXBGS,2022-12-15,122.5201,2023-04-01,2023-04-01
2023-04-01,DTWEXBGS,2022-12-16,122.6127,2023-04-01,2023-04-01
2023-04-01,DTWEXBGS,2022-12-19,122.5102,2023-04-01,2023-04-01
2023-04-01,DTWEXBGS,2022-12-20,122.1117,2023-04-01,2023-04-01
2023-04-01,DTWEXBGS,2022-12-21,122.2665,2023-04-01,2023-04-01
2023-04-01,DTWEXBGS,2022-12-22,122.2105,2023-04-01,2023-04-01
2023-04-01,DTWEXBGS,2022-12-23,121.9579,2023-04-01,2023-04-01
2023-04-01,DTWEXBGS,2022-12-27,121.7378,2023-04-01,2023-04-01
2023-04-01,DTWEXBGS,2022-12-28,121.9983,2023-04-01,2023-04-01
2023-04-01,DTWEXBGS,2022-12-29,121.6556,2023-04-01,2023-04-01
2023-04-01,DTWEXBGS,2022-12-30,121.4047,2023-04-01,2023-04-01
2023-04-01,DTWEXBGS,2023-01-03,122.041,2023-04-01,2023-04-01
2023-04-01,DTWEXBGS,2023-01-04,121.4767,2023-04-01,2023-04-01
2023-04-01,DTWEXBGS,2023-01-05,122.0316,2023-04-01,2023-04-01
2023-04-01,DTWEXBGS,2023-01-06,121.044,2023-04-01,2023-04-01
2023-04-01,DTWEXBGS,2023-01-09,120.0928,2023-04-01,2023-04-01
2023-04-01,DTWEXBGS,2023-01-10,120.1881,2023-04-01,2023-04-01
2023-04-01,DTWEXBGS,2023-01-11,120.0968,2023-04-01,2023-04-01
2023-04-01,DTWEXBGS,2023-01-12,119.3624,2023-04-01,2023-04-01
2023-04-01,DTWEXBGS,2023-01-13,119.0901,2023-04-01,2023-04-01
2023-04-01,DTWEXBGS,2023-01-17,119.1802,2023-04-01,2023-04-01
2023-04-01,DTWEXBGS,2023-01-18,119.0426,2023-04-01,2023-04-01
2023-04-01,DTWEXBGS,2023-01-19,119.5592,2023-04-01,2023-04-01
2023-04-01,DTWEXBGS,2023-01-20,119.3251,2023-04-01,2023-04-01
2023-04-01,DTWEXBGS,2023-01-23,119.1417,2023-04-01,2023-04-01
2023-04-01,DTWEXBGS,2023-01-24,119.0923,2023-04-01,2023-04-01
2023-04-01,DTWEXBGS,2023-01-25,118.9715,2023-04-01,2023-04-01
2023-04-01,DTWEXBGS,2023-01-26,119.0236,2023-04-01,2023-04-01
2023-04-01,DTWEXBGS,2023-01-27,118.9295,2023-04-01,2023-04-01
2023-04-01,DTWEXBGS,2023-01-30,118.8786,2023-04-01,2023-04-01
2023-04-01,DTWEXBGS,2023-01-31,118.9619,2023-04-01,2023-04-01
2023-04-01,DTWEXBGS,2023-02-01,118.6101,2023-04-01,2023-04-01
2023-04-01,DTWEXBGS,2023-02-02,118.3164,2023-04-01,2023-04-01
2023-04-01,DTWEXBGS,2023-02-03,119.4642,2023-04-01,2023-04-01
2023-04-01,DTWEXBGS,2023-02-06,120.461,2023-04-01,2023-04-01
2023-04-01,DTWEXBGS,2023-02-07,120.2808,2023-04-01,2023-04-01
2023-04-01,DTWEXBGS,2023-02-08,120.101,2023-04-01,2023-04-01
2023-04-01,DTWEXBGS,2023-02-09,119.9425,2023-04-01,2023-04-01
2023-04-01,DTWEXBGS,2023-02-10,120.1228,2023-04-01,2023-04-01
2023-04-01,DTWEXBGS,2023-02-13,119.9952,2023-04-01,2023-04-01
2023-04-01,DTWEXBGS,2023-02-14,119.9426,2023-04-01,2023-04-01
2023-04-01,DTWEXBGS,2023-02-15,120.4772,2023-04-01,2023-04-01
2023-04-01,DTWEXBGS,2023-02-16,120.4938,2023-04-01,2023-04-01
2023-04-01,DTWEXBGS,2023-02-17,120.5898,2023-04-01,2023-04-01
2023-04-01,DTWEXBGS,2023-02-21,120.6705,2023-04-01,2023-04-01
2023-04-01,DTWEXBGS,2023-02-22,120.8904,2023-04-01,2023-04-01
2023-04-01,DTWEXBGS,2023-02-23,121.1348,2023-04-01,2023-04-01
2023-04-01,DTWEXBGS,2023-02-24,121.6304,2023-04-01,2023-04-01
2023-04-01,DTWEXBGS,2023-02-27,121.4665,2023-04-01,2023-04-01
2023-04-01,DTWEXBGS,2023-02-28,121.4065,2023-04-01,2023-04-01
2023-04-01,DTWEXBGS,2023-03-01,120.6963,2023-04-01,2023-04-01
2023-04-01,DTWEXBGS,2023-03-02,121.1967,2023-04-01,2023-04-01
2023-04-01,DTWEXBGS,2023-03-03,120.8531,2023-04-01,2023-04-01
2023-04-01,DTWEXBGS,2023-03-06,120.5949,2023-04-01,2023-04-01
2023-04-01,DTWEXBGS,2023-03-07,121.5364,2023-04-01,2023-04-01
2023-04-01,DTWEXBGS,2023-03-08,121.5306,2023-04-01,2023-04-01
2023-04-01,DTWEXBGS,2023-03-09,121.5307,2023-04-01,2023-04-01
2023-04-01,DTWEXBGS,2023-03-10,121.2924,2023-04-01,2023-04-01
2023-04-01,DTWEXBGS,2023-03-13,120.8944,2023-04-01,2023-04-01
2023-04-01,DTWEXBGS,2023-03-14,121.0358,2023-04-01,2023-04-01
2023-04-01,DTWEXBGS,2023-03-15,122.0832,2023-04-01,2023-04-01
2023-04-01,DTWEXBGS,2023-03-16,121.7344,2023-04-01,2023-04-01
2023-04-01,DTWEXBGS,2023-03-17,121.5752,2023-04-01,2023-04-01
2023-04-01,DTWEXBGS,2023-03-20,121.0546,2023-04-01,2023-04-01
2023-04-01,DTWEXBGS,2023-03-21,120.9481,2023-04-01,2023-04-01
2023-04-01,DTWEXBGS,2023-03-22,120.6877,2023-04-01,2023-04-01
2023-04-01,DTWEXBGS,2023-03-23,119.809,2023-04-01,2023-04-01
2023-04-01,DTWEXBGS,2023-03-24,120.503,2023-04-01,2023-04-01
2023-04-01,FEDFUNDS,2022-12-01,4.1,2023-04-01,2023-04-01
2023-04-01,FEDFUNDS,2023-01-01,4.33,2023-04-01,2023-04-01
2023-04-01,FEDFUNDS,2023-02-01,4.57,2023-04-01,2023-04-01
2023-04-01,VIXCLS,2022-12-01,19.84,2023-04-01,2023-04-01
2023-04-01,VIXCLS,2022-12-02,19.06,2023-04-01,2023-04-01
2023-04-01,VIXCLS,2022-12-05,20.75,2023-04-01,2023-04-01
2023-04-01,VIXCLS,2022-12-06,22.17,2023-04-01,2023-04-01
2023-04-01,VIXCLS,2022-12-07,22.68,2023-04-01,2023-04-01
2023-04-01,VIXCLS,2022-12-08,22.29,2023-04-01,2023-04-01
2023-04-01,VIXCLS,2022-12-09,22.83,2023-04-01,2023-04-01
2023-04-01,VIXCLS,2022-12-12,25,2023-04-01,2023-04-01
2023-04-01,VIXCLS,2022-12-13,22.55,2023-04-01,2023-04-01
2023-04-01,VIXCLS,2022-12-14,21.14,2023-04-01,2023-04-01
2023-04-01,VIXCLS,2022-12-15,22.83,2023-04-01,2023-04-01
2023-04-01,VIXCLS,2022-12-16,22.62,2023-04-01,2023-04-01
2023-04-01,VIXCLS,2022-12-19,22.42,2023-04-01,2023-04-01
2023-04-01,VIXCLS,2022-12-20,21.48,2023-04-01,2023-04-01
2023-04-01,VIXCLS,2022-12-21,20.07,2023-04-01,2023-04-01
2023-04-01,VIXCLS,2022-12-22,21.97,2023-04-01,2023-04-01
2023-04-01,VIXCLS,2022-12-23,20.87,2023-04-01,2023-04-01
2023-04-01,VIXCLS,2022-12-27,21.65,2023-04-01,2023-04-01
2023-04-01,VIXCLS,2022-12-28,22.14,2023-04-01,2023-04-01
2023-04-01,VIXCLS,2022-12-29,21.44,2023-04-01,2023-04-01
2023-04-01,VIXCLS,2022-12-30,21.67,2023-04-01,2023-04-01
2023-04-01,VIXCLS,2023-01-03,22.9,2023-04-01,2023-04-01
2023-04-01,VIXCLS,2023-01-04,22.01,2023-04-01,2023-04-01
2023-04-01,VIXCLS,2023-01-05,22.46,2023-04-01,2023-04-01
2023-04-01,VIXCLS,2023-01-06,21.13,2023-04-01,2023-04-01
2023-04-01,VIXCLS,2023-01-09,21.97,2023-04-01,2023-04-01
2023-04-01,VIXCLS,2023-01-10,20.58,2023-04-01,2023-04-01
2023-04-01,VIXCLS,2023-01-11,21.09,2023-04-01,2023-04-01
2023-04-01,VIXCLS,2023-01-12,18.83,2023-04-01,2023-04-01
2023-04-01,VIXCLS,2023-01-13,18.35,2023-04-01,2023-04-01
2023-04-01,VIXCLS,2023-01-16,19.49,2023-04-01,2023-04-01
2023-04-01,VIXCLS,2023-01-17,19.36,2023-04-01,2023-04-01
2023-04-01,VIXCLS,2023-01-18,20.34,2023-04-01,2023-04-01
2023-04-01,VIXCLS,2023-01-19,20.52,2023-04-01,2023-04-01
2023-04-01,VIXCLS,2023-01-20,19.85,2023-04-01,2023-04-01
2023-04-01,VIXCLS,2023-01-23,19.81,2023-04-01,2023-04-01
2023-04-01,VIXCLS,2023-01-24,19.2,2023-04-01,2023-04-01
2023-04-01,VIXCLS,2023-01-25,19.08,2023-04-01,2023-04-01
2023-04-01,VIXCLS,2023-01-26,18.73,2023-04-01,2023-04-01
2023-04-01,VIXCLS,2023-01-27,18.51,2023-04-01,2023-04-01
2023-04-01,VIXCLS,2023-01-30,19.94,2023-04-01,2023-04-01
2023-04-01,VIXCLS,2023-01-31,19.4,2023-04-01,2023-04-01
2023-04-01,VIXCLS,2023-02-01,17.87,2023-04-01,2023-04-01
2023-04-01,VIXCLS,2023-02-02,18.73,2023-04-01,2023-04-01
2023-04-01,VIXCLS,2023-02-03,18.33,2023-04-01,2023-04-01
2023-04-01,VIXCLS,2023-02-06,19.43,2023-04-01,2023-04-01
2023-04-01,VIXCLS,2023-02-07,18.66,2023-04-01,2023-04-01
2023-04-01,VIXCLS,2023-02-08,19.63,2023-04-01,2023-04-01
2023-04-01,VIXCLS,2023-02-09,20.71,2023-04-01,2023-04-01
2023-04-01,VIXCLS,2023-02-10,20.53,2023-04-01,2023-04-01
2023-04-01,VIXCLS,2023-02-13,20.34,2023-04-01,2023-04-01
2023-04-01,VIXCLS,2023-02-14,18.91,2023-04-01,2023-04-01
2023-04-01,VIXCLS,2023-02-15,18.23,2023-04-01,2023-04-01
2023-04-01,VIXCLS,2023-02-16,20.17,2023-04-01,2023-04-01
2023-04-01,VIXCLS,2023-02-17,20.02,2023-04-01,2023-04-01
2023-04-01,VIXCLS,2023-02-20,21.23,2023-04-01,2023-04-01
2023-04-01,VIXCLS,2023-02-21,22.87,2023-04-01,2023-04-01
2023-04-01,VIXCLS,2023-02-22,22.29,2023-04-01,2023-04-01
2023-04-01,VIXCLS,2023-02-23,21.14,2023-04-01,2023-04-01
2023-04-01,VIXCLS,2023-02-24,21.67,2023-04-01,2023-04-01
2023-04-01,VIXCLS,2023-02-27,20.95,2023-04-01,2023-04-01
2023-04-01,VIXCLS,2023-02-28,20.7,2023-04-01,2023-04-01
2023-04-01,VIXCLS,2023-03-01,20.58,2023-04-01,2023-04-01
2023-04-01,VIXCLS,2023-03-02,19.59,2023-04-01,2023-04-01
2023-04-01,VIXCLS,2023-03-03,18.49,2023-04-01,2023-04-01
2023-04-01,VIXCLS,2023-03-06,18.61,2023-04-01,2023-04-01
2023-04-01,VIXCLS,2023-03-07,19.59,2023-04-01,2023-04-01
2023-04-01,VIXCLS,2023-03-08,19.11,2023-04-01,2023-04-01
2023-04-01,VIXCLS,2023-03-09,22.61,2023-04-01,2023-04-01
2023-04-01,VIXCLS,2023-03-10,24.8,2023-04-01,2023-04-01
2023-04-01,VIXCLS,2023-03-13,26.52,2023-04-01,2023-04-01
2023-04-01,VIXCLS,2023-03-14,23.73,2023-04-01,2023-04-01
2023-04-01,VIXCLS,2023-03-15,26.14,2023-04-01,2023-04-01
2023-04-01,VIXCLS,2023-03-16,22.99,2023-04-01,2023-04-01
2023-04-01,VIXCLS,2023-03-17,25.51,2023-04-01,2023-04-01
2023-04-01,VIXCLS,2023-03-20,24.15,2023-04-01,2023-04-01
2023-04-01,VIXCLS,2023-03-21,21.38,2023-04-01,2023-04-01
2023-04-01,VIXCLS,2023-03-22,22.26,2023-04-01,2023-04-01
2023-04-01,VIXCLS,2023-03-23,22.61,2023-04-01,2023-04-01
2023-04-01,VIXCLS,2023-03-24,21.74,2023-04-01,2023-04-01
2023-04-01,VIXCLS,2023-03-27,20.6,2023-04-01,2023-04-01
2023-04-01,VIXCLS,2023-03-28,19.97,2023-04-01,2023-04-01
2023-04-01,VIXCLS,2023-03-29,19.12,2023-04-01,2023-04-01
2023-04-01,VIXCLS,2023-03-30,19.02,2023-04-01,2023-04-01
2023-04-01,VIXCLS,2023-03-31,18.7,2023-04-01,2023-04-01
2023-05-01,CCUSMA02BRM618N,2023-01-01,5.200081818,2023-05-01,2023-05-01
2023-05-01,CCUSMA02BRM618N,2023-02-01,5.171088889,2023-05-01,2023-05-01
2023-05-01,CCUSMA02CLM618N,2023-01-01,825.0718136,2023-05-01,2023-05-01
2023-05-01,CCUSMA02CLM618N,2023-02-01,801.34175,2023-05-01,2023-05-01
2023-05-01,CCUSMA02CLM618N,2023-03-01,807.3986696,2023-05-01,2023-05-01
2023-05-01,CCUSMA02MXM618N,2023-01-01,18.94156545,2023-05-01,2023-05-01
2023-05-01,CCUSMA02MXM618N,2023-02-01,18.553871,2023-05-01,2023-05-01
2023-05-01,CCUSMA02MXM618N,2023-03-01,18.32991217,2023-05-01,2023-05-01
2023-05-01,DTWEXBGS,2023-01-03,122.041,2023-05-01,2023-05-01
2023-05-01,DTWEXBGS,2023-01-04,121.4767,2023-05-01,2023-05-01
2023-05-01,DTWEXBGS,2023-01-05,122.0316,2023-05-01,2023-05-01
2023-05-01,DTWEXBGS,2023-01-06,121.044,2023-05-01,2023-05-01
2023-05-01,DTWEXBGS,2023-01-09,120.0928,2023-05-01,2023-05-01
2023-05-01,DTWEXBGS,2023-01-10,120.1881,2023-05-01,2023-05-01
2023-05-01,DTWEXBGS,2023-01-11,120.0968,2023-05-01,2023-05-01
2023-05-01,DTWEXBGS,2023-01-12,119.3624,2023-05-01,2023-05-01
2023-05-01,DTWEXBGS,2023-01-13,119.0901,2023-05-01,2023-05-01
2023-05-01,DTWEXBGS,2023-01-17,119.1802,2023-05-01,2023-05-01
2023-05-01,DTWEXBGS,2023-01-18,119.0426,2023-05-01,2023-05-01
2023-05-01,DTWEXBGS,2023-01-19,119.5592,2023-05-01,2023-05-01
2023-05-01,DTWEXBGS,2023-01-20,119.3251,2023-05-01,2023-05-01
2023-05-01,DTWEXBGS,2023-01-23,119.1417,2023-05-01,2023-05-01
2023-05-01,DTWEXBGS,2023-01-24,119.0923,2023-05-01,2023-05-01
2023-05-01,DTWEXBGS,2023-01-25,118.9715,2023-05-01,2023-05-01
2023-05-01,DTWEXBGS,2023-01-26,119.0236,2023-05-01,2023-05-01
2023-05-01,DTWEXBGS,2023-01-27,118.9295,2023-05-01,2023-05-01
2023-05-01,DTWEXBGS,2023-01-30,118.8786,2023-05-01,2023-05-01
2023-05-01,DTWEXBGS,2023-01-31,118.9619,2023-05-01,2023-05-01
2023-05-01,DTWEXBGS,2023-02-01,118.6101,2023-05-01,2023-05-01
2023-05-01,DTWEXBGS,2023-02-02,118.3164,2023-05-01,2023-05-01
2023-05-01,DTWEXBGS,2023-02-03,119.4642,2023-05-01,2023-05-01
2023-05-01,DTWEXBGS,2023-02-06,120.461,2023-05-01,2023-05-01
2023-05-01,DTWEXBGS,2023-02-07,120.2808,2023-05-01,2023-05-01
2023-05-01,DTWEXBGS,2023-02-08,120.101,2023-05-01,2023-05-01
2023-05-01,DTWEXBGS,2023-02-09,119.9425,2023-05-01,2023-05-01
2023-05-01,DTWEXBGS,2023-02-10,120.1228,2023-05-01,2023-05-01
2023-05-01,DTWEXBGS,2023-02-13,119.9952,2023-05-01,2023-05-01
2023-05-01,DTWEXBGS,2023-02-14,119.9426,2023-05-01,2023-05-01
2023-05-01,DTWEXBGS,2023-02-15,120.4772,2023-05-01,2023-05-01
2023-05-01,DTWEXBGS,2023-02-16,120.4938,2023-05-01,2023-05-01
2023-05-01,DTWEXBGS,2023-02-17,120.5898,2023-05-01,2023-05-01
2023-05-01,DTWEXBGS,2023-02-21,120.6705,2023-05-01,2023-05-01
2023-05-01,DTWEXBGS,2023-02-22,120.8904,2023-05-01,2023-05-01
2023-05-01,DTWEXBGS,2023-02-23,121.1348,2023-05-01,2023-05-01
2023-05-01,DTWEXBGS,2023-02-24,121.6304,2023-05-01,2023-05-01
2023-05-01,DTWEXBGS,2023-02-27,121.4665,2023-05-01,2023-05-01
2023-05-01,DTWEXBGS,2023-02-28,121.4065,2023-05-01,2023-05-01
2023-05-01,DTWEXBGS,2023-03-01,120.6963,2023-05-01,2023-05-01
2023-05-01,DTWEXBGS,2023-03-02,121.1967,2023-05-01,2023-05-01
2023-05-01,DTWEXBGS,2023-03-03,120.8531,2023-05-01,2023-05-01
2023-05-01,DTWEXBGS,2023-03-06,120.5949,2023-05-01,2023-05-01
2023-05-01,DTWEXBGS,2023-03-07,121.5364,2023-05-01,2023-05-01
2023-05-01,DTWEXBGS,2023-03-08,121.5306,2023-05-01,2023-05-01
2023-05-01,DTWEXBGS,2023-03-09,121.5307,2023-05-01,2023-05-01
2023-05-01,DTWEXBGS,2023-03-10,121.2924,2023-05-01,2023-05-01
2023-05-01,DTWEXBGS,2023-03-13,120.8944,2023-05-01,2023-05-01
2023-05-01,DTWEXBGS,2023-03-14,121.0358,2023-05-01,2023-05-01
2023-05-01,DTWEXBGS,2023-03-15,122.0832,2023-05-01,2023-05-01
2023-05-01,DTWEXBGS,2023-03-16,121.7344,2023-05-01,2023-05-01
2023-05-01,DTWEXBGS,2023-03-17,121.5752,2023-05-01,2023-05-01
2023-05-01,DTWEXBGS,2023-03-20,121.0546,2023-05-01,2023-05-01
2023-05-01,DTWEXBGS,2023-03-21,120.9481,2023-05-01,2023-05-01
2023-05-01,DTWEXBGS,2023-03-22,120.6877,2023-05-01,2023-05-01
2023-05-01,DTWEXBGS,2023-03-23,119.809,2023-05-01,2023-05-01
2023-05-01,DTWEXBGS,2023-03-24,120.503,2023-05-01,2023-05-01
2023-05-01,DTWEXBGS,2023-03-27,120.3227,2023-05-01,2023-05-01
2023-05-01,DTWEXBGS,2023-03-28,119.8059,2023-05-01,2023-05-01
2023-05-01,DTWEXBGS,2023-03-29,119.8398,2023-05-01,2023-05-01
2023-05-01,DTWEXBGS,2023-03-30,119.5304,2023-05-01,2023-05-01
2023-05-01,DTWEXBGS,2023-03-31,119.4828,2023-05-01,2023-05-01
2023-05-01,DTWEXBGS,2023-04-03,119.4623,2023-05-01,2023-05-01
2023-05-01,DTWEXBGS,2023-04-04,119.2988,2023-05-01,2023-05-01
2023-05-01,DTWEXBGS,2023-04-05,119.4385,2023-05-01,2023-05-01
2023-05-01,DTWEXBGS,2023-04-06,119.4597,2023-05-01,2023-05-01
2023-05-01,DTWEXBGS,2023-04-07,119.5033,2023-05-01,2023-05-01
2023-05-01,DTWEXBGS,2023-04-10,119.9292,2023-05-01,2023-05-01
2023-05-01,DTWEXBGS,2023-04-11,119.6822,2023-05-01,2023-05-01
2023-05-01,DTWEXBGS,2023-04-12,119.1829,2023-05-01,2023-05-01
2023-05-01,DTWEXBGS,2023-04-13,118.5922,2023-05-01,2023-05-01
2023-05-01,DTWEXBGS,2023-04-14,119.0301,2023-05-01,2023-05-01
2023-05-01,DTWEXBGS,2023-04-17,119.4406,2023-05-01,2023-05-01
2023-05-01,DTWEXBGS,2023-04-18,119.2797,2023-05-01,2023-05-01
2023-05-01,DTWEXBGS,2023-04-19,119.4828,2023-05-01,2023-05-01
2023-05-01,DTWEXBGS,2023-04-20,119.2958,2023-05-01,2023-05-01
2023-05-01,DTWEXBGS,2023-04-21,119.4921,2023-05-01,2023-05-01
2023-05-01,DTWEXBGS,2023-04-24,119.3979,2023-05-01,2023-05-01
2023-05-01,DTWEXBGS,2023-04-25,119.8047,2023-05-01,2023-05-01
2023-05-01,DTWEXBGS,2023-04-26,119.5323,2023-05-01,2023-05-01
2023-05-01,DTWEXBGS,2023-04-27,119.6293,2023-05-01,2023-05-01
2023-05-01,DTWEXBGS,2023-04-28,119.4312,2023-05-01,2023-05-01
2023-05-01,FEDFUNDS,2023-01-01,4.33,2023-05-01,2023-05-01
2023-05-01,FEDFUNDS,2023-02-01,4.57,2023-05-01,2023-05-01
2023-05-01,FEDFUNDS,2023-03-01,4.65,2023-05-01,2023-05-01
2023-05-01,FEDFUNDS,2023-04-01,4.83,2023-05-01,2023-05-01
2023-05-01,VIXCLS,2023-01-03,22.9,2023-05-01,2023-05-01
2023-05-01,VIXCLS,2023-01-04,22.01,2023-05-01,2023-05-01
2023-05-01,VIXCLS,2023-01-05,22.46,2023-05-01,2023-05-01
2023-05-01,VIXCLS,2023-01-06,21.13,2023-05-01,2023-05-01
2023-05-01,VIXCLS,2023-01-09,21.97,2023-05-01,2023-05-01
2023-05-01,VIXCLS,2023-01-10,20.58,2023-05-01,2023-05-01
2023-05-01,VIXCLS,2023-01-11,21.09,2023-05-01,2023-05-01
2023-05-01,VIXCLS,2023-01-12,18.83,2023-05-01,2023-05-01
2023-05-01,VIXCLS,2023-01-13,18.35,2023-05-01,2023-05-01
2023-05-01,VIXCLS,2023-01-16,19.49,2023-05-01,2023-05-01
2023-05-01,VIXCLS,2023-01-17,19.36,2023-05-01,2023-05-01
2023-05-01,VIXCLS,2023-01-18,20.34,2023-05-01,2023-05-01
2023-05-01,VIXCLS,2023-01-19,20.52,2023-05-01,2023-05-01
2023-05-01,VIXCLS,2023-01-20,19.85,2023-05-01,2023-05-01
2023-05-01,VIXCLS,2023-01-23,19.81,2023-05-01,2023-05-01
2023-05-01,VIXCLS,2023-01-24,19.2,2023-05-01,2023-05-01
2023-05-01,VIXCLS,2023-01-25,19.08,2023-05-01,2023-05-01
2023-05-01,VIXCLS,2023-01-26,18.73,2023-05-01,2023-05-01
2023-05-01,VIXCLS,2023-01-27,18.51,2023-05-01,2023-05-01
2023-05-01,VIXCLS,2023-01-30,19.94,2023-05-01,2023-05-01
2023-05-01,VIXCLS,2023-01-31,19.4,2023-05-01,2023-05-01
2023-05-01,VIXCLS,2023-02-01,17.87,2023-05-01,2023-05-01
2023-05-01,VIXCLS,2023-02-02,18.73,2023-05-01,2023-05-01
2023-05-01,VIXCLS,2023-02-03,18.33,2023-05-01,2023-05-01
2023-05-01,VIXCLS,2023-02-06,19.43,2023-05-01,2023-05-01
2023-05-01,VIXCLS,2023-02-07,18.66,2023-05-01,2023-05-01
2023-05-01,VIXCLS,2023-02-08,19.63,2023-05-01,2023-05-01
2023-05-01,VIXCLS,2023-02-09,20.71,2023-05-01,2023-05-01
2023-05-01,VIXCLS,2023-02-10,20.53,2023-05-01,2023-05-01
2023-05-01,VIXCLS,2023-02-13,20.34,2023-05-01,2023-05-01
2023-05-01,VIXCLS,2023-02-14,18.91,2023-05-01,2023-05-01
2023-05-01,VIXCLS,2023-02-15,18.23,2023-05-01,2023-05-01
2023-05-01,VIXCLS,2023-02-16,20.17,2023-05-01,2023-05-01
2023-05-01,VIXCLS,2023-02-17,20.02,2023-05-01,2023-05-01
2023-05-01,VIXCLS,2023-02-20,21.23,2023-05-01,2023-05-01
2023-05-01,VIXCLS,2023-02-21,22.87,2023-05-01,2023-05-01
2023-05-01,VIXCLS,2023-02-22,22.29,2023-05-01,2023-05-01
2023-05-01,VIXCLS,2023-02-23,21.14,2023-05-01,2023-05-01
2023-05-01,VIXCLS,2023-02-24,21.67,2023-05-01,2023-05-01
2023-05-01,VIXCLS,2023-02-27,20.95,2023-05-01,2023-05-01
2023-05-01,VIXCLS,2023-02-28,20.7,2023-05-01,2023-05-01
2023-05-01,VIXCLS,2023-03-01,20.58,2023-05-01,2023-05-01
2023-05-01,VIXCLS,2023-03-02,19.59,2023-05-01,2023-05-01
2023-05-01,VIXCLS,2023-03-03,18.49,2023-05-01,2023-05-01
2023-05-01,VIXCLS,2023-03-06,18.61,2023-05-01,2023-05-01
2023-05-01,VIXCLS,2023-03-07,19.59,2023-05-01,2023-05-01
2023-05-01,VIXCLS,2023-03-08,19.11,2023-05-01,2023-05-01
2023-05-01,VIXCLS,2023-03-09,22.61,2023-05-01,2023-05-01
2023-05-01,VIXCLS,2023-03-10,24.8,2023-05-01,2023-05-01
2023-05-01,VIXCLS,2023-03-13,26.52,2023-05-01,2023-05-01
2023-05-01,VIXCLS,2023-03-14,23.73,2023-05-01,2023-05-01
2023-05-01,VIXCLS,2023-03-15,26.14,2023-05-01,2023-05-01
2023-05-01,VIXCLS,2023-03-16,22.99,2023-05-01,2023-05-01
2023-05-01,VIXCLS,2023-03-17,25.51,2023-05-01,2023-05-01
2023-05-01,VIXCLS,2023-03-20,24.15,2023-05-01,2023-05-01
2023-05-01,VIXCLS,2023-03-21,21.38,2023-05-01,2023-05-01
2023-05-01,VIXCLS,2023-03-22,22.26,2023-05-01,2023-05-01
2023-05-01,VIXCLS,2023-03-23,22.61,2023-05-01,2023-05-01
2023-05-01,VIXCLS,2023-03-24,21.74,2023-05-01,2023-05-01
2023-05-01,VIXCLS,2023-03-27,20.6,2023-05-01,2023-05-01
2023-05-01,VIXCLS,2023-03-28,19.97,2023-05-01,2023-05-01
2023-05-01,VIXCLS,2023-03-29,19.12,2023-05-01,2023-05-01
2023-05-01,VIXCLS,2023-03-30,19.02,2023-05-01,2023-05-01
2023-05-01,VIXCLS,2023-03-31,18.7,2023-05-01,2023-05-01
2023-05-01,VIXCLS,2023-04-03,18.55,2023-05-01,2023-05-01
2023-05-01,VIXCLS,2023-04-04,19,2023-05-01,2023-05-01
2023-05-01,VIXCLS,2023-04-05,19.08,2023-05-01,2023-05-01
2023-05-01,VIXCLS,2023-04-06,18.4,2023-05-01,2023-05-01
2023-05-01,VIXCLS,2023-04-10,18.97,2023-05-01,2023-05-01
2023-05-01,VIXCLS,2023-04-11,19.1,2023-05-01,2023-05-01
2023-05-01,VIXCLS,2023-04-12,19.09,2023-05-01,2023-05-01
2023-05-01,VIXCLS,2023-04-13,17.8,2023-05-01,2023-05-01
2023-05-01,VIXCLS,2023-04-14,17.07,2023-05-01,2023-05-01
2023-05-01,VIXCLS,2023-04-17,16.95,2023-05-01,2023-05-01
2023-05-01,VIXCLS,2023-04-18,16.83,2023-05-01,2023-05-01
2023-05-01,VIXCLS,2023-04-19,16.46,2023-05-01,2023-05-01
2023-05-01,VIXCLS,2023-04-20,17.17,2023-05-01,2023-05-01
2023-05-01,VIXCLS,2023-04-21,16.77,2023-05-01,2023-05-01
2023-05-01,VIXCLS,2023-04-24,16.89,2023-05-01,2023-05-01
2023-05-01,VIXCLS,2023-04-25,18.76,2023-05-01,2023-05-01
2023-05-01,VIXCLS,2023-04-26,18.84,2023-05-01,2023-05-01
2023-05-01,VIXCLS,2023-04-27,17.03,2023-05-01,2023-05-01
2023-05-01,VIXCLS,2023-04-28,15.78,2023-05-01,2023-05-01
2023-06-01,CCUSMA02BRM618N,2023-02-01,5.171088889,2023-06-01,2023-06-01
2023-06-01,CCUSMA02BRM618N,2023-03-01,5.21086087,2023-06-01,2023-06-01
2023-06-01,CCUSMA02CLM618N,2023-02-01,801.34175,2023-06-01,2023-06-01
2023-06-01,CCUSMA02CLM618N,2023-03-01,807.3986696,2023-06-01,2023-06-01
2023-06-01,CCUSMA02CLM618N,2023-04-01,804.97701,2023-06-01,2023-06-01
2023-06-01,CCUSMA02MXM618N,2023-02-01,18.553871,2023-06-01,2023-06-01
2023-06-01,CCUSMA02MXM618N,2023-03-01,18.32991217,2023-06-01,2023-06-01
2023-06-01,CCUSMA02MXM618N,2023-04-01,18.057974,2023-06-01,2023-06-01
2023-06-01,DTWEXBGS,2023-02-01,118.6101,2023-06-01,2023-06-01
2023-06-01,DTWEXBGS,2023-02-02,118.3164,2023-06-01,2023-06-01
2023-06-01,DTWEXBGS,2023-02-03,119.4642,2023-06-01,2023-06-01
2023-06-01,DTWEXBGS,2023-02-06,120.461,2023-06-01,2023-06-01
2023-06-01,DTWEXBGS,2023-02-07,120.2808,2023-06-01,2023-06-01
2023-06-01,DTWEXBGS,2023-02-08,120.101,2023-06-01,2023-06-01
2023-06-01,DTWEXBGS,2023-02-09,119.9425,2023-06-01,2023-06-01
2023-06-01,DTWEXBGS,2023-02-10,120.1228,2023-06-01,2023-06-01
2023-06-01,DTWEXBGS,2023-02-13,119.9952,2023-06-01,2023-06-01
2023-06-01,DTWEXBGS,2023-02-14,119.9426,2023-06-01,2023-06-01
2023-06-01,DTWEXBGS,2023-02-15,120.4772,2023-06-01,2023-06-01
2023-06-01,DTWEXBGS,2023-02-16,120.4938,2023-06-01,2023-06-01
2023-06-01,DTWEXBGS,2023-02-17,120.5898,2023-06-01,2023-06-01
2023-06-01,DTWEXBGS,2023-02-21,120.6705,2023-06-01,2023-06-01
2023-06-01,DTWEXBGS,2023-02-22,120.8904,2023-06-01,2023-06-01
2023-06-01,DTWEXBGS,2023-02-23,121.1348,2023-06-01,2023-06-01
2023-06-01,DTWEXBGS,2023-02-24,121.6304,2023-06-01,2023-06-01
2023-06-01,DTWEXBGS,2023-02-27,121.4665,2023-06-01,2023-06-01
2023-06-01,DTWEXBGS,2023-02-28,121.4065,2023-06-01,2023-06-01
2023-06-01,DTWEXBGS,2023-03-01,120.6963,2023-06-01,2023-06-01
2023-06-01,DTWEXBGS,2023-03-02,121.1967,2023-06-01,2023-06-01
2023-06-01,DTWEXBGS,2023-03-03,120.8531,2023-06-01,2023-06-01
2023-06-01,DTWEXBGS,2023-03-06,120.5949,2023-06-01,2023-06-01
2023-06-01,DTWEXBGS,2023-03-07,121.5364,2023-06-01,2023-06-01
2023-06-01,DTWEXBGS,2023-03-08,121.5306,2023-06-01,2023-06-01
2023-06-01,DTWEXBGS,2023-03-09,121.5307,2023-06-01,2023-06-01
2023-06-01,DTWEXBGS,2023-03-10,121.2924,2023-06-01,2023-06-01
2023-06-01,DTWEXBGS,2023-03-13,120.8944,2023-06-01,2023-06-01
2023-06-01,DTWEXBGS,2023-03-14,121.0358,2023-06-01,2023-06-01
2023-06-01,DTWEXBGS,2023-03-15,122.0832,2023-06-01,2023-06-01
2023-06-01,DTWEXBGS,2023-03-16,121.7344,2023-06-01,2023-06-01
2023-06-01,DTWEXBGS,2023-03-17,121.5752,2023-06-01,2023-06-01
2023-06-01,DTWEXBGS,2023-03-20,121.0546,2023-06-01,2023-06-01
2023-06-01,DTWEXBGS,2023-03-21,120.9481,2023-06-01,2023-06-01
2023-06-01,DTWEXBGS,2023-03-22,120.6877,2023-06-01,2023-06-01
2023-06-01,DTWEXBGS,2023-03-23,119.809,2023-06-01,2023-06-01
2023-06-01,DTWEXBGS,2023-03-24,120.503,2023-06-01,2023-06-01
2023-06-01,DTWEXBGS,2023-03-27,120.3227,2023-06-01,2023-06-01
2023-06-01,DTWEXBGS,2023-03-28,119.8059,2023-06-01,2023-06-01
2023-06-01,DTWEXBGS,2023-03-29,119.8398,2023-06-01,2023-06-01
2023-06-01,DTWEXBGS,2023-03-30,119.5304,2023-06-01,2023-06-01
2023-06-01,DTWEXBGS,2023-03-31,119.4828,2023-06-01,2023-06-01
2023-06-01,DTWEXBGS,2023-04-03,119.4623,2023-06-01,2023-06-01
2023-06-01,DTWEXBGS,2023-04-04,119.2988,2023-06-01,2023-06-01
2023-06-01,DTWEXBGS,2023-04-05,119.4385,2023-06-01,2023-06-01
2023-06-01,DTWEXBGS,2023-04-06,119.4597,2023-06-01,2023-06-01
2023-06-01,DTWEXBGS,2023-04-07,119.5033,2023-06-01,2023-06-01
2023-06-01,DTWEXBGS,2023-04-10,119.9292,2023-06-01,2023-06-01
2023-06-01,DTWEXBGS,2023-04-11,119.6822,2023-06-01,2023-06-01
2023-06-01,DTWEXBGS,2023-04-12,119.1829,2023-06-01,2023-06-01
2023-06-01,DTWEXBGS,2023-04-13,118.5922,2023-06-01,2023-06-01
2023-06-01,DTWEXBGS,2023-04-14,119.0301,2023-06-01,2023-06-01
2023-06-01,DTWEXBGS,2023-04-17,119.4406,2023-06-01,2023-06-01
2023-06-01,DTWEXBGS,2023-04-18,119.2797,2023-06-01,2023-06-01
2023-06-01,DTWEXBGS,2023-04-19,119.4828,2023-06-01,2023-06-01
2023-06-01,DTWEXBGS,2023-04-20,119.2958,2023-06-01,2023-06-01
2023-06-01,DTWEXBGS,2023-04-21,119.4921,2023-06-01,2023-06-01
2023-06-01,DTWEXBGS,2023-04-24,119.3979,2023-06-01,2023-06-01
2023-06-01,DTWEXBGS,2023-04-25,119.8047,2023-06-01,2023-06-01
2023-06-01,DTWEXBGS,2023-04-26,119.5323,2023-06-01,2023-06-01
2023-06-01,DTWEXBGS,2023-04-27,119.6293,2023-06-01,2023-06-01
2023-06-01,DTWEXBGS,2023-04-28,119.4312,2023-06-01,2023-06-01
2023-06-01,DTWEXBGS,2023-05-01,119.6311,2023-06-01,2023-06-01
2023-06-01,DTWEXBGS,2023-05-02,119.8009,2023-06-01,2023-06-01
2023-06-01,DTWEXBGS,2023-05-03,119.3301,2023-06-01,2023-06-01
2023-06-01,DTWEXBGS,2023-05-04,119.2332,2023-06-01,2023-06-01
2023-06-01,DTWEXBGS,2023-05-05,118.7707,2023-06-01,2023-06-01
2023-06-01,DTWEXBGS,2023-05-08,118.7938,2023-06-01,2023-06-01
2023-06-01,DTWEXBGS,2023-05-09,119.0325,2023-06-01,2023-06-01
2023-06-01,DTWEXBGS,2023-05-10,118.8055,2023-06-01,2023-06-01
2023-06-01,DTWEXBGS,2023-05-11,119.2363,2023-06-01,2023-06-01
2023-06-01,DTWEXBGS,2023-05-12,119.568,2023-06-01,2023-06-01
2023-06-01,DTWEXBGS,2023-05-15,119.3891,2023-06-01,2023-06-01
2023-06-01,DTWEXBGS,2023-05-16,119.4266,2023-06-01,2023-06-01
2023-06-01,DTWEXBGS,2023-05-17,119.8524,2023-06-01,2023-06-01
2023-06-01,DTWEXBGS,2023-05-18,120.3327,2023-06-01,2023-06-01
2023-06-01,DTWEXBGS,2023-05-19,120.0134,2023-06-01,2023-06-01
2023-06-01,DTWEXBGS,2023-05-22,120.3282,2023-06-01,2023-06-01
2023-06-01,DTWEXBGS,2023-05-23,120.558,2023-06-01,2023-06-01
2023-06-01,DTWEXBGS,2023-05-24,120.7176,2023-06-01,2023-06-01
2023-06-01,DTWEXBGS,2023-05-25,121.0812,2023-06-01,2023-06-01
2023-06-01,DTWEXBGS,2023-05-26,120.8713,2023-06-01,2023-06-01
2023-06-01,FEDFUNDS,2023-02-01,4.57,2023-06-01,2023-06-01
2023-06-01,FEDFUNDS,2023-03-01,4.65,2023-06-01,2023-06-01
2023-06-01,FEDFUNDS,2023-04-01,4.83,2023-06-01,2023-06-01
2023-06-01,FEDFUNDS,2023-05-01,5.06,2023-06-01,2023-06-01
2023-06-01,VIXCLS,2023-02-01,17.87,2023-06-01,2023-06-01
2023-06-01,VIXCLS,2023-02-02,18.73,2023-06-01,2023-06-01
2023-06-01,VIXCLS,2023-02-03,18.33,2023-06-01,2023-06-01
2023-06-01,VIXCLS,2023-02-06,19.43,2023-06-01,2023-06-01
2023-06-01,VIXCLS,2023-02-07,18.66,2023-06-01,2023-06-01
2023-06-01,VIXCLS,2023-02-08,19.63,2023-06-01,2023-06-01
2023-06-01,VIXCLS,2023-02-09,20.71,2023-06-01,2023-06-01
2023-06-01,VIXCLS,2023-02-10,20.53,2023-06-01,2023-06-01
2023-06-01,VIXCLS,2023-02-13,20.34,2023-06-01,2023-06-01
2023-06-01,VIXCLS,2023-02-14,18.91,2023-06-01,2023-06-01
2023-06-01,VIXCLS,2023-02-15,18.23,2023-06-01,2023-06-01
2023-06-01,VIXCLS,2023-02-16,20.17,2023-06-01,2023-06-01
2023-06-01,VIXCLS,2023-02-17,20.02,2023-06-01,2023-06-01
2023-06-01,VIXCLS,2023-02-20,21.23,2023-06-01,2023-06-01
2023-06-01,VIXCLS,2023-02-21,22.87,2023-06-01,2023-06-01
2023-06-01,VIXCLS,2023-02-22,22.29,2023-06-01,2023-06-01
2023-06-01,VIXCLS,2023-02-23,21.14,2023-06-01,2023-06-01
2023-06-01,VIXCLS,2023-02-24,21.67,2023-06-01,2023-06-01
2023-06-01,VIXCLS,2023-02-27,20.95,2023-06-01,2023-06-01
2023-06-01,VIXCLS,2023-02-28,20.7,2023-06-01,2023-06-01
2023-06-01,VIXCLS,2023-03-01,20.58,2023-06-01,2023-06-01
2023-06-01,VIXCLS,2023-03-02,19.59,2023-06-01,2023-06-01
2023-06-01,VIXCLS,2023-03-03,18.49,2023-06-01,2023-06-01
2023-06-01,VIXCLS,2023-03-06,18.61,2023-06-01,2023-06-01
2023-06-01,VIXCLS,2023-03-07,19.59,2023-06-01,2023-06-01
2023-06-01,VIXCLS,2023-03-08,19.11,2023-06-01,2023-06-01
2023-06-01,VIXCLS,2023-03-09,22.61,2023-06-01,2023-06-01
2023-06-01,VIXCLS,2023-03-10,24.8,2023-06-01,2023-06-01
2023-06-01,VIXCLS,2023-03-13,26.52,2023-06-01,2023-06-01
2023-06-01,VIXCLS,2023-03-14,23.73,2023-06-01,2023-06-01
2023-06-01,VIXCLS,2023-03-15,26.14,2023-06-01,2023-06-01
2023-06-01,VIXCLS,2023-03-16,22.99,2023-06-01,2023-06-01
2023-06-01,VIXCLS,2023-03-17,25.51,2023-06-01,2023-06-01
2023-06-01,VIXCLS,2023-03-20,24.15,2023-06-01,2023-06-01
2023-06-01,VIXCLS,2023-03-21,21.38,2023-06-01,2023-06-01
2023-06-01,VIXCLS,2023-03-22,22.26,2023-06-01,2023-06-01
2023-06-01,VIXCLS,2023-03-23,22.61,2023-06-01,2023-06-01
2023-06-01,VIXCLS,2023-03-24,21.74,2023-06-01,2023-06-01
2023-06-01,VIXCLS,2023-03-27,20.6,2023-06-01,2023-06-01
2023-06-01,VIXCLS,2023-03-28,19.97,2023-06-01,2023-06-01
2023-06-01,VIXCLS,2023-03-29,19.12,2023-06-01,2023-06-01
2023-06-01,VIXCLS,2023-03-30,19.02,2023-06-01,2023-06-01
2023-06-01,VIXCLS,2023-03-31,18.7,2023-06-01,2023-06-01
2023-06-01,VIXCLS,2023-04-03,18.55,2023-06-01,2023-06-01
2023-06-01,VIXCLS,2023-04-04,19,2023-06-01,2023-06-01
2023-06-01,VIXCLS,2023-04-05,19.08,2023-06-01,2023-06-01
2023-06-01,VIXCLS,2023-04-06,18.4,2023-06-01,2023-06-01
2023-06-01,VIXCLS,2023-04-10,18.97,2023-06-01,2023-06-01
2023-06-01,VIXCLS,2023-04-11,19.1,2023-06-01,2023-06-01
2023-06-01,VIXCLS,2023-04-12,19.09,2023-06-01,2023-06-01
2023-06-01,VIXCLS,2023-04-13,17.8,2023-06-01,2023-06-01
2023-06-01,VIXCLS,2023-04-14,17.07,2023-06-01,2023-06-01
2023-06-01,VIXCLS,2023-04-17,16.95,2023-06-01,2023-06-01
2023-06-01,VIXCLS,2023-04-18,16.83,2023-06-01,2023-06-01
2023-06-01,VIXCLS,2023-04-19,16.46,2023-06-01,2023-06-01
2023-06-01,VIXCLS,2023-04-20,17.17,2023-06-01,2023-06-01
2023-06-01,VIXCLS,2023-04-21,16.77,2023-06-01,2023-06-01
2023-06-01,VIXCLS,2023-04-24,16.89,2023-06-01,2023-06-01
2023-06-01,VIXCLS,2023-04-25,18.76,2023-06-01,2023-06-01
2023-06-01,VIXCLS,2023-04-26,18.84,2023-06-01,2023-06-01
2023-06-01,VIXCLS,2023-04-27,17.03,2023-06-01,2023-06-01
2023-06-01,VIXCLS,2023-04-28,15.78,2023-06-01,2023-06-01
2023-06-01,VIXCLS,2023-05-01,16.08,2023-06-01,2023-06-01
2023-06-01,VIXCLS,2023-05-02,17.78,2023-06-01,2023-06-01
2023-06-01,VIXCLS,2023-05-03,18.34,2023-06-01,2023-06-01
2023-06-01,VIXCLS,2023-05-04,20.09,2023-06-01,2023-06-01
2023-06-01,VIXCLS,2023-05-05,17.19,2023-06-01,2023-06-01
2023-06-01,VIXCLS,2023-05-08,16.98,2023-06-01,2023-06-01
2023-06-01,VIXCLS,2023-05-09,17.71,2023-06-01,2023-06-01
2023-06-01,VIXCLS,2023-05-10,16.94,2023-06-01,2023-06-01
2023-06-01,VIXCLS,2023-05-11,16.93,2023-06-01,2023-06-01
2023-06-01,VIXCLS,2023-05-12,17.03,2023-06-01,2023-06-01
2023-06-01,VIXCLS,2023-05-15,17.12,2023-06-01,2023-06-01
2023-06-01,VIXCLS,2023-05-16,17.99,2023-06-01,2023-06-01
2023-06-01,VIXCLS,2023-05-17,16.87,2023-06-01,2023-06-01
2023-06-01,VIXCLS,2023-05-18,16.05,2023-06-01,2023-06-01
2023-06-01,VIXCLS,2023-05-19,16.81,2023-06-01,2023-06-01
2023-06-01,VIXCLS,2023-05-22,17.21,2023-06-01,2023-06-01
2023-06-01,VIXCLS,2023-05-23,18.53,2023-06-01,2023-06-01
2023-06-01,VIXCLS,2023-05-24,20.03,2023-06-01,2023-06-01
2023-06-01,VIXCLS,2023-05-25,19.14,2023-06-01,2023-06-01
2023-06-01,VIXCLS,2023-05-26,17.95,2023-06-01,2023-06-01
2023-06-01,VIXCLS,2023-05-29,17.46,2023-06-01,2023-06-01
2023-06-01,VIXCLS,2023-05-30,17.46,2023-06-01,2023-06-01
2023-06-01,VIXCLS,2023-05-31,17.94,2023-06-01,2023-06-01
2023-07-01,CCUSMA02BRM618N,2023-03-01,5.21086087,2023-07-01,2023-07-01
2023-07-01,CCUSMA02BRM618N,2023-04-01,5.019133333,2023-07-01,2023-07-01
2023-07-01,CCUSMA02CLM618N,2023-03-01,807.3986696,2023-07-01,2023-07-01
2023-07-01,CCUSMA02CLM618N,2023-04-01,804.97701,2023-07-01,2023-07-01
2023-07-01,CCUSMA02CLM618N,2023-05-01,799.3510783,2023-07-01,2023-07-01
2023-07-01,CCUSMA02MXM618N,2023-03-01,18.32991217,2023-07-01,2023-07-01
2023-07-01,CCUSMA02MXM618N,2023-04-01,18.057974,2023-07-01,2023-07-01
2023-07-01,CCUSMA02MXM618N,2023-05-01,17.70276217,2023-07-01,2023-07-01
2023-07-01,DTWEXBGS,2023-03-01,120.6963,2023-07-01,2023-07-01
2023-07-01,DTWEXBGS,2023-03-02,121.1967,2023-07-01,2023-07-01
2023-07-01,DTWEXBGS,2023-03-03,120.8531,2023-07-01,2023-07-01
2023-07-01,DTWEXBGS,2023-03-06,120.5949,2023-07-01,2023-07-01
2023-07-01,DTWEXBGS,2023-03-07,121.5364,2023-07-01,2023-07-01
2023-07-01,DTWEXBGS,2023-03-08,121.5306,2023-07-01,2023-07-01
2023-07-01,DTWEXBGS,2023-03-09,121.5307,2023-07-01,2023-07-01
2023-07-01,DTWEXBGS,2023-03-10,121.2924,2023-07-01,2023-07-01
2023-07-01,DTWEXBGS,2023-03-13,120.8944,2023-07-01,2023-07-01
2023-07-01,DTWEXBGS,2023-03-14,121.0358,2023-07-01,2023-07-01
2023-07-01,DTWEXBGS,2023-03-15,122.0832,2023-07-01,2023-07-01
2023-07-01,DTWEXBGS,2023-03-16,121.7344,2023-07-01,2023-07-01
2023-07-01,DTWEXBGS,2023-03-17,121.5752,2023-07-01,2023-07-01
2023-07-01,DTWEXBGS,2023-03-20,121.0546,2023-07-01,2023-07-01
2023-07-01,DTWEXBGS,2023-03-21,120.9481,2023-07-01,2023-07-01
2023-07-01,DTWEXBGS,2023-03-22,120.6877,2023-07-01,2023-07-01
2023-07-01,DTWEXBGS,2023-03-23,119.809,2023-07-01,2023-07-01
2023-07-01,DTWEXBGS,2023-03-24,120.503,2023-07-01,2023-07-01
2023-07-01,DTWEXBGS,2023-03-27,120.3227,2023-07-01,2023-07-01
2023-07-01,DTWEXBGS,2023-03-28,119.8059,2023-07-01,2023-07-01
2023-07-01,DTWEXBGS,2023-03-29,119.8398,2023-07-01,2023-07-01
2023-07-01,DTWEXBGS,2023-03-30,119.5304,2023-07-01,2023-07-01
2023-07-01,DTWEXBGS,2023-03-31,119.4828,2023-07-01,2023-07-01
2023-07-01,DTWEXBGS,2023-04-03,119.4623,2023-07-01,2023-07-01
2023-07-01,DTWEXBGS,2023-04-04,119.2988,2023-07-01,2023-07-01
2023-07-01,DTWEXBGS,2023-04-05,119.4385,2023-07-01,2023-07-01
2023-07-01,DTWEXBGS,2023-04-06,119.4597,2023-07-01,2023-07-01
2023-07-01,DTWEXBGS,2023-04-07,119.5033,2023-07-01,2023-07-01
2023-07-01,DTWEXBGS,2023-04-10,119.9292,2023-07-01,2023-07-01
2023-07-01,DTWEXBGS,2023-04-11,119.6822,2023-07-01,2023-07-01
2023-07-01,DTWEXBGS,2023-04-12,119.1829,2023-07-01,2023-07-01
2023-07-01,DTWEXBGS,2023-04-13,118.5922,2023-07-01,2023-07-01
2023-07-01,DTWEXBGS,2023-04-14,119.0301,2023-07-01,2023-07-01
2023-07-01,DTWEXBGS,2023-04-17,119.4406,2023-07-01,2023-07-01
2023-07-01,DTWEXBGS,2023-04-18,119.2797,2023-07-01,2023-07-01
2023-07-01,DTWEXBGS,2023-04-19,119.4828,2023-07-01,2023-07-01
2023-07-01,DTWEXBGS,2023-04-20,119.2958,2023-07-01,2023-07-01
2023-07-01,DTWEXBGS,2023-04-21,119.4921,2023-07-01,2023-07-01
2023-07-01,DTWEXBGS,2023-04-24,119.3979,2023-07-01,2023-07-01
2023-07-01,DTWEXBGS,2023-04-25,119.8047,2023-07-01,2023-07-01
2023-07-01,DTWEXBGS,2023-04-26,119.5323,2023-07-01,2023-07-01
2023-07-01,DTWEXBGS,2023-04-27,119.6293,2023-07-01,2023-07-01
2023-07-01,DTWEXBGS,2023-04-28,119.4312,2023-07-01,2023-07-01
2023-07-01,DTWEXBGS,2023-05-01,119.6311,2023-07-01,2023-07-01
2023-07-01,DTWEXBGS,2023-05-02,119.8009,2023-07-01,2023-07-01
2023-07-01,DTWEXBGS,2023-05-03,119.3301,2023-07-01,2023-07-01
2023-07-01,DTWEXBGS,2023-05-04,119.2332,2023-07-01,2023-07-01
2023-07-01,DTWEXBGS,2023-05-05,118.7707,2023-07-01,2023-07-01
2023-07-01,DTWEXBGS,2023-05-08,118.7938,2023-07-01,2023-07-01
2023-07-01,DTWEXBGS,2023-05-09,119.0325,2023-07-01,2023-07-01
2023-07-01,DTWEXBGS,2023-05-10,118.8055,2023-07-01,2023-07-01
2023-07-01,DTWEXBGS,2023-05-11,119.2363,2023-07-01,2023-07-01
2023-07-01,DTWEXBGS,2023-05-12,119.568,2023-07-01,2023-07-01
2023-07-01,DTWEXBGS,2023-05-15,119.3891,2023-07-01,2023-07-01
2023-07-01,DTWEXBGS,2023-05-16,119.4266,2023-07-01,2023-07-01
2023-07-01,DTWEXBGS,2023-05-17,119.8524,2023-07-01,2023-07-01
2023-07-01,DTWEXBGS,2023-05-18,120.3327,2023-07-01,2023-07-01
2023-07-01,DTWEXBGS,2023-05-19,120.0134,2023-07-01,2023-07-01
2023-07-01,DTWEXBGS,2023-05-22,120.3282,2023-07-01,2023-07-01
2023-07-01,DTWEXBGS,2023-05-23,120.558,2023-07-01,2023-07-01
2023-07-01,DTWEXBGS,2023-05-24,120.7176,2023-07-01,2023-07-01
2023-07-01,DTWEXBGS,2023-05-25,121.0812,2023-07-01,2023-07-01
2023-07-01,DTWEXBGS,2023-05-26,120.8713,2023-07-01,2023-07-01
2023-07-01,DTWEXBGS,2023-05-30,120.8136,2023-07-01,2023-07-01
2023-07-01,DTWEXBGS,2023-05-31,121.2284,2023-07-01,2023-07-01
2023-07-01,DTWEXBGS,2023-06-01,120.3486,2023-07-01,2023-07-01
2023-07-01,DTWEXBGS,2023-06-02,120.2952,2023-07-01,2023-07-01
2023-07-01,DTWEXBGS,2023-06-05,120.3057,2023-07-01,2023-07-01
2023-07-01,DTWEXBGS,2023-06-06,120.2859,2023-07-01,2023-07-01
2023-07-01,DTWEXBGS,2023-06-07,120.1906,2023-07-01,2023-07-01
2023-07-01,DTWEXBGS,2023-06-08,119.9089,2023-07-01,2023-07-01
2023-07-01,DTWEXBGS,2023-06-09,119.7892,2023-07-01,2023-07-01
2023-07-01,DTWEXBGS,2023-06-12,120.0069,2023-07-01,2023-07-01
2023-07-01,DTWEXBGS,2023-06-13,119.5948,2023-07-01,2023-07-01
2023-07-01,DTWEXBGS,2023-06-14,119.1992,2023-07-01,2023-07-01
2023-07-01,DTWEXBGS,2023-06-15,118.981,2023-07-01,2023-07-01
2023-07-01,DTWEXBGS,2023-06-16,118.8586,2023-07-01,2023-07-01
2023-07-01,DTWEXBGS,2023-06-20,119.3937,2023-07-01,2023-07-01
2023-07-01,DTWEXBGS,2023-06-21,119.1943,2023-07-01,2023-07-01
2023-07-01,DTWEXBGS,2023-06-22,119.2259,2023-07-01,2023-07-01
2023-07-01,DTWEXBGS,2023-06-23,119.6068,2023-07-01,2023-07-01
2023-07-01,FEDFUNDS,2023-03-01,4.65,2023-07-01,2023-07-01
2023-07-01,FEDFUNDS,2023-04-01,4.83,2023-07-01,2023-07-01
2023-07-01,FEDFUNDS,2023-05-01,5.06,2023-07-01,2023-07-01
2023-07-01,VIXCLS,2023-03-01,20.58,2023-07-01,2023-07-01
2023-07-01,VIXCLS,2023-03-02,19.59,2023-07-01,2023-07-01
2023-07-01,VIXCLS,2023-03-03,18.49,2023-07-01,2023-07-01
2023-07-01,VIXCLS,2023-03-06,18.61,2023-07-01,2023-07-01
2023-07-01,VIXCLS,2023-03-07,19.59,2023-07-01,2023-07-01
2023-07-01,VIXCLS,2023-03-08,19.11,2023-07-01,2023-07-01
2023-07-01,VIXCLS,2023-03-09,22.61,2023-07-01,2023-07-01
2023-07-01,VIXCLS,2023-03-10,24.8,2023-07-01,2023-07-01
2023-07-01,VIXCLS,2023-03-13,26.52,2023-07-01,2023-07-01
2023-07-01,VIXCLS,2023-03-14,23.73,2023-07-01,2023-07-01
2023-07-01,VIXCLS,2023-03-15,26.14,2023-07-01,2023-07-01
2023-07-01,VIXCLS,2023-03-16,22.99,2023-07-01,2023-07-01
2023-07-01,VIXCLS,2023-03-17,25.51,2023-07-01,2023-07-01
2023-07-01,VIXCLS,2023-03-20,24.15,2023-07-01,2023-07-01
2023-07-01,VIXCLS,2023-03-21,21.38,2023-07-01,2023-07-01
2023-07-01,VIXCLS,2023-03-22,22.26,2023-07-01,2023-07-01
2023-07-01,VIXCLS,2023-03-23,22.61,2023-07-01,2023-07-01
2023-07-01,VIXCLS,2023-03-24,21.74,2023-07-01,2023-07-01
2023-07-01,VIXCLS,2023-03-27,20.6,2023-07-01,2023-07-01
2023-07-01,VIXCLS,2023-03-28,19.97,2023-07-01,2023-07-01
2023-07-01,VIXCLS,2023-03-29,19.12,2023-07-01,2023-07-01
2023-07-01,VIXCLS,2023-03-30,19.02,2023-07-01,2023-07-01
2023-07-01,VIXCLS,2023-03-31,18.7,2023-07-01,2023-07-01
2023-07-01,VIXCLS,2023-04-03,18.55,2023-07-01,2023-07-01
2023-07-01,VIXCLS,2023-04-04,19,2023-07-01,2023-07-01
2023-07-01,VIXCLS,2023-04-05,19.08,2023-07-01,2023-07-01
2023-07-01,VIXCLS,2023-04-06,18.4,2023-07-01,2023-07-01
2023-07-01,VIXCLS,2023-04-10,18.97,2023-07-01,2023-07-01
2023-07-01,VIXCLS,2023-04-11,19.1,2023-07-01,2023-07-01
2023-07-01,VIXCLS,2023-04-12,19.09,2023-07-01,2023-07-01
2023-07-01,VIXCLS,2023-04-13,17.8,2023-07-01,2023-07-01
2023-07-01,VIXCLS,2023-04-14,17.07,2023-07-01,2023-07-01
2023-07-01,VIXCLS,2023-04-17,16.95,2023-07-01,2023-07-01
2023-07-01,VIXCLS,2023-04-18,16.83,2023-07-01,2023-07-01
2023-07-01,VIXCLS,2023-04-19,16.46,2023-07-01,2023-07-01
2023-07-01,VIXCLS,2023-04-20,17.17,2023-07-01,2023-07-01
2023-07-01,VIXCLS,2023-04-21,16.77,2023-07-01,2023-07-01
2023-07-01,VIXCLS,2023-04-24,16.89,2023-07-01,2023-07-01
2023-07-01,VIXCLS,2023-04-25,18.76,2023-07-01,2023-07-01
2023-07-01,VIXCLS,2023-04-26,18.84,2023-07-01,2023-07-01
2023-07-01,VIXCLS,2023-04-27,17.03,2023-07-01,2023-07-01
2023-07-01,VIXCLS,2023-04-28,15.78,2023-07-01,2023-07-01
2023-07-01,VIXCLS,2023-05-01,16.08,2023-07-01,2023-07-01
2023-07-01,VIXCLS,2023-05-02,17.78,2023-07-01,2023-07-01
2023-07-01,VIXCLS,2023-05-03,18.34,2023-07-01,2023-07-01
2023-07-01,VIXCLS,2023-05-04,20.09,2023-07-01,2023-07-01
2023-07-01,VIXCLS,2023-05-05,17.19,2023-07-01,2023-07-01
2023-07-01,VIXCLS,2023-05-08,16.98,2023-07-01,2023-07-01
2023-07-01,VIXCLS,2023-05-09,17.71,2023-07-01,2023-07-01
2023-07-01,VIXCLS,2023-05-10,16.94,2023-07-01,2023-07-01
2023-07-01,VIXCLS,2023-05-11,16.93,2023-07-01,2023-07-01
2023-07-01,VIXCLS,2023-05-12,17.03,2023-07-01,2023-07-01
2023-07-01,VIXCLS,2023-05-15,17.12,2023-07-01,2023-07-01
2023-07-01,VIXCLS,2023-05-16,17.99,2023-07-01,2023-07-01
2023-07-01,VIXCLS,2023-05-17,16.87,2023-07-01,2023-07-01
2023-07-01,VIXCLS,2023-05-18,16.05,2023-07-01,2023-07-01
2023-07-01,VIXCLS,2023-05-19,16.81,2023-07-01,2023-07-01
2023-07-01,VIXCLS,2023-05-22,17.21,2023-07-01,2023-07-01
2023-07-01,VIXCLS,2023-05-23,18.53,2023-07-01,2023-07-01
2023-07-01,VIXCLS,2023-05-24,20.03,2023-07-01,2023-07-01
2023-07-01,VIXCLS,2023-05-25,19.14,2023-07-01,2023-07-01
2023-07-01,VIXCLS,2023-05-26,17.95,2023-07-01,2023-07-01
2023-07-01,VIXCLS,2023-05-29,17.46,2023-07-01,2023-07-01
2023-07-01,VIXCLS,2023-05-30,17.46,2023-07-01,2023-07-01
2023-07-01,VIXCLS,2023-05-31,17.94,2023-07-01,2023-07-01
2023-07-01,VIXCLS,2023-06-01,15.65,2023-07-01,2023-07-01
2023-07-01,VIXCLS,2023-06-02,14.6,2023-07-01,2023-07-01
2023-07-01,VIXCLS,2023-06-05,14.73,2023-07-01,2023-07-01
2023-07-01,VIXCLS,2023-06-06,13.96,2023-07-01,2023-07-01
2023-07-01,VIXCLS,2023-06-07,13.94,2023-07-01,2023-07-01
2023-07-01,VIXCLS,2023-06-08,13.65,2023-07-01,2023-07-01
2023-07-01,VIXCLS,2023-06-09,13.83,2023-07-01,2023-07-01
2023-07-01,VIXCLS,2023-06-12,15.01,2023-07-01,2023-07-01
2023-07-01,VIXCLS,2023-06-13,14.61,2023-07-01,2023-07-01
2023-07-01,VIXCLS,2023-06-14,13.88,2023-07-01,2023-07-01
2023-07-01,VIXCLS,2023-06-15,14.5,2023-07-01,2023-07-01
2023-07-01,VIXCLS,2023-06-16,13.54,2023-07-01,2023-07-01
2023-07-01,VIXCLS,2023-06-19,14.19,2023-07-01,2023-07-01
2023-07-01,VIXCLS,2023-06-20,13.88,2023-07-01,2023-07-01
2023-07-01,VIXCLS,2023-06-21,13.2,2023-07-01,2023-07-01
2023-07-01,VIXCLS,2023-06-22,12.91,2023-07-01,2023-07-01
2023-07-01,VIXCLS,2023-06-23,13.44,2023-07-01,2023-07-01
2023-07-01,VIXCLS,2023-06-26,14.25,2023-07-01,2023-07-01
2023-07-01,VIXCLS,2023-06-27,13.74,2023-07-01,2023-07-01
2023-07-01,VIXCLS,2023-06-28,13.43,2023-07-01,2023-07-01
2023-07-01,VIXCLS,2023-06-29,13.54,2023-07-01,2023-07-01
2023-07-01,VIXCLS,2023-06-30,13.59,2023-07-01,2023-07-01
2023-08-01,CCUSMA02BRM618N,2023-04-01,5.019133333,2023-08-01,2023-08-01
2023-08-01,CCUSMA02BRM618N,2023-05-01,4.982240909,2023-08-01,2023-08-01
2023-08-01,CCUSMA02CLM618N,2023-04-01,804.97701,2023-08-01,2023-08-01
2023-08-01,CCUSMA02CLM618N,2023-05-01,799.3510783,2023-08-01,2023-08-01
2023-08-01,CCUSMA02CLM618N,2023-06-01,799.5101955,2023-08-01,2023-08-01
2023-08-01,CCUSMA02MXM618N,2023-04-01,18.057974,2023-08-01,2023-08-01
2023-08-01,CCUSMA02MXM618N,2023-05-01,17.70276217,2023-08-01,2023-08-01
2023-08-01,CCUSMA02MXM618N,2023-06-01,17.20136636,2023-08-01,2023-08-01
2023-08-01,DTWEXBGS,2023-04-03,119.4623,2023-08-01,2023-08-01
2023-08-01,DTWEXBGS,2023-04-04,119.2988,2023-08-01,2023-08-01
2023-08-01,DTWEXBGS,2023-04-05,119.4385,2023-08-01,2023-08-01
2023-08-01,DTWEXBGS,2023-04-06,119.4597,2023-08-01,2023-08-01
2023-08-01,DTWEXBGS,2023-04-07,119.5033,2023-08-01,2023-08-01
2023-08-01,DTWEXBGS,2023-04-10,119.9292,2023-08-01,2023-08-01
2023-08-01,DTWEXBGS,2023-04-11,119.6822,2023-08-01,2023-08-01
2023-08-01,DTWEXBGS,2023-04-12,119.1829,2023-08-01,2023-08-01
2023-08-01,DTWEXBGS,2023-04-13,118.5922,2023-08-01,2023-08-01
2023-08-01,DTWEXBGS,2023-04-14,119.0301,2023-08-01,2023-08-01
2023-08-01,DTWEXBGS,2023-04-17,119.4406,2023-08-01,2023-08-01
2023-08-01,DTWEXBGS,2023-04-18,119.2797,2023-08-01,2023-08-01
2023-08-01,DTWEXBGS,2023-04-19,119.4828,2023-08-01,2023-08-01
2023-08-01,DTWEXBGS,2023-04-20,119.2958,2023-08-01,2023-08-01
2023-08-01,DTWEXBGS,2023-04-21,119.4921,2023-08-01,2023-08-01
2023-08-01,DTWEXBGS,2023-04-24,119.3979,2023-08-01,2023-08-01
2023-08-01,DTWEXBGS,2023-04-25,119.8047,2023-08-01,2023-08-01
2023-08-01,DTWEXBGS,2023-04-26,119.5323,2023-08-01,2023-08-01
2023-08-01,DTWEXBGS,2023-04-27,119.6293,2023-08-01,2023-08-01
2023-08-01,DTWEXBGS,2023-04-28,119.4312,2023-08-01,2023-08-01
2023-08-01,DTWEXBGS,2023-05-01,119.6311,2023-08-01,2023-08-01
2023-08-01,DTWEXBGS,2023-05-02,119.8009,2023-08-01,2023-08-01
2023-08-01,DTWEXBGS,2023-05-03,119.3301,2023-08-01,2023-08-01
2023-08-01,DTWEXBGS,2023-05-04,119.2332,2023-08-01,2023-08-01
2023-08-01,DTWEXBGS,2023-05-05,118.7707,2023-08-01,2023-08-01
2023-08-01,DTWEXBGS,2023-05-08,118.7938,2023-08-01,2023-08-01
2023-08-01,DTWEXBGS,2023-05-09,119.0325,2023-08-01,2023-08-01
2023-08-01,DTWEXBGS,2023-05-10,118.8055,2023-08-01,2023-08-01
2023-08-01,DTWEXBGS,2023-05-11,119.2363,2023-08-01,2023-08-01
2023-08-01,DTWEXBGS,2023-05-12,119.568,2023-08-01,2023-08-01
2023-08-01,DTWEXBGS,2023-05-15,119.3891,2023-08-01,2023-08-01
2023-08-01,DTWEXBGS,2023-05-16,119.4266,2023-08-01,2023-08-01
2023-08-01,DTWEXBGS,2023-05-17,119.8524,2023-08-01,2023-08-01
2023-08-01,DTWEXBGS,2023-05-18,120.3327,2023-08-01,2023-08-01
2023-08-01,DTWEXBGS,2023-05-19,120.0134,2023-08-01,2023-08-01
2023-08-01,DTWEXBGS,2023-05-22,120.3282,2023-08-01,2023-08-01
2023-08-01,DTWEXBGS,2023-05-23,120.558,2023-08-01,2023-08-01
2023-08-01,DTWEXBGS,2023-05-24,120.7176,2023-08-01,2023-08-01
2023-08-01,DTWEXBGS,2023-05-25,121.0812,2023-08-01,2023-08-01
2023-08-01,DTWEXBGS,2023-05-26,120.8713,2023-08-01,2023-08-01
2023-08-01,DTWEXBGS,2023-05-30,120.8136,2023-08-01,2023-08-01
2023-08-01,DTWEXBGS,2023-05-31,121.2284,2023-08-01,2023-08-01
2023-08-01,DTWEXBGS,2023-06-01,120.3486,2023-08-01,2023-08-01
2023-08-01,DTWEXBGS,2023-06-02,120.2952,2023-08-01,2023-08-01
2023-08-01,DTWEXBGS,2023-06-05,120.3057,2023-08-01,2023-08-01
2023-08-01,DTWEXBGS,2023-06-06,120.2859,2023-08-01,2023-08-01
2023-08-01,DTWEXBGS,2023-06-07,120.1906,2023-08-01,2023-08-01
2023-08-01,DTWEXBGS,2023-06-08,119.9089,2023-08-01,2023-08-01
2023-08-01,DTWEXBGS,2023-06-09,119.7892,2023-08-01,2023-08-01
2023-08-01,DTWEXBGS,2023-06-12,120.0069,2023-08-01,2023-08-01
2023-08-01,DTWEXBGS,2023-06-13,119.5948,2023-08-01,2023-08-01
2023-08-01,DTWEXBGS,2023-06-14,119.1992,2023-08-01,2023-08-01
2023-08-01,DTWEXBGS,2023-06-15,118.981,2023-08-01,2023-08-01
2023-08-01,DTWEXBGS,2023-06-16,118.8586,2023-08-01,2023-08-01
2023-08-01,DTWEXBGS,2023-06-20,119.3937,2023-08-01,2023-08-01
2023-08-01,DTWEXBGS,2023-06-21,119.1943,2023-08-01,2023-08-01
2023-08-01,DTWEXBGS,2023-06-22,119.2259,2023-08-01,2023-08-01
2023-08-01,DTWEXBGS,2023-06-23,119.6068,2023-08-01,2023-08-01
2023-08-01,DTWEXBGS,2023-06-26,119.5728,2023-08-01,2023-08-01
2023-08-01,DTWEXBGS,2023-06-27,119.3992,2023-08-01,2023-08-01
2023-08-01,DTWEXBGS,2023-06-28,119.8396,2023-08-01,2023-08-01
2023-08-01,DTWEXBGS,2023-06-29,120.0324,2023-08-01,2023-08-01
2023-08-01,DTWEXBGS,2023-06-30,119.8885,2023-08-01,2023-08-01
2023-08-01,DTWEXBGS,2023-07-03,119.7385,2023-08-01,2023-08-01
2023-08-01,DTWEXBGS,2023-07-05,119.873,2023-08-01,2023-08-01
2023-08-01,DTWEXBGS,2023-07-06,120.325,2023-08-01,2023-08-01
2023-08-01,DTWEXBGS,2023-07-07,119.6019,2023-08-01,2023-08-01
2023-08-01,DTWEXBGS,2023-07-10,119.4908,2023-08-01,2023-08-01
2023-08-01,DTWEXBGS,2023-07-11,119.2556,2023-08-01,2023-08-01
2023-08-01,DTWEXBGS,2023-07-12,118.1838,2023-08-01,2023-08-01
2023-08-01,DTWEXBGS,2023-07-13,117.7307,2023-08-01,2023-08-01
2023-08-01,DTWEXBGS,2023-07-14,117.5952,2023-08-01,2023-08-01
2023-08-01,DTWEXBGS,2023-07-17,117.6944,2023-08-01,2023-08-01
2023-08-01,DTWEXBGS,2023-07-18,117.5985,2023-08-01,2023-08-01
2023-08-01,DTWEXBGS,2023-07-19,117.9361,2023-08-01,2023-08-01
2023-08-01,DTWEXBGS,2023-07-20,118.1357,2023-08-01,2023-08-01
2023-08-01,DTWEXBGS,2023-07-21,118.4822,2023-08-01,2023-08-01
2023-08-01,DTWEXBGS,2023-07-24,118.3569,2023-08-01,2023-08-01
2023-08-01,DTWEXBGS,2023-07-25,118.3581,2023-08-01,2023-08-01
2023-08-01,DTWEXBGS,2023-07-26,118.273,2023-08-01,2023-08-01
2023-08-01,DTWEXBGS,2023-07-27,118.4167,2023-08-01,2023-08-01
2023-08-01,DTWEXBGS,2023-07-28,118.311,2023-08-01,2023-08-01
2023-08-01,FEDFUNDS,2023-04-01,4.83,2023-08-01,2023-08-01
2023-08-01,FEDFUNDS,2023-05-01,5.06,2023-08-01,2023-08-01
2023-08-01,FEDFUNDS,2023-06-01,5.08,2023-08-01,2023-08-01
2023-08-01,FEDFUNDS,2023-07-01,5.12,2023-08-01,2023-08-01
2023-08-01,VIXCLS,2023-04-03,18.55,2023-08-01,2023-08-01
2023-08-01,VIXCLS,2023-04-04,19,2023-08-01,2023-08-01
2023-08-01,VIXCLS,2023-04-05,19.08,2023-08-01,2023-08-01
2023-08-01,VIXCLS,2023-04-06,18.4,2023-08-01,2023-08-01
2023-08-01,VIXCLS,2023-04-10,18.97,2023-08-01,2023-08-01
2023-08-01,VIXCLS,2023-04-11,19.1,2023-08-01,2023-08-01
2023-08-01,VIXCLS,2023-04-12,19.09,2023-08-01,2023-08-01
2023-08-01,VIXCLS,2023-04-13,17.8,2023-08-01,2023-08-01
2023-08-01,VIXCLS,2023-04-14,17.07,2023-08-01,2023-08-01
2023-08-01,VIXCLS,2023-04-17,16.95,2023-08-01,2023-08-01
2023-08-01,VIXCLS,2023-04-18,16.83,2023-08-01,2023-08-01
2023-08-01,VIXCLS,2023-04-19,16.46,2023-08-01,2023-08-01
2023-08-01,VIXCLS,2023-04-20,17.17,2023-08-01,2023-08-01
2023-08-01,VIXCLS,2023-04-21,16.77,2023-08-01,2023-08-01
2023-08-01,VIXCLS,2023-04-24,16.89,2023-08-01,2023-08-01
2023-08-01,VIXCLS,2023-04-25,18.76,2023-08-01,2023-08-01
2023-08-01,VIXCLS,2023-04-26,18.84,2023-08-01,2023-08-01
2023-08-01,VIXCLS,2023-04-27,17.03,2023-08-01,2023-08-01
2023-08-01,VIXCLS,2023-04-28,15.78,2023-08-01,2023-08-01
2023-08-01,VIXCLS,2023-05-01,16.08,2023-08-01,2023-08-01
2023-08-01,VIXCLS,2023-05-02,17.78,2023-08-01,2023-08-01
2023-08-01,VIXCLS,2023-05-03,18.34,2023-08-01,2023-08-01
2023-08-01,VIXCLS,2023-05-04,20.09,2023-08-01,2023-08-01
2023-08-01,VIXCLS,2023-05-05,17.19,2023-08-01,2023-08-01
2023-08-01,VIXCLS,2023-05-08,16.98,2023-08-01,2023-08-01
2023-08-01,VIXCLS,2023-05-09,17.71,2023-08-01,2023-08-01
2023-08-01,VIXCLS,2023-05-10,16.94,2023-08-01,2023-08-01
2023-08-01,VIXCLS,2023-05-11,16.93,2023-08-01,2023-08-01
2023-08-01,VIXCLS,2023-05-12,17.03,2023-08-01,2023-08-01
2023-08-01,VIXCLS,2023-05-15,17.12,2023-08-01,2023-08-01
2023-08-01,VIXCLS,2023-05-16,17.99,2023-08-01,2023-08-01
2023-08-01,VIXCLS,2023-05-17,16.87,2023-08-01,2023-08-01
2023-08-01,VIXCLS,2023-05-18,16.05,2023-08-01,2023-08-01
2023-08-01,VIXCLS,2023-05-19,16.81,2023-08-01,2023-08-01
2023-08-01,VIXCLS,2023-05-22,17.21,2023-08-01,2023-08-01
2023-08-01,VIXCLS,2023-05-23,18.53,2023-08-01,2023-08-01
2023-08-01,VIXCLS,2023-05-24,20.03,2023-08-01,2023-08-01
2023-08-01,VIXCLS,2023-05-25,19.14,2023-08-01,2023-08-01
2023-08-01,VIXCLS,2023-05-26,17.95,2023-08-01,2023-08-01
2023-08-01,VIXCLS,2023-05-29,17.46,2023-08-01,2023-08-01
2023-08-01,VIXCLS,2023-05-30,17.46,2023-08-01,2023-08-01
2023-08-01,VIXCLS,2023-05-31,17.94,2023-08-01,2023-08-01
2023-08-01,VIXCLS,2023-06-01,15.65,2023-08-01,2023-08-01
2023-08-01,VIXCLS,2023-06-02,14.6,2023-08-01,2023-08-01
2023-08-01,VIXCLS,2023-06-05,14.73,2023-08-01,2023-08-01
2023-08-01,VIXCLS,2023-06-06,13.96,2023-08-01,2023-08-01
2023-08-01,VIXCLS,2023-06-07,13.94,2023-08-01,2023-08-01
2023-08-01,VIXCLS,2023-06-08,13.65,2023-08-01,2023-08-01
2023-08-01,VIXCLS,2023-06-09,13.83,2023-08-01,2023-08-01
2023-08-01,VIXCLS,2023-06-12,15.01,2023-08-01,2023-08-01
2023-08-01,VIXCLS,2023-06-13,14.61,2023-08-01,2023-08-01
2023-08-01,VIXCLS,2023-06-14,13.88,2023-08-01,2023-08-01
2023-08-01,VIXCLS,2023-06-15,14.5,2023-08-01,2023-08-01
2023-08-01,VIXCLS,2023-06-16,13.54,2023-08-01,2023-08-01
2023-08-01,VIXCLS,2023-06-19,14.19,2023-08-01,2023-08-01
2023-08-01,VIXCLS,2023-06-20,13.88,2023-08-01,2023-08-01
2023-08-01,VIXCLS,2023-06-21,13.2,2023-08-01,2023-08-01
2023-08-01,VIXCLS,2023-06-22,12.91,2023-08-01,2023-08-01
2023-08-01,VIXCLS,2023-06-23,13.44,2023-08-01,2023-08-01
2023-08-01,VIXCLS,2023-06-26,14.25,2023-08-01,2023-08-01
2023-08-01,VIXCLS,2023-06-27,13.74,2023-08-01,2023-08-01
2023-08-01,VIXCLS,2023-06-28,13.43,2023-08-01,2023-08-01
2023-08-01,VIXCLS,2023-06-29,13.54,2023-08-01,2023-08-01
2023-08-01,VIXCLS,2023-06-30,13.59,2023-08-01,2023-08-01
2023-08-01,VIXCLS,2023-07-03,13.57,2023-08-01,2023-08-01
2023-08-01,VIXCLS,2023-07-04,13.7,2023-08-01,2023-08-01
2023-08-01,VIXCLS,2023-07-05,14.18,2023-08-01,2023-08-01
2023-08-01,VIXCLS,2023-07-06,15.44,2023-08-01,2023-08-01
2023-08-01,VIXCLS,2023-07-07,14.83,2023-08-01,2023-08-01
2023-08-01,VIXCLS,2023-07-10,15.07,2023-08-01,2023-08-01
2023-08-01,VIXCLS,2023-07-11,14.84,2023-08-01,2023-08-01
2023-08-01,VIXCLS,2023-07-12,13.54,2023-08-01,2023-08-01
2023-08-01,VIXCLS,2023-07-13,13.61,2023-08-01,2023-08-01
2023-08-01,VIXCLS,2023-07-14,13.34,2023-08-01,2023-08-01
2023-08-01,VIXCLS,2023-07-17,13.48,2023-08-01,2023-08-01
2023-08-01,VIXCLS,2023-07-18,13.3,2023-08-01,2023-08-01
2023-08-01,VIXCLS,2023-07-19,13.76,2023-08-01,2023-08-01
2023-08-01,VIXCLS,2023-07-20,13.99,2023-08-01,2023-08-01
2023-08-01,VIXCLS,2023-07-21,13.6,2023-08-01,2023-08-01
2023-08-01,VIXCLS,2023-07-24,13.91,2023-08-01,2023-08-01
2023-08-01,VIXCLS,2023-07-25,13.86,2023-08-01,2023-08-01
2023-08-01,VIXCLS,2023-07-26,13.19,2023-08-01,2023-08-01
2023-08-01,VIXCLS,2023-07-27,14.41,2023-08-01,2023-08-01
2023-08-01,VIXCLS,2023-07-28,13.33,2023-08-01,2023-08-01
2023-08-01,VIXCLS,2023-07-31,13.63,2023-08-01,2023-08-01
2023-09-01,CCUSMA02BRM618N,2023-05-01,4.982240909,2023-09-01,2023-09-01
2023-09-01,CCUSMA02BRM618N,2023-06-01,4.850966667,2023-09-01,2023-09-01
2023-09-01,CCUSMA02CLM618N,2023-05-01,799.3510783,2023-09-01,2023-09-01
2023-09-01,CCUSMA02CLM618N,2023-06-01,799.5101955,2023-09-01,2023-09-01
2023-09-01,CCUSMA02CLM618N,2023-07-01,815.0168905,2023-09-01,2023-09-01
2023-09-01,CCUSMA02MXM618N,2023-05-01,17.70276217,2023-09-01,2023-09-01
2023-09-01,CCUSMA02MXM618N,2023-06-01,17.20136636,2023-09-01,2023-09-01
2023-09-01,CCUSMA02MXM618N,2023-07-01,16.86173762,2023-09-01,2023-09-01
2023-09-01,DTWEXBGS,2023-05-01,119.6311,2023-09-01,2023-09-01
2023-09-01,DTWEXBGS,2023-05-02,119.8009,2023-09-01,2023-09-01
2023-09-01,DTWEXBGS,2023-05-03,119.3301,2023-09-01,2023-09-01
2023-09-01,DTWEXBGS,2023-05-04,119.2332,2023-09-01,2023-09-01
2023-09-01,DTWEXBGS,2023-05-05,118.7707,2023-09-01,2023-09-01
2023-09-01,DTWEXBGS,2023-05-08,118.7938,2023-09-01,2023-09-01
2023-09-01,DTWEXBGS,2023-05-09,119.0325,2023-09-01,2023-09-01
2023-09-01,DTWEXBGS,2023-05-10,118.8055,2023-09-01,2023-09-01
2023-09-01,DTWEXBGS,2023-05-11,119.2363,2023-09-01,2023-09-01
2023-09-01,DTWEXBGS,2023-05-12,119.568,2023-09-01,2023-09-01
2023-09-01,DTWEXBGS,2023-05-15,119.3891,2023-09-01,2023-09-01
2023-09-01,DTWEXBGS,2023-05-16,119.4266,2023-09-01,2023-09-01
2023-09-01,DTWEXBGS,2023-05-17,119.8524,2023-09-01,2023-09-01
2023-09-01,DTWEXBGS,2023-05-18,120.3327,2023-09-01,2023-09-01
2023-09-01,DTWEXBGS,2023-05-19,120.0134,2023-09-01,2023-09-01
2023-09-01,DTWEXBGS,2023-05-22,120.3282,2023-09-01,2023-09-01
2023-09-01,DTWEXBGS,2023-05-23,120.558,2023-09-01,2023-09-01
2023-09-01,DTWEXBGS,2023-05-24,120.7176,2023-09-01,2023-09-01
2023-09-01,DTWEXBGS,2023-05-25,121.0812,2023-09-01,2023-09-01
2023-09-01,DTWEXBGS,2023-05-26,120.8713,2023-09-01,2023-09-01
2023-09-01,DTWEXBGS,2023-05-30,120.8136,2023-09-01,2023-09-01
2023-09-01,DTWEXBGS,2023-05-31,121.2284,2023-09-01,2023-09-01
2023-09-01,DTWEXBGS,2023-06-01,120.3486,2023-09-01,2023-09-01
2023-09-01,DTWEXBGS,2023-06-02,120.2952,2023-09-01,2023-09-01
2023-09-01,DTWEXBGS,2023-06-05,120.3057,2023-09-01,2023-09-01
2023-09-01,DTWEXBGS,2023-06-06,120.2859,2023-09-01,2023-09-01
2023-09-01,DTWEXBGS,2023-06-07,120.1906,2023-09-01,2023-09-01
2023-09-01,DTWEXBGS,2023-06-08,119.9089,2023-09-01,2023-09-01
2023-09-01,DTWEXBGS,2023-06-09,119.7892,2023-09-01,2023-09-01
2023-09-01,DTWEXBGS,2023-06-12,120.0069,2023-09-01,2023-09-01
2023-09-01,DTWEXBGS,2023-06-13,119.5948,2023-09-01,2023-09-01
2023-09-01,DTWEXBGS,2023-06-14,119.1992,2023-09-01,2023-09-01
2023-09-01,DTWEXBGS,2023-06-15,118.981,2023-09-01,2023-09-01
2023-09-01,DTWEXBGS,2023-06-16,118.8586,2023-09-01,2023-09-01
2023-09-01,DTWEXBGS,2023-06-20,119.3937,2023-09-01,2023-09-01
2023-09-01,DTWEXBGS,2023-06-21,119.1943,2023-09-01,2023-09-01
2023-09-01,DTWEXBGS,2023-06-22,119.2259,2023-09-01,2023-09-01
2023-09-01,DTWEXBGS,2023-06-23,119.6068,2023-09-01,2023-09-01
2023-09-01,DTWEXBGS,2023-06-26,119.5728,2023-09-01,2023-09-01
2023-09-01,DTWEXBGS,2023-06-27,119.3992,2023-09-01,2023-09-01
2023-09-01,DTWEXBGS,2023-06-28,119.8396,2023-09-01,2023-09-01
2023-09-01,DTWEXBGS,2023-06-29,120.0324,2023-09-01,2023-09-01
2023-09-01,DTWEXBGS,2023-06-30,119.8885,2023-09-01,2023-09-01
2023-09-01,DTWEXBGS,2023-07-03,119.7385,2023-09-01,2023-09-01
2023-09-01,DTWEXBGS,2023-07-05,119.873,2023-09-01,2023-09-01
2023-09-01,DTWEXBGS,2023-07-06,120.325,2023-09-01,2023-09-01
2023-09-01,DTWEXBGS,2023-07-07,119.6019,2023-09-01,2023-09-01
2023-09-01,DTWEXBGS,2023-07-10,119.4908,2023-09-01,2023-09-01
2023-09-01,DTWEXBGS,2023-07-11,119.2556,2023-09-01,2023-09-01
2023-09-01,DTWEXBGS,2023-07-12,118.1838,2023-09-01,2023-09-01
2023-09-01,DTWEXBGS,2023-07-13,117.7307,2023-09-01,2023-09-01
2023-09-01,DTWEXBGS,2023-07-14,117.5952,2023-09-01,2023-09-01
2023-09-01,DTWEXBGS,2023-07-17,117.6944,2023-09-01,2023-09-01
2023-09-01,DTWEXBGS,2023-07-18,117.5985,2023-09-01,2023-09-01
2023-09-01,DTWEXBGS,2023-07-19,117.9361,2023-09-01,2023-09-01
2023-09-01,DTWEXBGS,2023-07-20,118.1357,2023-09-01,2023-09-01
2023-09-01,DTWEXBGS,2023-07-21,118.4822,2023-09-01,2023-09-01
2023-09-01,DTWEXBGS,2023-07-24,118.3569,2023-09-01,2023-09-01
2023-09-01,DTWEXBGS,2023-07-25,118.3581,2023-09-01,2023-09-01
2023-09-01,DTWEXBGS,2023-07-26,118.273,2023-09-01,2023-09-01
2023-09-01,DTWEXBGS,2023-07-27,118.4167,2023-09-01,2023-09-01
2023-09-01,DTWEXBGS,2023-07-28,118.311,2023-09-01,2023-09-01
2023-09-01,DTWEXBGS,2023-07-31,118.3389,2023-09-01,2023-09-01
2023-09-01,DTWEXBGS,2023-08-01,119.0768,2023-09-01,2023-09-01
2023-09-01,DTWEXBGS,2023-08-02,119.6214,2023-09-01,2023-09-01
2023-09-01,DTWEXBGS,2023-08-03,119.859,2023-09-01,2023-09-01
2023-09-01,DTWEXBGS,2023-08-04,119.3321,2023-09-01,2023-09-01
2023-09-01,DTWEXBGS,2023-08-07,119.5933,2023-09-01,2023-09-01
2023-09-01,DTWEXBGS,2023-08-08,120.1516,2023-09-01,2023-09-01
2023-09-01,DTWEXBGS,2023-08-09,119.9972,2023-09-01,2023-09-01
2023-09-01,DTWEXBGS,2023-08-10,119.7033,2023-09-01,2023-09-01
2023-09-01,DTWEXBGS,2023-08-11,120.1754,2023-09-01,2023-09-01
2023-09-01,DTWEXBGS,2023-08-14,120.6118,2023-09-01,2023-09-01
2023-09-01,DTWEXBGS,2023-08-15,120.7552,2023-09-01,2023-09-01
2023-09-01,DTWEXBGS,2023-08-16,120.888,2023-09-01,2023-09-01
2023-09-01,DTWEXBGS,2023-08-17,121.0475,2023-09-01,2023-09-01
2023-09-01,DTWEXBGS,2023-08-18,120.9433,2023-09-01,2023-09-01
2023-09-01,DTWEXBGS,2023-08-21,120.979,2023-09-01,2023-09-01
2023-09-01,DTWEXBGS,2023-08-22,120.8849,2023-09-01,2023-09-01
2023-09-01,DTWEXBGS,2023-08-23,120.5617,2023-09-01,2023-09-01
2023-09-01,DTWEXBGS,2023-08-24,120.754,2023-09-01,2023-09-01
2023-09-01,DTWEXBGS,2023-08-25,121.0314,2023-09-01,2023-09-01
2023-09-01,FEDFUNDS,2023-05-01,5.06,2023-09-01,2023-09-01
2023-09-01,FEDFUNDS,2023-06-01,5.08,2023-09-01,2023-09-01
2023-09-01,FEDFUNDS,2023-07-01,5.12,2023-09-01,2023-09-01
2023-09-01,FEDFUNDS,2023-08-01,5.33,2023-09-01,2023-09-01
2023-09-01,VIXCLS,2023-05-01,16.08,2023-09-01,2023-09-01
2023-09-01,VIXCLS,2023-05-02,17.78,2023-09-01,2023-09-01
2023-09-01,VIXCLS,2023-05-03,18.34,2023-09-01,2023-09-01
2023-09-01,VIXCLS,2023-05-04,20.09,2023-09-01,2023-09-01
2023-09-01,VIXCLS,2023-05-05,17.19,2023-09-01,2023-09-01
2023-09-01,VIXCLS,2023-05-08,16.98,2023-09-01,2023-09-01
2023-09-01,VIXCLS,2023-05-09,17.71,2023-09-01,2023-09-01
2023-09-01,VIXCLS,2023-05-10,16.94,2023-09-01,2023-09-01
2023-09-01,VIXCLS,2023-05-11,16.93,2023-09-01,2023-09-01
2023-09-01,VIXCLS,2023-05-12,17.03,2023-09-01,2023-09-01
2023-09-01,VIXCLS,2023-05-15,17.12,2023-09-01,2023-09-01
2023-09-01,VIXCLS,2023-05-16,17.99,2023-09-01,2023-09-01
2023-09-01,VIXCLS,2023-05-17,16.87,2023-09-01,2023-09-01
2023-09-01,VIXCLS,2023-05-18,16.05,2023-09-01,2023-09-01
2023-09-01,VIXCLS,2023-05-19,16.81,2023-09-01,2023-09-01
2023-09-01,VIXCLS,2023-05-22,17.21,2023-09-01,2023-09-01
2023-09-01,VIXCLS,2023-05-23,18.53,2023-09-01,2023-09-01
2023-09-01,VIXCLS,2023-05-24,20.03,2023-09-01,2023-09-01
2023-09-01,VIXCLS,2023-05-25,19.14,2023-09-01,2023-09-01
2023-09-01,VIXCLS,2023-05-26,17.95,2023-09-01,2023-09-01
2023-09-01,VIXCLS,2023-05-29,17.46,2023-09-01,2023-09-01
2023-09-01,VIXCLS,2023-05-30,17.46,2023-09-01,2023-09-01
2023-09-01,VIXCLS,2023-05-31,17.94,2023-09-01,2023-09-01
2023-09-01,VIXCLS,2023-06-01,15.65,2023-09-01,2023-09-01
2023-09-01,VIXCLS,2023-06-02,14.6,2023-09-01,2023-09-01
2023-09-01,VIXCLS,2023-06-05,14.73,2023-09-01,2023-09-01
2023-09-01,VIXCLS,2023-06-06,13.96,2023-09-01,2023-09-01
2023-09-01,VIXCLS,2023-06-07,13.94,2023-09-01,2023-09-01
2023-09-01,VIXCLS,2023-06-08,13.65,2023-09-01,2023-09-01
2023-09-01,VIXCLS,2023-06-09,13.83,2023-09-01,2023-09-01
2023-09-01,VIXCLS,2023-06-12,15.01,2023-09-01,2023-09-01
2023-09-01,VIXCLS,2023-06-13,14.61,2023-09-01,2023-09-01
2023-09-01,VIXCLS,2023-06-14,13.88,2023-09-01,2023-09-01
2023-09-01,VIXCLS,2023-06-15,14.5,2023-09-01,2023-09-01
2023-09-01,VIXCLS,2023-06-16,13.54,2023-09-01,2023-09-01
2023-09-01,VIXCLS,2023-06-19,14.19,2023-09-01,2023-09-01
2023-09-01,VIXCLS,2023-06-20,13.88,2023-09-01,2023-09-01
2023-09-01,VIXCLS,2023-06-21,13.2,2023-09-01,2023-09-01
2023-09-01,VIXCLS,2023-06-22,12.91,2023-09-01,2023-09-01
2023-09-01,VIXCLS,2023-06-23,13.44,2023-09-01,2023-09-01
2023-09-01,VIXCLS,2023-06-26,14.25,2023-09-01,2023-09-01
2023-09-01,VIXCLS,2023-06-27,13.74,2023-09-01,2023-09-01
2023-09-01,VIXCLS,2023-06-28,13.43,2023-09-01,2023-09-01
2023-09-01,VIXCLS,2023-06-29,13.54,2023-09-01,2023-09-01
2023-09-01,VIXCLS,2023-06-30,13.59,2023-09-01,2023-09-01
2023-09-01,VIXCLS,2023-07-03,13.57,2023-09-01,2023-09-01
2023-09-01,VIXCLS,2023-07-04,13.7,2023-09-01,2023-09-01
2023-09-01,VIXCLS,2023-07-05,14.18,2023-09-01,2023-09-01
2023-09-01,VIXCLS,2023-07-06,15.44,2023-09-01,2023-09-01
2023-09-01,VIXCLS,2023-07-07,14.83,2023-09-01,2023-09-01
2023-09-01,VIXCLS,2023-07-10,15.07,2023-09-01,2023-09-01
2023-09-01,VIXCLS,2023-07-11,14.84,2023-09-01,2023-09-01
2023-09-01,VIXCLS,2023-07-12,13.54,2023-09-01,2023-09-01
2023-09-01,VIXCLS,2023-07-13,13.61,2023-09-01,2023-09-01
2023-09-01,VIXCLS,2023-07-14,13.34,2023-09-01,2023-09-01
2023-09-01,VIXCLS,2023-07-17,13.48,2023-09-01,2023-09-01
2023-09-01,VIXCLS,2023-07-18,13.3,2023-09-01,2023-09-01
2023-09-01,VIXCLS,2023-07-19,13.76,2023-09-01,2023-09-01
2023-09-01,VIXCLS,2023-07-20,13.99,2023-09-01,2023-09-01
2023-09-01,VIXCLS,2023-07-21,13.6,2023-09-01,2023-09-01
2023-09-01,VIXCLS,2023-07-24,13.91,2023-09-01,2023-09-01
2023-09-01,VIXCLS,2023-07-25,13.86,2023-09-01,2023-09-01
2023-09-01,VIXCLS,2023-07-26,13.19,2023-09-01,2023-09-01
2023-09-01,VIXCLS,2023-07-27,14.41,2023-09-01,2023-09-01
2023-09-01,VIXCLS,2023-07-28,13.33,2023-09-01,2023-09-01
2023-09-01,VIXCLS,2023-07-31,13.63,2023-09-01,2023-09-01
2023-09-01,VIXCLS,2023-08-01,13.93,2023-09-01,2023-09-01
2023-09-01,VIXCLS,2023-08-02,16.09,2023-09-01,2023-09-01
2023-09-01,VIXCLS,2023-08-03,15.92,2023-09-01,2023-09-01
2023-09-01,VIXCLS,2023-08-04,17.1,2023-09-01,2023-09-01
2023-09-01,VIXCLS,2023-08-07,15.77,2023-09-01,2023-09-01
2023-09-01,VIXCLS,2023-08-08,15.99,2023-09-01,2023-09-01
2023-09-01,VIXCLS,2023-08-09,15.96,2023-09-01,2023-09-01
2023-09-01,VIXCLS,2023-08-10,15.85,2023-09-01,2023-09-01
2023-09-01,VIXCLS,2023-08-11,14.84,2023-09-01,2023-09-01
2023-09-01,VIXCLS,2023-08-14,14.82,2023-09-01,2023-09-01
2023-09-01,VIXCLS,2023-08-15,16.46,2023-09-01,2023-09-01
2023-09-01,VIXCLS,2023-08-16,16.78,2023-09-01,2023-09-01
2023-09-01,VIXCLS,2023-08-17,17.89,2023-09-01,2023-09-01
2023-09-01,VIXCLS,2023-08-18,17.3,2023-09-01,2023-09-01
2023-09-01,VIXCLS,2023-08-21,17.13,2023-09-01,2023-09-01
2023-09-01,VIXCLS,2023-08-22,16.97,2023-09-01,2023-09-01
2023-09-01,VIXCLS,2023-08-23,15.98,2023-09-01,2023-09-01
2023-09-01,VIXCLS,2023-08-24,17.2,2023-09-01,2023-09-01
2023-09-01,VIXCLS,2023-08-25,15.68,2023-09-01,2023-09-01
2023-09-01,VIXCLS,2023-08-28,15.08,2023-09-01,2023-09-01
2023-09-01,VIXCLS,2023-08-29,14.45,2023-09-01,2023-09-01
2023-09-01,VIXCLS,2023-08-30,13.88,2023-09-01,2023-09-01
2023-09-01,VIXCLS,2023-08-31,13.57,2023-09-01,2023-09-01
2023-10-01,CCUSMA02BRM618N,2023-06-01,4.850966667,2023-10-01,2023-10-01
2023-10-01,CCUSMA02BRM618N,2023-07-01,4.800233333,2023-10-01,2023-10-01
2023-10-01,CCUSMA02CLM618N,2023-06-01,799.5101955,2023-10-01,2023-10-01
2023-10-01,CCUSMA02CLM618N,2023-07-01,815.0168905,2023-10-01,2023-10-01
2023-10-01,CCUSMA02CLM618N,2023-08-01,856.5443609,2023-10-01,2023-10-01
2023-10-01,CCUSMA02MXM618N,2023-06-01,17.20136636,2023-10-01,2023-10-01
2023-10-01,CCUSMA02MXM618N,2023-07-01,16.86173762,2023-10-01,2023-10-01
2023-10-01,CCUSMA02MXM618N,2023-08-01,16.93789391,2023-10-01,2023-10-01
2023-10-01,DTWEXBGS,2023-06-01,120.3486,2023-10-01,2023-10-01
2023-10-01,DTWEXBGS,2023-06-02,120.2952,2023-10-01,2023-10-01
2023-10-01,DTWEXBGS,2023-06-05,120.3057,2023-10-01,2023-10-01
2023-10-01,DTWEXBGS,2023-06-06,120.2859,2023-10-01,2023-10-01
2023-10-01,DTWEXBGS,2023-06-07,120.1906,2023-10-01,2023-10-01
2023-10-01,DTWEXBGS,2023-06-08,119.9089,2023-10-01,2023-10-01
2023-10-01,DTWEXBGS,2023-06-09,119.7892,2023-10-01,2023-10-01
2023-10-01,DTWEXBGS,2023-06-12,120.0069,2023-10-01,2023-10-01
2023-10-01,DTWEXBGS,2023-06-13,119.5948,2023-10-01,2023-10-01
2023-10-01,DTWEXBGS,2023-06-14,119.1992,2023-10-01,2023-10-01
2023-10-01,DTWEXBGS,2023-06-15,118.981,2023-10-01,2023-10-01
2023-10-01,DTWEXBGS,2023-06-16,118.8586,2023-10-01,2023-10-01
2023-10-01,DTWEXBGS,2023-06-20,119.3937,2023-10-01,2023-10-01
2023-10-01,DTWEXBGS,2023-06-21,119.1943,2023-10-01,2023-10-01
2023-10-01,DTWEXBGS,2023-06-22,119.2259,2023-10-01,2023-10-01
2023-10-01,DTWEXBGS,2023-06-23,119.6068,2023-10-01,2023-10-01
2023-10-01,DTWEXBGS,2023-06-26,119.5728,2023-10-01,2023-10-01
2023-10-01,DTWEXBGS,2023-06-27,119.3992,2023-10-01,2023-10-01
2023-10-01,DTWEXBGS,2023-06-28,119.8396,2023-10-01,2023-10-01
2023-10-01,DTWEXBGS,2023-06-29,120.0324,2023-10-01,2023-10-01
2023-10-01,DTWEXBGS,2023-06-30,119.8885,2023-10-01,2023-10-01
2023-10-01,DTWEXBGS,2023-07-03,119.7385,2023-10-01,2023-10-01
2023-10-01,DTWEXBGS,2023-07-05,119.873,2023-10-01,2023-10-01
2023-10-01,DTWEXBGS,2023-07-06,120.325,2023-10-01,2023-10-01
2023-10-01,DTWEXBGS,2023-07-07,119.6019,2023-10-01,2023-10-01
2023-10-01,DTWEXBGS,2023-07-10,119.4908,2023-10-01,2023-10-01
2023-10-01,DTWEXBGS,2023-07-11,119.2556,2023-10-01,2023-10-01
2023-10-01,DTWEXBGS,2023-07-12,118.1838,2023-10-01,2023-10-01
2023-10-01,DTWEXBGS,2023-07-13,117.7307,2023-10-01,2023-10-01
2023-10-01,DTWEXBGS,2023-07-14,117.5952,2023-10-01,2023-10-01
2023-10-01,DTWEXBGS,2023-07-17,117.6944,2023-10-01,2023-10-01
2023-10-01,DTWEXBGS,2023-07-18,117.5985,2023-10-01,2023-10-01
2023-10-01,DTWEXBGS,2023-07-19,117.9361,2023-10-01,2023-10-01
2023-10-01,DTWEXBGS,2023-07-20,118.1357,2023-10-01,2023-10-01
2023-10-01,DTWEXBGS,2023-07-21,118.4822,2023-10-01,2023-10-01
2023-10-01,DTWEXBGS,2023-07-24,118.3569,2023-10-01,2023-10-01
2023-10-01,DTWEXBGS,2023-07-25,118.3581,2023-10-01,2023-10-01
2023-10-01,DTWEXBGS,2023-07-26,118.273,2023-10-01,2023-10-01
2023-10-01,DTWEXBGS,2023-07-27,118.4167,2023-10-01,2023-10-01
2023-10-01,DTWEXBGS,2023-07-28,118.311,2023-10-01,2023-10-01
2023-10-01,DTWEXBGS,2023-07-31,118.3389,2023-10-01,2023-10-01
2023-10-01,DTWEXBGS,2023-08-01,119.0768,2023-10-01,2023-10-01
2023-10-01,DTWEXBGS,2023-08-02,119.6214,2023-10-01,2023-10-01
2023-10-01,DTWEXBGS,2023-08-03,119.859,2023-10-01,2023-10-01
2023-10-01,DTWEXBGS,2023-08-04,119.3321,2023-10-01,2023-10-01
2023-10-01,DTWEXBGS,2023-08-07,119.5933,2023-10-01,2023-10-01
2023-10-01,DTWEXBGS,2023-08-08,120.1516,2023-10-01,2023-10-01
2023-10-01,DTWEXBGS,2023-08-09,119.9972,2023-10-01,2023-10-01
2023-10-01,DTWEXBGS,2023-08-10,119.7033,2023-10-01,2023-10-01
2023-10-01,DTWEXBGS,2023-08-11,120.1754,2023-10-01,2023-10-01
2023-10-01,DTWEXBGS,2023-08-14,120.6118,2023-10-01,2023-10-01
2023-10-01,DTWEXBGS,2023-08-15,120.7552,2023-10-01,2023-10-01
2023-10-01,DTWEXBGS,2023-08-16,120.888,2023-10-01,2023-10-01
2023-10-01,DTWEXBGS,2023-08-17,121.0475,2023-10-01,2023-10-01
2023-10-01,DTWEXBGS,2023-08-18,120.9433,2023-10-01,2023-10-01
2023-10-01,DTWEXBGS,2023-08-21,120.979,2023-10-01,2023-10-01
2023-10-01,DTWEXBGS,2023-08-22,120.8849,2023-10-01,2023-10-01
2023-10-01,DTWEXBGS,2023-08-23,120.5617,2023-10-01,2023-10-01
2023-10-01,DTWEXBGS,2023-08-24,120.754,2023-10-01,2023-10-01
2023-10-01,DTWEXBGS,2023-08-25,121.0314,2023-10-01,2023-10-01
2023-10-01,DTWEXBGS,2023-08-28,120.8465,2023-10-01,2023-10-01
2023-10-01,DTWEXBGS,2023-08-29,120.7971,2023-10-01,2023-10-01
2023-10-01,DTWEXBGS,2023-08-30,120.3571,2023-10-01,2023-10-01
2023-10-01,DTWEXBGS,2023-08-31,120.7427,2023-10-01,2023-10-01
2023-10-01,DTWEXBGS,2023-09-01,121.2476,2023-10-01,2023-10-01
2023-10-01,DTWEXBGS,2023-09-05,121.9307,2023-10-01,2023-10-01
2023-10-01,DTWEXBGS,2023-09-06,122.3531,2023-10-01,2023-10-01
2023-10-01,DTWEXBGS,2023-09-07,122.4381,2023-10-01,2023-10-01
2023-10-01,DTWEXBGS,2023-09-08,122.4476,2023-10-01,2023-10-01
2023-10-01,DTWEXBGS,2023-09-11,121.8185,2023-10-01,2023-10-01
2023-10-01,DTWEXBGS,2023-09-12,121.7721,2023-10-01,2023-10-01
2023-10-01,DTWEXBGS,2023-09-13,121.5454,2023-10-01,2023-10-01
2023-10-01,DTWEXBGS,2023-09-14,121.7192,2023-10-01,2023-10-01
2023-10-01,DTWEXBGS,2023-09-15,121.6815,2023-10-01,2023-10-01
2023-10-01,DTWEXBGS,2023-09-18,121.6895,2023-10-01,2023-10-01
2023-10-01,DTWEXBGS,2023-09-19,121.6672,2023-10-01,2023-10-01
2023-10-01,DTWEXBGS,2023-09-20,121.4705,2023-10-01,2023-10-01
2023-10-01,DTWEXBGS,2023-09-21,122.039,2023-10-01,2023-10-01
2023-10-01,DTWEXBGS,2023-09-22,122.0164,2023-10-01,2023-10-01
2023-10-01,FEDFUNDS,2023-06-01,5.08,2023-10-01,2023-10-01
2023-10-01,FEDFUNDS,2023-07-01,5.12,2023-10-01,2023-10-01
2023-10-01,FEDFUNDS,2023-08-01,5.33,2023-10-01,2023-10-01
2023-10-01,VIXCLS,2023-06-01,15.65,2023-10-01,2023-10-01
2023-10-01,VIXCLS,2023-06-02,14.6,2023-10-01,2023-10-01
2023-10-01,VIXCLS,2023-06-05,14.73,2023-10-01,2023-10-01
2023-10-01,VIXCLS,2023-06-06,13.96,2023-10-01,2023-10-01
2023-10-01,VIXCLS,2023-06-07,13.94,2023-10-01,2023-10-01
2023-10-01,VIXCLS,2023-06-08,13.65,2023-10-01,2023-10-01
2023-10-01,VIXCLS,2023-06-09,13.83,2023-10-01,2023-10-01
2023-10-01,VIXCLS,2023-06-12,15.01,2023-10-01,2023-10-01
2023-10-01,VIXCLS,2023-06-13,14.61,2023-10-01,2023-10-01
2023-10-01,VIXCLS,2023-06-14,13.88,2023-10-01,2023-10-01
2023-10-01,VIXCLS,2023-06-15,14.5,2023-10-01,2023-10-01
2023-10-01,VIXCLS,2023-06-16,13.54,2023-10-01,2023-10-01
2023-10-01,VIXCLS,2023-06-19,14.19,2023-10-01,2023-10-01
2023-10-01,VIXCLS,2023-06-20,13.88,2023-10-01,2023-10-01
2023-10-01,VIXCLS,2023-06-21,13.2,2023-10-01,2023-10-01
2023-10-01,VIXCLS,2023-06-22,12.91,2023-10-01,2023-10-01
2023-10-01,VIXCLS,2023-06-23,13.44,2023-10-01,2023-10-01
2023-10-01,VIXCLS,2023-06-26,14.25,2023-10-01,2023-10-01
2023-10-01,VIXCLS,2023-06-27,13.74,2023-10-01,2023-10-01
2023-10-01,VIXCLS,2023-06-28,13.43,2023-10-01,2023-10-01
2023-10-01,VIXCLS,2023-06-29,13.54,2023-10-01,2023-10-01
2023-10-01,VIXCLS,2023-06-30,13.59,2023-10-01,2023-10-01
2023-10-01,VIXCLS,2023-07-03,13.57,2023-10-01,2023-10-01
2023-10-01,VIXCLS,2023-07-04,13.7,2023-10-01,2023-10-01
2023-10-01,VIXCLS,2023-07-05,14.18,2023-10-01,2023-10-01
2023-10-01,VIXCLS,2023-07-06,15.44,2023-10-01,2023-10-01
2023-10-01,VIXCLS,2023-07-07,14.83,2023-10-01,2023-10-01
2023-10-01,VIXCLS,2023-07-10,15.07,2023-10-01,2023-10-01
2023-10-01,VIXCLS,2023-07-11,14.84,2023-10-01,2023-10-01
2023-10-01,VIXCLS,2023-07-12,13.54,2023-10-01,2023-10-01
2023-10-01,VIXCLS,2023-07-13,13.61,2023-10-01,2023-10-01
2023-10-01,VIXCLS,2023-07-14,13.34,2023-10-01,2023-10-01
2023-10-01,VIXCLS,2023-07-17,13.48,2023-10-01,2023-10-01
2023-10-01,VIXCLS,2023-07-18,13.3,2023-10-01,2023-10-01
2023-10-01,VIXCLS,2023-07-19,13.76,2023-10-01,2023-10-01
2023-10-01,VIXCLS,2023-07-20,13.99,2023-10-01,2023-10-01
2023-10-01,VIXCLS,2023-07-21,13.6,2023-10-01,2023-10-01
2023-10-01,VIXCLS,2023-07-24,13.91,2023-10-01,2023-10-01
2023-10-01,VIXCLS,2023-07-25,13.86,2023-10-01,2023-10-01
2023-10-01,VIXCLS,2023-07-26,13.19,2023-10-01,2023-10-01
2023-10-01,VIXCLS,2023-07-27,14.41,2023-10-01,2023-10-01
2023-10-01,VIXCLS,2023-07-28,13.33,2023-10-01,2023-10-01
2023-10-01,VIXCLS,2023-07-31,13.63,2023-10-01,2023-10-01
2023-10-01,VIXCLS,2023-08-01,13.93,2023-10-01,2023-10-01
2023-10-01,VIXCLS,2023-08-02,16.09,2023-10-01,2023-10-01
2023-10-01,VIXCLS,2023-08-03,15.92,2023-10-01,2023-10-01
2023-10-01,VIXCLS,2023-08-04,17.1,2023-10-01,2023-10-01
2023-10-01,VIXCLS,2023-08-07,15.77,2023-10-01,2023-10-01
2023-10-01,VIXCLS,2023-08-08,15.99,2023-10-01,2023-10-01
2023-10-01,VIXCLS,2023-08-09,15.96,2023-10-01,2023-10-01
2023-10-01,VIXCLS,2023-08-10,15.85,2023-10-01,2023-10-01
2023-10-01,VIXCLS,2023-08-11,14.84,2023-10-01,2023-10-01
2023-10-01,VIXCLS,2023-08-14,14.82,2023-10-01,2023-10-01
2023-10-01,VIXCLS,2023-08-15,16.46,2023-10-01,2023-10-01
2023-10-01,VIXCLS,2023-08-16,16.78,2023-10-01,2023-10-01
2023-10-01,VIXCLS,2023-08-17,17.89,2023-10-01,2023-10-01
2023-10-01,VIXCLS,2023-08-18,17.3,2023-10-01,2023-10-01
2023-10-01,VIXCLS,2023-08-21,17.13,2023-10-01,2023-10-01
2023-10-01,VIXCLS,2023-08-22,16.97,2023-10-01,2023-10-01
2023-10-01,VIXCLS,2023-08-23,15.98,2023-10-01,2023-10-01
2023-10-01,VIXCLS,2023-08-24,17.2,2023-10-01,2023-10-01
2023-10-01,VIXCLS,2023-08-25,15.68,2023-10-01,2023-10-01
2023-10-01,VIXCLS,2023-08-28,15.08,2023-10-01,2023-10-01
2023-10-01,VIXCLS,2023-08-29,14.45,2023-10-01,2023-10-01
2023-10-01,VIXCLS,2023-08-30,13.88,2023-10-01,2023-10-01
2023-10-01,VIXCLS,2023-08-31,13.57,2023-10-01,2023-10-01
2023-10-01,VIXCLS,2023-09-01,13.09,2023-10-01,2023-10-01
2023-10-01,VIXCLS,2023-09-04,13.82,2023-10-01,2023-10-01
2023-10-01,VIXCLS,2023-09-05,14.01,2023-10-01,2023-10-01
2023-10-01,VIXCLS,2023-09-06,14.45,2023-10-01,2023-10-01
2023-10-01,VIXCLS,2023-09-07,14.4,2023-10-01,2023-10-01
2023-10-01,VIXCLS,2023-09-08,13.84,2023-10-01,2023-10-01
2023-10-01,VIXCLS,2023-09-11,13.8,2023-10-01,2023-10-01
2023-10-01,VIXCLS,2023-09-12,14.23,2023-10-01,2023-10-01
2023-10-01,VIXCLS,2023-09-13,13.48,2023-10-01,2023-10-01
2023-10-01,VIXCLS,2023-09-14,12.82,2023-10-01,2023-10-01
2023-10-01,VIXCLS,2023-09-15,13.79,2023-10-01,2023-10-01
2023-10-01,VIXCLS,2023-09-18,14,2023-10-01,2023-10-01
2023-10-01,VIXCLS,2023-09-19,14.11,2023-10-01,2023-10-01
2023-10-01,VIXCLS,2023-09-20,15.14,2023-10-01,2023-10-01
2023-10-01,VIXCLS,2023-09-21,17.54,2023-10-01,2023-10-01
2023-10-01,VIXCLS,2023-09-22,17.2,2023-10-01,2023-10-01
2023-10-01,VIXCLS,2023-09-25,16.9,2023-10-01,2023-10-01
2023-10-01,VIXCLS,2023-09-26,18.94,2023-10-01,2023-10-01
2023-10-01,VIXCLS,2023-09-27,18.22,2023-10-01,2023-10-01
2023-10-01,VIXCLS,2023-09-28,17.34,2023-10-01,2023-10-01
2023-10-01,VIXCLS,2023-09-29,17.52,2023-10-01,2023-10-01
2023-11-01,CCUSMA02BRM618N,2023-07-01,4.800233333,2023-11-01,2023-11-01
2023-11-01,CCUSMA02BRM618N,2023-08-01,4.902943478,2023-11-01,2023-11-01
2023-11-01,CCUSMA02CLM618N,2023-07-01,815.0168905,2023-11-01,2023-11-01
2023-11-01,CCUSMA02CLM618N,2023-08-01,856.5443609,2023-11-01,2023-11-01
2023-11-01,CCUSMA02CLM618N,2023-09-01,886.6047619,2023-11-01,2023-11-01
2023-11-01,CCUSMA02MXM618N,2023-07-01,16.86173762,2023-11-01,2023-11-01
2023-11-01,CCUSMA02MXM618N,2023-08-01,16.93789391,2023-11-01,2023-11-01
2023-11-01,CCUSMA02MXM618N,2023-09-01,17.25992476,2023-11-01,2023-11-01
2023-11-01,DTWEXBGS,2023-07-03,119.7385,2023-11-01,2023-11-01
2023-11-01,DTWEXBGS,2023-07-05,119.873,2023-11-01,2023-11-01
2023-11-01,DTWEXBGS,2023-07-06,120.325,2023-11-01,2023-11-01
2023-11-01,DTWEXBGS,2023-07-07,119.6019,2023-11-01,2023-11-01
2023-11-01,DTWEXBGS,2023-07-10,119.4908,2023-11-01,2023-11-01
2023-11-01,DTWEXBGS,2023-07-11,119.2556,2023-11-01,2023-11-01
2023-11-01,DTWEXBGS,2023-07-12,118.1838,2023-11-01,2023-11-01
2023-11-01,DTWEXBGS,2023-07-13,117.7307,2023-11-01,2023-11-01
2023-11-01,DTWEXBGS,2023-07-14,117.5952,2023-11-01,2023-11-01
2023-11-01,DTWEXBGS,2023-07-17,117.6944,2023-11-01,2023-11-01
2023-11-01,DTWEXBGS,2023-07-18,117.5985,2023-11-01,2023-11-01
2023-11-01,DTWEXBGS,2023-07-19,117.9361,2023-11-01,2023-11-01
2023-11-01,DTWEXBGS,2023-07-20,118.1357,2023-11-01,2023-11-01
2023-11-01,DTWEXBGS,2023-07-21,118.4822,2023-11-01,2023-11-01
2023-11-01,DTWEXBGS,2023-07-24,118.3569,2023-11-01,2023-11-01
2023-11-01,DTWEXBGS,2023-07-25,118.3581,2023-11-01,2023-11-01
2023-11-01,DTWEXBGS,2023-07-26,118.273,2023-11-01,2023-11-01
2023-11-01,DTWEXBGS,2023-07-27,118.4167,2023-11-01,2023-11-01
2023-11-01,DTWEXBGS,2023-07-28,118.311,2023-11-01,2023-11-01
2023-11-01,DTWEXBGS,2023-07-31,118.3389,2023-11-01,2023-11-01
2023-11-01,DTWEXBGS,2023-08-01,119.0768,2023-11-01,2023-11-01
2023-11-01,DTWEXBGS,2023-08-02,119.6214,2023-11-01,2023-11-01
2023-11-01,DTWEXBGS,2023-08-03,119.859,2023-11-01,2023-11-01
2023-11-01,DTWEXBGS,2023-08-04,119.3321,2023-11-01,2023-11-01
2023-11-01,DTWEXBGS,2023-08-07,119.5933,2023-11-01,2023-11-01
2023-11-01,DTWEXBGS,2023-08-08,120.1516,2023-11-01,2023-11-01
2023-11-01,DTWEXBGS,2023-08-09,119.9972,2023-11-01,2023-11-01
2023-11-01,DTWEXBGS,2023-08-10,119.7033,2023-11-01,2023-11-01
2023-11-01,DTWEXBGS,2023-08-11,120.1754,2023-11-01,2023-11-01
2023-11-01,DTWEXBGS,2023-08-14,120.6118,2023-11-01,2023-11-01
2023-11-01,DTWEXBGS,2023-08-15,120.7552,2023-11-01,2023-11-01
2023-11-01,DTWEXBGS,2023-08-16,120.888,2023-11-01,2023-11-01
2023-11-01,DTWEXBGS,2023-08-17,121.0475,2023-11-01,2023-11-01
2023-11-01,DTWEXBGS,2023-08-18,120.9433,2023-11-01,2023-11-01
2023-11-01,DTWEXBGS,2023-08-21,120.979,2023-11-01,2023-11-01
2023-11-01,DTWEXBGS,2023-08-22,120.8849,2023-11-01,2023-11-01
2023-11-01,DTWEXBGS,2023-08-23,120.5617,2023-11-01,2023-11-01
2023-11-01,DTWEXBGS,2023-08-24,120.754,2023-11-01,2023-11-01
2023-11-01,DTWEXBGS,2023-08-25,121.0314,2023-11-01,2023-11-01
2023-11-01,DTWEXBGS,2023-08-28,120.8465,2023-11-01,2023-11-01
2023-11-01,DTWEXBGS,2023-08-29,120.7971,2023-11-01,2023-11-01
2023-11-01,DTWEXBGS,2023-08-30,120.3571,2023-11-01,2023-11-01
2023-11-01,DTWEXBGS,2023-08-31,120.7427,2023-11-01,2023-11-01
2023-11-01,DTWEXBGS,2023-09-01,121.2476,2023-11-01,2023-11-01
2023-11-01,DTWEXBGS,2023-09-05,121.9307,2023-11-01,2023-11-01
2023-11-01,DTWEXBGS,2023-09-06,122.3531,2023-11-01,2023-11-01
2023-11-01,DTWEXBGS,2023-09-07,122.4381,2023-11-01,2023-11-01
2023-11-01,DTWEXBGS,2023-09-08,122.4476,2023-11-01,2023-11-01
2023-11-01,DTWEXBGS,2023-09-11,121.8185,2023-11-01,2023-11-01
2023-11-01,DTWEXBGS,2023-09-12,121.7721,2023-11-01,2023-11-01
2023-11-01,DTWEXBGS,2023-09-13,121.5454,2023-11-01,2023-11-01
2023-11-01,DTWEXBGS,2023-09-14,121.7192,2023-11-01,2023-11-01
2023-11-01,DTWEXBGS,2023-09-15,121.6815,2023-11-01,2023-11-01
2023-11-01,DTWEXBGS,2023-09-18,121.6895,2023-11-01,2023-11-01
2023-11-01,DTWEXBGS,2023-09-19,121.6672,2023-11-01,2023-11-01
2023-11-01,DTWEXBGS,2023-09-20,121.4705,2023-11-01,2023-11-01
2023-11-01,DTWEXBGS,2023-09-21,122.039,2023-11-01,2023-11-01
2023-11-01,DTWEXBGS,2023-09-22,122.0164,2023-11-01,2023-11-01
2023-11-01,DTWEXBGS,2023-09-25,122.5803,2023-11-01,2023-11-01
2023-11-01,DTWEXBGS,2023-09-26,122.9224,2023-11-01,2023-11-01
2023-11-01,DTWEXBGS,2023-09-27,123.4153,2023-11-01,2023-11-01
2023-11-01,DTWEXBGS,2023-09-28,122.9827,2023-11-01,2023-11-01
2023-11-01,DTWEXBGS,2023-09-29,122.7675,2023-11-01,2023-11-01
2023-11-01,DTWEXBGS,2023-10-02,123.482,2023-11-01,2023-11-01
2023-11-01,DTWEXBGS,2023-10-03,124.1715,2023-11-01,2023-11-01
2023-11-01,DTWEXBGS,2023-10-04,123.9977,2023-11-01,2023-11-01
2023-11-01,DTWEXBGS,2023-10-05,124.2799,2023-11-01,2023-11-01
2023-11-01,DTWEXBGS,2023-10-06,123.776,2023-11-01,2023-11-01
2023-11-01,DTWEXBGS,2023-10-10,123.3705,2023-11-01,2023-11-01
2023-11-01,DTWEXBGS,2023-10-11,123.2255,2023-11-01,2023-11-01
2023-11-01,DTWEXBGS,2023-10-12,123.6265,2023-11-01,2023-11-01
2023-11-01,DTWEXBGS,2023-10-13,123.9889,2023-11-01,2023-11-01
2023-11-01,DTWEXBGS,2023-10-16,123.7393,2023-11-01,2023-11-01
2023-11-01,DTWEXBGS,2023-10-17,123.5584,2023-11-01,2023-11-01
2023-11-01,DTWEXBGS,2023-10-18,124.211,2023-11-01,2023-11-01
2023-11-01,DTWEXBGS,2023-10-19,124.1967,2023-11-01,2023-11-01
2023-11-01,DTWEXBGS,2023-10-20,124.0137,2023-11-01,2023-11-01
2023-11-01,DTWEXBGS,2023-10-23,123.7081,2023-11-01,2023-11-01
2023-11-01,DTWEXBGS,2023-10-24,124.0275,2023-11-01,2023-11-01
2023-11-01,DTWEXBGS,2023-10-25,124.17,2023-11-01,2023-11-01
2023-11-01,DTWEXBGS,2023-10-26,124.3841,2023-11-01,2023-11-01
2023-11-01,DTWEXBGS,2023-10-27,124.0232,2023-11-01,2023-11-01
2023-11-01,FEDFUNDS,2023-07-01,5.12,2023-11-01,2023-11-01
2023-11-01,FEDFUNDS,2023-08-01,5.33,2023-11-01,2023-11-01
2023-11-01,FEDFUNDS,2023-09-01,5.33,2023-11-01,2023-11-01
2023-11-01,FEDFUNDS,2023-10-01,5.33,2023-11-01,2023-11-01
2023-11-01,VIXCLS,2023-07-03,13.57,2023-11-01,2023-11-01
2023-11-01,VIXCLS,2023-07-04,13.7,2023-11-01,2023-11-01
2023-11-01,VIXCLS,2023-07-05,14.18,2023-11-01,2023-11-01
2023-11-01,VIXCLS,2023-07-06,15.44,2023-11-01,2023-11-01
2023-11-01,VIXCLS,2023-07-07,14.83,2023-11-01,2023-11-01
2023-11-01,VIXCLS,2023-07-10,15.07,2023-11-01,2023-11-01
2023-11-01,VIXCLS,2023-07-11,14.84,2023-11-01,2023-11-01
2023-11-01,VIXCLS,2023-07-12,13.54,2023-11-01,2023-11-01
2023-11-01,VIXCLS,2023-07-13,13.61,2023-11-01,2023-11-01
2023-11-01,VIXCLS,2023-07-14,13.34,2023-11-01,2023-11-01
2023-11-01,VIXCLS,2023-07-17,13.48,2023-11-01,2023-11-01
2023-11-01,VIXCLS,2023-07-18,13.3,2023-11-01,2023-11-01
2023-11-01,VIXCLS,2023-07-19,13.76,2023-11-01,2023-11-01
2023-11-01,VIXCLS,2023-07-20,13.99,2023-11-01,2023-11-01
2023-11-01,VIXCLS,2023-07-21,13.6,2023-11-01,2023-11-01
2023-11-01,VIXCLS,2023-07-24,13.91,2023-11-01,2023-11-01
2023-11-01,VIXCLS,2023-07-25,13.86,2023-11-01,2023-11-01
2023-11-01,VIXCLS,2023-07-26,13.19,2023-11-01,2023-11-01
2023-11-01,VIXCLS,2023-07-27,14.41,2023-11-01,2023-11-01
2023-11-01,VIXCLS,2023-07-28,13.33,2023-11-01,2023-11-01
2023-11-01,VIXCLS,2023-07-31,13.63,2023-11-01,2023-11-01
2023-11-01,VIXCLS,2023-08-01,13.93,2023-11-01,2023-11-01
2023-11-01,VIXCLS,2023-08-02,16.09,2023-11-01,2023-11-01
2023-11-01,VIXCLS,2023-08-03,15.92,2023-11-01,2023-11-01
2023-11-01,VIXCLS,2023-08-04,17.1,2023-11-01,2023-11-01
2023-11-01,VIXCLS,2023-08-07,15.77,2023-11-01,2023-11-01
2023-11-01,VIXCLS,2023-08-08,15.99,2023-11-01,2023-11-01
2023-11-01,VIXCLS,2023-08-09,15.96,2023-11-01,2023-11-01
2023-11-01,VIXCLS,2023-08-10,15.85,2023-11-01,2023-11-01
2023-11-01,VIXCLS,2023-08-11,14.84,2023-11-01,2023-11-01
2023-11-01,VIXCLS,2023-08-14,14.82,2023-11-01,2023-11-01
2023-11-01,VIXCLS,2023-08-15,16.46,2023-11-01,2023-11-01
2023-11-01,VIXCLS,2023-08-16,16.78,2023-11-01,2023-11-01
2023-11-01,VIXCLS,2023-08-17,17.89,2023-11-01,2023-11-01
2023-11-01,VIXCLS,2023-08-18,17.3,2023-11-01,2023-11-01
2023-11-01,VIXCLS,2023-08-21,17.13,2023-11-01,2023-11-01
2023-11-01,VIXCLS,2023-08-22,16.97,2023-11-01,2023-11-01
2023-11-01,VIXCLS,2023-08-23,15.98,2023-11-01,2023-11-01
2023-11-01,VIXCLS,2023-08-24,17.2,2023-11-01,2023-11-01
2023-11-01,VIXCLS,2023-08-25,15.68,2023-11-01,2023-11-01
2023-11-01,VIXCLS,2023-08-28,15.08,2023-11-01,2023-11-01
2023-11-01,VIXCLS,2023-08-29,14.45,2023-11-01,2023-11-01
2023-11-01,VIXCLS,2023-08-30,13.88,2023-11-01,2023-11-01
2023-11-01,VIXCLS,2023-08-31,13.57,2023-11-01,2023-11-01
2023-11-01,VIXCLS,2023-09-01,13.09,2023-11-01,2023-11-01
2023-11-01,VIXCLS,2023-09-04,13.82,2023-11-01,2023-11-01
2023-11-01,VIXCLS,2023-09-05,14.01,2023-11-01,2023-11-01
2023-11-01,VIXCLS,2023-09-06,14.45,2023-11-01,2023-11-01
2023-11-01,VIXCLS,2023-09-07,14.4,2023-11-01,2023-11-01
2023-11-01,VIXCLS,2023-09-08,13.84,2023-11-01,2023-11-01
2023-11-01,VIXCLS,2023-09-11,13.8,2023-11-01,2023-11-01
2023-11-01,VIXCLS,2023-09-12,14.23,2023-11-01,2023-11-01
2023-11-01,VIXCLS,2023-09-13,13.48,2023-11-01,2023-11-01
2023-11-01,VIXCLS,2023-09-14,12.82,2023-11-01,2023-11-01
2023-11-01,VIXCLS,2023-09-15,13.79,2023-11-01,2023-11-01
2023-11-01,VIXCLS,2023-09-18,14,2023-11-01,2023-11-01
2023-11-01,VIXCLS,2023-09-19,14.11,2023-11-01,2023-11-01
2023-11-01,VIXCLS,2023-09-20,15.14,2023-11-01,2023-11-01
2023-11-01,VIXCLS,2023-09-21,17.54,2023-11-01,2023-11-01
2023-11-01,VIXCLS,2023-09-22,17.2,2023-11-01,2023-11-01
2023-11-01,VIXCLS,2023-09-25,16.9,2023-11-01,2023-11-01
2023-11-01,VIXCLS,2023-09-26,18.94,2023-11-01,2023-11-01
2023-11-01,VIXCLS,2023-09-27,18.22,2023-11-01,2023-11-01
2023-11-01,VIXCLS,2023-09-28,17.34,2023-11-01,2023-11-01
2023-11-01,VIXCLS,2023-09-29,17.52,2023-11-01,2023-11-01
2023-11-01,VIXCLS,2023-10-02,17.61,2023-11-01,2023-11-01
2023-11-01,VIXCLS,2023-10-03,19.78,2023-11-01,2023-11-01
2023-11-01,VIXCLS,2023-10-04,18.58,2023-11-01,2023-11-01
2023-11-01,VIXCLS,2023-10-05,18.49,2023-11-01,2023-11-01
2023-11-01,VIXCLS,2023-10-06,17.45,2023-11-01,2023-11-01
2023-11-01,VIXCLS,2023-10-09,17.7,2023-11-01,2023-11-01
2023-11-01,VIXCLS,2023-10-10,17.03,2023-11-01,2023-11-01
2023-11-01,VIXCLS,2023-10-11,16.09,2023-11-01,2023-11-01
2023-11-01,VIXCLS,2023-10-12,16.69,2023-11-01,2023-11-01
2023-11-01,VIXCLS,2023-10-13,19.32,2023-11-01,2023-11-01
2023-11-01,VIXCLS,2023-10-16,17.21,2023-11-01,2023-11-01
2023-11-01,VIXCLS,2023-10-17,17.88,2023-11-01,2023-11-01
2023-11-01,VIXCLS,2023-10-18,19.22,2023-11-01,2023-11-01
2023-11-01,VIXCLS,2023-10-19,21.4,2023-11-01,2023-11-01
2023-11-01,VIXCLS,2023-10-20,21.71,2023-11-01,2023-11-01
2023-11-01,VIXCLS,2023-10-23,20.37,2023-11-01,2023-11-01
2023-11-01,VIXCLS,2023-10-24,18.97,2023-11-01,2023-11-01
2023-11-01,VIXCLS,2023-10-25,20.19,2023-11-01,2023-11-01
2023-11-01,VIXCLS,2023-10-26,20.68,2023-11-01,2023-11-01
2023-11-01,VIXCLS,2023-10-27,21.27,2023-11-01,2023-11-01
2023-11-01,VIXCLS,2023-10-30,19.75,2023-11-01,2023-11-01
2023-11-01,VIXCLS,2023-10-31,18.14,2023-11-01,2023-11-01
2023-12-01,CCUSMA02BRM618N,2023-08-01,4.902943478,2023-12-01,2023-12-01
2023-12-01,CCUSMA02BRM618N,2023-09-01,4.93639,2023-12-01,2023-12-01
2023-12-01,CCUSMA02CLM618N,2023-08-01,856.5443609,2023-12-01,2023-12-01
2023-12-01,CCUSMA02CLM618N,2023-09-01,886.6047619,2023-12-01,2023-12-01
2023-12-01,CCUSMA02CLM618N,2023-10-01,925.0958909,2023-12-01,2023-12-01
2023-12-01,CCUSMA02MXM618N,2023-08-01,16.93789391,2023-12-01,2023-12-01
2023-12-01,CCUSMA02MXM618N,2023-09-01,17.25992476,2023-12-01,2023-12-01
2023-12-01,CCUSMA02MXM618N,2023-10-01,17.99809364,2023-12-01,2023-12-01
2023-12-01,DTWEXBGS,2023-08-01,119.0768,2023-12-01,2023-12-01
2023-12-01,DTWEXBGS,2023-08-02,119.6214,2023-12-01,2023-12-01
2023-12-01,DTWEXBGS,2023-08-03,119.859,2023-12-01,2023-12-01
2023-12-01,DTWEXBGS,2023-08-04,119.3321,2023-12-01,2023-12-01
2023-12-01,DTWEXBGS,2023-08-07,119.5933,2023-12-01,2023-12-01
2023-12-01,DTWEXBGS,2023-08-08,120.1516,2023-12-01,2023-12-01
2023-12-01,DTWEXBGS,2023-08-09,119.9972,2023-12-01,2023-12-01
2023-12-01,DTWEXBGS,2023-08-10,119.7033,2023-12-01,2023-12-01
2023-12-01,DTWEXBGS,2023-08-11,120.1754,2023-12-01,2023-12-01
2023-12-01,DTWEXBGS,2023-08-14,120.6118,2023-12-01,2023-12-01
2023-12-01,DTWEXBGS,2023-08-15,120.7552,2023-12-01,2023-12-01
2023-12-01,DTWEXBGS,2023-08-16,120.888,2023-12-01,2023-12-01
2023-12-01,DTWEXBGS,2023-08-17,121.0475,2023-12-01,2023-12-01
2023-12-01,DTWEXBGS,2023-08-18,120.9433,2023-12-01,2023-12-01
2023-12-01,DTWEXBGS,2023-08-21,120.979,2023-12-01,2023-12-01
2023-12-01,DTWEXBGS,2023-08-22,120.8849,2023-12-01,2023-12-01
2023-12-01,DTWEXBGS,2023-08-23,120.5617,2023-12-01,2023-12-01
2023-12-01,DTWEXBGS,2023-08-24,120.754,2023-12-01,2023-12-01
2023-12-01,DTWEXBGS,2023-08-25,121.0314,2023-12-01,2023-12-01
2023-12-01,DTWEXBGS,2023-08-28,120.8465,2023-12-01,2023-12-01
2023-12-01,DTWEXBGS,2023-08-29,120.7971,2023-12-01,2023-12-01
2023-12-01,DTWEXBGS,2023-08-30,120.3571,2023-12-01,2023-12-01
2023-12-01,DTWEXBGS,2023-08-31,120.7427,2023-12-01,2023-12-01
2023-12-01,DTWEXBGS,2023-09-01,121.2476,2023-12-01,2023-12-01
2023-12-01,DTWEXBGS,2023-09-05,121.9307,2023-12-01,2023-12-01
2023-12-01,DTWEXBGS,2023-09-06,122.3531,2023-12-01,2023-12-01
2023-12-01,DTWEXBGS,2023-09-07,122.4381,2023-12-01,2023-12-01
2023-12-01,DTWEXBGS,2023-09-08,122.4476,2023-12-01,2023-12-01
2023-12-01,DTWEXBGS,2023-09-11,121.8185,2023-12-01,2023-12-01
2023-12-01,DTWEXBGS,2023-09-12,121.7721,2023-12-01,2023-12-01
2023-12-01,DTWEXBGS,2023-09-13,121.5454,2023-12-01,2023-12-01
2023-12-01,DTWEXBGS,2023-09-14,121.7192,2023-12-01,2023-12-01
2023-12-01,DTWEXBGS,2023-09-15,121.6815,2023-12-01,2023-12-01
2023-12-01,DTWEXBGS,2023-09-18,121.6895,2023-12-01,2023-12-01
2023-12-01,DTWEXBGS,2023-09-19,121.6672,2023-12-01,2023-12-01
2023-12-01,DTWEXBGS,2023-09-20,121.4705,2023-12-01,2023-12-01
2023-12-01,DTWEXBGS,2023-09-21,122.039,2023-12-01,2023-12-01
2023-12-01,DTWEXBGS,2023-09-22,122.0164,2023-12-01,2023-12-01
2023-12-01,DTWEXBGS,2023-09-25,122.5803,2023-12-01,2023-12-01
2023-12-01,DTWEXBGS,2023-09-26,122.9224,2023-12-01,2023-12-01
2023-12-01,DTWEXBGS,2023-09-27,123.4153,2023-12-01,2023-12-01
2023-12-01,DTWEXBGS,2023-09-28,122.9827,2023-12-01,2023-12-01
2023-12-01,DTWEXBGS,2023-09-29,122.7675,2023-12-01,2023-12-01
2023-12-01,DTWEXBGS,2023-10-02,123.482,2023-12-01,2023-12-01
2023-12-01,DTWEXBGS,2023-10-03,124.1715,2023-12-01,2023-12-01
2023-12-01,DTWEXBGS,2023-10-04,123.9977,2023-12-01,2023-12-01
2023-12-01,DTWEXBGS,2023-10-05,124.2799,2023-12-01,2023-12-01
2023-12-01,DTWEXBGS,2023-10-06,123.776,2023-12-01,2023-12-01
2023-12-01,DTWEXBGS,2023-10-10,123.3705,2023-12-01,2023-12-01
2023-12-01,DTWEXBGS,2023-10-11,123.2255,2023-12-01,2023-12-01
2023-12-01,DTWEXBGS,2023-10-12,123.6265,2023-12-01,2023-12-01
2023-12-01,DTWEXBGS,2023-10-13,123.9889,2023-12-01,2023-12-01
2023-12-01,DTWEXBGS,2023-10-16,123.7393,2023-12-01,2023-12-01
2023-12-01,DTWEXBGS,2023-10-17,123.5584,2023-12-01,2023-12-01
2023-12-01,DTWEXBGS,2023-10-18,124.211,2023-12-01,2023-12-01
2023-12-01,DTWEXBGS,2023-10-19,124.1967,2023-12-01,2023-12-01
2023-12-01,DTWEXBGS,2023-10-20,124.0137,2023-12-01,2023-12-01
2023-12-01,DTWEXBGS,2023-10-23,123.7081,2023-12-01,2023-12-01
2023-12-01,DTWEXBGS,2023-10-24,124.0275,2023-12-01,2023-12-01
2023-12-01,DTWEXBGS,2023-10-25,124.17,2023-12-01,2023-12-01
2023-12-01,DTWEXBGS,2023-10-26,124.3841,2023-12-01,2023-12-01
2023-12-01,DTWEXBGS,2023-10-27,124.0232,2023-12-01,2023-12-01
2023-12-01,DTWEXBGS,2023-10-30,123.8098,2023-12-01,2023-12-01
2023-12-01,DTWEXBGS,2023-10-31,124.2261,2023-12-01,2023-12-01
2023-12-01,DTWEXBGS,2023-11-01,124.1819,2023-12-01,2023-12-01
2023-12-01,DTWEXBGS,2023-11-02,123.3192,2023-12-01,2023-12-01
2023-12-01,DTWEXBGS,2023-11-03,122.2337,2023-12-01,2023-12-01
2023-12-01,DTWEXBGS,2023-11-06,122.0962,2023-12-01,2023-12-01
2023-12-01,DTWEXBGS,2023-11-07,122.51,2023-12-01,2023-12-01
2023-12-01,DTWEXBGS,2023-11-08,122.5279,2023-12-01,2023-12-01
2023-12-01,DTWEXBGS,2023-11-09,122.5677,2023-12-01,2023-12-01
2023-12-01,DTWEXBGS,2023-11-13,122.8593,2023-12-01,2023-12-01
2023-12-01,DTWEXBGS,2023-11-14,121.8173,2023-12-01,2023-12-01
2023-12-01,DTWEXBGS,2023-11-15,121.5318,2023-12-01,2023-12-01
2023-12-01,DTWEXBGS,2023-11-16,121.6194,2023-12-01,2023-12-01
2023-12-01,DTWEXBGS,2023-11-17,121.2886,2023-12-01,2023-12-01
2023-12-01,DTWEXBGS,2023-11-20,120.682,2023-12-01,2023-12-01
2023-12-01,DTWEXBGS,2023-11-21,120.6244,2023-12-01,2023-12-01
2023-12-01,DTWEXBGS,2023-11-22,121.083,2023-12-01,2023-12-01
2023-12-01,DTWEXBGS,2023-11-24,120.6465,2023-12-01,2023-12-01
2023-12-01,FEDFUNDS,2023-08-01,5.33,2023-12-01,2023-12-01
2023-12-01,FEDFUNDS,2023-09-01,5.33,2023-12-01,2023-12-01
2023-12-01,FEDFUNDS,2023-10-01,5.33,2023-12-01,2023-12-01
2023-12-01,FEDFUNDS,2023-11-01,5.33,2023-12-01,2023-12-01
2023-12-01,VIXCLS,2023-08-01,13.93,2023-12-01,2023-12-01
2023-12-01,VIXCLS,2023-08-02,16.09,2023-12-01,2023-12-01
2023-12-01,VIXCLS,2023-08-03,15.92,2023-12-01,2023-12-01
2023-12-01,VIXCLS,2023-08-04,17.1,2023-12-01,2023-12-01
2023-12-01,VIXCLS,2023-08-07,15.77,2023-12-01,2023-12-01
2023-12-01,VIXCLS,2023-08-08,15.99,2023-12-01,2023-12-01
2023-12-01,VIXCLS,2023-08-09,15.96,2023-12-01,2023-12-01
2023-12-01,VIXCLS,2023-08-10,15.85,2023-12-01,2023-12-01
2023-12-01,VIXCLS,2023-08-11,14.84,2023-12-01,2023-12-01
2023-12-01,VIXCLS,2023-08-14,14.82,2023-12-01,2023-12-01
2023-12-01,VIXCLS,2023-08-15,16.46,2023-12-01,2023-12-01
2023-12-01,VIXCLS,2023-08-16,16.78,2023-12-01,2023-12-01
2023-12-01,VIXCLS,2023-08-17,17.89,2023-12-01,2023-12-01
2023-12-01,VIXCLS,2023-08-18,17.3,2023-12-01,2023-12-01
2023-12-01,VIXCLS,2023-08-21,17.13,2023-12-01,2023-12-01
2023-12-01,VIXCLS,2023-08-22,16.97,2023-12-01,2023-12-01
2023-12-01,VIXCLS,2023-08-23,15.98,2023-12-01,2023-12-01
2023-12-01,VIXCLS,2023-08-24,17.2,2023-12-01,2023-12-01
2023-12-01,VIXCLS,2023-08-25,15.68,2023-12-01,2023-12-01
2023-12-01,VIXCLS,2023-08-28,15.08,2023-12-01,2023-12-01
2023-12-01,VIXCLS,2023-08-29,14.45,2023-12-01,2023-12-01
2023-12-01,VIXCLS,2023-08-30,13.88,2023-12-01,2023-12-01
2023-12-01,VIXCLS,2023-08-31,13.57,2023-12-01,2023-12-01
2023-12-01,VIXCLS,2023-09-01,13.09,2023-12-01,2023-12-01
2023-12-01,VIXCLS,2023-09-04,13.82,2023-12-01,2023-12-01
2023-12-01,VIXCLS,2023-09-05,14.01,2023-12-01,2023-12-01
2023-12-01,VIXCLS,2023-09-06,14.45,2023-12-01,2023-12-01
2023-12-01,VIXCLS,2023-09-07,14.4,2023-12-01,2023-12-01
2023-12-01,VIXCLS,2023-09-08,13.84,2023-12-01,2023-12-01
2023-12-01,VIXCLS,2023-09-11,13.8,2023-12-01,2023-12-01
2023-12-01,VIXCLS,2023-09-12,14.23,2023-12-01,2023-12-01
2023-12-01,VIXCLS,2023-09-13,13.48,2023-12-01,2023-12-01
2023-12-01,VIXCLS,2023-09-14,12.82,2023-12-01,2023-12-01
2023-12-01,VIXCLS,2023-09-15,13.79,2023-12-01,2023-12-01
2023-12-01,VIXCLS,2023-09-18,14,2023-12-01,2023-12-01
2023-12-01,VIXCLS,2023-09-19,14.11,2023-12-01,2023-12-01
2023-12-01,VIXCLS,2023-09-20,15.14,2023-12-01,2023-12-01
2023-12-01,VIXCLS,2023-09-21,17.54,2023-12-01,2023-12-01
2023-12-01,VIXCLS,2023-09-22,17.2,2023-12-01,2023-12-01
2023-12-01,VIXCLS,2023-09-25,16.9,2023-12-01,2023-12-01
2023-12-01,VIXCLS,2023-09-26,18.94,2023-12-01,2023-12-01
2023-12-01,VIXCLS,2023-09-27,18.22,2023-12-01,2023-12-01
2023-12-01,VIXCLS,2023-09-28,17.34,2023-12-01,2023-12-01
2023-12-01,VIXCLS,2023-09-29,17.52,2023-12-01,2023-12-01
2023-12-01,VIXCLS,2023-10-02,17.61,2023-12-01,2023-12-01
2023-12-01,VIXCLS,2023-10-03,19.78,2023-12-01,2023-12-01
2023-12-01,VIXCLS,2023-10-04,18.58,2023-12-01,2023-12-01
2023-12-01,VIXCLS,2023-10-05,18.49,2023-12-01,2023-12-01
2023-12-01,VIXCLS,2023-10-06,17.45,2023-12-01,2023-12-01
2023-12-01,VIXCLS,2023-10-09,17.7,2023-12-01,2023-12-01
2023-12-01,VIXCLS,2023-10-10,17.03,2023-12-01,2023-12-01
2023-12-01,VIXCLS,2023-10-11,16.09,2023-12-01,2023-12-01
2023-12-01,VIXCLS,2023-10-12,16.69,2023-12-01,2023-12-01
2023-12-01,VIXCLS,2023-10-13,19.32,2023-12-01,2023-12-01
2023-12-01,VIXCLS,2023-10-16,17.21,2023-12-01,2023-12-01
2023-12-01,VIXCLS,2023-10-17,17.88,2023-12-01,2023-12-01
2023-12-01,VIXCLS,2023-10-18,19.22,2023-12-01,2023-12-01
2023-12-01,VIXCLS,2023-10-19,21.4,2023-12-01,2023-12-01
2023-12-01,VIXCLS,2023-10-20,21.71,2023-12-01,2023-12-01
2023-12-01,VIXCLS,2023-10-23,20.37,2023-12-01,2023-12-01
2023-12-01,VIXCLS,2023-10-24,18.97,2023-12-01,2023-12-01
2023-12-01,VIXCLS,2023-10-25,20.19,2023-12-01,2023-12-01
2023-12-01,VIXCLS,2023-10-26,20.68,2023-12-01,2023-12-01
2023-12-01,VIXCLS,2023-10-27,21.27,2023-12-01,2023-12-01
2023-12-01,VIXCLS,2023-10-30,19.75,2023-12-01,2023-12-01
2023-12-01,VIXCLS,2023-10-31,18.14,2023-12-01,2023-12-01
2023-12-01,VIXCLS,2023-11-01,16.87,2023-12-01,2023-12-01
2023-12-01,VIXCLS,2023-11-02,15.66,2023-12-01,2023-12-01
2023-12-01,VIXCLS,2023-11-03,14.91,2023-12-01,2023-12-01
2023-12-01,VIXCLS,2023-11-06,14.89,2023-12-01,2023-12-01
2023-12-01,VIXCLS,2023-11-07,14.81,2023-12-01,2023-12-01
2023-12-01,VIXCLS,2023-11-08,14.45,2023-12-01,2023-12-01
2023-12-01,VIXCLS,2023-11-09,15.29,2023-12-01,2023-12-01
2023-12-01,VIXCLS,2023-11-10,14.17,2023-12-01,2023-12-01
2023-12-01,VIXCLS,2023-11-13,14.76,2023-12-01,2023-12-01
2023-12-01,VIXCLS,2023-11-14,14.16,2023-12-01,2023-12-01
2023-12-01,VIXCLS,2023-11-15,14.18,2023-12-01,2023-12-01
2023-12-01,VIXCLS,2023-11-16,14.32,2023-12-01,2023-12-01
2023-12-01,VIXCLS,2023-11-17,13.8,2023-12-01,2023-12-01
2023-12-01,VIXCLS,2023-11-20,13.41,2023-12-01,2023-12-01
2023-12-01,VIXCLS,2023-11-21,13.35,2023-12-01,2023-12-01
2023-12-01,VIXCLS,2023-11-22,12.85,2023-12-01,2023-12-01
2023-12-01,VIXCLS,2023-11-23,12.8,2023-12-01,2023-12-01
2023-12-01,VIXCLS,2023-11-24,12.46,2023-12-01,2023-12-01
2023-12-01,VIXCLS,2023-11-27,12.69,2023-12-01,2023-12-01
2023-12-01,VIXCLS,2023-11-28,12.69,2023-12-01,2023-12-01
2023-12-01,VIXCLS,2023-11-29,12.98,2023-12-01,2023-12-01
2023-12-01,VIXCLS,2023-11-30,12.92,2023-12-01,2023-12-01
2024-01-01,CCUSMA02BRM618N,2023-09-01,4.93639,2024-01-01,2024-01-01
2024-01-01,CCUSMA02BRM618N,2023-10-01,5.064242857,2024-01-01,2024-01-01
2024-01-01,CCUSMA02CLM618N,2023-09-01,886.6047619,2024-01-01,2024-01-01
2024-01-01,CCUSMA02CLM618N,2023-10-01,925.0958909,2024-01-01,2024-01-01
2024-01-01,CCUSMA02CLM618N,2023-11-01,885.2386182,2024-01-01,2024-01-01
2024-01-01,CCUSMA02MXM618N,2023-09-01,17.25992476,2024-01-01,2024-01-01
2024-01-01,CCUSMA02MXM618N,2023-10-01,17.99809364,2024-01-01,2024-01-01
2024-01-01,CCUSMA02MXM618N,2023-11-01,17.34034182,2024-01-01,2024-01-01
2024-01-01,DTWEXBGS,2023-09-01,121.1011,2024-01-01,2024-01-01
2024-01-01,DTWEXBGS,2023-09-05,121.7785,2024-01-01,2024-01-01
2024-01-01,DTWEXBGS,2023-09-06,122.2029,2024-01-01,2024-01-01
2024-01-01,DTWEXBGS,2023-09-07,122.2903,2024-01-01,2024-01-01
2024-01-01,DTWEXBGS,2023-09-08,122.2933,2024-01-01,2024-01-01
2024-01-01,DTWEXBGS,2023-09-11,121.6757,2024-01-01,2024-01-01
2024-01-01,DTWEXBGS,2023-09-12,121.6301,2024-01-01,2024-01-01
2024-01-01,DTWEXBGS,2023-09-13,121.3981,2024-01-01,2024-01-01
2024-01-01,DTWEXBGS,2023-09-14,121.5744,2024-01-01,2024-01-01
2024-01-01,DTWEXBGS,2023-09-15,121.5361,2024-01-01,2024-01-01
2024-01-01,DTWEXBGS,2023-09-18,121.5414,2024-01-01,2024-01-01
2024-01-01,DTWEXBGS,2023-09-19,121.5175,2024-01-01,2024-01-01
2024-01-01,DTWEXBGS,2023-09-20,121.32,2024-01-01,2024-01-01
2024-01-01,DTWEXBGS,2023-09-21,121.8972,2024-01-01,2024-01-01
2024-01-01,DTWEXBGS,2023-09-22,121.8735,2024-01-01,2024-01-01
2024-01-01,DTWEXBGS,2023-09-25,122.4445,2024-01-01,2024-01-01
2024-01-01,DTWEXBGS,2023-09-26,122.795,2024-01-01,2024-01-01
2024-01-01,DTWEXBGS,2023-09-27,123.2947,2024-01-01,2024-01-01
2024-01-01,DTWEXBGS,2023-09-28,122.8562,2024-01-01,2024-01-01
2024-01-01,DTWEXBGS,2023-09-29,122.6332,2024-01-01,2024-01-01
2024-01-01,DTWEXBGS,2023-10-02,123.3573,2024-01-01,2024-01-01
2024-01-01,DTWEXBGS,2023-10-03,124.0624,2024-01-01,2024-01-01
2024-01-01,DTWEXBGS,2023-10-04,123.8848,2024-01-01,2024-01-01
2024-01-01,DTWEXBGS,2023-10-05,124.1752,2024-01-01,2024-01-01
2024-01-01,DTWEXBGS,2023-10-06,123.6561,2024-01-01,2024-01-01
2024-01-01,DTWEXBGS,2023-10-10,123.2437,2024-01-01,2024-01-01
2024-01-01,DTWEXBGS,2023-10-11,123.092,2024-01-01,2024-01-01
2024-01-01,DTWEXBGS,2023-10-12,123.5087,2024-01-01,2024-01-01
2024-01-01,DTWEXBGS,2023-10-13,123.8788,2024-01-01,2024-01-01
2024-01-01,DTWEXBGS,2023-10-16,123.621,2024-01-01,2024-01-01
2024-01-01,DTWEXBGS,2023-10-17,123.4334,2024-01-01,2024-01-01
2024-01-01,DTWEXBGS,2023-10-18,124.1001,2024-01-01,2024-01-01
2024-01-01,DTWEXBGS,2023-10-19,124.0861,2024-01-01,2024-01-01
2024-01-01,DTWEXBGS,2023-10-20,123.9049,2024-01-01,2024-01-01
2024-01-01,DTWEXBGS,2023-10-23,123.5935,2024-01-01,2024-01-01
2024-01-01,DTWEXBGS,2023-10-24,123.9249,2024-01-01,2024-01-01
2024-01-01,DTWEXBGS,2023-10-25,124.069,2024-01-01,2024-01-01
2024-01-01,DTWEXBGS,2023-10-26,124.285,2024-01-01,2024-01-01
2024-01-01,DTWEXBGS,2023-10-27,123.9145,2024-01-01,2024-01-01
2024-01-01,DTWEXBGS,2023-10-30,123.7044,2024-01-01,2024-01-01
2024-01-01,DTWEXBGS,2023-10-31,124.1229,2024-01-01,2024-01-01
2024-01-01,DTWEXBGS,2023-11-01,124.0801,2024-01-01,2024-01-01
2024-01-01,DTWEXBGS,2023-11-02,123.1995,2024-01-01,2024-01-01
2024-01-01,DTWEXBGS,2023-11-03,122.1006,2024-01-01,2024-01-01
2024-01-01,DTWEXBGS,2023-11-06,121.9692,2024-01-01,2024-01-01
2024-01-01,DTWEXBGS,2023-11-07,122.3882,2024-01-01,2024-01-01
2024-01-01,DTWEXBGS,2023-11-08,122.4055,2024-01-01,2024-01-01
2024-01-01,DTWEXBGS,2023-11-09,122.4434,2024-01-01,2024-01-01
2024-01-01,DTWEXBGS,2023-11-13,122.7389,2024-01-01,2024-01-01
2024-01-01,DTWEXBGS,2023-11-14,121.6865,2024-01-01,2024-01-01
2024-01-01,DTWEXBGS,2023-11-15,121.4035,2024-01-01,2024-01-01
2024-01-01,DTWEXBGS,2023-11-16,121.4953,2024-01-01,2024-01-01
2024-01-01,DTWEXBGS,2023-11-17,121.1657,2024-01-01,2024-01-01
2024-01-01,DTWEXBGS,2023-11-20,120.5653,2024-01-01,2024-01-01
2024-01-01,DTWEXBGS,2023-11-21,120.5182,2024-01-01,2024-01-01
2024-01-01,DTWEXBGS,2023-11-22,120.9757,2024-01-01,2024-01-01
2024-01-01,DTWEXBGS,2023-11-24,120.5285,2024-01-01,2024-01-01
2024-01-01,DTWEXBGS,2023-11-27,120.4893,2024-01-01,2024-01-01
2024-01-01,DTWEXBGS,2023-11-28,119.9174,2024-01-01,2024-01-01
2024-01-01,DTWEXBGS,2023-11-29,120.1246,2024-01-01,2024-01-01
2024-01-01,DTWEXBGS,2023-11-30,120.5421,2024-01-01,2024-01-01
2024-01-01,DTWEXBGS,2023-12-01,120.2542,2024-01-01,2024-01-01
2024-01-01,DTWEXBGS,2023-12-04,120.7669,2024-01-01,2024-01-01
2024-01-01,DTWEXBGS,2023-12-05,121.0731,2024-01-01,2024-01-01
2024-01-01,DTWEXBGS,2023-12-06,120.8348,2024-01-01,2024-01-01
2024-01-01,DTWEXBGS,2023-12-07,120.8938,2024-01-01,2024-01-01
2024-01-01,DTWEXBGS,2023-12-08,121.0499,2024-01-01,2024-01-01
2024-01-01,DTWEXBGS,2023-12-11,121.2212,2024-01-01,2024-01-01
2024-01-01,DTWEXBGS,2023-12-12,120.9825,2024-01-01,2024-01-01
2024-01-01,DTWEXBGS,2023-12-13,121.4667,2024-01-01,2024-01-01
2024-01-01,DTWEXBGS,2023-12-14,119.8952,2024-01-01,2024-01-01
2024-01-01,DTWEXBGS,2023-12-15,120.062,2024-01-01,2024-01-01
2024-01-01,DTWEXBGS,2023-12-18,120.2386,2024-01-01,2024-01-01
2024-01-01,DTWEXBGS,2023-12-19,119.8116,2024-01-01,2024-01-01
2024-01-01,DTWEXBGS,2023-12-20,119.8872,2024-01-01,2024-01-01
2024-01-01,DTWEXBGS,2023-12-21,119.6721,2024-01-01,2024-01-01
2024-01-01,DTWEXBGS,2023-12-22,119.4214,2024-01-01,2024-01-01
2024-01-01,FEDFUNDS,2023-09-01,5.33,2024-01-01,2024-01-01
2024-01-01,FEDFUNDS,2023-10-01,5.33,2024-01-01,2024-01-01
2024-01-01,FEDFUNDS,2023-11-01,5.33,2024-01-01,2024-01-01
2024-01-01,VIXCLS,2023-09-01,13.09,2024-01-01,2024-01-01
2024-01-01,VIXCLS,2023-09-04,13.82,2024-01-01,2024-01-01
2024-01-01,VIXCLS,2023-09-05,14.01,2024-01-01,2024-01-01
2024-01-01,VIXCLS,2023-09-06,14.45,2024-01-01,2024-01-01
2024-01-01,VIXCLS,2023-09-07,14.4,2024-01-01,2024-01-01
2024-01-01,VIXCLS,2023-09-08,13.84,2024-01-01,2024-01-01
2024-01-01,VIXCLS,2023-09-11,13.8,2024-01-01,2024-01-01
2024-01-01,VIXCLS,2023-09-12,14.23,2024-01-01,2024-01-01
2024-01-01,VIXCLS,2023-09-13,13.48,2024-01-01,2024-01-01
2024-01-01,VIXCLS,2023-09-14,12.82,2024-01-01,2024-01-01
2024-01-01,VIXCLS,2023-09-15,13.79,2024-01-01,2024-01-01
2024-01-01,VIXCLS,2023-09-18,14,2024-01-01,2024-01-01
2024-01-01,VIXCLS,2023-09-19,14.11,2024-01-01,2024-01-01
2024-01-01,VIXCLS,2023-09-20,15.14,2024-01-01,2024-01-01
2024-01-01,VIXCLS,2023-09-21,17.54,2024-01-01,2024-01-01
2024-01-01,VIXCLS,2023-09-22,17.2,2024-01-01,2024-01-01
2024-01-01,VIXCLS,2023-09-25,16.9,2024-01-01,2024-01-01
2024-01-01,VIXCLS,2023-09-26,18.94,2024-01-01,2024-01-01
2024-01-01,VIXCLS,2023-09-27,18.22,2024-01-01,2024-01-01
2024-01-01,VIXCLS,2023-09-28,17.34,2024-01-01,2024-01-01
2024-01-01,VIXCLS,2023-09-29,17.52,2024-01-01,2024-01-01
2024-01-01,VIXCLS,2023-10-02,17.61,2024-01-01,2024-01-01
2024-01-01,VIXCLS,2023-10-03,19.78,2024-01-01,2024-01-01
2024-01-01,VIXCLS,2023-10-04,18.58,2024-01-01,2024-01-01
2024-01-01,VIXCLS,2023-10-05,18.49,2024-01-01,2024-01-01
2024-01-01,VIXCLS,2023-10-06,17.45,2024-01-01,2024-01-01
2024-01-01,VIXCLS,2023-10-09,17.7,2024-01-01,2024-01-01
2024-01-01,VIXCLS,2023-10-10,17.03,2024-01-01,2024-01-01
2024-01-01,VIXCLS,2023-10-11,16.09,2024-01-01,2024-01-01
2024-01-01,VIXCLS,2023-10-12,16.69,2024-01-01,2024-01-01
2024-01-01,VIXCLS,2023-10-13,19.32,2024-01-01,2024-01-01
2024-01-01,VIXCLS,2023-10-16,17.21,2024-01-01,2024-01-01
2024-01-01,VIXCLS,2023-10-17,17.88,2024-01-01,2024-01-01
2024-01-01,VIXCLS,2023-10-18,19.22,2024-01-01,2024-01-01
2024-01-01,VIXCLS,2023-10-19,21.4,2024-01-01,2024-01-01
2024-01-01,VIXCLS,2023-10-20,21.71,2024-01-01,2024-01-01
2024-01-01,VIXCLS,2023-10-23,20.37,2024-01-01,2024-01-01
2024-01-01,VIXCLS,2023-10-24,18.97,2024-01-01,2024-01-01
2024-01-01,VIXCLS,2023-10-25,20.19,2024-01-01,2024-01-01
2024-01-01,VIXCLS,2023-10-26,20.68,2024-01-01,2024-01-01
2024-01-01,VIXCLS,2023-10-27,21.27,2024-01-01,2024-01-01
2024-01-01,VIXCLS,2023-10-30,19.75,2024-01-01,2024-01-01
2024-01-01,VIXCLS,2023-10-31,18.14,2024-01-01,2024-01-01
2024-01-01,VIXCLS,2023-11-01,16.87,2024-01-01,2024-01-01
2024-01-01,VIXCLS,2023-11-02,15.66,2024-01-01,2024-01-01
2024-01-01,VIXCLS,2023-11-03,14.91,2024-01-01,2024-01-01
2024-01-01,VIXCLS,2023-11-06,14.89,2024-01-01,2024-01-01
2024-01-01,VIXCLS,2023-11-07,14.81,2024-01-01,2024-01-01
2024-01-01,VIXCLS,2023-11-08,14.45,2024-01-01,2024-01-01
2024-01-01,VIXCLS,2023-11-09,15.29,2024-01-01,2024-01-01
2024-01-01,VIXCLS,2023-11-10,14.17,2024-01-01,2024-01-01
2024-01-01,VIXCLS,2023-11-13,14.76,2024-01-01,2024-01-01
2024-01-01,VIXCLS,2023-11-14,14.16,2024-01-01,2024-01-01
2024-01-01,VIXCLS,2023-11-15,14.18,2024-01-01,2024-01-01
2024-01-01,VIXCLS,2023-11-16,14.32,2024-01-01,2024-01-01
2024-01-01,VIXCLS,2023-11-17,13.8,2024-01-01,2024-01-01
2024-01-01,VIXCLS,2023-11-20,13.41,2024-01-01,2024-01-01
2024-01-01,VIXCLS,2023-11-21,13.35,2024-01-01,2024-01-01
2024-01-01,VIXCLS,2023-11-22,12.85,2024-01-01,2024-01-01
2024-01-01,VIXCLS,2023-11-23,12.8,2024-01-01,2024-01-01
2024-01-01,VIXCLS,2023-11-24,12.46,2024-01-01,2024-01-01
2024-01-01,VIXCLS,2023-11-27,12.69,2024-01-01,2024-01-01
2024-01-01,VIXCLS,2023-11-28,12.69,2024-01-01,2024-01-01
2024-01-01,VIXCLS,2023-11-29,12.98,2024-01-01,2024-01-01
2024-01-01,VIXCLS,2023-11-30,12.92,2024-01-01,2024-01-01
2024-01-01,VIXCLS,2023-12-01,12.63,2024-01-01,2024-01-01
2024-01-01,VIXCLS,2023-12-04,13.08,2024-01-01,2024-01-01
2024-01-01,VIXCLS,2023-12-05,12.85,2024-01-01,2024-01-01
2024-01-01,VIXCLS,2023-12-06,12.97,2024-01-01,2024-01-01
2024-01-01,VIXCLS,2023-12-07,13.06,2024-01-01,2024-01-01
2024-01-01,VIXCLS,2023-12-08,12.35,2024-01-01,2024-01-01
2024-01-01,VIXCLS,2023-12-11,12.63,2024-01-01,2024-01-01
2024-01-01,VIXCLS,2023-12-12,12.07,2024-01-01,2024-01-01
2024-01-01,VIXCLS,2023-12-13,12.19,2024-01-01,2024-01-01
2024-01-01,VIXCLS,2023-12-14,12.48,2024-01-01,2024-01-01
2024-01-01,VIXCLS,2023-12-15,12.28,2024-01-01,2024-01-01
2024-01-01,VIXCLS,2023-12-18,12.56,2024-01-01,2024-01-01
2024-01-01,VIXCLS,2023-12-19,12.53,2024-01-01,2024-01-01
2024-01-01,VIXCLS,2023-12-20,13.67,2024-01-01,2024-01-01
2024-01-01,VIXCLS,2023-12-21,13.65,2024-01-01,2024-01-01
2024-01-01,VIXCLS,2023-12-22,13.03,2024-01-01,2024-01-01
2024-01-01,VIXCLS,2023-12-26,12.99,2024-01-01,2024-01-01
2024-01-01,VIXCLS,2023-12-27,12.43,2024-01-01,2024-01-01
2024-01-01,VIXCLS,2023-12-28,12.47,2024-01-01,2024-01-01
2024-01-01,VIXCLS,2023-12-29,12.45,2024-01-01,2024-01-01
2024-02-01,CCUSMA02BRM618N,2023-10-01,5.064242857,2024-02-01,2024-02-01
2024-02-01,CCUSMA02BRM618N,2023-11-01,4.897735,2024-02-01,2024-02-01
2024-02-01,CCUSMA02BRM618N,2023-12-01,4.89664,2024-02-01,2024-02-01
2024-02-01,CCUSMA02CLM618N,2023-10-01,925.0958909,2024-02-01,2024-02-01
2024-02-01,CCUSMA02CLM618N,2023-11-01,885.2386182,2024-02-01,2024-02-01
2024-02-01,CCUSMA02CLM618N,2023-12-01,875.7559143,2024-02-01,2024-02-01
2024-02-01,CCUSMA02MXM618N,2023-10-01,17.99809364,2024-02-01,2024-02-01
2024-02-01,CCUSMA02MXM618N,2023-11-01,17.34034182,2024-02-01,2024-02-01
2024-02-01,CCUSMA02MXM618N,2023-12-01,17.1358319,2024-02-01,2024-02-01
2024-02-01,DTWEXBGS,2023-10-02,123.3573,2024-02-01,2024-02-01
2024-02-01,DTWEXBGS,2023-10-03,124.0624,2024-02-01,2024-02-01
2024-02-01,DTWEXBGS,2023-10-04,123.8848,2024-02-01,2024-02-01
2024-02-01,DTWEXBGS,2023-10-05,124.1752,2024-02-01,2024-02-01
2024-02-01,DTWEXBGS,2023-10-06,123.6561,2024-02-01,2024-02-01
2024-02-01,DTWEXBGS,2023-10-10,123.2437,2024-02-01,2024-02-01
2024-02-01,DTWEXBGS,2023-10-11,123.092,2024-02-01,2024-02-01
2024-02-01,DTWEXBGS,2023-10-12,123.5087,2024-02-01,2024-02-01
2024-02-01,DTWEXBGS,2023-10-13,123.8788,2024-02-01,2024-02-01
2024-02-01,DTWEXBGS,2023-10-16,123.621,2024-02-01,2024-02-01
2024-02-01,DTWEXBGS,2023-10-17,123.4334,2024-02-01,2024-02-01
2024-02-01,DTWEXBGS,2023-10-18,124.1001,2024-02-01,2024-02-01
2024-02-01,DTWEXBGS,2023-10-19,124.0861,2024-02-01,2024-02-01
2024-02-01,DTWEXBGS,2023-10-20,123.9049,2024-02-01,2024-02-01
2024-02-01,DTWEXBGS,2023-10-23,123.5935,2024-02-01,2024-02-01
2024-02-01,DTWEXBGS,2023-10-24,123.9249,2024-02-01,2024-02-01
2024-02-01,DTWEXBGS,2023-10-25,124.069,2024-02-01,2024-02-01
2024-02-01,DTWEXBGS,2023-10-26,124.285,2024-02-01,2024-02-01
2024-02-01,DTWEXBGS,2023-10-27,123.9145,2024-02-01,2024-02-01
2024-02-01,DTWEXBGS,2023-10-30,123.7044,2024-02-01,2024-02-01
2024-02-01,DTWEXBGS,2023-10-31,124.1229,2024-02-01,2024-02-01
2024-02-01,DTWEXBGS,2023-11-01,124.0801,2024-02-01,2024-02-01
2024-02-01,DTWEXBGS,2023-11-02,123.1995,2024-02-01,2024-02-01
2024-02-01,DTWEXBGS,2023-11-03,122.1006,2024-02-01,2024-02-01
2024-02-01,DTWEXBGS,2023-11-06,121.9692,2024-02-01,2024-02-01
2024-02-01,DTWEXBGS,2023-11-07,122.3882,2024-02-01,2024-02-01
2024-02-01,DTWEXBGS,2023-11-08,122.4055,2024-02-01,2024-02-01
2024-02-01,DTWEXBGS,2023-11-09,122.4434,2024-02-01,2024-02-01
2024-02-01,DTWEXBGS,2023-11-13,122.7389,2024-02-01,2024-02-01
2024-02-01,DTWEXBGS,2023-11-14,121.6865,2024-02-01,2024-02-01
2024-02-01,DTWEXBGS,2023-11-15,121.4035,2024-02-01,2024-02-01
2024-02-01,DTWEXBGS,2023-11-16,121.4953,2024-02-01,2024-02-01
2024-02-01,DTWEXBGS,2023-11-17,121.1657,2024-02-01,2024-02-01
2024-02-01,DTWEXBGS,2023-11-20,120.5653,2024-02-01,2024-02-01
2024-02-01,DTWEXBGS,2023-11-21,120.5182,2024-02-01,2024-02-01
2024-02-01,DTWEXBGS,2023-11-22,120.9757,2024-02-01,2024-02-01
2024-02-01,DTWEXBGS,2023-11-24,120.5285,2024-02-01,2024-02-01
2024-02-01,DTWEXBGS,2023-11-27,120.4893,2024-02-01,2024-02-01
2024-02-01,DTWEXBGS,2023-11-28,119.9174,2024-02-01,2024-02-01
2024-02-01,DTWEXBGS,2023-11-29,120.1246,2024-02-01,2024-02-01
2024-02-01,DTWEXBGS,2023-11-30,120.5421,2024-02-01,2024-02-01
2024-02-01,DTWEXBGS,2023-12-01,120.2542,2024-02-01,2024-02-01
2024-02-01,DTWEXBGS,2023-12-04,120.7669,2024-02-01,2024-02-01
2024-02-01,DTWEXBGS,2023-12-05,121.0731,2024-02-01,2024-02-01
2024-02-01,DTWEXBGS,2023-12-06,120.8348,2024-02-01,2024-02-01
2024-02-01,DTWEXBGS,2023-12-07,120.8938,2024-02-01,2024-02-01
2024-02-01,DTWEXBGS,2023-12-08,121.0499,2024-02-01,2024-02-01
2024-02-01,DTWEXBGS,2023-12-11,121.2212,2024-02-01,2024-02-01
2024-02-01,DTWEXBGS,2023-12-12,120.9825,2024-02-01,2024-02-01
2024-02-01,DTWEXBGS,2023-12-13,121.4667,2024-02-01,2024-02-01
2024-02-01,DTWEXBGS,2023-12-14,119.8952,2024-02-01,2024-02-01
2024-02-01,DTWEXBGS,2023-12-15,120.062,2024-02-01,2024-02-01
2024-02-01,DTWEXBGS,2023-12-18,120.2386,2024-02-01,2024-02-01
2024-02-01,DTWEXBGS,2023-12-19,119.8116,2024-02-01,2024-02-01
2024-02-01,DTWEXBGS,2023-12-20,119.8872,2024-02-01,2024-02-01
2024-02-01,DTWEXBGS,2023-12-21,119.6721,2024-02-01,2024-02-01
2024-02-01,DTWEXBGS,2023-12-22,119.4214,2024-02-01,2024-02-01
2024-02-01,DTWEXBGS,2023-12-26,119.2551,2024-02-01,2024-02-01
2024-02-01,DTWEXBGS,2023-12-27,118.8525,2024-02-01,2024-02-01
2024-02-01,DTWEXBGS,2023-12-28,118.762,2024-02-01,2024-02-01
2024-02-01,DTWEXBGS,2023-12-29,118.7686,2024-02-01,2024-02-01
2024-02-01,DTWEXBGS,2024-01-02,119.6165,2024-02-01,2024-02-01
2024-02-01,DTWEXBGS,2024-01-03,120.0407,2024-02-01,2024-02-01
2024-02-01,DTWEXBGS,2024-01-04,119.9775,2024-02-01,2024-02-01
2024-02-01,DTWEXBGS,2024-01-05,119.7474,2024-02-01,2024-02-01
2024-02-01,DTWEXBGS,2024-01-08,119.6237,2024-02-01,2024-02-01
2024-02-01,DTWEXBGS,2024-01-09,120.0296,2024-02-01,2024-02-01
2024-02-01,DTWEXBGS,2024-01-10,120.1258,2024-02-01,2024-02-01
2024-02-01,DTWEXBGS,2024-01-11,120.2516,2024-02-01,2024-02-01
2024-02-01,DTWEXBGS,2024-01-12,119.9009,2024-02-01,2024-02-01
2024-02-01,DTWEXBGS,2024-01-16,120.9213,2024-02-01,2024-02-01
2024-02-01,DTWEXBGS,2024-01-17,121.3823,2024-02-01,2024-02-01
2024-02-01,DTWEXBGS,2024-01-18,121.2366,2024-02-01,2024-02-01
2024-02-01,DTWEXBGS,2024-01-19,120.9947,2024-02-01,2024-02-01
2024-02-01,DTWEXBGS,2024-01-22,120.9687,2024-02-01,2024-02-01
2024-02-01,DTWEXBGS,2024-01-23,121.4244,2024-02-01,2024-02-01
2024-02-01,DTWEXBGS,2024-01-24,120.8336,2024-02-01,2024-02-01
2024-02-01,DTWEXBGS,2024-01-25,121.167,2024-02-01,2024-02-01
2024-02-01,DTWEXBGS,2024-01-26,120.9665,2024-02-01,2024-02-01
2024-02-01,FEDFUNDS,2023-10-01,5.33,2024-02-01,2024-02-01
2024-02-01,FEDFUNDS,2023-11-01,5.33,2024-02-01,2024-02-01
2024-02-01,FEDFUNDS,2023-12-01,5.33,2024-02-01,2024-02-01
2024-02-01,FEDFUNDS,2024-01-01,5.33,2024-02-01,2024-02-01
2024-02-01,VIXCLS,2023-10-02,17.61,2024-02-01,2024-02-01
2024-02-01,VIXCLS,2023-10-03,19.78,2024-02-01,2024-02-01
2024-02-01,VIXCLS,2023-10-04,18.58,2024-02-01,2024-02-01
2024-02-01,VIXCLS,2023-10-05,18.49,2024-02-01,2024-02-01
2024-02-01,VIXCLS,2023-10-06,17.45,2024-02-01,2024-02-01
2024-02-01,VIXCLS,2023-10-09,17.7,2024-02-01,2024-02-01
2024-02-01,VIXCLS,2023-10-10,17.03,2024-02-01,2024-02-01
2024-02-01,VIXCLS,2023-10-11,16.09,2024-02-01,2024-02-01
2024-02-01,VIXCLS,2023-10-12,16.69,2024-02-01,2024-02-01
2024-02-01,VIXCLS,2023-10-13,19.32,2024-02-01,2024-02-01
2024-02-01,VIXCLS,2023-10-16,17.21,2024-02-01,2024-02-01
2024-02-01,VIXCLS,2023-10-17,17.88,2024-02-01,2024-02-01
2024-02-01,VIXCLS,2023-10-18,19.22,2024-02-01,2024-02-01
2024-02-01,VIXCLS,2023-10-19,21.4,2024-02-01,2024-02-01
2024-02-01,VIXCLS,2023-10-20,21.71,2024-02-01,2024-02-01
2024-02-01,VIXCLS,2023-10-23,20.37,2024-02-01,2024-02-01
2024-02-01,VIXCLS,2023-10-24,18.97,2024-02-01,2024-02-01
2024-02-01,VIXCLS,2023-10-25,20.19,2024-02-01,2024-02-01
2024-02-01,VIXCLS,2023-10-26,20.68,2024-02-01,2024-02-01
2024-02-01,VIXCLS,2023-10-27,21.27,2024-02-01,2024-02-01
2024-02-01,VIXCLS,2023-10-30,19.75,2024-02-01,2024-02-01
2024-02-01,VIXCLS,2023-10-31,18.14,2024-02-01,2024-02-01
2024-02-01,VIXCLS,2023-11-01,16.87,2024-02-01,2024-02-01
2024-02-01,VIXCLS,2023-11-02,15.66,2024-02-01,2024-02-01
2024-02-01,VIXCLS,2023-11-03,14.91,2024-02-01,2024-02-01
2024-02-01,VIXCLS,2023-11-06,14.89,2024-02-01,2024-02-01
2024-02-01,VIXCLS,2023-11-07,14.81,2024-02-01,2024-02-01
2024-02-01,VIXCLS,2023-11-08,14.45,2024-02-01,2024-02-01
2024-02-01,VIXCLS,2023-11-09,15.29,2024-02-01,2024-02-01
2024-02-01,VIXCLS,2023-11-10,14.17,2024-02-01,2024-02-01
2024-02-01,VIXCLS,2023-11-13,14.76,2024-02-01,2024-02-01
2024-02-01,VIXCLS,2023-11-14,14.16,2024-02-01,2024-02-01
2024-02-01,VIXCLS,2023-11-15,14.18,2024-02-01,2024-02-01
2024-02-01,VIXCLS,2023-11-16,14.32,2024-02-01,2024-02-01
2024-02-01,VIXCLS,2023-11-17,13.8,2024-02-01,2024-02-01
2024-02-01,VIXCLS,2023-11-20,13.41,2024-02-01,2024-02-01
2024-02-01,VIXCLS,2023-11-21,13.35,2024-02-01,2024-02-01
2024-02-01,VIXCLS,2023-11-22,12.85,2024-02-01,2024-02-01
2024-02-01,VIXCLS,2023-11-23,12.8,2024-02-01,2024-02-01
2024-02-01,VIXCLS,2023-11-24,12.46,2024-02-01,2024-02-01
2024-02-01,VIXCLS,2023-11-27,12.69,2024-02-01,2024-02-01
2024-02-01,VIXCLS,2023-11-28,12.69,2024-02-01,2024-02-01
2024-02-01,VIXCLS,2023-11-29,12.98,2024-02-01,2024-02-01
2024-02-01,VIXCLS,2023-11-30,12.92,2024-02-01,2024-02-01
2024-02-01,VIXCLS,2023-12-01,12.63,2024-02-01,2024-02-01
2024-02-01,VIXCLS,2023-12-04,13.08,2024-02-01,2024-02-01
2024-02-01,VIXCLS,2023-12-05,12.85,2024-02-01,2024-02-01
2024-02-01,VIXCLS,2023-12-06,12.97,2024-02-01,2024-02-01
2024-02-01,VIXCLS,2023-12-07,13.06,2024-02-01,2024-02-01
2024-02-01,VIXCLS,2023-12-08,12.35,2024-02-01,2024-02-01
2024-02-01,VIXCLS,2023-12-11,12.63,2024-02-01,2024-02-01
2024-02-01,VIXCLS,2023-12-12,12.07,2024-02-01,2024-02-01
2024-02-01,VIXCLS,2023-12-13,12.19,2024-02-01,2024-02-01
2024-02-01,VIXCLS,2023-12-14,12.48,2024-02-01,2024-02-01
2024-02-01,VIXCLS,2023-12-15,12.28,2024-02-01,2024-02-01
2024-02-01,VIXCLS,2023-12-18,12.56,2024-02-01,2024-02-01
2024-02-01,VIXCLS,2023-12-19,12.53,2024-02-01,2024-02-01
2024-02-01,VIXCLS,2023-12-20,13.67,2024-02-01,2024-02-01
2024-02-01,VIXCLS,2023-12-21,13.65,2024-02-01,2024-02-01
2024-02-01,VIXCLS,2023-12-22,13.03,2024-02-01,2024-02-01
2024-02-01,VIXCLS,2023-12-26,12.99,2024-02-01,2024-02-01
2024-02-01,VIXCLS,2023-12-27,12.43,2024-02-01,2024-02-01
2024-02-01,VIXCLS,2023-12-28,12.47,2024-02-01,2024-02-01
2024-02-01,VIXCLS,2023-12-29,12.45,2024-02-01,2024-02-01
2024-02-01,VIXCLS,2024-01-02,13.2,2024-02-01,2024-02-01
2024-02-01,VIXCLS,2024-01-03,14.04,2024-02-01,2024-02-01
2024-02-01,VIXCLS,2024-01-04,14.13,2024-02-01,2024-02-01
2024-02-01,VIXCLS,2024-01-05,13.35,2024-02-01,2024-02-01
2024-02-01,VIXCLS,2024-01-08,13.08,2024-02-01,2024-02-01
2024-02-01,VIXCLS,2024-01-09,12.76,2024-02-01,2024-02-01
2024-02-01,VIXCLS,2024-01-10,12.69,2024-02-01,2024-02-01
2024-02-01,VIXCLS,2024-01-11,12.44,2024-02-01,2024-02-01
2024-02-01,VIXCLS,2024-01-12,12.7,2024-02-01,2024-02-01
2024-02-01,VIXCLS,2024-01-15,13.25,2024-02-01,2024-02-01
2024-02-01,VIXCLS,2024-01-16,13.84,2024-02-01,2024-02-01
2024-02-01,VIXCLS,2024-01-17,14.79,2024-02-01,2024-02-01
2024-02-01,VIXCLS,2024-01-18,14.13,2024-02-01,2024-02-01
2024-02-01,VIXCLS,2024-01-19,13.3,2024-02-01,2024-02-01
2024-02-01,VIXCLS,2024-01-22,13.19,2024-02-01,2024-02-01
2024-02-01,VIXCLS,2024-01-23,12.55,2024-02-01,2024-02-01
2024-02-01,VIXCLS,2024-01-24,13.14,2024-02-01,2024-02-01
2024-02-01,VIXCLS,2024-01-25,13.45,2024-02-01,2024-02-01
2024-02-01,VIXCLS,2024-01-26,13.26,2024-02-01,2024-02-01
2024-02-01,VIXCLS,2024-01-29,13.6,2024-02-01,2024-02-01
2024-02-01,VIXCLS,2024-01-30,13.31,2024-02-01,2024-02-01
2024-02-01,VIXCLS,2024-01-31,14.35,2024-02-01,2024-02-01
2024-03-01,CCUSMA02BRM618N,2023-11-01,4.897735,2024-03-01,2024-03-01
2024-03-01,CCUSMA02BRM618N,2023-12-01,4.89664,2024-03-01,2024-03-01
2024-03-01,CCUSMA02CLM618N,2023-11-01,885.2386182,2024-03-01,2024-03-01
2024-03-01,CCUSMA02CLM618N,2023-12-01,875.7559143,2024-03-01,2024-03-01
2024-03-01,CCUSMA02MXM618N,2023-11-01,17.34034182,2024-03-01,2024-03-01
2024-03-01,CCUSMA02MXM618N,2023-12-01,17.1358319,2024-03-01,2024-03-01
2024-03-01,DTWEXBGS,2023-11-01,124.0801,2024-03-01,2024-03-01
2024-03-01,DTWEXBGS,2023-11-02,123.1995,2024-03-01,2024-03-01
2024-03-01,DTWEXBGS,2023-11-03,122.1006,2024-03-01,2024-03-01
2024-03-01,DTWEXBGS,2023-11-06,121.9692,2024-03-01,2024-03-01
2024-03-01,DTWEXBGS,2023-11-07,122.3882,2024-03-01,2024-03-01
2024-03-01,DTWEXBGS,2023-11-08,122.4055,2024-03-01,2024-03-01
2024-03-01,DTWEXBGS,2023-11-09,122.4434,2024-03-01,2024-03-01
2024-03-01,DTWEXBGS,2023-11-13,122.7389,2024-03-01,2024-03-01
2024-03-01,DTWEXBGS,2023-11-14,121.6865,2024-03-01,2024-03-01
2024-03-01,DTWEXBGS,2023-11-15,121.4035,2024-03-01,2024-03-01
2024-03-01,DTWEXBGS,2023-11-16,121.4953,2024-03-01,2024-03-01
2024-03-01,DTWEXBGS,2023-11-17,121.1657,2024-03-01,2024-03-01
2024-03-01,DTWEXBGS,2023-11-20,120.5653,2024-03-01,2024-03-01
2024-03-01,DTWEXBGS,2023-11-21,120.5182,2024-03-01,2024-03-01
2024-03-01,DTWEXBGS,2023-11-22,120.9757,2024-03-01,2024-03-01
2024-03-01,DTWEXBGS,2023-11-24,120.5285,2024-03-01,2024-03-01
2024-03-01,DTWEXBGS,2023-11-27,120.4893,2024-03-01,2024-03-01
2024-03-01,DTWEXBGS,2023-11-28,119.9174,2024-03-01,2024-03-01
2024-03-01,DTWEXBGS,2023-11-29,120.1246,2024-03-01,2024-03-01
2024-03-01,DTWEXBGS,2023-11-30,120.5421,2024-03-01,2024-03-01
2024-03-01,DTWEXBGS,2023-12-01,120.2542,2024-03-01,2024-03-01
2024-03-01,DTWEXBGS,2023-12-04,120.7669,2024-03-01,2024-03-01
2024-03-01,DTWEXBGS,2023-12-05,121.0731,2024-03-01,2024-03-01
2024-03-01,DTWEXBGS,2023-12-06,120.8348,2024-03-01,2024-03-01
2024-03-01,DTWEXBGS,2023-12-07,120.8938,2024-03-01,2024-03-01
2024-03-01,DTWEXBGS,2023-12-08,121.0499,2024-03-01,2024-03-01
2024-03-01,DTWEXBGS,2023-12-11,121.2212,2024-03-01,2024-03-01
2024-03-01,DTWEXBGS,2023-12-12,120.9825,2024-03-01,2024-03-01
2024-03-01,DTWEXBGS,2023-12-13,121.4667,2024-03-01,2024-03-01
2024-03-01,DTWEXBGS,2023-12-14,119.8952,2024-03-01,2024-03-01
2024-03-01,DTWEXBGS,2023-12-15,120.062,2024-03-01,2024-03-01
2024-03-01,DTWEXBGS,2023-12-18,120.2386,2024-03-01,2024-03-01
2024-03-01,DTWEXBGS,2023-12-19,119.8116,2024-03-01,2024-03-01
2024-03-01,DTWEXBGS,2023-12-20,119.8872,2024-03-01,2024-03-01
2024-03-01,DTWEXBGS,2023-12-21,119.6721,2024-03-01,2024-03-01
2024-03-01,DTWEXBGS,2023-12-22,119.4214,2024-03-01,2024-03-01
2024-03-01,DTWEXBGS,2023-12-26,119.2551,2024-03-01,2024-03-01
2024-03-01,DTWEXBGS,2023-12-27,118.8525,2024-03-01,2024-03-01
2024-03-01,DTWEXBGS,2023-12-28,118.762,2024-03-01,2024-03-01
2024-03-01,DTWEXBGS,2023-12-29,118.7686,2024-03-01,2024-03-01
2024-03-01,DTWEXBGS,2024-01-02,119.6165,2024-03-01,2024-03-01
2024-03-01,DTWEXBGS,2024-01-03,120.0407,2024-03-01,2024-03-01
2024-03-01,DTWEXBGS,2024-01-04,119.9775,2024-03-01,2024-03-01
2024-03-01,DTWEXBGS,2024-01-05,119.7474,2024-03-01,2024-03-01
2024-03-01,DTWEXBGS,2024-01-08,119.6237,2024-03-01,2024-03-01
2024-03-01,DTWEXBGS,2024-01-09,120.0296,2024-03-01,2024-03-01
2024-03-01,DTWEXBGS,2024-01-10,120.1258,2024-03-01,2024-03-01
2024-03-01,DTWEXBGS,2024-01-11,120.2516,2024-03-01,2024-03-01
2024-03-01,DTWEXBGS,2024-01-12,119.9009,2024-03-01,2024-03-01
2024-03-01,DTWEXBGS,2024-01-16,120.9213,2024-03-01,2024-03-01
2024-03-01,DTWEXBGS,2024-01-17,121.3823,2024-03-01,2024-03-01
2024-03-01,DTWEXBGS,2024-01-18,121.2366,2024-03-01,2024-03-01
2024-03-01,DTWEXBGS,2024-01-19,120.9947,2024-03-01,2024-03-01
2024-03-01,DTWEXBGS,2024-01-22,120.9687,2024-03-01,2024-03-01
2024-03-01,DTWEXBGS,2024-01-23,121.4244,2024-03-01,2024-03-01
2024-03-01,DTWEXBGS,2024-01-24,120.8336,2024-03-01,2024-03-01
2024-03-01,DTWEXBGS,2024-01-25,121.167,2024-03-01,2024-03-01
2024-03-01,DTWEXBGS,2024-01-26,120.9665,2024-03-01,2024-03-01
2024-03-01,DTWEXBGS,2024-01-29,121.1888,2024-03-01,2024-03-01
2024-03-01,DTWEXBGS,2024-01-30,120.9442,2024-03-01,2024-03-01
2024-03-01,DTWEXBGS,2024-01-31,120.7727,2024-03-01,2024-03-01
2024-03-01,DTWEXBGS,2024-02-01,120.6832,2024-03-01,2024-03-01
2024-03-01,DTWEXBGS,2024-02-02,121.2438,2024-03-01,2024-03-01
2024-03-01,DTWEXBGS,2024-02-05,121.6831,2024-03-01,2024-03-01
2024-03-01,DTWEXBGS,2024-02-06,121.3021,2024-03-01,2024-03-01
2024-03-01,DTWEXBGS,2024-02-07,121.2518,2024-03-01,2024-03-01
2024-03-01,DTWEXBGS,2024-02-08,121.4226,2024-03-01,2024-03-01
2024-03-01,DTWEXBGS,2024-02-09,121.3851,2024-03-01,2024-03-01
2024-03-01,DTWEXBGS,2024-02-12,121.2839,2024-03-01,2024-03-01
2024-03-01,DTWEXBGS,2024-02-13,121.8558,2024-03-01,2024-03-01
2024-03-01,DTWEXBGS,2024-02-14,121.7411,2024-03-01,2024-03-01
2024-03-01,DTWEXBGS,2024-02-15,121.5567,2024-03-01,2024-03-01
2024-03-01,DTWEXBGS,2024-02-16,121.4984,2024-03-01,2024-03-01
2024-03-01,DTWEXBGS,2024-02-20,121.3769,2024-03-01,2024-03-01
2024-03-01,DTWEXBGS,2024-02-21,121.3918,2024-03-01,2024-03-01
2024-03-01,DTWEXBGS,2024-02-22,121.4589,2024-03-01,2024-03-01
2024-03-01,DTWEXBGS,2024-02-23,121.3991,2024-03-01,2024-03-01
2024-03-01,FEDFUNDS,2023-11-01,5.33,2024-03-01,2024-03-01
2024-03-01,FEDFUNDS,2023-12-01,5.33,2024-03-01,2024-03-01
2024-03-01,FEDFUNDS,2024-01-01,5.33,2024-03-01,2024-03-01
2024-03-01,FEDFUNDS,2024-02-01,5.33,2024-03-01,2024-03-01
2024-03-01,VIXCLS,2023-11-01,16.87,2024-03-01,2024-03-01
2024-03-01,VIXCLS,2023-11-02,15.66,2024-03-01,2024-03-01
2024-03-01,VIXCLS,2023-11-03,14.91,2024-03-01,2024-03-01
2024-03-01,VIXCLS,2023-11-06,14.89,2024-03-01,2024-03-01
2024-03-01,VIXCLS,2023-11-07,14.81,2024-03-01,2024-03-01
2024-03-01,VIXCLS,2023-11-08,14.45,2024-03-01,2024-03-01
2024-03-01,VIXCLS,2023-11-09,15.29,2024-03-01,2024-03-01
2024-03-01,VIXCLS,2023-11-10,14.17,2024-03-01,2024-03-01
2024-03-01,VIXCLS,2023-11-13,14.76,2024-03-01,2024-03-01
2024-03-01,VIXCLS,2023-11-14,14.16,2024-03-01,2024-03-01
2024-03-01,VIXCLS,2023-11-15,14.18,2024-03-01,2024-03-01
2024-03-01,VIXCLS,2023-11-16,14.32,2024-03-01,2024-03-01
2024-03-01,VIXCLS,2023-11-17,13.8,2024-03-01,2024-03-01
2024-03-01,VIXCLS,2023-11-20,13.41,2024-03-01,2024-03-01
2024-03-01,VIXCLS,2023-11-21,13.35,2024-03-01,2024-03-01
2024-03-01,VIXCLS,2023-11-22,12.85,2024-03-01,2024-03-01
2024-03-01,VIXCLS,2023-11-23,12.8,2024-03-01,2024-03-01
2024-03-01,VIXCLS,2023-11-24,12.46,2024-03-01,2024-03-01
2024-03-01,VIXCLS,2023-11-27,12.69,2024-03-01,2024-03-01
2024-03-01,VIXCLS,2023-11-28,12.69,2024-03-01,2024-03-01
2024-03-01,VIXCLS,2023-11-29,12.98,2024-03-01,2024-03-01
2024-03-01,VIXCLS,2023-11-30,12.92,2024-03-01,2024-03-01
2024-03-01,VIXCLS,2023-12-01,12.63,2024-03-01,2024-03-01
2024-03-01,VIXCLS,2023-12-04,13.08,2024-03-01,2024-03-01
2024-03-01,VIXCLS,2023-12-05,12.85,2024-03-01,2024-03-01
2024-03-01,VIXCLS,2023-12-06,12.97,2024-03-01,2024-03-01
2024-03-01,VIXCLS,2023-12-07,13.06,2024-03-01,2024-03-01
2024-03-01,VIXCLS,2023-12-08,12.35,2024-03-01,2024-03-01
2024-03-01,VIXCLS,2023-12-11,12.63,2024-03-01,2024-03-01
2024-03-01,VIXCLS,2023-12-12,12.07,2024-03-01,2024-03-01
2024-03-01,VIXCLS,2023-12-13,12.19,2024-03-01,2024-03-01
2024-03-01,VIXCLS,2023-12-14,12.48,2024-03-01,2024-03-01
2024-03-01,VIXCLS,2023-12-15,12.28,2024-03-01,2024-03-01
2024-03-01,VIXCLS,2023-12-18,12.56,2024-03-01,2024-03-01
2024-03-01,VIXCLS,2023-12-19,12.53,2024-03-01,2024-03-01
2024-03-01,VIXCLS,2023-12-20,13.67,2024-03-01,2024-03-01
2024-03-01,VIXCLS,2023-12-21,13.65,2024-03-01,2024-03-01
2024-03-01,VIXCLS,2023-12-22,13.03,2024-03-01,2024-03-01
2024-03-01,VIXCLS,2023-12-26,12.99,2024-03-01,2024-03-01
2024-03-01,VIXCLS,2023-12-27,12.43,2024-03-01,2024-03-01
2024-03-01,VIXCLS,2023-12-28,12.47,2024-03-01,2024-03-01
2024-03-01,VIXCLS,2023-12-29,12.45,2024-03-01,2024-03-01
2024-03-01,VIXCLS,2024-01-02,13.2,2024-03-01,2024-03-01
2024-03-01,VIXCLS,2024-01-03,14.04,2024-03-01,2024-03-01
2024-03-01,VIXCLS,2024-01-04,14.13,2024-03-01,2024-03-01
2024-03-01,VIXCLS,2024-01-05,13.35,2024-03-01,2024-03-01
2024-03-01,VIXCLS,2024-01-08,13.08,2024-03-01,2024-03-01
2024-03-01,VIXCLS,2024-01-09,12.76,2024-03-01,2024-03-01
2024-03-01,VIXCLS,2024-01-10,12.69,2024-03-01,2024-03-01
2024-03-01,VIXCLS,2024-01-11,12.44,2024-03-01,2024-03-01
2024-03-01,VIXCLS,2024-01-12,12.7,2024-03-01,2024-03-01
2024-03-01,VIXCLS,2024-01-15,13.25,2024-03-01,2024-03-01
2024-03-01,VIXCLS,2024-01-16,13.84,2024-03-01,2024-03-01
2024-03-01,VIXCLS,2024-01-17,14.79,2024-03-01,2024-03-01
2024-03-01,VIXCLS,2024-01-18,14.13,2024-03-01,2024-03-01
2024-03-01,VIXCLS,2024-01-19,13.3,2024-03-01,2024-03-01
2024-03-01,VIXCLS,2024-01-22,13.19,2024-03-01,2024-03-01
2024-03-01,VIXCLS,2024-01-23,12.55,2024-03-01,2024-03-01
2024-03-01,VIXCLS,2024-01-24,13.14,2024-03-01,2024-03-01
2024-03-01,VIXCLS,2024-01-25,13.45,2024-03-01,2024-03-01
2024-03-01,VIXCLS,2024-01-26,13.26,2024-03-01,2024-03-01
2024-03-01,VIXCLS,2024-01-29,13.6,2024-03-01,2024-03-01
2024-03-01,VIXCLS,2024-01-30,13.31,2024-03-01,2024-03-01
2024-03-01,VIXCLS,2024-01-31,14.35,2024-03-01,2024-03-01
2024-03-01,VIXCLS,2024-02-01,13.88,2024-03-01,2024-03-01
2024-03-01,VIXCLS,2024-02-02,13.85,2024-03-01,2024-03-01
2024-03-01,VIXCLS,2024-02-05,13.67,2024-03-01,2024-03-01
2024-03-01,VIXCLS,2024-02-06,13.06,2024-03-01,2024-03-01
2024-03-01,VIXCLS,2024-02-07,12.83,2024-03-01,2024-03-01
2024-03-01,VIXCLS,2024-02-08,12.79,2024-03-01,2024-03-01
2024-03-01,VIXCLS,2024-02-09,12.93,2024-03-01,2024-03-01
2024-03-01,VIXCLS,2024-02-12,13.93,2024-03-01,2024-03-01
2024-03-01,VIXCLS,2024-02-13,15.85,2024-03-01,2024-03-01
2024-03-01,VIXCLS,2024-02-14,14.38,2024-03-01,2024-03-01
2024-03-01,VIXCLS,2024-02-15,14.01,2024-03-01,2024-03-01
2024-03-01,VIXCLS,2024-02-16,14.24,2024-03-01,2024-03-01
2024-03-01,VIXCLS,2024-02-19,14.71,2024-03-01,2024-03-01
2024-03-01,VIXCLS,2024-02-20,15.42,2024-03-01,2024-03-01
2024-03-01,VIXCLS,2024-02-21,15.34,2024-03-01,2024-03-01
2024-03-01,VIXCLS,2024-02-22,14.54,2024-03-01,2024-03-01
2024-03-01,VIXCLS,2024-02-23,13.75,2024-03-01,2024-03-01
2024-03-01,VIXCLS,2024-02-26,13.74,2024-03-01,2024-03-01
2024-03-01,VIXCLS,2024-02-27,13.43,2024-03-01,2024-03-01
2024-03-01,VIXCLS,2024-02-28,13.84,2024-03-01,2024-03-01
2024-03-01,VIXCLS,2024-02-29,13.4,2024-03-01,2024-03-01
2024-04-01,CCUSMA02BRM618N,2023-12-01,4.89664,2024-04-01,2024-04-01
2024-04-01,CCUSMA02CLM618N,2023-12-01,875.7559143,2024-04-01,2024-04-01
2024-04-01,CCUSMA02MXM618N,2023-12-01,17.1358319,2024-04-01,2024-04-01
2024-04-01,DTWEXBGS,2023-12-01,120.2542,2024-04-01,2024-04-01
2024-04-01,DTWEXBGS,2023-12-04,120.7669,2024-04-01,2024-04-01
2024-04-01,DTWEXBGS,2023-12-05,121.0731,2024-04-01,2024-04-01
2024-04-01,DTWEXBGS,2023-12-06,120.8348,2024-04-01,2024-04-01
2024-04-01,DTWEXBGS,2023-12-07,120.8938,2024-04-01,2024-04-01
2024-04-01,DTWEXBGS,2023-12-08,121.0499,2024-04-01,2024-04-01
2024-04-01,DTWEXBGS,2023-12-11,121.2212,2024-04-01,2024-04-01
2024-04-01,DTWEXBGS,2023-12-12,120.9825,2024-04-01,2024-04-01
2024-04-01,DTWEXBGS,2023-12-13,121.4667,2024-04-01,2024-04-01
2024-04-01,DTWEXBGS,2023-12-14,119.8952,2024-04-01,2024-04-01
2024-04-01,DTWEXBGS,2023-12-15,120.062,2024-04-01,2024-04-01
2024-04-01,DTWEXBGS,2023-12-18,120.2386,2024-04-01,2024-04-01
2024-04-01,DTWEXBGS,2023-12-19,119.8116,2024-04-01,2024-04-01
2024-04-01,DTWEXBGS,2023-12-20,119.8872,2024-04-01,2024-04-01
2024-04-01,DTWEXBGS,2023-12-21,119.6721,2024-04-01,2024-04-01
2024-04-01,DTWEXBGS,2023-12-22,119.4214,2024-04-01,2024-04-01
2024-04-01,DTWEXBGS,2023-12-26,119.2551,2024-04-01,2024-04-01
2024-04-01,DTWEXBGS,2023-12-27,118.8525,2024-04-01,2024-04-01
2024-04-01,DTWEXBGS,2023-12-28,118.762,2024-04-01,2024-04-01
2024-04-01,DTWEXBGS,2023-12-29,118.7686,2024-04-01,2024-04-01
2024-04-01,DTWEXBGS,2024-01-02,119.6165,2024-04-01,2024-04-01
2024-04-01,DTWEXBGS,2024-01-03,120.0407,2024-04-01,2024-04-01
2024-04-01,DTWEXBGS,2024-01-04,119.9775,2024-04-01,2024-04-01
2024-04-01,DTWEXBGS,2024-01-05,119.7474,2024-04-01,2024-04-01
2024-04-01,DTWEXBGS,2024-01-08,119.6237,2024-04-01,2024-04-01
2024-04-01,DTWEXBGS,2024-01-09,120.0296,2024-04-01,2024-04-01
2024-04-01,DTWEXBGS,2024-01-10,120.1258,2024-04-01,2024-04-01
2024-04-01,DTWEXBGS,2024-01-11,120.2516,2024-04-01,2024-04-01
2024-04-01,DTWEXBGS,2024-01-12,119.9009,2024-04-01,2024-04-01
2024-04-01,DTWEXBGS,2024-01-16,120.9213,2024-04-01,2024-04-01
2024-04-01,DTWEXBGS,2024-01-17,121.3823,2024-04-01,2024-04-01
2024-04-01,DTWEXBGS,2024-01-18,121.2366,2024-04-01,2024-04-01
2024-04-01,DTWEXBGS,2024-01-19,120.9947,2024-04-01,2024-04-01
2024-04-01,DTWEXBGS,2024-01-22,120.9687,2024-04-01,2024-04-01
2024-04-01,DTWEXBGS,2024-01-23,121.4244,2024-04-01,2024-04-01
2024-04-01,DTWEXBGS,2024-01-24,120.8336,2024-04-01,2024-04-01
2024-04-01,DTWEXBGS,2024-01-25,121.167,2024-04-01,2024-04-01
2024-04-01,DTWEXBGS,2024-01-26,120.9665,2024-04-01,2024-04-01
2024-04-01,DTWEXBGS,2024-01-29,121.1888,2024-04-01,2024-04-01
2024-04-01,DTWEXBGS,2024-01-30,120.9442,2024-04-01,2024-04-01
2024-04-01,DTWEXBGS,2024-01-31,120.7727,2024-04-01,2024-04-01
2024-04-01,DTWEXBGS,2024-02-01,120.6832,2024-04-01,2024-04-01
2024-04-01,DTWEXBGS,2024-02-02,121.2438,2024-04-01,2024-04-01
2024-04-01,DTWEXBGS,2024-02-05,121.6831,2024-04-01,2024-04-01
2024-04-01,DTWEXBGS,2024-02-06,121.3021,2024-04-01,2024-04-01
2024-04-01,DTWEXBGS,2024-02-07,121.2518,2024-04-01,2024-04-01
2024-04-01,DTWEXBGS,2024-02-08,121.4226,2024-04-01,2024-04-01
2024-04-01,DTWEXBGS,2024-02-09,121.3851,2024-04-01,2024-04-01
2024-04-01,DTWEXBGS,2024-02-12,121.2839,2024-04-01,2024-04-01
2024-04-01,DTWEXBGS,2024-02-13,121.8558,2024-04-01,2024-04-01
2024-04-01,DTWEXBGS,2024-02-14,121.7411,2024-04-01,2024-04-01
2024-04-01,DTWEXBGS,2024-02-15,121.5567,2024-04-01,2024-04-01
2024-04-01,DTWEXBGS,2024-02-16,121.4984,2024-04-01,2024-04-01
2024-04-01,DTWEXBGS,2024-02-20,121.3769,2024-04-01,2024-04-01
2024-04-01,DTWEXBGS,2024-02-21,121.3918,2024-04-01,2024-04-01
2024-04-01,DTWEXBGS,2024-02-22,121.4589,2024-04-01,2024-04-01
2024-04-01,DTWEXBGS,2024-02-23,121.3991,2024-04-01,2024-04-01
2024-04-01,DTWEXBGS,2024-02-26,121.4197,2024-04-01,2024-04-01
2024-04-01,DTWEXBGS,2024-02-27,121.3297,2024-04-01,2024-04-01
2024-04-01,DTWEXBGS,2024-02-28,121.4886,2024-04-01,2024-04-01
2024-04-01,DTWEXBGS,2024-02-29,121.5385,2024-04-01,2024-04-01
2024-04-01,DTWEXBGS,2024-03-01,121.3741,2024-04-01,2024-04-01
2024-04-01,DTWEXBGS,2024-03-04,121.2454,2024-04-01,2024-04-01
2024-04-01,DTWEXBGS,2024-03-05,121.2575,2024-04-01,2024-04-01
2024-04-01,DTWEXBGS,2024-03-06,120.8481,2024-04-01,2024-04-01
2024-04-01,DTWEXBGS,2024-03-07,120.5744,2024-04-01,2024-04-01
2024-04-01,DTWEXBGS,2024-03-08,120.3612,2024-04-01,2024-04-01
2024-04-01,DTWEXBGS,2024-03-11,120.4205,2024-04-01,2024-04-01
2024-04-01,DTWEXBGS,2024-03-12,120.5468,2024-04-01,2024-04-01
2024-04-01,DTWEXBGS,2024-03-13,120.3533,2024-04-01,2024-04-01
2024-04-01,DTWEXBGS,2024-03-14,120.6272,2024-04-01,2024-04-01
2024-04-01,DTWEXBGS,2024-03-15,120.7884,2024-04-01,2024-04-01
2024-04-01,DTWEXBGS,2024-03-18,120.9572,2024-04-01,2024-04-01
2024-04-01,DTWEXBGS,2024-03-19,121.3111,2024-04-01,2024-04-01
2024-04-01,DTWEXBGS,2024-03-20,121.3092,2024-04-01,2024-04-01
2024-04-01,DTWEXBGS,2024-03-21,121.1869,2024-04-01,2024-04-01
2024-04-01,DTWEXBGS,2024-03-22,121.5694,2024-04-01,2024-04-01
2024-04-01,DTWEXBGS,2024-03-25,121.4143,2024-04-01,2024-04-01
2024-04-01,DTWEXBGS,2024-03-26,121.4613,2024-04-01,2024-04-01
2024-04-01,DTWEXBGS,2024-03-27,121.4048,2024-04-01,2024-04-01
2024-04-01,DTWEXBGS,2024-03-28,121.4498,2024-04-01,2024-04-01
2024-04-01,DTWEXBGS,2024-03-29,121.4062,2024-04-01,2024-04-01
2024-04-01,FEDFUNDS,2023-12-01,5.33,2024-04-01,2024-04-01
2024-04-01,FEDFUNDS,2024-01-01,5.33,2024-04-01,2024-04-01
2024-04-01,FEDFUNDS,2024-02-01,5.33,2024-04-01,2024-04-01
2024-04-01,FEDFUNDS,2024-03-01,5.33,2024-04-01,2024-04-01
2024-04-01,VIXCLS,2023-12-01,12.63,2024-04-01,2024-04-01
2024-04-01,VIXCLS,2023-12-04,13.08,2024-04-01,2024-04-01
2024-04-01,VIXCLS,2023-12-05,12.85,2024-04-01,2024-04-01
2024-04-01,VIXCLS,2023-12-06,12.97,2024-04-01,2024-04-01
2024-04-01,VIXCLS,2023-12-07,13.06,2024-04-01,2024-04-01
2024-04-01,VIXCLS,2023-12-08,12.35,2024-04-01,2024-04-01
2024-04-01,VIXCLS,2023-12-11,12.63,2024-04-01,2024-04-01
2024-04-01,VIXCLS,2023-12-12,12.07,2024-04-01,2024-04-01
2024-04-01,VIXCLS,2023-12-13,12.19,2024-04-01,2024-04-01
2024-04-01,VIXCLS,2023-12-14,12.48,2024-04-01,2024-04-01
2024-04-01,VIXCLS,2023-12-15,12.28,2024-04-01,2024-04-01
2024-04-01,VIXCLS,2023-12-18,12.56,2024-04-01,2024-04-01
2024-04-01,VIXCLS,2023-12-19,12.53,2024-04-01,2024-04-01
2024-04-01,VIXCLS,2023-12-20,13.67,2024-04-01,2024-04-01
2024-04-01,VIXCLS,2023-12-21,13.65,2024-04-01,2024-04-01
2024-04-01,VIXCLS,2023-12-22,13.03,2024-04-01,2024-04-01
2024-04-01,VIXCLS,2023-12-26,12.99,2024-04-01,2024-04-01
2024-04-01,VIXCLS,2023-12-27,12.43,2024-04-01,2024-04-01
2024-04-01,VIXCLS,2023-12-28,12.47,2024-04-01,2024-04-01
2024-04-01,VIXCLS,2023-12-29,12.45,2024-04-01,2024-04-01
2024-04-01,VIXCLS,2024-01-02,13.2,2024-04-01,2024-04-01
2024-04-01,VIXCLS,2024-01-03,14.04,2024-04-01,2024-04-01
2024-04-01,VIXCLS,2024-01-04,14.13,2024-04-01,2024-04-01
2024-04-01,VIXCLS,2024-01-05,13.35,2024-04-01,2024-04-01
2024-04-01,VIXCLS,2024-01-08,13.08,2024-04-01,2024-04-01
2024-04-01,VIXCLS,2024-01-09,12.76,2024-04-01,2024-04-01
2024-04-01,VIXCLS,2024-01-10,12.69,2024-04-01,2024-04-01
2024-04-01,VIXCLS,2024-01-11,12.44,2024-04-01,2024-04-01
2024-04-01,VIXCLS,2024-01-12,12.7,2024-04-01,2024-04-01
2024-04-01,VIXCLS,2024-01-15,13.25,2024-04-01,2024-04-01
2024-04-01,VIXCLS,2024-01-16,13.84,2024-04-01,2024-04-01
2024-04-01,VIXCLS,2024-01-17,14.79,2024-04-01,2024-04-01
2024-04-01,VIXCLS,2024-01-18,14.13,2024-04-01,2024-04-01
2024-04-01,VIXCLS,2024-01-19,13.3,2024-04-01,2024-04-01
2024-04-01,VIXCLS,2024-01-22,13.19,2024-04-01,2024-04-01
2024-04-01,VIXCLS,2024-01-23,12.55,2024-04-01,2024-04-01
2024-04-01,VIXCLS,2024-01-24,13.14,2024-04-01,2024-04-01
2024-04-01,VIXCLS,2024-01-25,13.45,2024-04-01,2024-04-01
2024-04-01,VIXCLS,2024-01-26,13.26,2024-04-01,2024-04-01
2024-04-01,VIXCLS,2024-01-29,13.6,2024-04-01,2024-04-01
2024-04-01,VIXCLS,2024-01-30,13.31,2024-04-01,2024-04-01
2024-04-01,VIXCLS,2024-01-31,14.35,2024-04-01,2024-04-01
2024-04-01,VIXCLS,2024-02-01,13.88,2024-04-01,2024-04-01
2024-04-01,VIXCLS,2024-02-02,13.85,2024-04-01,2024-04-01
2024-04-01,VIXCLS,2024-02-05,13.67,2024-04-01,2024-04-01
2024-04-01,VIXCLS,2024-02-06,13.06,2024-04-01,2024-04-01
2024-04-01,VIXCLS,2024-02-07,12.83,2024-04-01,2024-04-01
2024-04-01,VIXCLS,2024-02-08,12.79,2024-04-01,2024-04-01
2024-04-01,VIXCLS,2024-02-09,12.93,2024-04-01,2024-04-01
2024-04-01,VIXCLS,2024-02-12,13.93,2024-04-01,2024-04-01
2024-04-01,VIXCLS,2024-02-13,15.85,2024-04-01,2024-04-01
2024-04-01,VIXCLS,2024-02-14,14.38,2024-04-01,2024-04-01
2024-04-01,VIXCLS,2024-02-15,14.01,2024-04-01,2024-04-01
2024-04-01,VIXCLS,2024-02-16,14.24,2024-04-01,2024-04-01
2024-04-01,VIXCLS,2024-02-19,14.71,2024-04-01,2024-04-01
2024-04-01,VIXCLS,2024-02-20,15.42,2024-04-01,2024-04-01
2024-04-01,VIXCLS,2024-02-21,15.34,2024-04-01,2024-04-01
2024-04-01,VIXCLS,2024-02-22,14.54,2024-04-01,2024-04-01
2024-04-01,VIXCLS,2024-02-23,13.75,2024-04-01,2024-04-01
2024-04-01,VIXCLS,2024-02-26,13.74,2024-04-01,2024-04-01
2024-04-01,VIXCLS,2024-02-27,13.43,2024-04-01,2024-04-01
2024-04-01,VIXCLS,2024-02-28,13.84,2024-04-01,2024-04-01
2024-04-01,VIXCLS,2024-02-29,13.4,2024-04-01,2024-04-01
2024-04-01,VIXCLS,2024-03-01,13.11,2024-04-01,2024-04-01
2024-04-01,VIXCLS,2024-03-04,13.49,2024-04-01,2024-04-01
2024-04-01,VIXCLS,2024-03-05,14.46,2024-04-01,2024-04-01
2024-04-01,VIXCLS,2024-03-06,14.5,2024-04-01,2024-04-01
2024-04-01,VIXCLS,2024-03-07,14.44,2024-04-01,2024-04-01
2024-04-01,VIXCLS,2024-03-08,14.74,2024-04-01,2024-04-01
2024-04-01,VIXCLS,2024-03-11,15.22,2024-04-01,2024-04-01
2024-04-01,VIXCLS,2024-03-12,13.84,2024-04-01,2024-04-01
2024-04-01,VIXCLS,2024-03-13,13.75,2024-04-01,2024-04-01
2024-04-01,VIXCLS,2024-03-14,14.4,2024-04-01,2024-04-01
2024-04-01,VIXCLS,2024-03-15,14.41,2024-04-01,2024-04-01
2024-04-01,VIXCLS,2024-03-18,14.33,2024-04-01,2024-04-01
2024-04-01,VIXCLS,2024-03-19,13.82,2024-04-01,2024-04-01
2024-04-01,VIXCLS,2024-03-20,13.04,2024-04-01,2024-04-01
2024-04-01,VIXCLS,2024-03-21,12.92,2024-04-01,2024-04-01
2024-04-01,VIXCLS,2024-03-22,13.06,2024-04-01,2024-04-01
2024-04-01,VIXCLS,2024-03-25,13.19,2024-04-01,2024-04-01
2024-04-01,VIXCLS,2024-03-26,13.24,2024-04-01,2024-04-01
2024-04-01,VIXCLS,2024-03-27,12.78,2024-04-01,2024-04-01
2024-04-01,VIXCLS,2024-03-28,13.01,2024-04-01,2024-04-01
2024-05-01,CCUSMA02BRM618N,2024-01-01,4.913795455,2024-05-01,2024-05-01
2024-05-01,CCUSMA02BRM618N,2024-02-01,4.963789474,2024-05-01,2024-05-01
2024-05-01,CCUSMA02CLM618N,2024-01-01,910.1408478,2024-05-01,2024-05-01
2024-05-01,CCUSMA02CLM618N,2024-02-01,965.8012095,2024-05-01,2024-05-01
2024-05-01,CCUSMA02CLM618N,2024-03-01,969.6888,2024-05-01,2024-05-01
2024-05-01,CCUSMA02MXM618N,2024-01-01,17.04017522,2024-05-01,2024-05-01
2024-05-01,CCUSMA02MXM618N,2024-02-01,17.07062048,2024-05-01,2024-05-01
2024-05-01,CCUSMA02MXM618N,2024-03-01,16.73718857,2024-05-01,2024-05-01
2024-05-01,DTWEXBGS,2024-01-02,119.6165,2024-05-01,2024-05-01
2024-05-01,DTWEXBGS,2024-01-03,120.0407,2024-05-01,2024-05-01
2024-05-01,DTWEXBGS,2024-01-04,119.9775,2024-05-01,2024-05-01
2024-05-01,DTWEXBGS,2024-01-05,119.7474,2024-05-01,2024-05-01
2024-05-01,DTWEXBGS,2024-01-08,119.6237,2024-05-01,2024-05-01
2024-05-01,DTWEXBGS,2024-01-09,120.0296,2024-05-01,2024-05-01
2024-05-01,DTWEXBGS,2024-01-10,120.1258,2024-05-01,2024-05-01
2024-05-01,DTWEXBGS,2024-01-11,120.2516,2024-05-01,2024-05-01
2024-05-01,DTWEXBGS,2024-01-12,119.9009,2024-05-01,2024-05-01
2024-05-01,DTWEXBGS,2024-01-16,120.9213,2024-05-01,2024-05-01
2024-05-01,DTWEXBGS,2024-01-17,121.3823,2024-05-01,2024-05-01
2024-05-01,DTWEXBGS,2024-01-18,121.2366,2024-05-01,2024-05-01
2024-05-01,DTWEXBGS,2024-01-19,120.9947,2024-05-01,2024-05-01
2024-05-01,DTWEXBGS,2024-01-22,120.9687,2024-05-01,2024-05-01
2024-05-01,DTWEXBGS,2024-01-23,121.4244,2024-05-01,2024-05-01
2024-05-01,DTWEXBGS,2024-01-24,120.8336,2024-05-01,2024-05-01
2024-05-01,DTWEXBGS,2024-01-25,121.167,2024-05-01,2024-05-01
2024-05-01,DTWEXBGS,2024-01-26,120.9665,2024-05-01,2024-05-01
2024-05-01,DTWEXBGS,2024-01-29,121.1888,2024-05-01,2024-05-01
2024-05-01,DTWEXBGS,2024-01-30,120.9442,2024-05-01,2024-05-01
2024-05-01,DTWEXBGS,2024-01-31,120.7727,2024-05-01,2024-05-01
2024-05-01,DTWEXBGS,2024-02-01,120.6832,2024-05-01,2024-05-01
2024-05-01,DTWEXBGS,2024-02-02,121.2438,2024-05-01,2024-05-01
2024-05-01,DTWEXBGS,2024-02-05,121.6831,2024-05-01,2024-05-01
2024-05-01,DTWEXBGS,2024-02-06,121.3021,2024-05-01,2024-05-01
2024-05-01,DTWEXBGS,2024-02-07,121.2518,2024-05-01,2024-05-01
2024-05-01,DTWEXBGS,2024-02-08,121.4226,2024-05-01,2024-05-01
2024-05-01,DTWEXBGS,2024-02-09,121.3851,2024-05-01,2024-05-01
2024-05-01,DTWEXBGS,2024-02-12,121.2839,2024-05-01,2024-05-01
2024-05-01,DTWEXBGS,2024-02-13,121.8558,2024-05-01,2024-05-01
2024-05-01,DTWEXBGS,2024-02-14,121.7411,2024-05-01,2024-05-01
2024-05-01,DTWEXBGS,2024-02-15,121.5567,2024-05-01,2024-05-01
2024-05-01,DTWEXBGS,2024-02-16,121.4984,2024-05-01,2024-05-01
2024-05-01,DTWEXBGS,2024-02-20,121.3769,2024-05-01,2024-05-01
2024-05-01,DTWEXBGS,2024-02-21,121.3918,2024-05-01,2024-05-01
2024-05-01,DTWEXBGS,2024-02-22,121.4589,2024-05-01,2024-05-01
2024-05-01,DTWEXBGS,2024-02-23,121.3991,2024-05-01,2024-05-01
2024-05-01,DTWEXBGS,2024-02-26,121.4197,2024-05-01,2024-05-01
2024-05-01,DTWEXBGS,2024-02-27,121.3297,2024-05-01,2024-05-01
2024-05-01,DTWEXBGS,2024-02-28,121.4886,2024-05-01,2024-05-01
2024-05-01,DTWEXBGS,2024-02-29,121.5385,2024-05-01,2024-05-01
2024-05-01,DTWEXBGS,2024-03-01,121.3741,2024-05-01,2024-05-01
2024-05-01,DTWEXBGS,2024-03-04,121.2454,2024-05-01,2024-05-01
2024-05-01,DTWEXBGS,2024-03-05,121.2575,2024-05-01,2024-05-01
2024-05-01,DTWEXBGS,2024-03-06,120.8481,2024-05-01,2024-05-01
2024-05-01,DTWEXBGS,2024-03-07,120.5744,2024-05-01,2024-05-01
2024-05-01,DTWEXBGS,2024-03-08,120.3612,2024-05-01,2024-05-01
2024-05-01,DTWEXBGS,2024-03-11,120.4205,2024-05-01,2024-05-01
2024-05-01,DTWEXBGS,2024-03-12,120.5468,2024-05-01,2024-05-01
2024-05-01,DTWEXBGS,2024-03-13,120.3533,2024-05-01,2024-05-01
2024-05-01,DTWEXBGS,2024-03-14,120.6272,2024-05-01,2024-05-01
2024-05-01,DTWEXBGS,2024-03-15,120.7884,2024-05-01,2024-05-01
2024-05-01,DTWEXBGS,2024-03-18,120.9572,2024-05-01,2024-05-01
2024-05-01,DTWEXBGS,2024-03-19,121.3111,2024-05-01,2024-05-01
2024-05-01,DTWEXBGS,2024-03-20,121.3092,2024-05-01,2024-05-01
2024-05-01,DTWEXBGS,2024-03-21,121.1869,2024-05-01,2024-05-01
2024-05-01,DTWEXBGS,2024-03-22,121.5694,2024-05-01,2024-05-01
2024-05-01,DTWEXBGS,2024-03-25,121.4143,2024-05-01,2024-05-01
2024-05-01,DTWEXBGS,2024-03-26,121.4613,2024-05-01,2024-05-01
2024-05-01,DTWEXBGS,2024-03-27,121.4048,2024-05-01,2024-05-01
2024-05-01,DTWEXBGS,2024-03-28,121.4498,2024-05-01,2024-05-01
2024-05-01,DTWEXBGS,2024-03-29,121.4062,2024-05-01,2024-05-01
2024-05-01,DTWEXBGS,2024-04-01,121.8884,2024-05-01,2024-05-01
2024-05-01,DTWEXBGS,2024-04-02,121.6881,2024-05-01,2024-05-01
2024-05-01,DTWEXBGS,2024-04-03,121.4129,2024-05-01,2024-05-01
2024-05-01,DTWEXBGS,2024-04-04,121.1646,2024-05-01,2024-05-01
2024-05-01,DTWEXBGS,2024-04-05,121.3671,2024-05-01,2024-05-01
2024-05-01,DTWEXBGS,2024-04-08,121.1487,2024-05-01,2024-05-01
2024-05-01,DTWEXBGS,2024-04-09,121.1215,2024-05-01,2024-05-01
2024-05-01,DTWEXBGS,2024-04-10,121.9628,2024-05-01,2024-05-01
2024-05-01,DTWEXBGS,2024-04-11,122.003,2024-05-01,2024-05-01
2024-05-01,DTWEXBGS,2024-04-12,122.6566,2024-05-01,2024-05-01
2024-05-01,DTWEXBGS,2024-04-15,122.7932,2024-05-01,2024-05-01
2024-05-01,DTWEXBGS,2024-04-16,123.4732,2024-05-01,2024-05-01
2024-05-01,DTWEXBGS,2024-04-17,123.375,2024-05-01,2024-05-01
2024-05-01,DTWEXBGS,2024-04-18,123.3481,2024-05-01,2024-05-01
2024-05-01,DTWEXBGS,2024-04-19,123.4459,2024-05-01,2024-05-01
2024-05-01,DTWEXBGS,2024-04-22,123.4011,2024-05-01,2024-05-01
2024-05-01,DTWEXBGS,2024-04-23,123.0779,2024-05-01,2024-05-01
2024-05-01,DTWEXBGS,2024-04-24,123.2398,2024-05-01,2024-05-01
2024-05-01,DTWEXBGS,2024-04-25,123.1916,2024-05-01,2024-05-01
2024-05-01,DTWEXBGS,2024-04-26,123.3004,2024-05-01,2024-05-01
2024-05-01,FEDFUNDS,2024-01-01,5.33,2024-05-01,2024-05-01
2024-05-01,FEDFUNDS,2024-02-01,5.33,2024-05-01,2024-05-01
2024-05-01,FEDFUNDS,2024-03-01,5.33,2024-05-01,2024-05-01
2024-05-01,FEDFUNDS,2024-04-01,5.33,2024-05-01,2024-05-01
2024-05-01,VIXCLS,2024-01-02,13.2,2024-05-01,2024-05-01
2024-05-01,VIXCLS,2024-01-03,14.04,2024-05-01,2024-05-01
2024-05-01,VIXCLS,2024-01-04,14.13,2024-05-01,2024-05-01
2024-05-01,VIXCLS,2024-01-05,13.35,2024-05-01,2024-05-01
2024-05-01,VIXCLS,2024-01-08,13.08,2024-05-01,2024-05-01
2024-05-01,VIXCLS,2024-01-09,12.76,2024-05-01,2024-05-01
2024-05-01,VIXCLS,2024-01-10,12.69,2024-05-01,2024-05-01
2024-05-01,VIXCLS,2024-01-11,12.44,2024-05-01,2024-05-01
2024-05-01,VIXCLS,2024-01-12,12.7,2024-05-01,2024-05-01
2024-05-01,VIXCLS,2024-01-15,13.25,2024-05-01,2024-05-01
2024-05-01,VIXCLS,2024-01-16,13.84,2024-05-01,2024-05-01
2024-05-01,VIXCLS,2024-01-17,14.79,2024-05-01,2024-05-01
2024-05-01,VIXCLS,2024-01-18,14.13,2024-05-01,2024-05-01
2024-05-01,VIXCLS,2024-01-19,13.3,2024-05-01,2024-05-01
2024-05-01,VIXCLS,2024-01-22,13.19,2024-05-01,2024-05-01
2024-05-01,VIXCLS,2024-01-23,12.55,2024-05-01,2024-05-01
2024-05-01,VIXCLS,2024-01-24,13.14,2024-05-01,2024-05-01
2024-05-01,VIXCLS,2024-01-25,13.45,2024-05-01,2024-05-01
2024-05-01,VIXCLS,2024-01-26,13.26,2024-05-01,2024-05-01
2024-05-01,VIXCLS,2024-01-29,13.6,2024-05-01,2024-05-01
2024-05-01,VIXCLS,2024-01-30,13.31,2024-05-01,2024-05-01
2024-05-01,VIXCLS,2024-01-31,14.35,2024-05-01,2024-05-01
2024-05-01,VIXCLS,2024-02-01,13.88,2024-05-01,2024-05-01
2024-05-01,VIXCLS,2024-02-02,13.85,2024-05-01,2024-05-01
2024-05-01,VIXCLS,2024-02-05,13.67,2024-05-01,2024-05-01
2024-05-01,VIXCLS,2024-02-06,13.06,2024-05-01,2024-05-01
2024-05-01,VIXCLS,2024-02-07,12.83,2024-05-01,2024-05-01
2024-05-01,VIXCLS,2024-02-08,12.79,2024-05-01,2024-05-01
2024-05-01,VIXCLS,2024-02-09,12.93,2024-05-01,2024-05-01
2024-05-01,VIXCLS,2024-02-12,13.93,2024-05-01,2024-05-01
2024-05-01,VIXCLS,2024-02-13,15.85,2024-05-01,2024-05-01
2024-05-01,VIXCLS,2024-02-14,14.38,2024-05-01,2024-05-01
2024-05-01,VIXCLS,2024-02-15,14.01,2024-05-01,2024-05-01
2024-05-01,VIXCLS,2024-02-16,14.24,2024-05-01,2024-05-01
2024-05-01,VIXCLS,2024-02-19,14.71,2024-05-01,2024-05-01
2024-05-01,VIXCLS,2024-02-20,15.42,2024-05-01,2024-05-01
2024-05-01,VIXCLS,2024-02-21,15.34,2024-05-01,2024-05-01
2024-05-01,VIXCLS,2024-02-22,14.54,2024-05-01,2024-05-01
2024-05-01,VIXCLS,2024-02-23,13.75,2024-05-01,2024-05-01
2024-05-01,VIXCLS,2024-02-26,13.74,2024-05-01,2024-05-01
2024-05-01,VIXCLS,2024-02-27,13.43,2024-05-01,2024-05-01
2024-05-01,VIXCLS,2024-02-28,13.84,2024-05-01,2024-05-01
2024-05-01,VIXCLS,2024-02-29,13.4,2024-05-01,2024-05-01
2024-05-01,VIXCLS,2024-03-01,13.11,2024-05-01,2024-05-01
2024-05-01,VIXCLS,2024-03-04,13.49,2024-05-01,2024-05-01
2024-05-01,VIXCLS,2024-03-05,14.46,2024-05-01,2024-05-01
2024-05-01,VIXCLS,2024-03-06,14.5,2024-05-01,2024-05-01
2024-05-01,VIXCLS,2024-03-07,14.44,2024-05-01,2024-05-01
2024-05-01,VIXCLS,2024-03-08,14.74,2024-05-01,2024-05-01
2024-05-01,VIXCLS,2024-03-11,15.22,2024-05-01,2024-05-01
2024-05-01,VIXCLS,2024-03-12,13.84,2024-05-01,2024-05-01
2024-05-01,VIXCLS,2024-03-13,13.75,2024-05-01,2024-05-01
2024-05-01,VIXCLS,2024-03-14,14.4,2024-05-01,2024-05-01
2024-05-01,VIXCLS,2024-03-15,14.41,2024-05-01,2024-05-01
2024-05-01,VIXCLS,2024-03-18,14.33,2024-05-01,2024-05-01
2024-05-01,VIXCLS,2024-03-19,13.82,2024-05-01,2024-05-01
2024-05-01,VIXCLS,2024-03-20,13.04,2024-05-01,2024-05-01
2024-05-01,VIXCLS,2024-03-21,12.92,2024-05-01,2024-05-01
2024-05-01,VIXCLS,2024-03-22,13.06,2024-05-01,2024-05-01
2024-05-01,VIXCLS,2024-03-25,13.19,2024-05-01,2024-05-01
2024-05-01,VIXCLS,2024-03-26,13.24,2024-05-01,2024-05-01
2024-05-01,VIXCLS,2024-03-27,12.78,2024-05-01,2024-05-01
2024-05-01,VIXCLS,2024-03-28,13.01,2024-05-01,2024-05-01
2024-05-01,VIXCLS,2024-04-01,13.65,2024-05-01,2024-05-01
2024-05-01,VIXCLS,2024-04-02,14.61,2024-05-01,2024-05-01
2024-05-01,VIXCLS,2024-04-03,14.33,2024-05-01,2024-05-01
2024-05-01,VIXCLS,2024-04-04,16.35,2024-05-01,2024-05-01
2024-05-01,VIXCLS,2024-04-05,16.03,2024-05-01,2024-05-01
2024-05-01,VIXCLS,2024-04-08,15.19,2024-05-01,2024-05-01
2024-05-01,VIXCLS,2024-04-09,14.98,2024-05-01,2024-05-01
2024-05-01,VIXCLS,2024-04-10,15.8,2024-05-01,2024-05-01
2024-05-01,VIXCLS,2024-04-11,14.91,2024-05-01,2024-05-01
2024-05-01,VIXCLS,2024-04-12,17.31,2024-05-01,2024-05-01
2024-05-01,VIXCLS,2024-04-15,19.23,2024-05-01,2024-05-01
2024-05-01,VIXCLS,2024-04-16,18.4,2024-05-01,2024-05-01
2024-05-01,VIXCLS,2024-04-17,18.21,2024-05-01,2024-05-01
2024-05-01,VIXCLS,2024-04-18,18,2024-05-01,2024-05-01
2024-05-01,VIXCLS,2024-04-19,18.71,2024-05-01,2024-05-01
2024-05-01,VIXCLS,2024-04-22,16.94,2024-05-01,2024-05-01
2024-05-01,VIXCLS,2024-04-23,15.69,2024-05-01,2024-05-01
2024-05-01,VIXCLS,2024-04-24,15.97,2024-05-01,2024-05-01
2024-05-01,VIXCLS,2024-04-25,15.37,2024-05-01,2024-05-01
2024-05-01,VIXCLS,2024-04-26,15.03,2024-05-01,2024-05-01
2024-05-01,VIXCLS,2024-04-29,14.67,2024-05-01,2024-05-01
2024-05-01,VIXCLS,2024-04-30,15.65,2024-05-01,2024-05-01
2024-06-01,CCUSMA02BRM618N,2024-02-01,4.963789474,2024-06-01,2024-06-01
2024-06-01,CCUSMA02CLM618N,2024-02-01,965.8012095,2024-06-01,2024-06-01
2024-06-01,CCUSMA02CLM618N,2024-03-01,969.6888,2024-06-01,2024-06-01
2024-06-01,CCUSMA02CLM618N,2024-04-01,958.6875045,2024-06-01,2024-06-01
2024-06-01,CCUSMA02MXM618N,2024-02-01,17.07062048,2024-06-01,2024-06-01
2024-06-01,CCUSMA02MXM618N,2024-03-01,16.73718857,2024-06-01,2024-06-01
2024-06-01,CCUSMA02MXM618N,2024-04-01,16.76438591,2024-06-01,2024-06-01
2024-06-01,DTWEXBGS,2024-02-01,120.6832,2024-06-01,2024-06-01
2024-06-01,DTWEXBGS,2024-02-02,121.2438,2024-06-01,2024-06-01
2024-06-01,DTWEXBGS,2024-02-05,121.6831,2024-06-01,2024-06-01
2024-06-01,DTWEXBGS,2024-02-06,121.3021,2024-06-01,2024-06-01
2024-06-01,DTWEXBGS,2024-02-07,121.2518,2024-06-01,2024-06-01
2024-06-01,DTWEXBGS,2024-02-08,121.4226,2024-06-01,2024-06-01
2024-06-01,DTWEXBGS,2024-02-09,121.3851,2024-06-01,2024-06-01
2024-06-01,DTWEXBGS,2024-02-12,121.2839,2024-06-01,2024-06-01
2024-06-01,DTWEXBGS,2024-02-13,121.8558,2024-06-01,2024-06-01
2024-06-01,DTWEXBGS,2024-02-14,121.7411,2024-06-01,2024-06-01
2024-06-01,DTWEXBGS,2024-02-15,121.5567,2024-06-01,2024-06-01
2024-06-01,DTWEXBGS,2024-02-16,121.4984,2024-06-01,2024-06-01
2024-06-01,DTWEXBGS,2024-02-20,121.3769,2024-06-01,2024-06-01
2024-06-01,DTWEXBGS,2024-02-21,121.3918,2024-06-01,2024-06-01
2024-06-01,DTWEXBGS,2024-02-22,121.4589,2024-06-01,2024-06-01
2024-06-01,DTWEXBGS,2024-02-23,121.3991,2024-06-01,2024-06-01
2024-06-01,DTWEXBGS,2024-02-26,121.4197,2024-06-01,2024-06-01
2024-06-01,DTWEXBGS,2024-02-27,121.3297,2024-06-01,2024-06-01
2024-06-01,DTWEXBGS,2024-02-28,121.4886,2024-06-01,2024-06-01
2024-06-01,DTWEXBGS,2024-02-29,121.5385,2024-06-01,2024-06-01
2024-06-01,DTWEXBGS,2024-03-01,121.3741,2024-06-01,2024-06-01
2024-06-01,DTWEXBGS,2024-03-04,121.2454,2024-06-01,2024-06-01
2024-06-01,DTWEXBGS,2024-03-05,121.2575,2024-06-01,2024-06-01
2024-06-01,DTWEXBGS,2024-03-06,120.8481,2024-06-01,2024-06-01
2024-06-01,DTWEXBGS,2024-03-07,120.5744,2024-06-01,2024-06-01
2024-06-01,DTWEXBGS,2024-03-08,120.3612,2024-06-01,2024-06-01
2024-06-01,DTWEXBGS,2024-03-11,120.4205,2024-06-01,2024-06-01
2024-06-01,DTWEXBGS,2024-03-12,120.5468,2024-06-01,2024-06-01
2024-06-01,DTWEXBGS,2024-03-13,120.3533,2024-06-01,2024-06-01
2024-06-01,DTWEXBGS,2024-03-14,120.6272,2024-06-01,2024-06-01
2024-06-01,DTWEXBGS,2024-03-15,120.7884,2024-06-01,2024-06-01
2024-06-01,DTWEXBGS,2024-03-18,120.9572,2024-06-01,2024-06-01
2024-06-01,DTWEXBGS,2024-03-19,121.3111,2024-06-01,2024-06-01
2024-06-01,DTWEXBGS,2024-03-20,121.3092,2024-06-01,2024-06-01
2024-06-01,DTWEXBGS,2024-03-21,121.1869,2024-06-01,2024-06-01
2024-06-01,DTWEXBGS,2024-03-22,121.5694,2024-06-01,2024-06-01
2024-06-01,DTWEXBGS,2024-03-25,121.4143,2024-06-01,2024-06-01
2024-06-01,DTWEXBGS,2024-03-26,121.4613,2024-06-01,2024-06-01
2024-06-01,DTWEXBGS,2024-03-27,121.4048,2024-06-01,2024-06-01
2024-06-01,DTWEXBGS,2024-03-28,121.4498,2024-06-01,2024-06-01
2024-06-01,DTWEXBGS,2024-03-29,121.4062,2024-06-01,2024-06-01
2024-06-01,DTWEXBGS,2024-04-01,121.8884,2024-06-01,2024-06-01
2024-06-01,DTWEXBGS,2024-04-02,121.6881,2024-06-01,2024-06-01
2024-06-01,DTWEXBGS,2024-04-03,121.4129,2024-06-01,2024-06-01
2024-06-01,DTWEXBGS,2024-04-04,121.1646,2024-06-01,2024-06-01
2024-06-01,DTWEXBGS,2024-04-05,121.3671,2024-06-01,2024-06-01
2024-06-01,DTWEXBGS,2024-04-08,121.1487,2024-06-01,2024-06-01
2024-06-01,DTWEXBGS,2024-04-09,121.1215,2024-06-01,2024-06-01
2024-06-01,DTWEXBGS,2024-04-10,121.9628,2024-06-01,2024-06-01
2024-06-01,DTWEXBGS,2024-04-11,122.003,2024-06-01,2024-06-01
2024-06-01,DTWEXBGS,2024-04-12,122.6566,2024-06-01,2024-06-01
2024-06-01,DTWEXBGS,2024-04-15,122.7932,2024-06-01,2024-06-01
2024-06-01,DTWEXBGS,2024-04-16,123.4732,2024-06-01,2024-06-01
2024-06-01,DTWEXBGS,2024-04-17,123.375,2024-06-01,2024-06-01
2024-06-01,DTWEXBGS,2024-04-18,123.3481,2024-06-01,2024-06-01
2024-06-01,DTWEXBGS,2024-04-19,123.4459,2024-06-01,2024-06-01
2024-06-01,DTWEXBGS,2024-04-22,123.4011,2024-06-01,2024-06-01
2024-06-01,DTWEXBGS,2024-04-23,123.0779,2024-06-01,2024-06-01
2024-06-01,DTWEXBGS,2024-04-24,123.2398,2024-06-01,2024-06-01
2024-06-01,DTWEXBGS,2024-04-25,123.1916,2024-06-01,2024-06-01
2024-06-01,DTWEXBGS,2024-04-26,123.3004,2024-06-01,2024-06-01
2024-06-01,DTWEXBGS,2024-04-29,122.9074,2024-06-01,2024-06-01
2024-06-01,DTWEXBGS,2024-04-30,123.3446,2024-06-01,2024-06-01
2024-06-01,DTWEXBGS,2024-05-01,123.3776,2024-06-01,2024-06-01
2024-06-01,DTWEXBGS,2024-05-02,122.8047,2024-06-01,2024-06-01
2024-06-01,DTWEXBGS,2024-05-03,122.5056,2024-06-01,2024-06-01
2024-06-01,DTWEXBGS,2024-05-06,122.2529,2024-06-01,2024-06-01
2024-06-01,DTWEXBGS,2024-05-07,122.4588,2024-06-01,2024-06-01
2024-06-01,DTWEXBGS,2024-05-08,122.5562,2024-06-01,2024-06-01
2024-06-01,DTWEXBGS,2024-05-09,122.5322,2024-06-01,2024-06-01
2024-06-01,DTWEXBGS,2024-05-10,122.3898,2024-06-01,2024-06-01
2024-06-01,DTWEXBGS,2024-05-13,122.4068,2024-06-01,2024-06-01
2024-06-01,DTWEXBGS,2024-05-14,122.3094,2024-06-01,2024-06-01
2024-06-01,DTWEXBGS,2024-05-15,121.7471,2024-06-01,2024-06-01
2024-06-01,DTWEXBGS,2024-05-16,121.6189,2024-06-01,2024-06-01
2024-06-01,DTWEXBGS,2024-05-17,121.638,2024-06-01,2024-06-01
2024-06-01,DTWEXBGS,2024-05-20,121.6377,2024-06-01,2024-06-01
2024-06-01,DTWEXBGS,2024-05-21,121.7864,2024-06-01,2024-06-01
2024-06-01,DTWEXBGS,2024-05-22,121.9514,2024-06-01,2024-06-01
2024-06-01,DTWEXBGS,2024-05-23,122.1493,2024-06-01,2024-06-01
2024-06-01,DTWEXBGS,2024-05-24,122.0215,2024-06-01,2024-06-01
2024-06-01,FEDFUNDS,2024-02-01,5.33,2024-06-01,2024-06-01
2024-06-01,FEDFUNDS,2024-03-01,5.33,2024-06-01,2024-06-01
2024-06-01,FEDFUNDS,2024-04-01,5.33,2024-06-01,2024-06-01
2024-06-01,VIXCLS,2024-02-01,13.88,2024-06-01,2024-06-01
2024-06-01,VIXCLS,2024-02-02,13.85,2024-06-01,2024-06-01
2024-06-01,VIXCLS,2024-02-05,13.67,2024-06-01,2024-06-01
2024-06-01,VIXCLS,2024-02-06,13.06,2024-06-01,2024-06-01
2024-06-01,VIXCLS,2024-02-07,12.83,2024-06-01,2024-06-01
2024-06-01,VIXCLS,2024-02-08,12.79,2024-06-01,2024-06-01
2024-06-01,VIXCLS,2024-02-09,12.93,2024-06-01,2024-06-01
2024-06-01,VIXCLS,2024-02-12,13.93,2024-06-01,2024-06-01
2024-06-01,VIXCLS,2024-02-13,15.85,2024-06-01,2024-06-01
2024-06-01,VIXCLS,2024-02-14,14.38,2024-06-01,2024-06-01
2024-06-01,VIXCLS,2024-02-15,14.01,2024-06-01,2024-06-01
2024-06-01,VIXCLS,2024-02-16,14.24,2024-06-01,2024-06-01
2024-06-01,VIXCLS,2024-02-19,14.71,2024-06-01,2024-06-01
2024-06-01,VIXCLS,2024-02-20,15.42,2024-06-01,2024-06-01
2024-06-01,VIXCLS,2024-02-21,15.34,2024-06-01,2024-06-01
2024-06-01,VIXCLS,2024-02-22,14.54,2024-06-01,2024-06-01
2024-06-01,VIXCLS,2024-02-23,13.75,2024-06-01,2024-06-01
2024-06-01,VIXCLS,2024-02-26,13.74,2024-06-01,2024-06-01
2024-06-01,VIXCLS,2024-02-27,13.43,2024-06-01,2024-06-01
2024-06-01,VIXCLS,2024-02-28,13.84,2024-06-01,2024-06-01
2024-06-01,VIXCLS,2024-02-29,13.4,2024-06-01,2024-06-01
2024-06-01,VIXCLS,2024-03-01,13.11,2024-06-01,2024-06-01
2024-06-01,VIXCLS,2024-03-04,13.49,2024-06-01,2024-06-01
2024-06-01,VIXCLS,2024-03-05,14.46,2024-06-01,2024-06-01
2024-06-01,VIXCLS,2024-03-06,14.5,2024-06-01,2024-06-01
2024-06-01,VIXCLS,2024-03-07,14.44,2024-06-01,2024-06-01
2024-06-01,VIXCLS,2024-03-08,14.74,2024-06-01,2024-06-01
2024-06-01,VIXCLS,2024-03-11,15.22,2024-06-01,2024-06-01
2024-06-01,VIXCLS,2024-03-12,13.84,2024-06-01,2024-06-01
2024-06-01,VIXCLS,2024-03-13,13.75,2024-06-01,2024-06-01
2024-06-01,VIXCLS,2024-03-14,14.4,2024-06-01,2024-06-01
2024-06-01,VIXCLS,2024-03-15,14.41,2024-06-01,2024-06-01
2024-06-01,VIXCLS,2024-03-18,14.33,2024-06-01,2024-06-01
2024-06-01,VIXCLS,2024-03-19,13.82,2024-06-01,2024-06-01
2024-06-01,VIXCLS,2024-03-20,13.04,2024-06-01,2024-06-01
2024-06-01,VIXCLS,2024-03-21,12.92,2024-06-01,2024-06-01
2024-06-01,VIXCLS,2024-03-22,13.06,2024-06-01,2024-06-01
2024-06-01,VIXCLS,2024-03-25,13.19,2024-06-01,2024-06-01
2024-06-01,VIXCLS,2024-03-26,13.24,2024-06-01,2024-06-01
2024-06-01,VIXCLS,2024-03-27,12.78,2024-06-01,2024-06-01
2024-06-01,VIXCLS,2024-03-28,13.01,2024-06-01,2024-06-01
2024-06-01,VIXCLS,2024-04-01,13.65,2024-06-01,2024-06-01
2024-06-01,VIXCLS,2024-04-02,14.61,2024-06-01,2024-06-01
2024-06-01,VIXCLS,2024-04-03,14.33,2024-06-01,2024-06-01
2024-06-01,VIXCLS,2024-04-04,16.35,2024-06-01,2024-06-01
2024-06-01,VIXCLS,2024-04-05,16.03,2024-06-01,2024-06-01
2024-06-01,VIXCLS,2024-04-08,15.19,2024-06-01,2024-06-01
2024-06-01,VIXCLS,2024-04-09,14.98,2024-06-01,2024-06-01
2024-06-01,VIXCLS,2024-04-10,15.8,2024-06-01,2024-06-01
2024-06-01,VIXCLS,2024-04-11,14.91,2024-06-01,2024-06-01
2024-06-01,VIXCLS,2024-04-12,17.31,2024-06-01,2024-06-01
2024-06-01,VIXCLS,2024-04-15,19.23,2024-06-01,2024-06-01
2024-06-01,VIXCLS,2024-04-16,18.4,2024-06-01,2024-06-01
2024-06-01,VIXCLS,2024-04-17,18.21,2024-06-01,2024-06-01
2024-06-01,VIXCLS,2024-04-18,18,2024-06-01,2024-06-01
2024-06-01,VIXCLS,2024-04-19,18.71,2024-06-01,2024-06-01
2024-06-01,VIXCLS,2024-04-22,16.94,2024-06-01,2024-06-01
2024-06-01,VIXCLS,2024-04-23,15.69,2024-06-01,2024-06-01
2024-06-01,VIXCLS,2024-04-24,15.97,2024-06-01,2024-06-01
2024-06-01,VIXCLS,2024-04-25,15.37,2024-06-01,2024-06-01
2024-06-01,VIXCLS,2024-04-26,15.03,2024-06-01,2024-06-01
2024-06-01,VIXCLS,2024-04-29,14.67,2024-06-01,2024-06-01
2024-06-01,VIXCLS,2024-04-30,15.65,2024-06-01,2024-06-01
2024-06-01,VIXCLS,2024-05-01,15.39,2024-06-01,2024-06-01
2024-06-01,VIXCLS,2024-05-02,14.68,2024-06-01,2024-06-01
2024-06-01,VIXCLS,2024-05-03,13.49,2024-06-01,2024-06-01
2024-06-01,VIXCLS,2024-05-06,13.49,2024-06-01,2024-06-01
2024-06-01,VIXCLS,2024-05-07,13.23,2024-06-01,2024-06-01
2024-06-01,VIXCLS,2024-05-08,13,2024-06-01,2024-06-01
2024-06-01,VIXCLS,2024-05-09,12.69,2024-06-01,2024-06-01
2024-06-01,VIXCLS,2024-05-10,12.55,2024-06-01,2024-06-01
2024-06-01,VIXCLS,2024-05-13,13.6,2024-06-01,2024-06-01
2024-06-01,VIXCLS,2024-05-14,13.42,2024-06-01,2024-06-01
2024-06-01,VIXCLS,2024-05-15,12.45,2024-06-01,2024-06-01
2024-06-01,VIXCLS,2024-05-16,12.42,2024-06-01,2024-06-01
2024-06-01,VIXCLS,2024-05-17,11.99,2024-06-01,2024-06-01
2024-06-01,VIXCLS,2024-05-20,12.15,2024-06-01,2024-06-01
2024-06-01,VIXCLS,2024-05-21,11.86,2024-06-01,2024-06-01
2024-06-01,VIXCLS,2024-05-22,12.29,2024-06-01,2024-06-01
2024-06-01,VIXCLS,2024-05-23,12.77,2024-06-01,2024-06-01
2024-06-01,VIXCLS,2024-05-24,11.93,2024-06-01,2024-06-01
2024-06-01,VIXCLS,2024-05-27,12.36,2024-06-01,2024-06-01
2024-06-01,VIXCLS,2024-05-28,12.92,2024-06-01,2024-06-01
2024-06-01,VIXCLS,2024-05-29,14.28,2024-06-01,2024-06-01
2024-06-01,VIXCLS,2024-05-30,14.47,2024-06-01,2024-06-01
2024-06-01,VIXCLS,2024-05-31,12.92,2024-06-01,2024-06-01
2024-07-01,CCUSMA02BRM618N,2024-03-01,4.979535,2024-07-01,2024-07-01
2024-07-01,CCUSMA02BRM618N,2024-04-01,5.128486364,2024-07-01,2024-07-01
2024-07-01,CCUSMA02CLM618N,2024-03-01,969.6888,2024-07-01,2024-07-01
2024-07-01,CCUSMA02CLM618N,2024-04-01,958.6875045,2024-07-01,2024-07-01
2024-07-01,CCUSMA02CLM618N,2024-05-01,916.884113,2024-07-01,2024-07-01
2024-07-01,CCUSMA02MXM618N,2024-03-01,16.73718857,2024-07-01,2024-07-01
2024-07-01,CCUSMA02MXM618N,2024-04-01,16.76438591,2024-07-01,2024-07-01
2024-07-01,CCUSMA02MXM618N,2024-05-01,16.76932696,2024-07-01,2024-07-01
2024-07-01,DTWEXBGS,2024-03-01,121.3741,2024-07-01,2024-07-01
2024-07-01,DTWEXBGS,2024-03-04,121.2454,2024-07-01,2024-07-01
2024-07-01,DTWEXBGS,2024-03-05,121.2575,2024-07-01,2024-07-01
2024-07-01,DTWEXBGS,2024-03-06,120.8481,2024-07-01,2024-07-01
2024-07-01,DTWEXBGS,2024-03-07,120.5744,2024-07-01,2024-07-01
2024-07-01,DTWEXBGS,2024-03-08,120.3612,2024-07-01,2024-07-01
2024-07-01,DTWEXBGS,2024-03-11,120.4205,2024-07-01,2024-07-01
2024-07-01,DTWEXBGS,2024-03-12,120.5468,2024-07-01,2024-07-01
2024-07-01,DTWEXBGS,2024-03-13,120.3533,2024-07-01,2024-07-01
2024-07-01,DTWEXBGS,2024-03-14,120.6272,2024-07-01,2024-07-01
2024-07-01,DTWEXBGS,2024-03-15,120.7884,2024-07-01,2024-07-01
2024-07-01,DTWEXBGS,2024-03-18,120.9572,2024-07-01,2024-07-01
2024-07-01,DTWEXBGS,2024-03-19,121.3111,2024-07-01,2024-07-01
2024-07-01,DTWEXBGS,2024-03-20,121.3092,2024-07-01,2024-07-01
2024-07-01,DTWEXBGS,2024-03-21,121.1869,2024-07-01,2024-07-01
2024-07-01,DTWEXBGS,2024-03-22,121.5694,2024-07-01,2024-07-01
2024-07-01,DTWEXBGS,2024-03-25,121.4143,2024-07-01,2024-07-01
2024-07-01,DTWEXBGS,2024-03-26,121.4613,2024-07-01,2024-07-01
2024-07-01,DTWEXBGS,2024-03-27,121.4048,2024-07-01,2024-07-01
2024-07-01,DTWEXBGS,2024-03-28,121.4498,2024-07-01,2024-07-01
2024-07-01,DTWEXBGS,2024-03-29,121.4062,2024-07-01,2024-07-01
2024-07-01,DTWEXBGS,2024-04-01,121.8884,2024-07-01,2024-07-01
2024-07-01,DTWEXBGS,2024-04-02,121.6881,2024-07-01,2024-07-01
2024-07-01,DTWEXBGS,2024-04-03,121.4129,2024-07-01,2024-07-01
2024-07-01,DTWEXBGS,2024-04-04,121.1646,2024-07-01,2024-07-01
2024-07-01,DTWEXBGS,2024-04-05,121.3671,2024-07-01,2024-07-01
2024-07-01,DTWEXBGS,2024-04-08,121.1487,2024-07-01,2024-07-01
2024-07-01,DTWEXBGS,2024-04-09,121.1215,2024-07-01,2024-07-01
2024-07-01,DTWEXBGS,2024-04-10,121.9628,2024-07-01,2024-07-01
2024-07-01,DTWEXBGS,2024-04-11,122.003,2024-07-01,2024-07-01
2024-07-01,DTWEXBGS,2024-04-12,122.6566,2024-07-01,2024-07-01
2024-07-01,DTWEXBGS,2024-04-15,122.7932,2024-07-01,2024-07-01
2024-07-01,DTWEXBGS,2024-04-16,123.4732,2024-07-01,2024-07-01
2024-07-01,DTWEXBGS,2024-04-17,123.375,2024-07-01,2024-07-01
2024-07-01,DTWEXBGS,2024-04-18,123.3481,2024-07-01,2024-07-01
2024-07-01,DTWEXBGS,2024-04-19,123.4459,2024-07-01,2024-07-01
2024-07-01,DTWEXBGS,2024-04-22,123.4011,2024-07-01,2024-07-01
2024-07-01,DTWEXBGS,2024-04-23,123.0779,2024-07-01,2024-07-01
2024-07-01,DTWEXBGS,2024-04-24,123.2398,2024-07-01,2024-07-01
2024-07-01,DTWEXBGS,2024-04-25,123.1916,2024-07-01,2024-07-01
2024-07-01,DTWEXBGS,2024-04-26,123.3004,2024-07-01,2024-07-01
2024-07-01,DTWEXBGS,2024-04-29,122.9074,2024-07-01,2024-07-01
2024-07-01,DTWEXBGS,2024-04-30,123.3446,2024-07-01,2024-07-01
2024-07-01,DTWEXBGS,2024-05-01,123.3776,2024-07-01,2024-07-01
2024-07-01,DTWEXBGS,2024-05-02,122.8047,2024-07-01,2024-07-01
2024-07-01,DTWEXBGS,2024-05-03,122.5056,2024-07-01,2024-07-01
2024-07-01,DTWEXBGS,2024-05-06,122.2529,2024-07-01,2024-07-01
2024-07-01,DTWEXBGS,2024-05-07,122.4588,2024-07-01,2024-07-01
2024-07-01,DTWEXBGS,2024-05-08,122.5562,2024-07-01,2024-07-01
2024-07-01,DTWEXBGS,2024-05-09,122.5322,2024-07-01,2024-07-01
2024-07-01,DTWEXBGS,2024-05-10,122.3898,2024-07-01,2024-07-01
2024-07-01,DTWEXBGS,2024-05-13,122.4068,2024-07-01,2024-07-01
2024-07-01,DTWEXBGS,2024-05-14,122.3094,2024-07-01,2024-07-01
2024-07-01,DTWEXBGS,2024-05-15,121.7471,2024-07-01,2024-07-01
2024-07-01,DTWEXBGS,2024-05-16,121.6189,2024-07-01,2024-07-01
2024-07-01,DTWEXBGS,2024-05-17,121.638,2024-07-01,2024-07-01
2024-07-01,DTWEXBGS,2024-05-20,121.6377,2024-07-01,2024-07-01
2024-07-01,DTWEXBGS,2024-05-21,121.7864,2024-07-01,2024-07-01
2024-07-01,DTWEXBGS,2024-05-22,121.9514,2024-07-01,2024-07-01
2024-07-01,DTWEXBGS,2024-05-23,122.1493,2024-07-01,2024-07-01
2024-07-01,DTWEXBGS,2024-05-24,122.0215,2024-07-01,2024-07-01
2024-07-01,DTWEXBGS,2024-05-28,121.8382,2024-07-01,2024-07-01
2024-07-01,DTWEXBGS,2024-05-29,122.5535,2024-07-01,2024-07-01
2024-07-01,DTWEXBGS,2024-05-30,122.356,2024-07-01,2024-07-01
2024-07-01,DTWEXBGS,2024-05-31,122.4845,2024-07-01,2024-07-01
2024-07-01,DTWEXBGS,2024-06-03,122.7156,2024-07-01,2024-07-01
2024-07-01,DTWEXBGS,2024-06-04,123.0715,2024-07-01,2024-07-01
2024-07-01,DTWEXBGS,2024-06-05,122.9014,2024-07-01,2024-07-01
2024-07-01,DTWEXBGS,2024-06-06,122.7416,2024-07-01,2024-07-01
2024-07-01,DTWEXBGS,2024-06-07,123.8707,2024-07-01,2024-07-01
2024-07-01,DTWEXBGS,2024-06-10,124.2232,2024-07-01,2024-07-01
2024-07-01,DTWEXBGS,2024-06-11,124.345,2024-07-01,2024-07-01
2024-07-01,DTWEXBGS,2024-06-12,124.1411,2024-07-01,2024-07-01
2024-07-01,DTWEXBGS,2024-06-13,124.3287,2024-07-01,2024-07-01
2024-07-01,DTWEXBGS,2024-06-14,124.4755,2024-07-01,2024-07-01
2024-07-01,DTWEXBGS,2024-06-17,124.5427,2024-07-01,2024-07-01
2024-07-01,DTWEXBGS,2024-06-18,124.2835,2024-07-01,2024-07-01
2024-07-01,DTWEXBGS,2024-06-20,124.496,2024-07-01,2024-07-01
2024-07-01,DTWEXBGS,2024-06-21,124.4247,2024-07-01,2024-07-01
2024-07-01,DTWEXBGS,2024-06-24,124.0379,2024-07-01,2024-07-01
2024-07-01,DTWEXBGS,2024-06-25,124.26,2024-07-01,2024-07-01
2024-07-01,DTWEXBGS,2024-06-26,124.5696,2024-07-01,2024-07-01
2024-07-01,DTWEXBGS,2024-06-27,124.6406,2024-07-01,2024-07-01
2024-07-01,DTWEXBGS,2024-06-28,124.5172,2024-07-01,2024-07-01
2024-07-01,FEDFUNDS,2024-03-01,5.33,2024-07-01,2024-07-01
2024-07-01,FEDFUNDS,2024-04-01,5.33,2024-07-01,2024-07-01
2024-07-01,FEDFUNDS,2024-05-01,5.33,2024-07-01,2024-07-01
2024-07-01,FEDFUNDS,2024-06-01,5.33,2024-07-01,2024-07-01
2024-07-01,VIXCLS,2024-03-01,13.11,2024-07-01,2024-07-01
2024-07-01,VIXCLS,2024-03-04,13.49,2024-07-01,2024-07-01
2024-07-01,VIXCLS,2024-03-05,14.46,2024-07-01,2024-07-01
2024-07-01,VIXCLS,2024-03-06,14.5,2024-07-01,2024-07-01
2024-07-01,VIXCLS,2024-03-07,14.44,2024-07-01,2024-07-01
2024-07-01,VIXCLS,2024-03-08,14.74,2024-07-01,2024-07-01
2024-07-01,VIXCLS,2024-03-11,15.22,2024-07-01,2024-07-01
2024-07-01,VIXCLS,2024-03-12,13.84,2024-07-01,2024-07-01
2024-07-01,VIXCLS,2024-03-13,13.75,2024-07-01,2024-07-01
2024-07-01,VIXCLS,2024-03-14,14.4,2024-07-01,2024-07-01
2024-07-01,VIXCLS,2024-03-15,14.41,2024-07-01,2024-07-01
2024-07-01,VIXCLS,2024-03-18,14.33,2024-07-01,2024-07-01
2024-07-01,VIXCLS,2024-03-19,13.82,2024-07-01,2024-07-01
2024-07-01,VIXCLS,2024-03-20,13.04,2024-07-01,2024-07-01
2024-07-01,VIXCLS,2024-03-21,12.92,2024-07-01,2024-07-01
2024-07-01,VIXCLS,2024-03-22,13.06,2024-07-01,2024-07-01
2024-07-01,VIXCLS,2024-03-25,13.19,2024-07-01,2024-07-01
2024-07-01,VIXCLS,2024-03-26,13.24,2024-07-01,2024-07-01
2024-07-01,VIXCLS,2024-03-27,12.78,2024-07-01,2024-07-01
2024-07-01,VIXCLS,2024-03-28,13.01,2024-07-01,2024-07-01
2024-07-01,VIXCLS,2024-04-01,13.65,2024-07-01,2024-07-01
2024-07-01,VIXCLS,2024-04-02,14.61,2024-07-01,2024-07-01
2024-07-01,VIXCLS,2024-04-03,14.33,2024-07-01,2024-07-01
2024-07-01,VIXCLS,2024-04-04,16.35,2024-07-01,2024-07-01
2024-07-01,VIXCLS,2024-04-05,16.03,2024-07-01,2024-07-01
2024-07-01,VIXCLS,2024-04-08,15.19,2024-07-01,2024-07-01
2024-07-01,VIXCLS,2024-04-09,14.98,2024-07-01,2024-07-01
2024-07-01,VIXCLS,2024-04-10,15.8,2024-07-01,2024-07-01
2024-07-01,VIXCLS,2024-04-11,14.91,2024-07-01,2024-07-01
2024-07-01,VIXCLS,2024-04-12,17.31,2024-07-01,2024-07-01
2024-07-01,VIXCLS,2024-04-15,19.23,2024-07-01,2024-07-01
2024-07-01,VIXCLS,2024-04-16,18.4,2024-07-01,2024-07-01
2024-07-01,VIXCLS,2024-04-17,18.21,2024-07-01,2024-07-01
2024-07-01,VIXCLS,2024-04-18,18,2024-07-01,2024-07-01
2024-07-01,VIXCLS,2024-04-19,18.71,2024-07-01,2024-07-01
2024-07-01,VIXCLS,2024-04-22,16.94,2024-07-01,2024-07-01
2024-07-01,VIXCLS,2024-04-23,15.69,2024-07-01,2024-07-01
2024-07-01,VIXCLS,2024-04-24,15.97,2024-07-01,2024-07-01
2024-07-01,VIXCLS,2024-04-25,15.37,2024-07-01,2024-07-01
2024-07-01,VIXCLS,2024-04-26,15.03,2024-07-01,2024-07-01
2024-07-01,VIXCLS,2024-04-29,14.67,2024-07-01,2024-07-01
2024-07-01,VIXCLS,2024-04-30,15.65,2024-07-01,2024-07-01
2024-07-01,VIXCLS,2024-05-01,15.39,2024-07-01,2024-07-01
2024-07-01,VIXCLS,2024-05-02,14.68,2024-07-01,2024-07-01
2024-07-01,VIXCLS,2024-05-03,13.49,2024-07-01,2024-07-01
2024-07-01,VIXCLS,2024-05-06,13.49,2024-07-01,2024-07-01
2024-07-01,VIXCLS,2024-05-07,13.23,2024-07-01,2024-07-01
2024-07-01,VIXCLS,2024-05-08,13,2024-07-01,2024-07-01
2024-07-01,VIXCLS,2024-05-09,12.69,2024-07-01,2024-07-01
2024-07-01,VIXCLS,2024-05-10,12.55,2024-07-01,2024-07-01
2024-07-01,VIXCLS,2024-05-13,13.6,2024-07-01,2024-07-01
2024-07-01,VIXCLS,2024-05-14,13.42,2024-07-01,2024-07-01
2024-07-01,VIXCLS,2024-05-15,12.45,2024-07-01,2024-07-01
2024-07-01,VIXCLS,2024-05-16,12.42,2024-07-01,2024-07-01
2024-07-01,VIXCLS,2024-05-17,11.99,2024-07-01,2024-07-01
2024-07-01,VIXCLS,2024-05-20,12.15,2024-07-01,2024-07-01
2024-07-01,VIXCLS,2024-05-21,11.86,2024-07-01,2024-07-01
2024-07-01,VIXCLS,2024-05-22,12.29,2024-07-01,2024-07-01
2024-07-01,VIXCLS,2024-05-23,12.77,2024-07-01,2024-07-01
2024-07-01,VIXCLS,2024-05-24,11.93,2024-07-01,2024-07-01
2024-07-01,VIXCLS,2024-05-27,12.36,2024-07-01,2024-07-01
2024-07-01,VIXCLS,2024-05-28,12.92,2024-07-01,2024-07-01
2024-07-01,VIXCLS,2024-05-29,14.28,2024-07-01,2024-07-01
2024-07-01,VIXCLS,2024-05-30,14.47,2024-07-01,2024-07-01
2024-07-01,VIXCLS,2024-05-31,12.92,2024-07-01,2024-07-01
2024-07-01,VIXCLS,2024-06-03,13.11,2024-07-01,2024-07-01
2024-07-01,VIXCLS,2024-06-04,13.16,2024-07-01,2024-07-01
2024-07-01,VIXCLS,2024-06-05,12.63,2024-07-01,2024-07-01
2024-07-01,VIXCLS,2024-06-06,12.58,2024-07-01,2024-07-01
2024-07-01,VIXCLS,2024-06-07,12.22,2024-07-01,2024-07-01
2024-07-01,VIXCLS,2024-06-10,12.74,2024-07-01,2024-07-01
2024-07-01,VIXCLS,2024-06-11,12.85,2024-07-01,2024-07-01
2024-07-01,VIXCLS,2024-06-12,12.04,2024-07-01,2024-07-01
2024-07-01,VIXCLS,2024-06-13,11.94,2024-07-01,2024-07-01
2024-07-01,VIXCLS,2024-06-14,12.66,2024-07-01,2024-07-01
2024-07-01,VIXCLS,2024-06-17,12.75,2024-07-01,2024-07-01
2024-07-01,VIXCLS,2024-06-18,12.3,2024-07-01,2024-07-01
2024-07-01,VIXCLS,2024-06-19,12.48,2024-07-01,2024-07-01
2024-07-01,VIXCLS,2024-06-20,13.28,2024-07-01,2024-07-01
2024-07-01,VIXCLS,2024-06-21,13.2,2024-07-01,2024-07-01
2024-07-01,VIXCLS,2024-06-24,13.33,2024-07-01,2024-07-01
2024-07-01,VIXCLS,2024-06-25,12.84,2024-07-01,2024-07-01
2024-07-01,VIXCLS,2024-06-26,12.55,2024-07-01,2024-07-01
2024-07-01,VIXCLS,2024-06-27,12.24,2024-07-01,2024-07-01
2024-07-01,VIXCLS,2024-06-28,12.44,2024-07-01,2024-07-01
2024-08-01,CCUSMA02BRM618N,2024-04-01,5.128486364,2024-08-01,2024-08-01
2024-08-01,CCUSMA02BRM618N,2024-05-01,5.132447619,2024-08-01,2024-08-01
2024-08-01,CCUSMA02CLM618N,2024-04-01,958.6875045,2024-08-01,2024-08-01
2024-08-01,CCUSMA02CLM618N,2024-05-01,916.884113,2024-08-01,2024-08-01
2024-08-01,CCUSMA02CLM618N,2024-06-01,927.894005,2024-08-01,2024-08-01
2024-08-01,CCUSMA02MXM618N,2024-04-01,16.76438591,2024-08-01,2024-08-01
2024-08-01,CCUSMA02MXM618N,2024-05-01,16.76932696,2024-08-01,2024-08-01
2024-08-01,CCUSMA02MXM618N,2024-06-01,18.13341225,2024-08-01,2024-08-01
2024-08-01,DTWEXBGS,2024-04-01,121.8884,2024-08-01,2024-08-01
2024-08-01,DTWEXBGS,2024-04-02,121.6881,2024-08-01,2024-08-01
2024-08-01,DTWEXBGS,2024-04-03,121.4129,2024-08-01,2024-08-01
2024-08-01,DTWEXBGS,2024-04-04,121.1646,2024-08-01,2024-08-01
2024-08-01,DTWEXBGS,2024-04-05,121.3671,2024-08-01,2024-08-01
2024-08-01,DTWEXBGS,2024-04-08,121.1487,2024-08-01,2024-08-01
2024-08-01,DTWEXBGS,2024-04-09,121.1215,2024-08-01,2024-08-01
2024-08-01,DTWEXBGS,2024-04-10,121.9628,2024-08-01,2024-08-01
2024-08-01,DTWEXBGS,2024-04-11,122.003,2024-08-01,2024-08-01
2024-08-01,DTWEXBGS,2024-04-12,122.6566,2024-08-01,2024-08-01
2024-08-01,DTWEXBGS,2024-04-15,122.7932,2024-08-01,2024-08-01
2024-08-01,DTWEXBGS,2024-04-16,123.4732,2024-08-01,2024-08-01
2024-08-01,DTWEXBGS,2024-04-17,123.375,2024-08-01,2024-08-01
2024-08-01,DTWEXBGS,2024-04-18,123.3481,2024-08-01,2024-08-01
2024-08-01,DTWEXBGS,2024-04-19,123.4459,2024-08-01,2024-08-01
2024-08-01,DTWEXBGS,2024-04-22,123.4011,2024-08-01,2024-08-01
2024-08-01,DTWEXBGS,2024-04-23,123.0779,2024-08-01,2024-08-01
2024-08-01,DTWEXBGS,2024-04-24,123.2398,2024-08-01,2024-08-01
2024-08-01,DTWEXBGS,2024-04-25,123.1916,2024-08-01,2024-08-01
2024-08-01,DTWEXBGS,2024-04-26,123.3004,2024-08-01,2024-08-01
2024-08-01,DTWEXBGS,2024-04-29,122.9074,2024-08-01,2024-08-01
2024-08-01,DTWEXBGS,2024-04-30,123.3446,2024-08-01,2024-08-01
2024-08-01,DTWEXBGS,2024-05-01,123.3776,2024-08-01,2024-08-01
2024-08-01,DTWEXBGS,2024-05-02,122.8047,2024-08-01,2024-08-01
2024-08-01,DTWEXBGS,2024-05-03,122.5056,2024-08-01,2024-08-01
2024-08-01,DTWEXBGS,2024-05-06,122.2529,2024-08-01,2024-08-01
2024-08-01,DTWEXBGS,2024-05-07,122.4588,2024-08-01,2024-08-01
2024-08-01,DTWEXBGS,2024-05-08,122.5562,2024-08-01,2024-08-01
2024-08-01,DTWEXBGS,2024-05-09,122.5322,2024-08-01,2024-08-01
2024-08-01,DTWEXBGS,2024-05-10,122.3898,2024-08-01,2024-08-01
2024-08-01,DTWEXBGS,2024-05-13,122.4068,2024-08-01,2024-08-01
2024-08-01,DTWEXBGS,2024-05-14,122.3094,2024-08-01,2024-08-01
2024-08-01,DTWEXBGS,2024-05-15,121.7471,2024-08-01,2024-08-01
2024-08-01,DTWEXBGS,2024-05-16,121.6189,2024-08-01,2024-08-01
2024-08-01,DTWEXBGS,2024-05-17,121.638,2024-08-01,2024-08-01
2024-08-01,DTWEXBGS,2024-05-20,121.6377,2024-08-01,2024-08-01
2024-08-01,DTWEXBGS,2024-05-21,121.7864,2024-08-01,2024-08-01
2024-08-01,DTWEXBGS,2024-05-22,121.9514,2024-08-01,2024-08-01
2024-08-01,DTWEXBGS,2024-05-23,122.1493,2024-08-01,2024-08-01
2024-08-01,DTWEXBGS,2024-05-24,122.0215,2024-08-01,2024-08-01
2024-08-01,DTWEXBGS,2024-05-28,121.8382,2024-08-01,2024-08-01
2024-08-01,DTWEXBGS,2024-05-29,122.5535,2024-08-01,2024-08-01
2024-08-01,DTWEXBGS,2024-05-30,122.356,2024-08-01,2024-08-01
2024-08-01,DTWEXBGS,2024-05-31,122.4845,2024-08-01,2024-08-01
2024-08-01,DTWEXBGS,2024-06-03,122.7156,2024-08-01,2024-08-01
2024-08-01,DTWEXBGS,2024-06-04,123.0715,2024-08-01,2024-08-01
2024-08-01,DTWEXBGS,2024-06-05,122.9014,2024-08-01,2024-08-01
2024-08-01,DTWEXBGS,2024-06-06,122.7416,2024-08-01,2024-08-01
2024-08-01,DTWEXBGS,2024-06-07,123.8707,2024-08-01,2024-08-01
2024-08-01,DTWEXBGS,2024-06-10,124.2232,2024-08-01,2024-08-01
2024-08-01,DTWEXBGS,2024-06-11,124.345,2024-08-01,2024-08-01
2024-08-01,DTWEXBGS,2024-06-12,124.1411,2024-08-01,2024-08-01
2024-08-01,DTWEXBGS,2024-06-13,124.3287,2024-08-01,2024-08-01
2024-08-01,DTWEXBGS,2024-06-14,124.4755,2024-08-01,2024-08-01
2024-08-01,DTWEXBGS,2024-06-17,124.5427,2024-08-01,2024-08-01
2024-08-01,DTWEXBGS,2024-06-18,124.2835,2024-08-01,2024-08-01
2024-08-01,DTWEXBGS,2024-06-20,124.496,2024-08-01,2024-08-01
2024-08-01,DTWEXBGS,2024-06-21,124.4247,2024-08-01,2024-08-01
2024-08-01,DTWEXBGS,2024-06-24,124.0379,2024-08-01,2024-08-01
2024-08-01,DTWEXBGS,2024-06-25,124.26,2024-08-01,2024-08-01
2024-08-01,DTWEXBGS,2024-06-26,124.5696,2024-08-01,2024-08-01
2024-08-01,DTWEXBGS,2024-06-27,124.6406,2024-08-01,2024-08-01
2024-08-01,DTWEXBGS,2024-06-28,124.5172,2024-08-01,2024-08-01
2024-08-01,DTWEXBGS,2024-07-01,124.7723,2024-08-01,2024-08-01
2024-08-01,DTWEXBGS,2024-07-02,124.608,2024-08-01,2024-08-01
2024-08-01,DTWEXBGS,2024-07-03,124.1096,2024-08-01,2024-08-01
2024-08-01,DTWEXBGS,2024-07-05,123.8192,2024-08-01,2024-08-01
2024-08-01,DTWEXBGS,2024-07-08,123.706,2024-08-01,2024-08-01
2024-08-01,DTWEXBGS,2024-07-09,123.7559,2024-08-01,2024-08-01
2024-08-01,DTWEXBGS,2024-07-10,123.5508,2024-08-01,2024-08-01
2024-08-01,DTWEXBGS,2024-07-11,123.1267,2024-08-01,2024-08-01
2024-08-01,DTWEXBGS,2024-07-12,122.8093,2024-08-01,2024-08-01
2024-08-01,DTWEXBGS,2024-07-15,123.0059,2024-08-01,2024-08-01
2024-08-01,DTWEXBGS,2024-07-16,123.1024,2024-08-01,2024-08-01
2024-08-01,DTWEXBGS,2024-07-17,122.892,2024-08-01,2024-08-01
2024-08-01,DTWEXBGS,2024-07-18,123.1548,2024-08-01,2024-08-01
2024-08-01,DTWEXBGS,2024-07-19,123.5033,2024-08-01,2024-08-01
2024-08-01,DTWEXBGS,2024-07-22,123.5735,2024-08-01,2024-08-01
2024-08-01,DTWEXBGS,2024-07-23,123.7296,2024-08-01,2024-08-01
2024-08-01,DTWEXBGS,2024-07-24,123.8784,2024-08-01,2024-08-01
2024-08-01,DTWEXBGS,2024-07-25,123.8341,2024-08-01,2024-08-01
2024-08-01,DTWEXBGS,2024-07-26,123.9862,2024-08-01,2024-08-01
2024-08-01,FEDFUNDS,2024-04-01,5.33,2024-08-01,2024-08-01
2024-08-01,FEDFUNDS,2024-05-01,5.33,2024-08-01,2024-08-01
2024-08-01,FEDFUNDS,2024-06-01,5.33,2024-08-01,2024-08-01
2024-08-01,FEDFUNDS,2024-07-01,5.33,2024-08-01,2024-08-01
2024-08-01,VIXCLS,2024-04-01,13.65,2024-08-01,2024-08-01
2024-08-01,VIXCLS,2024-04-02,14.61,2024-08-01,2024-08-01
2024-08-01,VIXCLS,2024-04-03,14.33,2024-08-01,2024-08-01
2024-08-01,VIXCLS,2024-04-04,16.35,2024-08-01,2024-08-01
2024-08-01,VIXCLS,2024-04-05,16.03,2024-08-01,2024-08-01
2024-08-01,VIXCLS,2024-04-08,15.19,2024-08-01,2024-08-01
2024-08-01,VIXCLS,2024-04-09,14.98,2024-08-01,2024-08-01
2024-08-01,VIXCLS,2024-04-10,15.8,2024-08-01,2024-08-01
2024-08-01,VIXCLS,2024-04-11,14.91,2024-08-01,2024-08-01
2024-08-01,VIXCLS,2024-04-12,17.31,2024-08-01,2024-08-01
2024-08-01,VIXCLS,2024-04-15,19.23,2024-08-01,2024-08-01
2024-08-01,VIXCLS,2024-04-16,18.4,2024-08-01,2024-08-01
2024-08-01,VIXCLS,2024-04-17,18.21,2024-08-01,2024-08-01
2024-08-01,VIXCLS,2024-04-18,18,2024-08-01,2024-08-01
2024-08-01,VIXCLS,2024-04-19,18.71,2024-08-01,2024-08-01
2024-08-01,VIXCLS,2024-04-22,16.94,2024-08-01,2024-08-01
2024-08-01,VIXCLS,2024-04-23,15.69,2024-08-01,2024-08-01
2024-08-01,VIXCLS,2024-04-24,15.97,2024-08-01,2024-08-01
2024-08-01,VIXCLS,2024-04-25,15.37,2024-08-01,2024-08-01
2024-08-01,VIXCLS,2024-04-26,15.03,2024-08-01,2024-08-01
2024-08-01,VIXCLS,2024-04-29,14.67,2024-08-01,2024-08-01
2024-08-01,VIXCLS,2024-04-30,15.65,2024-08-01,2024-08-01
2024-08-01,VIXCLS,2024-05-01,15.39,2024-08-01,2024-08-01
2024-08-01,VIXCLS,2024-05-02,14.68,2024-08-01,2024-08-01
2024-08-01,VIXCLS,2024-05-03,13.49,2024-08-01,2024-08-01
2024-08-01,VIXCLS,2024-05-06,13.49,2024-08-01,2024-08-01
2024-08-01,VIXCLS,2024-05-07,13.23,2024-08-01,2024-08-01
2024-08-01,VIXCLS,2024-05-08,13,2024-08-01,2024-08-01
2024-08-01,VIXCLS,2024-05-09,12.69,2024-08-01,2024-08-01
2024-08-01,VIXCLS,2024-05-10,12.55,2024-08-01,2024-08-01
2024-08-01,VIXCLS,2024-05-13,13.6,2024-08-01,2024-08-01
2024-08-01,VIXCLS,2024-05-14,13.42,2024-08-01,2024-08-01
2024-08-01,VIXCLS,2024-05-15,12.45,2024-08-01,2024-08-01
2024-08-01,VIXCLS,2024-05-16,12.42,2024-08-01,2024-08-01
2024-08-01,VIXCLS,2024-05-17,11.99,2024-08-01,2024-08-01
2024-08-01,VIXCLS,2024-05-20,12.15,2024-08-01,2024-08-01
2024-08-01,VIXCLS,2024-05-21,11.86,2024-08-01,2024-08-01
2024-08-01,VIXCLS,2024-05-22,12.29,2024-08-01,2024-08-01
2024-08-01,VIXCLS,2024-05-23,12.77,2024-08-01,2024-08-01
2024-08-01,VIXCLS,2024-05-24,11.93,2024-08-01,2024-08-01
2024-08-01,VIXCLS,2024-05-27,12.36,2024-08-01,2024-08-01
2024-08-01,VIXCLS,2024-05-28,12.92,2024-08-01,2024-08-01
2024-08-01,VIXCLS,2024-05-29,14.28,2024-08-01,2024-08-01
2024-08-01,VIXCLS,2024-05-30,14.47,2024-08-01,2024-08-01
2024-08-01,VIXCLS,2024-05-31,12.92,2024-08-01,2024-08-01
2024-08-01,VIXCLS,2024-06-03,13.11,2024-08-01,2024-08-01
2024-08-01,VIXCLS,2024-06-04,13.16,2024-08-01,2024-08-01
2024-08-01,VIXCLS,2024-06-05,12.63,2024-08-01,2024-08-01
2024-08-01,VIXCLS,2024-06-06,12.58,2024-08-01,2024-08-01
2024-08-01,VIXCLS,2024-06-07,12.22,2024-08-01,2024-08-01
2024-08-01,VIXCLS,2024-06-10,12.74,2024-08-01,2024-08-01
2024-08-01,VIXCLS,2024-06-11,12.85,2024-08-01,2024-08-01
2024-08-01,VIXCLS,2024-06-12,12.04,2024-08-01,2024-08-01
2024-08-01,VIXCLS,2024-06-13,11.94,2024-08-01,2024-08-01
2024-08-01,VIXCLS,2024-06-14,12.66,2024-08-01,2024-08-01
2024-08-01,VIXCLS,2024-06-17,12.75,2024-08-01,2024-08-01
2024-08-01,VIXCLS,2024-06-18,12.3,2024-08-01,2024-08-01
2024-08-01,VIXCLS,2024-06-19,12.48,2024-08-01,2024-08-01
2024-08-01,VIXCLS,2024-06-20,13.28,2024-08-01,2024-08-01
2024-08-01,VIXCLS,2024-06-21,13.2,2024-08-01,2024-08-01
2024-08-01,VIXCLS,2024-06-24,13.33,2024-08-01,2024-08-01
2024-08-01,VIXCLS,2024-06-25,12.84,2024-08-01,2024-08-01
2024-08-01,VIXCLS,2024-06-26,12.55,2024-08-01,2024-08-01
2024-08-01,VIXCLS,2024-06-27,12.24,2024-08-01,2024-08-01
2024-08-01,VIXCLS,2024-06-28,12.44,2024-08-01,2024-08-01
2024-08-01,VIXCLS,2024-07-01,12.22,2024-08-01,2024-08-01
2024-08-01,VIXCLS,2024-07-02,12.03,2024-08-01,2024-08-01
2024-08-01,VIXCLS,2024-07-03,12.09,2024-08-01,2024-08-01
2024-08-01,VIXCLS,2024-07-04,12.26,2024-08-01,2024-08-01
2024-08-01,VIXCLS,2024-07-05,12.48,2024-08-01,2024-08-01
2024-08-01,VIXCLS,2024-07-08,12.37,2024-08-01,2024-08-01
2024-08-01,VIXCLS,2024-07-09,12.51,2024-08-01,2024-08-01
2024-08-01,VIXCLS,2024-07-10,12.85,2024-08-01,2024-08-01
2024-08-01,VIXCLS,2024-07-11,12.92,2024-08-01,2024-08-01
2024-08-01,VIXCLS,2024-07-12,12.46,2024-08-01,2024-08-01
2024-08-01,VIXCLS,2024-07-15,13.12,2024-08-01,2024-08-01
2024-08-01,VIXCLS,2024-07-16,13.19,2024-08-01,2024-08-01
2024-08-01,VIXCLS,2024-07-17,14.48,2024-08-01,2024-08-01
2024-08-01,VIXCLS,2024-07-18,15.93,2024-08-01,2024-08-01
2024-08-01,VIXCLS,2024-07-19,16.52,2024-08-01,2024-08-01
2024-08-01,VIXCLS,2024-07-22,14.91,2024-08-01,2024-08-01
2024-08-01,VIXCLS,2024-07-23,14.72,2024-08-01,2024-08-01
2024-08-01,VIXCLS,2024-07-24,18.04,2024-08-01,2024-08-01
2024-08-01,VIXCLS,2024-07-25,18.46,2024-08-01,2024-08-01
2024-08-01,VIXCLS,2024-07-26,16.39,2024-08-01,2024-08-01
2024-08-01,VIXCLS,2024-07-29,16.6,2024-08-01,2024-08-01
2024-08-01,VIXCLS,2024-07-30,17.69,2024-08-01,2024-08-01
2024-08-01,VIXCLS,2024-07-31,16.36,2024-08-01,2024-08-01
2024-09-01,CCUSMA02BRM618N,2024-05-01,5.132447619,2024-09-01,2024-09-01
2024-09-01,CCUSMA02BRM618N,2024-06-01,5.388375,2024-09-01,2024-09-01
2024-09-01,CCUSMA02CLM618N,2024-05-01,916.884113,2024-09-01,2024-09-01
2024-09-01,CCUSMA02CLM618N,2024-06-01,927.894005,2024-09-01,2024-09-01
2024-09-01,CCUSMA02CLM618N,2024-07-01,935.9515348,2024-09-01,2024-09-01
2024-09-01,CCUSMA02MXM618N,2024-05-01,16.76932696,2024-09-01,2024-09-01
2024-09-01,CCUSMA02MXM618N,2024-06-01,18.13341225,2024-09-01,2024-09-01
2024-09-01,CCUSMA02MXM618N,2024-07-01,18.06171826,2024-09-01,2024-09-01
2024-09-01,DTWEXBGS,2024-05-01,123.3776,2024-09-01,2024-09-01
2024-09-01,DTWEXBGS,2024-05-02,122.8047,2024-09-01,2024-09-01
2024-09-01,DTWEXBGS,2024-05-03,122.5056,2024-09-01,2024-09-01
2024-09-01,DTWEXBGS,2024-05-06,122.2529,2024-09-01,2024-09-01
2024-09-01,DTWEXBGS,2024-05-07,122.4588,2024-09-01,2024-09-01
2024-09-01,DTWEXBGS,2024-05-08,122.5562,2024-09-01,2024-09-01
2024-09-01,DTWEXBGS,2024-05-09,122.5322,2024-09-01,2024-09-01
2024-09-01,DTWEXBGS,2024-05-10,122.3898,2024-09-01,2024-09-01
2024-09-01,DTWEXBGS,2024-05-13,122.4068,2024-09-01,2024-09-01
2024-09-01,DTWEXBGS,2024-05-14,122.3094,2024-09-01,2024-09-01
2024-09-01,DTWEXBGS,2024-05-15,121.7471,2024-09-01,2024-09-01
2024-09-01,DTWEXBGS,2024-05-16,121.6189,2024-09-01,2024-09-01
2024-09-01,DTWEXBGS,2024-05-17,121.638,2024-09-01,2024-09-01
2024-09-01,DTWEXBGS,2024-05-20,121.6377,2024-09-01,2024-09-01
2024-09-01,DTWEXBGS,2024-05-21,121.7864,2024-09-01,2024-09-01
2024-09-01,DTWEXBGS,2024-05-22,121.9514,2024-09-01,2024-09-01
2024-09-01,DTWEXBGS,2024-05-23,122.1493,2024-09-01,2024-09-01
2024-09-01,DTWEXBGS,2024-05-24,122.0215,2024-09-01,2024-09-01
2024-09-01,DTWEXBGS,2024-05-28,121.8382,2024-09-01,2024-09-01
2024-09-01,DTWEXBGS,2024-05-29,122.5535,2024-09-01,2024-09-01
2024-09-01,DTWEXBGS,2024-05-30,122.356,2024-09-01,2024-09-01
2024-09-01,DTWEXBGS,2024-05-31,122.4845,2024-09-01,2024-09-01
2024-09-01,DTWEXBGS,2024-06-03,122.7156,2024-09-01,2024-09-01
2024-09-01,DTWEXBGS,2024-06-04,123.0715,2024-09-01,2024-09-01
2024-09-01,DTWEXBGS,2024-06-05,122.9014,2024-09-01,2024-09-01
2024-09-01,DTWEXBGS,2024-06-06,122.7416,2024-09-01,2024-09-01
2024-09-01,DTWEXBGS,2024-06-07,123.8707,2024-09-01,2024-09-01
2024-09-01,DTWEXBGS,2024-06-10,124.2232,2024-09-01,2024-09-01
2024-09-01,DTWEXBGS,2024-06-11,124.345,2024-09-01,2024-09-01
2024-09-01,DTWEXBGS,2024-06-12,124.1411,2024-09-01,2024-09-01
2024-09-01,DTWEXBGS,2024-06-13,124.3287,2024-09-01,2024-09-01
2024-09-01,DTWEXBGS,2024-06-14,124.4755,2024-09-01,2024-09-01
2024-09-01,DTWEXBGS,2024-06-17,124.5427,2024-09-01,2024-09-01
2024-09-01,DTWEXBGS,2024-06-18,124.2835,2024-09-01,2024-09-01
2024-09-01,DTWEXBGS,2024-06-20,124.496,2024-09-01,2024-09-01
2024-09-01,DTWEXBGS,2024-06-21,124.4247,2024-09-01,2024-09-01
2024-09-01,DTWEXBGS,2024-06-24,124.0379,2024-09-01,2024-09-01
2024-09-01,DTWEXBGS,2024-06-25,124.26,2024-09-01,2024-09-01
2024-09-01,DTWEXBGS,2024-06-26,124.5696,2024-09-01,2024-09-01
2024-09-01,DTWEXBGS,2024-06-27,124.6406,2024-09-01,2024-09-01
2024-09-01,DTWEXBGS,2024-06-28,124.5172,2024-09-01,2024-09-01
2024-09-01,DTWEXBGS,2024-07-01,124.7723,2024-09-01,2024-09-01
2024-09-01,DTWEXBGS,2024-07-02,124.608,2024-09-01,2024-09-01
2024-09-01,DTWEXBGS,2024-07-03,124.1096,2024-09-01,2024-09-01
2024-09-01,DTWEXBGS,2024-07-05,123.8192,2024-09-01,2024-09-01
2024-09-01,DTWEXBGS,2024-07-08,123.706,2024-09-01,2024-09-01
2024-09-01,DTWEXBGS,2024-07-09,123.7559,2024-09-01,2024-09-01
2024-09-01,DTWEXBGS,2024-07-10,123.5508,2024-09-01,2024-09-01
2024-09-01,DTWEXBGS,2024-07-11,123.1267,2024-09-01,2024-09-01
2024-09-01,DTWEXBGS,2024-07-12,122.8093,2024-09-01,2024-09-01
2024-09-01,DTWEXBGS,2024-07-15,123.0059,2024-09-01,2024-09-01
2024-09-01,DTWEXBGS,2024-07-16,123.1024,2024-09-01,2024-09-01
2024-09-01,DTWEXBGS,2024-07-17,122.892,2024-09-01,2024-09-01
2024-09-01,DTWEXBGS,2024-07-18,123.1548,2024-09-01,2024-09-01
2024-09-01,DTWEXBGS,2024-07-19,123.5033,2024-09-01,2024-09-01
2024-09-01,DTWEXBGS,2024-07-22,123.5735,2024-09-01,2024-09-01
2024-09-01,DTWEXBGS,2024-07-23,123.7296,2024-09-01,2024-09-01
2024-09-01,DTWEXBGS,2024-07-24,123.8784,2024-09-01,2024-09-01
2024-09-01,DTWEXBGS,2024-07-25,123.8341,2024-09-01,2024-09-01
2024-09-01,DTWEXBGS,2024-07-26,123.9862,2024-09-01,2024-09-01
2024-09-01,DTWEXBGS,2024-07-29,124.4412,2024-09-01,2024-09-01
2024-09-01,DTWEXBGS,2024-07-30,124.576,2024-09-01,2024-09-01
2024-09-01,DTWEXBGS,2024-07-31,123.9223,2024-09-01,2024-09-01
2024-09-01,DTWEXBGS,2024-08-01,124.1551,2024-09-01,2024-09-01
2024-09-01,DTWEXBGS,2024-08-02,123.7169,2024-09-01,2024-09-01
2024-09-01,DTWEXBGS,2024-08-05,123.7919,2024-09-01,2024-09-01
2024-09-01,DTWEXBGS,2024-08-06,123.8794,2024-09-01,2024-09-01
2024-09-01,DTWEXBGS,2024-08-07,123.8126,2024-09-01,2024-09-01
2024-09-01,DTWEXBGS,2024-08-08,123.6961,2024-09-01,2024-09-01
2024-09-01,DTWEXBGS,2024-08-09,123.1964,2024-09-01,2024-09-01
2024-09-01,DTWEXBGS,2024-08-12,123.4942,2024-09-01,2024-09-01
2024-09-01,DTWEXBGS,2024-08-13,123.2819,2024-09-01,2024-09-01
2024-09-01,DTWEXBGS,2024-08-14,122.7057,2024-09-01,2024-09-01
2024-09-01,DTWEXBGS,2024-08-15,122.8791,2024-09-01,2024-09-01
2024-09-01,DTWEXBGS,2024-08-16,122.6944,2024-09-01,2024-09-01
2024-09-01,DTWEXBGS,2024-08-19,122.1762,2024-09-01,2024-09-01
2024-09-01,DTWEXBGS,2024-08-20,122.0677,2024-09-01,2024-09-01
2024-09-01,DTWEXBGS,2024-08-21,122.1407,2024-09-01,2024-09-01
2024-09-01,DTWEXBGS,2024-08-22,122.6371,2024-09-01,2024-09-01
2024-09-01,DTWEXBGS,2024-08-23,121.7525,2024-09-01,2024-09-01
2024-09-01,FEDFUNDS,2024-05-01,5.33,2024-09-01,2024-09-01
2024-09-01,FEDFUNDS,2024-06-01,5.33,2024-09-01,2024-09-01
2024-09-01,FEDFUNDS,2024-07-01,5.33,2024-09-01,2024-09-01
2024-09-01,VIXCLS,2024-05-01,15.39,2024-09-01,2024-09-01
2024-09-01,VIXCLS,2024-05-02,14.68,2024-09-01,2024-09-01
2024-09-01,VIXCLS,2024-05-03,13.49,2024-09-01,2024-09-01
2024-09-01,VIXCLS,2024-05-06,13.49,2024-09-01,2024-09-01
2024-09-01,VIXCLS,2024-05-07,13.23,2024-09-01,2024-09-01
2024-09-01,VIXCLS,2024-05-08,13,2024-09-01,2024-09-01
2024-09-01,VIXCLS,2024-05-09,12.69,2024-09-01,2024-09-01
2024-09-01,VIXCLS,2024-05-10,12.55,2024-09-01,2024-09-01
2024-09-01,VIXCLS,2024-05-13,13.6,2024-09-01,2024-09-01
2024-09-01,VIXCLS,2024-05-14,13.42,2024-09-01,2024-09-01
2024-09-01,VIXCLS,2024-05-15,12.45,2024-09-01,2024-09-01
2024-09-01,VIXCLS,2024-05-16,12.42,2024-09-01,2024-09-01
2024-09-01,VIXCLS,2024-05-17,11.99,2024-09-01,2024-09-01
2024-09-01,VIXCLS,2024-05-20,12.15,2024-09-01,2024-09-01
2024-09-01,VIXCLS,2024-05-21,11.86,2024-09-01,2024-09-01
2024-09-01,VIXCLS,2024-05-22,12.29,2024-09-01,2024-09-01
2024-09-01,VIXCLS,2024-05-23,12.77,2024-09-01,2024-09-01
2024-09-01,VIXCLS,2024-05-24,11.93,2024-09-01,2024-09-01
2024-09-01,VIXCLS,2024-05-27,12.36,2024-09-01,2024-09-01
2024-09-01,VIXCLS,2024-05-28,12.92,2024-09-01,2024-09-01
2024-09-01,VIXCLS,2024-05-29,14.28,2024-09-01,2024-09-01
2024-09-01,VIXCLS,2024-05-30,14.47,2024-09-01,2024-09-01
2024-09-01,VIXCLS,2024-05-31,12.92,2024-09-01,2024-09-01
2024-09-01,VIXCLS,2024-06-03,13.11,2024-09-01,2024-09-01
2024-09-01,VIXCLS,2024-06-04,13.16,2024-09-01,2024-09-01
2024-09-01,VIXCLS,2024-06-05,12.63,2024-09-01,2024-09-01
2024-09-01,VIXCLS,2024-06-06,12.58,2024-09-01,2024-09-01
2024-09-01,VIXCLS,2024-06-07,12.22,2024-09-01,2024-09-01
2024-09-01,VIXCLS,2024-06-10,12.74,2024-09-01,2024-09-01
2024-09-01,VIXCLS,2024-06-11,12.85,2024-09-01,2024-09-01
2024-09-01,VIXCLS,2024-06-12,12.04,2024-09-01,2024-09-01
2024-09-01,VIXCLS,2024-06-13,11.94,2024-09-01,2024-09-01
2024-09-01,VIXCLS,2024-06-14,12.66,2024-09-01,2024-09-01
2024-09-01,VIXCLS,2024-06-17,12.75,2024-09-01,2024-09-01
2024-09-01,VIXCLS,2024-06-18,12.3,2024-09-01,2024-09-01
2024-09-01,VIXCLS,2024-06-19,12.48,2024-09-01,2024-09-01
2024-09-01,VIXCLS,2024-06-20,13.28,2024-09-01,2024-09-01
2024-09-01,VIXCLS,2024-06-21,13.2,2024-09-01,2024-09-01
2024-09-01,VIXCLS,2024-06-24,13.33,2024-09-01,2024-09-01
2024-09-01,VIXCLS,2024-06-25,12.84,2024-09-01,2024-09-01
2024-09-01,VIXCLS,2024-06-26,12.55,2024-09-01,2024-09-01
2024-09-01,VIXCLS,2024-06-27,12.24,2024-09-01,2024-09-01
2024-09-01,VIXCLS,2024-06-28,12.44,2024-09-01,2024-09-01
2024-09-01,VIXCLS,2024-07-01,12.22,2024-09-01,2024-09-01
2024-09-01,VIXCLS,2024-07-02,12.03,2024-09-01,2024-09-01
2024-09-01,VIXCLS,2024-07-03,12.09,2024-09-01,2024-09-01
2024-09-01,VIXCLS,2024-07-04,12.26,2024-09-01,2024-09-01
2024-09-01,VIXCLS,2024-07-05,12.48,2024-09-01,2024-09-01
2024-09-01,VIXCLS,2024-07-08,12.37,2024-09-01,2024-09-01
2024-09-01,VIXCLS,2024-07-09,12.51,2024-09-01,2024-09-01
2024-09-01,VIXCLS,2024-07-10,12.85,2024-09-01,2024-09-01
2024-09-01,VIXCLS,2024-07-11,12.92,2024-09-01,2024-09-01
2024-09-01,VIXCLS,2024-07-12,12.46,2024-09-01,2024-09-01
2024-09-01,VIXCLS,2024-07-15,13.12,2024-09-01,2024-09-01
2024-09-01,VIXCLS,2024-07-16,13.19,2024-09-01,2024-09-01
2024-09-01,VIXCLS,2024-07-17,14.48,2024-09-01,2024-09-01
2024-09-01,VIXCLS,2024-07-18,15.93,2024-09-01,2024-09-01
2024-09-01,VIXCLS,2024-07-19,16.52,2024-09-01,2024-09-01
2024-09-01,VIXCLS,2024-07-22,14.91,2024-09-01,2024-09-01
2024-09-01,VIXCLS,2024-07-23,14.72,2024-09-01,2024-09-01
2024-09-01,VIXCLS,2024-07-24,18.04,2024-09-01,2024-09-01
2024-09-01,VIXCLS,2024-07-25,18.46,2024-09-01,2024-09-01
2024-09-01,VIXCLS,2024-07-26,16.39,2024-09-01,2024-09-01
2024-09-01,VIXCLS,2024-07-29,16.6,2024-09-01,2024-09-01
2024-09-01,VIXCLS,2024-07-30,17.69,2024-09-01,2024-09-01
2024-09-01,VIXCLS,2024-07-31,16.36,2024-09-01,2024-09-01
2024-09-01,VIXCLS,2024-08-01,18.59,2024-09-01,2024-09-01
2024-09-01,VIXCLS,2024-08-02,23.39,2024-09-01,2024-09-01
2024-09-01,VIXCLS,2024-08-05,38.57,2024-09-01,2024-09-01
2024-09-01,VIXCLS,2024-08-06,27.71,2024-09-01,2024-09-01
2024-09-01,VIXCLS,2024-08-07,27.85,2024-09-01,2024-09-01
2024-09-01,VIXCLS,2024-08-08,23.79,2024-09-01,2024-09-01
2024-09-01,VIXCLS,2024-08-09,20.37,2024-09-01,2024-09-01
2024-09-01,VIXCLS,2024-08-12,20.71,2024-09-01,2024-09-01
2024-09-01,VIXCLS,2024-08-13,18.12,2024-09-01,2024-09-01
2024-09-01,VIXCLS,2024-08-14,16.19,2024-09-01,2024-09-01
2024-09-01,VIXCLS,2024-08-15,15.23,2024-09-01,2024-09-01
2024-09-01,VIXCLS,2024-08-16,14.8,2024-09-01,2024-09-01
2024-09-01,VIXCLS,2024-08-19,14.65,2024-09-01,2024-09-01
2024-09-01,VIXCLS,2024-08-20,15.88,2024-09-01,2024-09-01
2024-09-01,VIXCLS,2024-08-21,16.27,2024-09-01,2024-09-01
2024-09-01,VIXCLS,2024-08-22,17.55,2024-09-01,2024-09-01
2024-09-01,VIXCLS,2024-08-23,15.86,2024-09-01,2024-09-01
2024-09-01,VIXCLS,2024-08-26,16.15,2024-09-01,2024-09-01
2024-09-01,VIXCLS,2024-08-27,15.43,2024-09-01,2024-09-01
2024-09-01,VIXCLS,2024-08-28,17.11,2024-09-01,2024-09-01
2024-09-01,VIXCLS,2024-08-29,15.65,2024-09-01,2024-09-01
2024-09-01,VIXCLS,2024-08-30,15,2024-09-01,2024-09-01
2024-10-01,CCUSMA02BRM618N,2024-06-01,5.388375,2024-10-01,2024-10-01
2024-10-01,CCUSMA02CLM618N,2024-06-01,927.894005,2024-10-01,2024-10-01
2024-10-01,CCUSMA02CLM618N,2024-07-01,935.9515348,2024-10-01,2024-10-01
2024-10-01,CCUSMA02CLM618N,2024-08-01,927.7602182,2024-10-01,2024-10-01
2024-10-01,CCUSMA02MXM618N,2024-06-01,18.13341225,2024-10-01,2024-10-01
2024-10-01,CCUSMA02MXM618N,2024-07-01,18.06171826,2024-10-01,2024-10-01
2024-10-01,CCUSMA02MXM618N,2024-08-01,19.07088545,2024-10-01,2024-10-01
2024-10-01,DTWEXBGS,2024-06-03,122.7156,2024-10-01,2024-10-01
2024-10-01,DTWEXBGS,2024-06-04,123.0715,2024-10-01,2024-10-01
2024-10-01,DTWEXBGS,2024-06-05,122.9014,2024-10-01,2024-10-01
2024-10-01,DTWEXBGS,2024-06-06,122.7416,2024-10-01,2024-10-01
2024-10-01,DTWEXBGS,2024-06-07,123.8707,2024-10-01,2024-10-01
2024-10-01,DTWEXBGS,2024-06-10,124.2232,2024-10-01,2024-10-01
2024-10-01,DTWEXBGS,2024-06-11,124.345,2024-10-01,2024-10-01
2024-10-01,DTWEXBGS,2024-06-12,124.1411,2024-10-01,2024-10-01
2024-10-01,DTWEXBGS,2024-06-13,124.3287,2024-10-01,2024-10-01
2024-10-01,DTWEXBGS,2024-06-14,124.4755,2024-10-01,2024-10-01
2024-10-01,DTWEXBGS,2024-06-17,124.5427,2024-10-01,2024-10-01
2024-10-01,DTWEXBGS,2024-06-18,124.2835,2024-10-01,2024-10-01
2024-10-01,DTWEXBGS,2024-06-20,124.496,2024-10-01,2024-10-01
2024-10-01,DTWEXBGS,2024-06-21,124.4247,2024-10-01,2024-10-01
2024-10-01,DTWEXBGS,2024-06-24,124.0379,2024-10-01,2024-10-01
2024-10-01,DTWEXBGS,2024-06-25,124.26,2024-10-01,2024-10-01
2024-10-01,DTWEXBGS,2024-06-26,124.5696,2024-10-01,2024-10-01
2024-10-01,DTWEXBGS,2024-06-27,124.6406,2024-10-01,2024-10-01
2024-10-01,DTWEXBGS,2024-06-28,124.5172,2024-10-01,2024-10-01
2024-10-01,DTWEXBGS,2024-07-01,124.7723,2024-10-01,2024-10-01
2024-10-01,DTWEXBGS,2024-07-02,124.608,2024-10-01,2024-10-01
2024-10-01,DTWEXBGS,2024-07-03,124.1096,2024-10-01,2024-10-01
2024-10-01,DTWEXBGS,2024-07-05,123.8192,2024-10-01,2024-10-01
2024-10-01,DTWEXBGS,2024-07-08,123.706,2024-10-01,2024-10-01
2024-10-01,DTWEXBGS,2024-07-09,123.7559,2024-10-01,2024-10-01
2024-10-01,DTWEXBGS,2024-07-10,123.5508,2024-10-01,2024-10-01
2024-10-01,DTWEXBGS,2024-07-11,123.1267,2024-10-01,2024-10-01
2024-10-01,DTWEXBGS,2024-07-12,122.8093,2024-10-01,2024-10-01
2024-10-01,DTWEXBGS,2024-07-15,123.0059,2024-10-01,2024-10-01
2024-10-01,DTWEXBGS,2024-07-16,123.1024,2024-10-01,2024-10-01
2024-10-01,DTWEXBGS,2024-07-17,122.892,2024-10-01,2024-10-01
2024-10-01,DTWEXBGS,2024-07-18,123.1548,2024-10-01,2024-10-01
2024-10-01,DTWEXBGS,2024-07-19,123.5033,2024-10-01,2024-10-01
2024-10-01,DTWEXBGS,2024-07-22,123.5735,2024-10-01,2024-10-01
2024-10-01,DTWEXBGS,2024-07-23,123.7296,2024-10-01,2024-10-01
2024-10-01,DTWEXBGS,2024-07-24,123.8784,2024-10-01,2024-10-01
2024-10-01,DTWEXBGS,2024-07-25,123.8341,2024-10-01,2024-10-01
2024-10-01,DTWEXBGS,2024-07-26,123.9862,2024-10-01,2024-10-01
2024-10-01,DTWEXBGS,2024-07-29,124.4412,2024-10-01,2024-10-01
2024-10-01,DTWEXBGS,2024-07-30,124.576,2024-10-01,2024-10-01
2024-10-01,DTWEXBGS,2024-07-31,123.9223,2024-10-01,2024-10-01
2024-10-01,DTWEXBGS,2024-08-01,124.1551,2024-10-01,2024-10-01
2024-10-01,DTWEXBGS,2024-08-02,123.7169,2024-10-01,2024-10-01
2024-10-01,DTWEXBGS,2024-08-05,123.7919,2024-10-01,2024-10-01
2024-10-01,DTWEXBGS,2024-08-06,123.8794,2024-10-01,2024-10-01
2024-10-01,DTWEXBGS,2024-08-07,123.8126,2024-10-01,2024-10-01
2024-10-01,DTWEXBGS,2024-08-08,123.6961,2024-10-01,2024-10-01
2024-10-01,DTWEXBGS,2024-08-09,123.1964,2024-10-01,2024-10-01
2024-10-01,DTWEXBGS,2024-08-12,123.4942,2024-10-01,2024-10-01
2024-10-01,DTWEXBGS,2024-08-13,123.2819,2024-10-01,2024-10-01
2024-10-01,DTWEXBGS,2024-08-14,122.7057,2024-10-01,2024-10-01
2024-10-01,DTWEXBGS,2024-08-15,122.8791,2024-10-01,2024-10-01
2024-10-01,DTWEXBGS,2024-08-16,122.6944,2024-10-01,2024-10-01
2024-10-01,DTWEXBGS,2024-08-19,122.1762,2024-10-01,2024-10-01
2024-10-01,DTWEXBGS,2024-08-20,122.0677,2024-10-01,2024-10-01
2024-10-01,DTWEXBGS,2024-08-21,122.1407,2024-10-01,2024-10-01
2024-10-01,DTWEXBGS,2024-08-22,122.6371,2024-10-01,2024-10-01
2024-10-01,DTWEXBGS,2024-08-23,121.7525,2024-10-01,2024-10-01
2024-10-01,DTWEXBGS,2024-08-26,121.9678,2024-10-01,2024-10-01
2024-10-01,DTWEXBGS,2024-08-27,122.1318,2024-10-01,2024-10-01
2024-10-01,DTWEXBGS,2024-08-28,122.1586,2024-10-01,2024-10-01
2024-10-01,DTWEXBGS,2024-08-29,122.4706,2024-10-01,2024-10-01
2024-10-01,DTWEXBGS,2024-08-30,122.5582,2024-10-01,2024-10-01
2024-10-01,DTWEXBGS,2024-09-03,123.0052,2024-10-01,2024-10-01
2024-10-01,DTWEXBGS,2024-09-04,122.7434,2024-10-01,2024-10-01
2024-10-01,DTWEXBGS,2024-09-05,122.6747,2024-10-01,2024-10-01
2024-10-01,DTWEXBGS,2024-09-06,122.7145,2024-10-01,2024-10-01
2024-10-01,DTWEXBGS,2024-09-09,122.9408,2024-10-01,2024-10-01
2024-10-01,DTWEXBGS,2024-09-10,123.2266,2024-10-01,2024-10-01
2024-10-01,DTWEXBGS,2024-09-11,123.0007,2024-10-01,2024-10-01
2024-10-01,DTWEXBGS,2024-09-12,122.684,2024-10-01,2024-10-01
2024-10-01,DTWEXBGS,2024-09-13,121.9128,2024-10-01,2024-10-01
2024-10-01,DTWEXBGS,2024-09-16,121.7684,2024-10-01,2024-10-01
2024-10-01,DTWEXBGS,2024-09-17,121.8724,2024-10-01,2024-10-01
2024-10-01,DTWEXBGS,2024-09-18,121.8295,2024-10-01,2024-10-01
2024-10-01,DTWEXBGS,2024-09-19,121.5773,2024-10-01,2024-10-01
2024-10-01,DTWEXBGS,2024-09-20,121.6673,2024-10-01,2024-10-01
2024-10-01,DTWEXBGS,2024-09-23,121.687,2024-10-01,2024-10-01
2024-10-01,DTWEXBGS,2024-09-24,121.3868,2024-10-01,2024-10-01
2024-10-01,DTWEXBGS,2024-09-25,121.6868,2024-10-01,2024-10-01
2024-10-01,DTWEXBGS,2024-09-26,121.3274,2024-10-01,2024-10-01
2024-10-01,DTWEXBGS,2024-09-27,121.356,2024-10-01,2024-10-01
2024-10-01,FEDFUNDS,2024-06-01,5.33,2024-10-01,2024-10-01
2024-10-01,FEDFUNDS,2024-07-01,5.33,2024-10-01,2024-10-01
2024-10-01,FEDFUNDS,2024-08-01,5.33,2024-10-01,2024-10-01
2024-10-01,FEDFUNDS,2024-09-01,5.13,2024-10-01,2024-10-01
2024-10-01,VIXCLS,2024-06-03,13.11,2024-10-01,2024-10-01
2024-10-01,VIXCLS,2024-06-04,13.16,2024-10-01,2024-10-01
2024-10-01,VIXCLS,2024-06-05,12.63,2024-10-01,2024-10-01
2024-10-01,VIXCLS,2024-06-06,12.58,2024-10-01,2024-10-01
2024-10-01,VIXCLS,2024-06-07,12.22,2024-10-01,2024-10-01
2024-10-01,VIXCLS,2024-06-10,12.74,2024-10-01,2024-10-01
2024-10-01,VIXCLS,2024-06-11,12.85,2024-10-01,2024-10-01
2024-10-01,VIXCLS,2024-06-12,12.04,2024-10-01,2024-10-01
2024-10-01,VIXCLS,2024-06-13,11.94,2024-10-01,2024-10-01
2024-10-01,VIXCLS,2024-06-14,12.66,2024-10-01,2024-10-01
2024-10-01,VIXCLS,2024-06-17,12.75,2024-10-01,2024-10-01
2024-10-01,VIXCLS,2024-06-18,12.3,2024-10-01,2024-10-01
2024-10-01,VIXCLS,2024-06-19,12.48,2024-10-01,2024-10-01
2024-10-01,VIXCLS,2024-06-20,13.28,2024-10-01,2024-10-01
2024-10-01,VIXCLS,2024-06-21,13.2,2024-10-01,2024-10-01
2024-10-01,VIXCLS,2024-06-24,13.33,2024-10-01,2024-10-01
2024-10-01,VIXCLS,2024-06-25,12.84,2024-10-01,2024-10-01
2024-10-01,VIXCLS,2024-06-26,12.55,2024-10-01,2024-10-01
2024-10-01,VIXCLS,2024-06-27,12.24,2024-10-01,2024-10-01
2024-10-01,VIXCLS,2024-06-28,12.44,2024-10-01,2024-10-01
2024-10-01,VIXCLS,2024-07-01,12.22,2024-10-01,2024-10-01
2024-10-01,VIXCLS,2024-07-02,12.03,2024-10-01,2024-10-01
2024-10-01,VIXCLS,2024-07-03,12.09,2024-10-01,2024-10-01
2024-10-01,VIXCLS,2024-07-04,12.26,2024-10-01,2024-10-01
2024-10-01,VIXCLS,2024-07-05,12.48,2024-10-01,2024-10-01
2024-10-01,VIXCLS,2024-07-08,12.37,2024-10-01,2024-10-01
2024-10-01,VIXCLS,2024-07-09,12.51,2024-10-01,2024-10-01
2024-10-01,VIXCLS,2024-07-10,12.85,2024-10-01,2024-10-01
2024-10-01,VIXCLS,2024-07-11,12.92,2024-10-01,2024-10-01
2024-10-01,VIXCLS,2024-07-12,12.46,2024-10-01,2024-10-01
2024-10-01,VIXCLS,2024-07-15,13.12,2024-10-01,2024-10-01
2024-10-01,VIXCLS,2024-07-16,13.19,2024-10-01,2024-10-01
2024-10-01,VIXCLS,2024-07-17,14.48,2024-10-01,2024-10-01
2024-10-01,VIXCLS,2024-07-18,15.93,2024-10-01,2024-10-01
2024-10-01,VIXCLS,2024-07-19,16.52,2024-10-01,2024-10-01
2024-10-01,VIXCLS,2024-07-22,14.91,2024-10-01,2024-10-01
2024-10-01,VIXCLS,2024-07-23,14.72,2024-10-01,2024-10-01
2024-10-01,VIXCLS,2024-07-24,18.04,2024-10-01,2024-10-01
2024-10-01,VIXCLS,2024-07-25,18.46,2024-10-01,2024-10-01
2024-10-01,VIXCLS,2024-07-26,16.39,2024-10-01,2024-10-01
2024-10-01,VIXCLS,2024-07-29,16.6,2024-10-01,2024-10-01
2024-10-01,VIXCLS,2024-07-30,17.69,2024-10-01,2024-10-01
2024-10-01,VIXCLS,2024-07-31,16.36,2024-10-01,2024-10-01
2024-10-01,VIXCLS,2024-08-01,18.59,2024-10-01,2024-10-01
2024-10-01,VIXCLS,2024-08-02,23.39,2024-10-01,2024-10-01
2024-10-01,VIXCLS,2024-08-05,38.57,2024-10-01,2024-10-01
2024-10-01,VIXCLS,2024-08-06,27.71,2024-10-01,2024-10-01
2024-10-01,VIXCLS,2024-08-07,27.85,2024-10-01,2024-10-01
2024-10-01,VIXCLS,2024-08-08,23.79,2024-10-01,2024-10-01
2024-10-01,VIXCLS,2024-08-09,20.37,2024-10-01,2024-10-01
2024-10-01,VIXCLS,2024-08-12,20.71,2024-10-01,2024-10-01
2024-10-01,VIXCLS,2024-08-13,18.12,2024-10-01,2024-10-01
2024-10-01,VIXCLS,2024-08-14,16.19,2024-10-01,2024-10-01
2024-10-01,VIXCLS,2024-08-15,15.23,2024-10-01,2024-10-01
2024-10-01,VIXCLS,2024-08-16,14.8,2024-10-01,2024-10-01
2024-10-01,VIXCLS,2024-08-19,14.65,2024-10-01,2024-10-01
2024-10-01,VIXCLS,2024-08-20,15.88,2024-10-01,2024-10-01
2024-10-01,VIXCLS,2024-08-21,16.27,2024-10-01,2024-10-01
2024-10-01,VIXCLS,2024-08-22,17.55,2024-10-01,2024-10-01
2024-10-01,VIXCLS,2024-08-23,15.86,2024-10-01,2024-10-01
2024-10-01,VIXCLS,2024-08-26,16.15,2024-10-01,2024-10-01
2024-10-01,VIXCLS,2024-08-27,15.43,2024-10-01,2024-10-01
2024-10-01,VIXCLS,2024-08-28,17.11,2024-10-01,2024-10-01
2024-10-01,VIXCLS,2024-08-29,15.65,2024-10-01,2024-10-01
2024-10-01,VIXCLS,2024-08-30,15,2024-10-01,2024-10-01
2024-10-01,VIXCLS,2024-09-02,15.55,2024-10-01,2024-10-01
2024-10-01,VIXCLS,2024-09-03,20.72,2024-10-01,2024-10-01
2024-10-01,VIXCLS,2024-09-04,21.32,2024-10-01,2024-10-01
2024-10-01,VIXCLS,2024-09-05,19.9,2024-10-01,2024-10-01
2024-10-01,VIXCLS,2024-09-06,22.38,2024-10-01,2024-10-01
2024-10-01,VIXCLS,2024-09-09,19.45,2024-10-01,2024-10-01
2024-10-01,VIXCLS,2024-09-10,19.08,2024-10-01,2024-10-01
2024-10-01,VIXCLS,2024-09-11,17.69,2024-10-01,2024-10-01
2024-10-01,VIXCLS,2024-09-12,17.07,2024-10-01,2024-10-01
2024-10-01,VIXCLS,2024-09-13,16.56,2024-10-01,2024-10-01
2024-10-01,VIXCLS,2024-09-16,17.14,2024-10-01,2024-10-01
2024-10-01,VIXCLS,2024-09-17,17.61,2024-10-01,2024-10-01
2024-10-01,VIXCLS,2024-09-18,18.23,2024-10-01,2024-10-01
2024-10-01,VIXCLS,2024-09-19,16.33,2024-10-01,2024-10-01
2024-10-01,VIXCLS,2024-09-20,16.15,2024-10-01,2024-10-01
2024-10-01,VIXCLS,2024-09-23,15.89,2024-10-01,2024-10-01
2024-10-01,VIXCLS,2024-09-24,15.39,2024-10-01,2024-10-01
2024-10-01,VIXCLS,2024-09-25,15.41,2024-10-01,2024-10-01
2024-10-01,VIXCLS,2024-09-26,15.37,2024-10-01,2024-10-01
2024-10-01,VIXCLS,2024-09-27,16.96,2024-10-01,2024-10-01
2024-10-01,VIXCLS,2024-09-30,16.73,2024-10-01,2024-10-01
2024-11-01,CCUSMA02BRM618N,2024-07-01,5.541447826,2024-11-01,2024-11-01
2024-11-01,CCUSMA02BRM618N,2024-08-01,5.552013636,2024-11-01,2024-11-01
2024-11-01,CCUSMA02CLM618N,2024-07-01,935.9515348,2024-11-01,2024-11-01
2024-11-01,CCUSMA02CLM618N,2024-08-01,927.7602182,2024-11-01,2024-11-01
2024-11-01,CCUSMA02CLM618N,2024-09-01,925.8795476,2024-11-01,2024-11-01
2024-11-01,CCUSMA02MXM618N,2024-07-01,18.06171826,2024-11-01,2024-11-01
2024-11-01,CCUSMA02MXM618N,2024-08-01,19.07088545,2024-11-01,2024-11-01
2024-11-01,CCUSMA02MXM618N,2024-09-01,19.52721143,2024-11-01,2024-11-01
2024-11-01,DTWEXBGS,2024-07-01,124.7723,2024-11-01,2024-11-01
2024-11-01,DTWEXBGS,2024-07-02,124.608,2024-11-01,2024-11-01
2024-11-01,DTWEXBGS,2024-07-03,124.1096,2024-11-01,2024-11-01
2024-11-01,DTWEXBGS,2024-07-05,123.8192,2024-11-01,2024-11-01
2024-11-01,DTWEXBGS,2024-07-08,123.706,2024-11-01,2024-11-01
2024-11-01,DTWEXBGS,2024-07-09,123.7559,2024-11-01,2024-11-01
2024-11-01,DTWEXBGS,2024-07-10,123.5508,2024-11-01,2024-11-01
2024-11-01,DTWEXBGS,2024-07-11,123.1267,2024-11-01,2024-11-01
2024-11-01,DTWEXBGS,2024-07-12,122.8093,2024-11-01,2024-11-01
2024-11-01,DTWEXBGS,2024-07-15,123.0059,2024-11-01,2024-11-01
2024-11-01,DTWEXBGS,2024-07-16,123.1024,2024-11-01,2024-11-01
2024-11-01,DTWEXBGS,2024-07-17,122.892,2024-11-01,2024-11-01
2024-11-01,DTWEXBGS,2024-07-18,123.1548,2024-11-01,2024-11-01
2024-11-01,DTWEXBGS,2024-07-19,123.5033,2024-11-01,2024-11-01
2024-11-01,DTWEXBGS,2024-07-22,123.5735,2024-11-01,2024-11-01
2024-11-01,DTWEXBGS,2024-07-23,123.7296,2024-11-01,2024-11-01
2024-11-01,DTWEXBGS,2024-07-24,123.8784,2024-11-01,2024-11-01
2024-11-01,DTWEXBGS,2024-07-25,123.8341,2024-11-01,2024-11-01
2024-11-01,DTWEXBGS,2024-07-26,123.9862,2024-11-01,2024-11-01
2024-11-01,DTWEXBGS,2024-07-29,124.4412,2024-11-01,2024-11-01
2024-11-01,DTWEXBGS,2024-07-30,124.576,2024-11-01,2024-11-01
2024-11-01,DTWEXBGS,2024-07-31,123.9223,2024-11-01,2024-11-01
2024-11-01,DTWEXBGS,2024-08-01,124.1551,2024-11-01,2024-11-01
2024-11-01,DTWEXBGS,2024-08-02,123.7169,2024-11-01,2024-11-01
2024-11-01,DTWEXBGS,2024-08-05,123.7919,2024-11-01,2024-11-01
2024-11-01,DTWEXBGS,2024-08-06,123.8794,2024-11-01,2024-11-01
2024-11-01,DTWEXBGS,2024-08-07,123.8126,2024-11-01,2024-11-01
2024-11-01,DTWEXBGS,2024-08-08,123.6961,2024-11-01,2024-11-01
2024-11-01,DTWEXBGS,2024-08-09,123.1964,2024-11-01,2024-11-01
2024-11-01,DTWEXBGS,2024-08-12,123.4942,2024-11-01,2024-11-01
2024-11-01,DTWEXBGS,2024-08-13,123.2819,2024-11-01,2024-11-01
2024-11-01,DTWEXBGS,2024-08-14,122.7057,2024-11-01,2024-11-01
2024-11-01,DTWEXBGS,2024-08-15,122.8791,2024-11-01,2024-11-01
2024-11-01,DTWEXBGS,2024-08-16,122.6944,2024-11-01,2024-11-01
2024-11-01,DTWEXBGS,2024-08-19,122.1762,2024-11-01,2024-11-01
2024-11-01,DTWEXBGS,2024-08-20,122.0677,2024-11-01,2024-11-01
2024-11-01,DTWEXBGS,2024-08-21,122.1407,2024-11-01,2024-11-01
2024-11-01,DTWEXBGS,2024-08-22,122.6371,2024-11-01,2024-11-01
2024-11-01,DTWEXBGS,2024-08-23,121.7525,2024-11-01,2024-11-01
2024-11-01,DTWEXBGS,2024-08-26,121.9678,2024-11-01,2024-11-01
2024-11-01,DTWEXBGS,2024-08-27,122.1318,2024-11-01,2024-11-01
2024-11-01,DTWEXBGS,2024-08-28,122.1586,2024-11-01,2024-11-01
2024-11-01,DTWEXBGS,2024-08-29,122.4706,2024-11-01,2024-11-01
2024-11-01,DTWEXBGS,2024-08-30,122.5582,2024-11-01,2024-11-01
2024-11-01,DTWEXBGS,2024-09-03,123.0052,2024-11-01,2024-11-01
2024-11-01,DTWEXBGS,2024-09-04,122.7434,2024-11-01,2024-11-01
2024-11-01,DTWEXBGS,2024-09-05,122.6747,2024-11-01,2024-11-01
2024-11-01,DTWEXBGS,2024-09-06,122.7145,2024-11-01,2024-11-01
2024-11-01,DTWEXBGS,2024-09-09,122.9408,2024-11-01,2024-11-01
2024-11-01,DTWEXBGS,2024-09-10,123.2266,2024-11-01,2024-11-01
2024-11-01,DTWEXBGS,2024-09-11,123.0007,2024-11-01,2024-11-01
2024-11-01,DTWEXBGS,2024-09-12,122.684,2024-11-01,2024-11-01
2024-11-01,DTWEXBGS,2024-09-13,121.9128,2024-11-01,2024-11-01
2024-11-01,DTWEXBGS,2024-09-16,121.7684,2024-11-01,2024-11-01
2024-11-01,DTWEXBGS,2024-09-17,121.8724,2024-11-01,2024-11-01
2024-11-01,DTWEXBGS,2024-09-18,121.8295,2024-11-01,2024-11-01
2024-11-01,DTWEXBGS,2024-09-19,121.5773,2024-11-01,2024-11-01
2024-11-01,DTWEXBGS,2024-09-20,121.6673,2024-11-01,2024-11-01
2024-11-01,DTWEXBGS,2024-09-23,121.687,2024-11-01,2024-11-01
2024-11-01,DTWEXBGS,2024-09-24,121.3868,2024-11-01,2024-11-01
2024-11-01,DTWEXBGS,2024-09-25,121.6868,2024-11-01,2024-11-01
2024-11-01,DTWEXBGS,2024-09-26,121.3274,2024-11-01,2024-11-01
2024-11-01,DTWEXBGS,2024-09-27,121.356,2024-11-01,2024-11-01
2024-11-01,DTWEXBGS,2024-09-30,121.5298,2024-11-01,2024-11-01
2024-11-01,DTWEXBGS,2024-10-01,121.9152,2024-11-01,2024-11-01
2024-11-01,DTWEXBGS,2024-10-02,121.8154,2024-11-01,2024-11-01
2024-11-01,DTWEXBGS,2024-10-03,122.3469,2024-11-01,2024-11-01
2024-11-01,DTWEXBGS,2024-10-04,122.4533,2024-11-01,2024-11-01
2024-11-01,DTWEXBGS,2024-10-07,122.6545,2024-11-01,2024-11-01
2024-11-01,DTWEXBGS,2024-10-08,122.9111,2024-11-01,2024-11-01
2024-11-01,DTWEXBGS,2024-10-09,123.1373,2024-11-01,2024-11-01
2024-11-01,DTWEXBGS,2024-10-10,123.3431,2024-11-01,2024-11-01
2024-11-01,DTWEXBGS,2024-10-11,123.2275,2024-11-01,2024-11-01
2024-11-01,DTWEXBGS,2024-10-15,123.773,2024-11-01,2024-11-01
2024-11-01,DTWEXBGS,2024-10-16,124.1606,2024-11-01,2024-11-01
2024-11-01,DTWEXBGS,2024-10-17,124.3466,2024-11-01,2024-11-01
2024-11-01,DTWEXBGS,2024-10-18,124.1511,2024-11-01,2024-11-01
2024-11-01,DTWEXBGS,2024-10-21,124.7004,2024-11-01,2024-11-01
2024-11-01,DTWEXBGS,2024-10-22,124.6396,2024-11-01,2024-11-01
2024-11-01,DTWEXBGS,2024-10-23,124.9181,2024-11-01,2024-11-01
2024-11-01,DTWEXBGS,2024-10-24,124.743,2024-11-01,2024-11-01
2024-11-01,DTWEXBGS,2024-10-25,124.8418,2024-11-01,2024-11-01
2024-11-01,FEDFUNDS,2024-07-01,5.33,2024-11-01,2024-11-01
2024-11-01,FEDFUNDS,2024-08-01,5.33,2024-11-01,2024-11-01
2024-11-01,FEDFUNDS,2024-09-01,5.13,2024-11-01,2024-11-01
2024-11-01,FEDFUNDS,2024-10-01,4.83,2024-11-01,2024-11-01
2024-11-01,VIXCLS,2024-07-01,12.22,2024-11-01,2024-11-01
2024-11-01,VIXCLS,2024-07-02,12.03,2024-11-01,2024-11-01
2024-11-01,VIXCLS,2024-07-03,12.09,2024-11-01,2024-11-01
2024-11-01,VIXCLS,2024-07-04,12.26,2024-11-01,2024-11-01
2024-11-01,VIXCLS,2024-07-05,12.48,2024-11-01,2024-11-01
2024-11-01,VIXCLS,2024-07-08,12.37,2024-11-01,2024-11-01
2024-11-01,VIXCLS,2024-07-09,12.51,2024-11-01,2024-11-01
2024-11-01,VIXCLS,2024-07-10,12.85,2024-11-01,2024-11-01
2024-11-01,VIXCLS,2024-07-11,12.92,2024-11-01,2024-11-01
2024-11-01,VIXCLS,2024-07-12,12.46,2024-11-01,2024-11-01
2024-11-01,VIXCLS,2024-07-15,13.12,2024-11-01,2024-11-01
2024-11-01,VIXCLS,2024-07-16,13.19,2024-11-01,2024-11-01
2024-11-01,VIXCLS,2024-07-17,14.48,2024-11-01,2024-11-01
2024-11-01,VIXCLS,2024-07-18,15.93,2024-11-01,2024-11-01
2024-11-01,VIXCLS,2024-07-19,16.52,2024-11-01,2024-11-01
2024-11-01,VIXCLS,2024-07-22,14.91,2024-11-01,2024-11-01
2024-11-01,VIXCLS,2024-07-23,14.72,2024-11-01,2024-11-01
2024-11-01,VIXCLS,2024-07-24,18.04,2024-11-01,2024-11-01
2024-11-01,VIXCLS,2024-07-25,18.46,2024-11-01,2024-11-01
2024-11-01,VIXCLS,2024-07-26,16.39,2024-11-01,2024-11-01
2024-11-01,VIXCLS,2024-07-29,16.6,2024-11-01,2024-11-01
2024-11-01,VIXCLS,2024-07-30,17.69,2024-11-01,2024-11-01
2024-11-01,VIXCLS,2024-07-31,16.36,2024-11-01,2024-11-01
2024-11-01,VIXCLS,2024-08-01,18.59,2024-11-01,2024-11-01
2024-11-01,VIXCLS,2024-08-02,23.39,2024-11-01,2024-11-01
2024-11-01,VIXCLS,2024-08-05,38.57,2024-11-01,2024-11-01
2024-11-01,VIXCLS,2024-08-06,27.71,2024-11-01,2024-11-01
2024-11-01,VIXCLS,2024-08-07,27.85,2024-11-01,2024-11-01
2024-11-01,VIXCLS,2024-08-08,23.79,2024-11-01,2024-11-01
2024-11-01,VIXCLS,2024-08-09,20.37,2024-11-01,2024-11-01
2024-11-01,VIXCLS,2024-08-12,20.71,2024-11-01,2024-11-01
2024-11-01,VIXCLS,2024-08-13,18.12,2024-11-01,2024-11-01
2024-11-01,VIXCLS,2024-08-14,16.19,2024-11-01,2024-11-01
2024-11-01,VIXCLS,2024-08-15,15.23,2024-11-01,2024-11-01
2024-11-01,VIXCLS,2024-08-16,14.8,2024-11-01,2024-11-01
2024-11-01,VIXCLS,2024-08-19,14.65,2024-11-01,2024-11-01
2024-11-01,VIXCLS,2024-08-20,15.88,2024-11-01,2024-11-01
2024-11-01,VIXCLS,2024-08-21,16.27,2024-11-01,2024-11-01
2024-11-01,VIXCLS,2024-08-22,17.55,2024-11-01,2024-11-01
2024-11-01,VIXCLS,2024-08-23,15.86,2024-11-01,2024-11-01
2024-11-01,VIXCLS,2024-08-26,16.15,2024-11-01,2024-11-01
2024-11-01,VIXCLS,2024-08-27,15.43,2024-11-01,2024-11-01
2024-11-01,VIXCLS,2024-08-28,17.11,2024-11-01,2024-11-01
2024-11-01,VIXCLS,2024-08-29,15.65,2024-11-01,2024-11-01
2024-11-01,VIXCLS,2024-08-30,15,2024-11-01,2024-11-01
2024-11-01,VIXCLS,2024-09-02,15.55,2024-11-01,2024-11-01
2024-11-01,VIXCLS,2024-09-03,20.72,2024-11-01,2024-11-01
2024-11-01,VIXCLS,2024-09-04,21.32,2024-11-01,2024-11-01
2024-11-01,VIXCLS,2024-09-05,19.9,2024-11-01,2024-11-01
2024-11-01,VIXCLS,2024-09-06,22.38,2024-11-01,2024-11-01
2024-11-01,VIXCLS,2024-09-09,19.45,2024-11-01,2024-11-01
2024-11-01,VIXCLS,2024-09-10,19.08,2024-11-01,2024-11-01
2024-11-01,VIXCLS,2024-09-11,17.69,2024-11-01,2024-11-01
2024-11-01,VIXCLS,2024-09-12,17.07,2024-11-01,2024-11-01
2024-11-01,VIXCLS,2024-09-13,16.56,2024-11-01,2024-11-01
2024-11-01,VIXCLS,2024-09-16,17.14,2024-11-01,2024-11-01
2024-11-01,VIXCLS,2024-09-17,17.61,2024-11-01,2024-11-01
2024-11-01,VIXCLS,2024-09-18,18.23,2024-11-01,2024-11-01
2024-11-01,VIXCLS,2024-09-19,16.33,2024-11-01,2024-11-01
2024-11-01,VIXCLS,2024-09-20,16.15,2024-11-01,2024-11-01
2024-11-01,VIXCLS,2024-09-23,15.89,2024-11-01,2024-11-01
2024-11-01,VIXCLS,2024-09-24,15.39,2024-11-01,2024-11-01
2024-11-01,VIXCLS,2024-09-25,15.41,2024-11-01,2024-11-01
2024-11-01,VIXCLS,2024-09-26,15.37,2024-11-01,2024-11-01
2024-11-01,VIXCLS,2024-09-27,16.96,2024-11-01,2024-11-01
2024-11-01,VIXCLS,2024-09-30,16.73,2024-11-01,2024-11-01
2024-11-01,VIXCLS,2024-10-01,19.26,2024-11-01,2024-11-01
2024-11-01,VIXCLS,2024-10-02,18.9,2024-11-01,2024-11-01
2024-11-01,VIXCLS,2024-10-03,20.49,2024-11-01,2024-11-01
2024-11-01,VIXCLS,2024-10-04,19.21,2024-11-01,2024-11-01
2024-11-01,VIXCLS,2024-10-07,22.64,2024-11-01,2024-11-01
2024-11-01,VIXCLS,2024-10-08,21.42,2024-11-01,2024-11-01
2024-11-01,VIXCLS,2024-10-09,20.86,2024-11-01,2024-11-01
2024-11-01,VIXCLS,2024-10-10,20.93,2024-11-01,2024-11-01
2024-11-01,VIXCLS,2024-10-11,20.46,2024-11-01,2024-11-01
2024-11-01,VIXCLS,2024-10-14,19.7,2024-11-01,2024-11-01
2024-11-01,VIXCLS,2024-10-15,20.64,2024-11-01,2024-11-01
2024-11-01,VIXCLS,2024-10-16,19.58,2024-11-01,2024-11-01
2024-11-01,VIXCLS,2024-10-17,19.11,2024-11-01,2024-11-01
2024-11-01,VIXCLS,2024-10-18,18.03,2024-11-01,2024-11-01
2024-11-01,VIXCLS,2024-10-21,18.37,2024-11-01,2024-11-01
2024-11-01,VIXCLS,2024-10-22,18.2,2024-11-01,2024-11-01
2024-11-01,VIXCLS,2024-10-23,19.24,2024-11-01,2024-11-01
2024-11-01,VIXCLS,2024-10-24,19.08,2024-11-01,2024-11-01
2024-11-01,VIXCLS,2024-10-25,20.33,2024-11-01,2024-11-01
2024-11-01,VIXCLS,2024-10-28,19.8,2024-11-01,2024-11-01
2024-11-01,VIXCLS,2024-10-29,19.34,2024-11-01,2024-11-01
2024-11-01,VIXCLS,2024-10-30,20.35,2024-11-01,2024-11-01
2024-11-01,VIXCLS,2024-10-31,23.16,2024-11-01,2024-11-01
2024-12-01,CCUSMA02BRM618N,2024-08-01,5.552013636,2024-12-01,2024-12-01
2024-12-01,CCUSMA02BRM618N,2024-09-01,5.540966667,2024-12-01,2024-12-01
2024-12-01,CCUSMA02CLM618N,2024-08-01,927.7602182,2024-12-01,2024-12-01
2024-12-01,CCUSMA02CLM618N,2024-09-01,925.8795476,2024-12-01,2024-12-01
2024-12-01,CCUSMA02CLM618N,2024-10-01,938.5641261,2024-12-01,2024-12-01
2024-12-01,CCUSMA02MXM618N,2024-08-01,19.07088545,2024-12-01,2024-12-01
2024-12-01,CCUSMA02MXM618N,2024-09-01,19.52721143,2024-12-01,2024-12-01
2024-12-01,CCUSMA02MXM618N,2024-10-01,19.64228217,2024-12-01,2024-12-01
2024-12-01,DTWEXBGS,2024-08-01,124.1551,2024-12-01,2024-12-01
2024-12-01,DTWEXBGS,2024-08-02,123.7169,2024-12-01,2024-12-01
2024-12-01,DTWEXBGS,2024-08-05,123.7919,2024-12-01,2024-12-01
2024-12-01,DTWEXBGS,2024-08-06,123.8794,2024-12-01,2024-12-01
2024-12-01,DTWEXBGS,2024-08-07,123.8126,2024-12-01,2024-12-01
2024-12-01,DTWEXBGS,2024-08-08,123.6961,2024-12-01,2024-12-01
2024-12-01,DTWEXBGS,2024-08-09,123.1964,2024-12-01,2024-12-01
2024-12-01,DTWEXBGS,2024-08-12,123.4942,2024-12-01,2024-12-01
2024-12-01,DTWEXBGS,2024-08-13,123.2819,2024-12-01,2024-12-01
2024-12-01,DTWEXBGS,2024-08-14,122.7057,2024-12-01,2024-12-01
2024-12-01,DTWEXBGS,2024-08-15,122.8791,2024-12-01,2024-12-01
2024-12-01,DTWEXBGS,2024-08-16,122.6944,2024-12-01,2024-12-01
2024-12-01,DTWEXBGS,2024-08-19,122.1762,2024-12-01,2024-12-01
2024-12-01,DTWEXBGS,2024-08-20,122.0677,2024-12-01,2024-12-01
2024-12-01,DTWEXBGS,2024-08-21,122.1407,2024-12-01,2024-12-01
2024-12-01,DTWEXBGS,2024-08-22,122.6371,2024-12-01,2024-12-01
2024-12-01,DTWEXBGS,2024-08-23,121.7525,2024-12-01,2024-12-01
2024-12-01,DTWEXBGS,2024-08-26,121.9678,2024-12-01,2024-12-01
2024-12-01,DTWEXBGS,2024-08-27,122.1318,2024-12-01,2024-12-01
2024-12-01,DTWEXBGS,2024-08-28,122.1586,2024-12-01,2024-12-01
2024-12-01,DTWEXBGS,2024-08-29,122.4706,2024-12-01,2024-12-01
2024-12-01,DTWEXBGS,2024-08-30,122.5582,2024-12-01,2024-12-01
2024-12-01,DTWEXBGS,2024-09-03,123.0052,2024-12-01,2024-12-01
2024-12-01,DTWEXBGS,2024-09-04,122.7434,2024-12-01,2024-12-01
2024-12-01,DTWEXBGS,2024-09-05,122.6747,2024-12-01,2024-12-01
2024-12-01,DTWEXBGS,2024-09-06,122.7145,2024-12-01,2024-12-01
2024-12-01,DTWEXBGS,2024-09-09,122.9408,2024-12-01,2024-12-01
2024-12-01,DTWEXBGS,2024-09-10,123.2266,2024-12-01,2024-12-01
2024-12-01,DTWEXBGS,2024-09-11,123.0007,2024-12-01,2024-12-01
2024-12-01,DTWEXBGS,2024-09-12,122.684,2024-12-01,2024-12-01
2024-12-01,DTWEXBGS,2024-09-13,121.9128,2024-12-01,2024-12-01
2024-12-01,DTWEXBGS,2024-09-16,121.7684,2024-12-01,2024-12-01
2024-12-01,DTWEXBGS,2024-09-17,121.8724,2024-12-01,2024-12-01
2024-12-01,DTWEXBGS,2024-09-18,121.8295,2024-12-01,2024-12-01
2024-12-01,DTWEXBGS,2024-09-19,121.5773,2024-12-01,2024-12-01
2024-12-01,DTWEXBGS,2024-09-20,121.6673,2024-12-01,2024-12-01
2024-12-01,DTWEXBGS,2024-09-23,121.687,2024-12-01,2024-12-01
2024-12-01,DTWEXBGS,2024-09-24,121.3868,2024-12-01,2024-12-01
2024-12-01,DTWEXBGS,2024-09-25,121.6868,2024-12-01,2024-12-01
2024-12-01,DTWEXBGS,2024-09-26,121.3274,2024-12-01,2024-12-01
2024-12-01,DTWEXBGS,2024-09-27,121.356,2024-12-01,2024-12-01
2024-12-01,DTWEXBGS,2024-09-30,121.5298,2024-12-01,2024-12-01
2024-12-01,DTWEXBGS,2024-10-01,121.9152,2024-12-01,2024-12-01
2024-12-01,DTWEXBGS,2024-10-02,121.8154,2024-12-01,2024-12-01
2024-12-01,DTWEXBGS,2024-10-03,122.3469,2024-12-01,2024-12-01
2024-12-01,DTWEXBGS,2024-10-04,122.4533,2024-12-01,2024-12-01
2024-12-01,DTWEXBGS,2024-10-07,122.6545,2024-12-01,2024-12-01
2024-12-01,DTWEXBGS,2024-10-08,122.9111,2024-12-01,2024-12-01
2024-12-01,DTWEXBGS,2024-10-09,123.1373,2024-12-01,2024-12-01
2024-12-01,DTWEXBGS,2024-10-10,123.3431,2024-12-01,2024-12-01
2024-12-01,DTWEXBGS,2024-10-11,123.2275,2024-12-01,2024-12-01
2024-12-01,DTWEXBGS,2024-10-15,123.773,2024-12-01,2024-12-01
2024-12-01,DTWEXBGS,2024-10-16,124.1606,2024-12-01,2024-12-01
2024-12-01,DTWEXBGS,2024-10-17,124.3466,2024-12-01,2024-12-01
2024-12-01,DTWEXBGS,2024-10-18,124.1511,2024-12-01,2024-12-01
2024-12-01,DTWEXBGS,2024-10-21,124.7004,2024-12-01,2024-12-01
2024-12-01,DTWEXBGS,2024-10-22,124.6396,2024-12-01,2024-12-01
2024-12-01,DTWEXBGS,2024-10-23,124.9181,2024-12-01,2024-12-01
2024-12-01,DTWEXBGS,2024-10-24,124.743,2024-12-01,2024-12-01
2024-12-01,DTWEXBGS,2024-10-25,124.8418,2024-12-01,2024-12-01
2024-12-01,DTWEXBGS,2024-10-28,125.0385,2024-12-01,2024-12-01
2024-12-01,DTWEXBGS,2024-10-29,125.0952,2024-12-01,2024-12-01
2024-12-01,DTWEXBGS,2024-10-30,125.0444,2024-12-01,2024-12-01
2024-12-01,DTWEXBGS,2024-10-31,125.0247,2024-12-01,2024-12-01
2024-12-01,DTWEXBGS,2024-11-01,125.0403,2024-12-01,2024-12-01
2024-12-01,DTWEXBGS,2024-11-04,124.8168,2024-12-01,2024-12-01
2024-12-01,DTWEXBGS,2024-11-05,124.7803,2024-12-01,2024-12-01
2024-12-01,DTWEXBGS,2024-11-06,125.9311,2024-12-01,2024-12-01
2024-12-01,DTWEXBGS,2024-11-07,125.016,2024-12-01,2024-12-01
2024-12-01,DTWEXBGS,2024-11-08,125.8066,2024-12-01,2024-12-01
2024-12-01,DTWEXBGS,2024-11-12,126.987,2024-12-01,2024-12-01
2024-12-01,DTWEXBGS,2024-11-13,127.1591,2024-12-01,2024-12-01
2024-12-01,DTWEXBGS,2024-11-14,127.2123,2024-12-01,2024-12-01
2024-12-01,DTWEXBGS,2024-11-15,127.1021,2024-12-01,2024-12-01
2024-12-01,DTWEXBGS,2024-11-18,126.8336,2024-12-01,2024-12-01
2024-12-01,DTWEXBGS,2024-11-19,126.6361,2024-12-01,2024-12-01
2024-12-01,DTWEXBGS,2024-11-20,127.1023,2024-12-01,2024-12-01
2024-12-01,DTWEXBGS,2024-11-21,127.3063,2024-12-01,2024-12-01
2024-12-01,DTWEXBGS,2024-11-22,127.6683,2024-12-01,2024-12-01
2024-12-01,FEDFUNDS,2024-08-01,5.33,2024-12-01,2024-12-01
2024-12-01,FEDFUNDS,2024-09-01,5.13,2024-12-01,2024-12-01
2024-12-01,FEDFUNDS,2024-10-01,4.83,2024-12-01,2024-12-01
2024-12-01,VIXCLS,2024-08-01,18.59,2024-12-01,2024-12-01
2024-12-01,VIXCLS,2024-08-02,23.39,2024-12-01,2024-12-01
2024-12-01,VIXCLS,2024-08-05,38.57,2024-12-01,2024-12-01
2024-12-01,VIXCLS,2024-08-06,27.71,2024-12-01,2024-12-01
2024-12-01,VIXCLS,2024-08-07,27.85,2024-12-01,2024-12-01
2024-12-01,VIXCLS,2024-08-08,23.79,2024-12-01,2024-12-01
2024-12-01,VIXCLS,2024-08-09,20.37,2024-12-01,2024-12-01
2024-12-01,VIXCLS,2024-08-12,20.71,2024-12-01,2024-12-01
2024-12-01,VIXCLS,2024-08-13,18.12,2024-12-01,2024-12-01
2024-12-01,VIXCLS,2024-08-14,16.19,2024-12-01,2024-12-01
2024-12-01,VIXCLS,2024-08-15,15.23,2024-12-01,2024-12-01
2024-12-01,VIXCLS,2024-08-16,14.8,2024-12-01,2024-12-01
2024-12-01,VIXCLS,2024-08-19,14.65,2024-12-01,2024-12-01
2024-12-01,VIXCLS,2024-08-20,15.88,2024-12-01,2024-12-01
2024-12-01,VIXCLS,2024-08-21,16.27,2024-12-01,2024-12-01
2024-12-01,VIXCLS,2024-08-22,17.55,2024-12-01,2024-12-01
2024-12-01,VIXCLS,2024-08-23,15.86,2024-12-01,2024-12-01
2024-12-01,VIXCLS,2024-08-26,16.15,2024-12-01,2024-12-01
2024-12-01,VIXCLS,2024-08-27,15.43,2024-12-01,2024-12-01
2024-12-01,VIXCLS,2024-08-28,17.11,2024-12-01,2024-12-01
2024-12-01,VIXCLS,2024-08-29,15.65,2024-12-01,2024-12-01
2024-12-01,VIXCLS,2024-08-30,15,2024-12-01,2024-12-01
2024-12-01,VIXCLS,2024-09-02,15.55,2024-12-01,2024-12-01
2024-12-01,VIXCLS,2024-09-03,20.72,2024-12-01,2024-12-01
2024-12-01,VIXCLS,2024-09-04,21.32,2024-12-01,2024-12-01
2024-12-01,VIXCLS,2024-09-05,19.9,2024-12-01,2024-12-01
2024-12-01,VIXCLS,2024-09-06,22.38,2024-12-01,2024-12-01
2024-12-01,VIXCLS,2024-09-09,19.45,2024-12-01,2024-12-01
2024-12-01,VIXCLS,2024-09-10,19.08,2024-12-01,2024-12-01
2024-12-01,VIXCLS,2024-09-11,17.69,2024-12-01,2024-12-01
2024-12-01,VIXCLS,2024-09-12,17.07,2024-12-01,2024-12-01
2024-12-01,VIXCLS,2024-09-13,16.56,2024-12-01,2024-12-01
2024-12-01,VIXCLS,2024-09-16,17.14,2024-12-01,2024-12-01
2024-12-01,VIXCLS,2024-09-17,17.61,2024-12-01,2024-12-01
2024-12-01,VIXCLS,2024-09-18,18.23,2024-12-01,2024-12-01
2024-12-01,VIXCLS,2024-09-19,16.33,2024-12-01,2024-12-01
2024-12-01,VIXCLS,2024-09-20,16.15,2024-12-01,2024-12-01
2024-12-01,VIXCLS,2024-09-23,15.89,2024-12-01,2024-12-01
2024-12-01,VIXCLS,2024-09-24,15.39,2024-12-01,2024-12-01
2024-12-01,VIXCLS,2024-09-25,15.41,2024-12-01,2024-12-01
2024-12-01,VIXCLS,2024-09-26,15.37,2024-12-01,2024-12-01
2024-12-01,VIXCLS,2024-09-27,16.96,2024-12-01,2024-12-01
2024-12-01,VIXCLS,2024-09-30,16.73,2024-12-01,2024-12-01
2024-12-01,VIXCLS,2024-10-01,19.26,2024-12-01,2024-12-01
2024-12-01,VIXCLS,2024-10-02,18.9,2024-12-01,2024-12-01
2024-12-01,VIXCLS,2024-10-03,20.49,2024-12-01,2024-12-01
2024-12-01,VIXCLS,2024-10-04,19.21,2024-12-01,2024-12-01
2024-12-01,VIXCLS,2024-10-07,22.64,2024-12-01,2024-12-01
2024-12-01,VIXCLS,2024-10-08,21.42,2024-12-01,2024-12-01
2024-12-01,VIXCLS,2024-10-09,20.86,2024-12-01,2024-12-01
2024-12-01,VIXCLS,2024-10-10,20.93,2024-12-01,2024-12-01
2024-12-01,VIXCLS,2024-10-11,20.46,2024-12-01,2024-12-01
2024-12-01,VIXCLS,2024-10-14,19.7,2024-12-01,2024-12-01
2024-12-01,VIXCLS,2024-10-15,20.64,2024-12-01,2024-12-01
2024-12-01,VIXCLS,2024-10-16,19.58,2024-12-01,2024-12-01
2024-12-01,VIXCLS,2024-10-17,19.11,2024-12-01,2024-12-01
2024-12-01,VIXCLS,2024-10-18,18.03,2024-12-01,2024-12-01
2024-12-01,VIXCLS,2024-10-21,18.37,2024-12-01,2024-12-01
2024-12-01,VIXCLS,2024-10-22,18.2,2024-12-01,2024-12-01
2024-12-01,VIXCLS,2024-10-23,19.24,2024-12-01,2024-12-01
2024-12-01,VIXCLS,2024-10-24,19.08,2024-12-01,2024-12-01
2024-12-01,VIXCLS,2024-10-25,20.33,2024-12-01,2024-12-01
2024-12-01,VIXCLS,2024-10-28,19.8,2024-12-01,2024-12-01
2024-12-01,VIXCLS,2024-10-29,19.34,2024-12-01,2024-12-01
2024-12-01,VIXCLS,2024-10-30,20.35,2024-12-01,2024-12-01
2024-12-01,VIXCLS,2024-10-31,23.16,2024-12-01,2024-12-01
2024-12-01,VIXCLS,2024-11-01,21.88,2024-12-01,2024-12-01
2024-12-01,VIXCLS,2024-11-04,21.98,2024-12-01,2024-12-01
2024-12-01,VIXCLS,2024-11-05,20.49,2024-12-01,2024-12-01
2024-12-01,VIXCLS,2024-11-06,16.27,2024-12-01,2024-12-01
2024-12-01,VIXCLS,2024-11-07,15.2,2024-12-01,2024-12-01
2024-12-01,VIXCLS,2024-11-08,14.94,2024-12-01,2024-12-01
2024-12-01,VIXCLS,2024-11-11,14.97,2024-12-01,2024-12-01
2024-12-01,VIXCLS,2024-11-12,14.71,2024-12-01,2024-12-01
2024-12-01,VIXCLS,2024-11-13,14.02,2024-12-01,2024-12-01
2024-12-01,VIXCLS,2024-11-14,14.31,2024-12-01,2024-12-01
2024-12-01,VIXCLS,2024-11-15,16.14,2024-12-01,2024-12-01
2024-12-01,VIXCLS,2024-11-18,15.58,2024-12-01,2024-12-01
2024-12-01,VIXCLS,2024-11-19,16.35,2024-12-01,2024-12-01
2024-12-01,VIXCLS,2024-11-20,17.16,2024-12-01,2024-12-01
2024-12-01,VIXCLS,2024-11-21,16.87,2024-12-01,2024-12-01
2024-12-01,VIXCLS,2024-11-22,15.24,2024-12-01,2024-12-01
2024-12-01,VIXCLS,2024-11-25,14.6,2024-12-01,2024-12-01
2024-12-01,VIXCLS,2024-11-26,14.1,2024-12-01,2024-12-01
2024-12-01,VIXCLS,2024-11-27,14.1,2024-12-01,2024-12-01
2024-12-01,VIXCLS,2024-11-28,13.9,2024-12-01,2024-12-01
2024-12-01,VIXCLS,2024-11-29,13.51,2024-12-01,2024-12-01
2025-01-01,CCUSMA02BRM618N,2024-09-01,5.540966667,2025-01-01,2025-01-01
2025-01-01,CCUSMA02BRM618N,2024-10-01,5.623508696,2025-01-01,2025-01-01
2025-01-01,CCUSMA02CLM618N,2024-09-01,925.8795476,2025-01-01,2025-01-01
2025-01-01,CCUSMA02CLM618N,2024-10-01,938.5641261,2025-01-01,2025-01-01
2025-01-01,CCUSMA02CLM618N,2024-11-01,971.6471381,2025-01-01,2025-01-01
2025-01-01,CCUSMA02MXM618N,2024-09-01,19.52721143,2025-01-01,2025-01-01
2025-01-01,CCUSMA02MXM618N,2024-10-01,19.64228217,2025-01-01,2025-01-01
2025-01-01,CCUSMA02MXM618N,2024-11-01,20.25711857,2025-01-01,2025-01-01
2025-01-01,DTWEXBGS,2024-09-03,123.0052,2025-01-01,2025-01-01
2025-01-01,DTWEXBGS,2024-09-04,122.7434,2025-01-01,2025-01-01
2025-01-01,DTWEXBGS,2024-09-05,122.6747,2025-01-01,2025-01-01
2025-01-01,DTWEXBGS,2024-09-06,122.7145,2025-01-01,2025-01-01
2025-01-01,DTWEXBGS,2024-09-09,122.9408,2025-01-01,2025-01-01
2025-01-01,DTWEXBGS,2024-09-10,123.2266,2025-01-01,2025-01-01
2025-01-01,DTWEXBGS,2024-09-11,123.0007,2025-01-01,2025-01-01
2025-01-01,DTWEXBGS,2024-09-12,122.684,2025-01-01,2025-01-01
2025-01-01,DTWEXBGS,2024-09-13,121.9128,2025-01-01,2025-01-01
2025-01-01,DTWEXBGS,2024-09-16,121.7684,2025-01-01,2025-01-01
2025-01-01,DTWEXBGS,2024-09-17,121.8724,2025-01-01,2025-01-01
2025-01-01,DTWEXBGS,2024-09-18,121.8295,2025-01-01,2025-01-01
2025-01-01,DTWEXBGS,2024-09-19,121.5773,2025-01-01,2025-01-01
2025-01-01,DTWEXBGS,2024-09-20,121.6673,2025-01-01,2025-01-01
2025-01-01,DTWEXBGS,2024-09-23,121.687,2025-01-01,2025-01-01
2025-01-01,DTWEXBGS,2024-09-24,121.3868,2025-01-01,2025-01-01
2025-01-01,DTWEXBGS,2024-09-25,121.6868,2025-01-01,2025-01-01
2025-01-01,DTWEXBGS,2024-09-26,121.3274,2025-01-01,2025-01-01
2025-01-01,DTWEXBGS,2024-09-27,121.356,2025-01-01,2025-01-01
2025-01-01,DTWEXBGS,2024-09-30,121.5298,2025-01-01,2025-01-01
2025-01-01,DTWEXBGS,2024-10-01,121.9152,2025-01-01,2025-01-01
2025-01-01,DTWEXBGS,2024-10-02,121.8154,2025-01-01,2025-01-01
2025-01-01,DTWEXBGS,2024-10-03,122.3469,2025-01-01,2025-01-01
2025-01-01,DTWEXBGS,2024-10-04,122.4533,2025-01-01,2025-01-01
2025-01-01,DTWEXBGS,2024-10-07,122.6545,2025-01-01,2025-01-01
2025-01-01,DTWEXBGS,2024-10-08,122.9111,2025-01-01,2025-01-01
2025-01-01,DTWEXBGS,2024-10-09,123.1373,2025-01-01,2025-01-01
2025-01-01,DTWEXBGS,2024-10-10,123.3431,2025-01-01,2025-01-01
2025-01-01,DTWEXBGS,2024-10-11,123.2275,2025-01-01,2025-01-01
2025-01-01,DTWEXBGS,2024-10-15,123.773,2025-01-01,2025-01-01
2025-01-01,DTWEXBGS,2024-10-16,124.1606,2025-01-01,2025-01-01
2025-01-01,DTWEXBGS,2024-10-17,124.3466,2025-01-01,2025-01-01
2025-01-01,DTWEXBGS,2024-10-18,124.1511,2025-01-01,2025-01-01
2025-01-01,DTWEXBGS,2024-10-21,124.7004,2025-01-01,2025-01-01
2025-01-01,DTWEXBGS,2024-10-22,124.6396,2025-01-01,2025-01-01
2025-01-01,DTWEXBGS,2024-10-23,124.9181,2025-01-01,2025-01-01
2025-01-01,DTWEXBGS,2024-10-24,124.743,2025-01-01,2025-01-01
2025-01-01,DTWEXBGS,2024-10-25,124.8418,2025-01-01,2025-01-01
2025-01-01,DTWEXBGS,2024-10-28,125.0385,2025-01-01,2025-01-01
2025-01-01,DTWEXBGS,2024-10-29,125.0952,2025-01-01,2025-01-01
2025-01-01,DTWEXBGS,2024-10-30,125.0444,2025-01-01,2025-01-01
2025-01-01,DTWEXBGS,2024-10-31,125.0247,2025-01-01,2025-01-01
2025-01-01,DTWEXBGS,2024-11-01,125.0403,2025-01-01,2025-01-01
2025-01-01,DTWEXBGS,2024-11-04,124.8168,2025-01-01,2025-01-01
2025-01-01,DTWEXBGS,2024-11-05,124.7803,2025-01-01,2025-01-01
2025-01-01,DTWEXBGS,2024-11-06,125.9311,2025-01-01,2025-01-01
2025-01-01,DTWEXBGS,2024-11-07,125.016,2025-01-01,2025-01-01
2025-01-01,DTWEXBGS,2024-11-08,125.8066,2025-01-01,2025-01-01
2025-01-01,DTWEXBGS,2024-11-12,126.987,2025-01-01,2025-01-01
2025-01-01,DTWEXBGS,2024-11-13,127.1591,2025-01-01,2025-01-01
2025-01-01,DTWEXBGS,2024-11-14,127.2123,2025-01-01,2025-01-01
2025-01-01,DTWEXBGS,2024-11-15,127.1021,2025-01-01,2025-01-01
2025-01-01,DTWEXBGS,2024-11-18,126.8336,2025-01-01,2025-01-01
2025-01-01,DTWEXBGS,2024-11-19,126.6361,2025-01-01,2025-01-01
2025-01-01,DTWEXBGS,2024-11-20,127.1023,2025-01-01,2025-01-01
2025-01-01,DTWEXBGS,2024-11-21,127.3063,2025-01-01,2025-01-01
2025-01-01,DTWEXBGS,2024-11-22,127.6683,2025-01-01,2025-01-01
2025-01-01,DTWEXBGS,2024-11-25,127.211,2025-01-01,2025-01-01
2025-01-01,DTWEXBGS,2024-11-26,127.6435,2025-01-01,2025-01-01
2025-01-01,DTWEXBGS,2024-11-27,127.0601,2025-01-01,2025-01-01
2025-01-01,DTWEXBGS,2024-11-29,126.8114,2025-01-01,2025-01-01
2025-01-01,DTWEXBGS,2024-12-02,127.3499,2025-01-01,2025-01-01
2025-01-01,DTWEXBGS,2024-12-03,127.1983,2025-01-01,2025-01-01
2025-01-01,DTWEXBGS,2024-12-04,126.9956,2025-01-01,2025-01-01
2025-01-01,DTWEXBGS,2024-12-05,126.6638,2025-01-01,2025-01-01
2025-01-01,DTWEXBGS,2024-12-06,126.9271,2025-01-01,2025-01-01
2025-01-01,DTWEXBGS,2024-12-09,126.8394,2025-01-01,2025-01-01
2025-01-01,DTWEXBGS,2024-12-10,127.1884,2025-01-01,2025-01-01
2025-01-01,DTWEXBGS,2024-12-11,127.095,2025-01-01,2025-01-01
2025-01-01,DTWEXBGS,2024-12-12,127.2039,2025-01-01,2025-01-01
2025-01-01,DTWEXBGS,2024-12-13,127.5569,2025-01-01,2025-01-01
2025-01-01,DTWEXBGS,2024-12-16,127.5235,2025-01-01,2025-01-01
2025-01-01,DTWEXBGS,2024-12-17,127.7565,2025-01-01,2025-01-01
2025-01-01,DTWEXBGS,2024-12-18,127.8936,2025-01-01,2025-01-01
2025-01-01,DTWEXBGS,2024-12-19,128.8598,2025-01-01,2025-01-01
2025-01-01,DTWEXBGS,2024-12-20,128.1411,2025-01-01,2025-01-01
2025-01-01,DTWEXBGS,2024-12-23,128.5356,2025-01-01,2025-01-01
2025-01-01,DTWEXBGS,2024-12-24,128.5651,2025-01-01,2025-01-01
2025-01-01,DTWEXBGS,2024-12-26,128.5679,2025-01-01,2025-01-01
2025-01-01,DTWEXBGS,2024-12-27,128.6972,2025-01-01,2025-01-01
2025-01-01,FEDFUNDS,2024-09-01,5.13,2025-01-01,2025-01-01
2025-01-01,FEDFUNDS,2024-10-01,4.83,2025-01-01,2025-01-01
2025-01-01,FEDFUNDS,2024-11-01,4.64,2025-01-01,2025-01-01
2025-01-01,VIXCLS,2024-09-02,15.55,2025-01-01,2025-01-01
2025-01-01,VIXCLS,2024-09-03,20.72,2025-01-01,2025-01-01
2025-01-01,VIXCLS,2024-09-04,21.32,2025-01-01,2025-01-01
2025-01-01,VIXCLS,2024-09-05,19.9,2025-01-01,2025-01-01
2025-01-01,VIXCLS,2024-09-06,22.38,2025-01-01,2025-01-01
2025-01-01,VIXCLS,2024-09-09,19.45,2025-01-01,2025-01-01
2025-01-01,VIXCLS,2024-09-10,19.08,2025-01-01,2025-01-01
2025-01-01,VIXCLS,2024-09-11,17.69,2025-01-01,2025-01-01
2025-01-01,VIXCLS,2024-09-12,17.07,2025-01-01,2025-01-01
2025-01-01,VIXCLS,2024-09-13,16.56,2025-01-01,2025-01-01
2025-01-01,VIXCLS,2024-09-16,17.14,2025-01-01,2025-01-01
2025-01-01,VIXCLS,2024-09-17,17.61,2025-01-01,2025-01-01
2025-01-01,VIXCLS,2024-09-18,18.23,2025-01-01,2025-01-01
2025-01-01,VIXCLS,2024-09-19,16.33,2025-01-01,2025-01-01
2025-01-01,VIXCLS,2024-09-20,16.15,2025-01-01,2025-01-01
2025-01-01,VIXCLS,2024-09-23,15.89,2025-01-01,2025-01-01
2025-01-01,VIXCLS,2024-09-24,15.39,2025-01-01,2025-01-01
2025-01-01,VIXCLS,2024-09-25,15.41,2025-01-01,2025-01-01
2025-01-01,VIXCLS,2024-09-26,15.37,2025-01-01,2025-01-01
2025-01-01,VIXCLS,2024-09-27,16.96,2025-01-01,2025-01-01
2025-01-01,VIXCLS,2024-09-30,16.73,2025-01-01,2025-01-01
2025-01-01,VIXCLS,2024-10-01,19.26,2025-01-01,2025-01-01
2025-01-01,VIXCLS,2024-10-02,18.9,2025-01-01,2025-01-01
2025-01-01,VIXCLS,2024-10-03,20.49,2025-01-01,2025-01-01
2025-01-01,VIXCLS,2024-10-04,19.21,2025-01-01,2025-01-01
2025-01-01,VIXCLS,2024-10-07,22.64,2025-01-01,2025-01-01
2025-01-01,VIXCLS,2024-10-08,21.42,2025-01-01,2025-01-01
2025-01-01,VIXCLS,2024-10-09,20.86,2025-01-01,2025-01-01
2025-01-01,VIXCLS,2024-10-10,20.93,2025-01-01,2025-01-01
2025-01-01,VIXCLS,2024-10-11,20.46,2025-01-01,2025-01-01
2025-01-01,VIXCLS,2024-10-14,19.7,2025-01-01,2025-01-01
2025-01-01,VIXCLS,2024-10-15,20.64,2025-01-01,2025-01-01
2025-01-01,VIXCLS,2024-10-16,19.58,2025-01-01,2025-01-01
2025-01-01,VIXCLS,2024-10-17,19.11,2025-01-01,2025-01-01
2025-01-01,VIXCLS,2024-10-18,18.03,2025-01-01,2025-01-01
2025-01-01,VIXCLS,2024-10-21,18.37,2025-01-01,2025-01-01
2025-01-01,VIXCLS,2024-10-22,18.2,2025-01-01,2025-01-01
2025-01-01,VIXCLS,2024-10-23,19.24,2025-01-01,2025-01-01
2025-01-01,VIXCLS,2024-10-24,19.08,2025-01-01,2025-01-01
2025-01-01,VIXCLS,2024-10-25,20.33,2025-01-01,2025-01-01
2025-01-01,VIXCLS,2024-10-28,19.8,2025-01-01,2025-01-01
2025-01-01,VIXCLS,2024-10-29,19.34,2025-01-01,2025-01-01
2025-01-01,VIXCLS,2024-10-30,20.35,2025-01-01,2025-01-01
2025-01-01,VIXCLS,2024-10-31,23.16,2025-01-01,2025-01-01
2025-01-01,VIXCLS,2024-11-01,21.88,2025-01-01,2025-01-01
2025-01-01,VIXCLS,2024-11-04,21.98,2025-01-01,2025-01-01
2025-01-01,VIXCLS,2024-11-05,20.49,2025-01-01,2025-01-01
2025-01-01,VIXCLS,2024-11-06,16.27,2025-01-01,2025-01-01
2025-01-01,VIXCLS,2024-11-07,15.2,2025-01-01,2025-01-01
2025-01-01,VIXCLS,2024-11-08,14.94,2025-01-01,2025-01-01
2025-01-01,VIXCLS,2024-11-11,14.97,2025-01-01,2025-01-01
2025-01-01,VIXCLS,2024-11-12,14.71,2025-01-01,2025-01-01
2025-01-01,VIXCLS,2024-11-13,14.02,2025-01-01,2025-01-01
2025-01-01,VIXCLS,2024-11-14,14.31,2025-01-01,2025-01-01
2025-01-01,VIXCLS,2024-11-15,16.14,2025-01-01,2025-01-01
2025-01-01,VIXCLS,2024-11-18,15.58,2025-01-01,2025-01-01
2025-01-01,VIXCLS,2024-11-19,16.35,2025-01-01,2025-01-01
2025-01-01,VIXCLS,2024-11-20,17.16,2025-01-01,2025-01-01
2025-01-01,VIXCLS,2024-11-21,16.87,2025-01-01,2025-01-01
2025-01-01,VIXCLS,2024-11-22,15.24,2025-01-01,2025-01-01
2025-01-01,VIXCLS,2024-11-25,14.6,2025-01-01,2025-01-01
2025-01-01,VIXCLS,2024-11-26,14.1,2025-01-01,2025-01-01
2025-01-01,VIXCLS,2024-11-27,14.1,2025-01-01,2025-01-01
2025-01-01,VIXCLS,2024-11-28,13.9,2025-01-01,2025-01-01
2025-01-01,VIXCLS,2024-11-29,13.51,2025-01-01,2025-01-01
2025-01-01,VIXCLS,2024-12-02,13.34,2025-01-01,2025-01-01
2025-01-01,VIXCLS,2024-12-03,13.3,2025-01-01,2025-01-01
2025-01-01,VIXCLS,2024-12-04,13.45,2025-01-01,2025-01-01
2025-01-01,VIXCLS,2024-12-05,13.54,2025-01-01,2025-01-01
2025-01-01,VIXCLS,2024-12-06,12.77,2025-01-01,2025-01-01
2025-01-01,VIXCLS,2024-12-09,14.19,2025-01-01,2025-01-01
2025-01-01,VIXCLS,2024-12-10,14.18,2025-01-01,2025-01-01
2025-01-01,VIXCLS,2024-12-11,13.58,2025-01-01,2025-01-01
2025-01-01,VIXCLS,2024-12-12,13.92,2025-01-01,2025-01-01
2025-01-01,VIXCLS,2024-12-13,13.81,2025-01-01,2025-01-01
2025-01-01,VIXCLS,2024-12-16,14.69,2025-01-01,2025-01-01
2025-01-01,VIXCLS,2024-12-17,15.87,2025-01-01,2025-01-01
2025-01-01,VIXCLS,2024-12-18,27.62,2025-01-01,2025-01-01
2025-01-01,VIXCLS,2024-12-19,24.09,2025-01-01,2025-01-01
2025-01-01,VIXCLS,2024-12-20,18.36,2025-01-01,2025-01-01
2025-01-01,VIXCLS,2024-12-23,16.78,2025-01-01,2025-01-01
2025-01-01,VIXCLS,2024-12-24,14.27,2025-01-01,2025-01-01
2025-01-01,VIXCLS,2024-12-26,14.73,2025-01-01,2025-01-01
2025-01-01,VIXCLS,2024-12-27,15.95,2025-01-01,2025-01-01
2025-01-01,VIXCLS,2024-12-30,17.4,2025-01-01,2025-01-01
2025-01-01,VIXCLS,2024-12-31,17.35,2025-01-01,2025-01-01
2025-02-01,CCUSMA02BRM618N,2024-10-01,5.623508696,2025-02-01,2025-02-01
2025-02-01,CCUSMA02BRM618N,2024-11-01,5.806457895,2025-02-01,2025-02-01
2025-02-01,CCUSMA02CLM618N,2024-10-01,938.5641261,2025-02-01,2025-02-01
2025-02-01,CCUSMA02CLM618N,2024-11-01,971.6471381,2025-02-01,2025-02-01
2025-02-01,CCUSMA02CLM618N,2024-12-01,984.5883773,2025-02-01,2025-02-01
2025-02-01,CCUSMA02MXM618N,2024-10-01,19.64228217,2025-02-01,2025-02-01
2025-02-01,CCUSMA02MXM618N,2024-11-01,20.25711857,2025-02-01,2025-02-01
2025-02-01,CCUSMA02MXM618N,2024-12-01,20.20261636,2025-02-01,2025-02-01
2025-02-01,DTWEXBGS,2024-10-01,121.9152,2025-02-01,2025-02-01
2025-02-01,DTWEXBGS,2024-10-02,121.8154,2025-02-01,2025-02-01
2025-02-01,DTWEXBGS,2024-10-03,122.3469,2025-02-01,2025-02-01
2025-02-01,DTWEXBGS,2024-10-04,122.4533,2025-02-01,2025-02-01
2025-02-01,DTWEXBGS,2024-10-07,122.6545,2025-02-01,2025-02-01
2025-02-01,DTWEXBGS,2024-10-08,122.9111,2025-02-01,2025-02-01
2025-02-01,DTWEXBGS,2024-10-09,123.1373,2025-02-01,2025-02-01
2025-02-01,DTWEXBGS,2024-10-10,123.3431,2025-02-01,2025-02-01
2025-02-01,DTWEXBGS,2024-10-11,123.2275,2025-02-01,2025-02-01
2025-02-01,DTWEXBGS,2024-10-15,123.773,2025-02-01,2025-02-01
2025-02-01,DTWEXBGS,2024-10-16,124.1606,2025-02-01,2025-02-01
2025-02-01,DTWEXBGS,2024-10-17,124.3466,2025-02-01,2025-02-01
2025-02-01,DTWEXBGS,2024-10-18,124.1511,2025-02-01,2025-02-01
2025-02-01,DTWEXBGS,2024-10-21,124.7004,2025-02-01,2025-02-01
2025-02-01,DTWEXBGS,2024-10-22,124.6396,2025-02-01,2025-02-01
2025-02-01,DTWEXBGS,2024-10-23,124.9181,2025-02-01,2025-02-01
2025-02-01,DTWEXBGS,2024-10-24,124.743,2025-02-01,2025-02-01
2025-02-01,DTWEXBGS,2024-10-25,124.8418,2025-02-01,2025-02-01
2025-02-01,DTWEXBGS,2024-10-28,125.0385,2025-02-01,2025-02-01
2025-02-01,DTWEXBGS,2024-10-29,125.0952,2025-02-01,2025-02-01
2025-02-01,DTWEXBGS,2024-10-30,125.0444,2025-02-01,2025-02-01
2025-02-01,DTWEXBGS,2024-10-31,125.0247,2025-02-01,2025-02-01
2025-02-01,DTWEXBGS,2024-11-01,125.0403,2025-02-01,2025-02-01
2025-02-01,DTWEXBGS,2024-11-04,124.8168,2025-02-01,2025-02-01
2025-02-01,DTWEXBGS,2024-11-05,124.7803,2025-02-01,2025-02-01
2025-02-01,DTWEXBGS,2024-11-06,125.9311,2025-02-01,2025-02-01
2025-02-01,DTWEXBGS,2024-11-07,125.016,2025-02-01,2025-02-01
2025-02-01,DTWEXBGS,2024-11-08,125.8066,2025-02-01,2025-02-01
2025-02-01,DTWEXBGS,2024-11-12,126.987,2025-02-01,2025-02-01
2025-02-01,DTWEXBGS,2024-11-13,127.1591,2025-02-01,2025-02-01
2025-02-01,DTWEXBGS,2024-11-14,127.2123,2025-02-01,2025-02-01
2025-02-01,DTWEXBGS,2024-11-15,127.1021,2025-02-01,2025-02-01
2025-02-01,DTWEXBGS,2024-11-18,126.8336,2025-02-01,2025-02-01
2025-02-01,DTWEXBGS,2024-11-19,126.6361,2025-02-01,2025-02-01
2025-02-01,DTWEXBGS,2024-11-20,127.1023,2025-02-01,2025-02-01
2025-02-01,DTWEXBGS,2024-11-21,127.3063,2025-02-01,2025-02-01
2025-02-01,DTWEXBGS,2024-11-22,127.6683,2025-02-01,2025-02-01
2025-02-01,DTWEXBGS,2024-11-25,127.211,2025-02-01,2025-02-01
2025-02-01,DTWEXBGS,2024-11-26,127.6435,2025-02-01,2025-02-01
2025-02-01,DTWEXBGS,2024-11-27,127.0601,2025-02-01,2025-02-01
2025-02-01,DTWEXBGS,2024-11-29,126.8114,2025-02-01,2025-02-01
2025-02-01,DTWEXBGS,2024-12-02,127.3499,2025-02-01,2025-02-01
2025-02-01,DTWEXBGS,2024-12-03,127.1983,2025-02-01,2025-02-01
2025-02-01,DTWEXBGS,2024-12-04,126.9956,2025-02-01,2025-02-01
2025-02-01,DTWEXBGS,2024-12-05,126.6638,2025-02-01,2025-02-01
2025-02-01,DTWEXBGS,2024-12-06,126.9271,2025-02-01,2025-02-01
2025-02-01,DTWEXBGS,2024-12-09,126.8394,2025-02-01,2025-02-01
2025-02-01,DTWEXBGS,2024-12-10,127.1884,2025-02-01,2025-02-01
2025-02-01,DTWEXBGS,2024-12-11,127.095,2025-02-01,2025-02-01
2025-02-01,DTWEXBGS,2024-12-12,127.2039,2025-02-01,2025-02-01
2025-02-01,DTWEXBGS,2024-12-13,127.5569,2025-02-01,2025-02-01
2025-02-01,DTWEXBGS,2024-12-16,127.5235,2025-02-01,2025-02-01
2025-02-01,DTWEXBGS,2024-12-17,127.7565,2025-02-01,2025-02-01
2025-02-01,DTWEXBGS,2024-12-18,127.8936,2025-02-01,2025-02-01
2025-02-01,DTWEXBGS,2024-12-19,128.8598,2025-02-01,2025-02-01
2025-02-01,DTWEXBGS,2024-12-20,128.1411,2025-02-01,2025-02-01
2025-02-01,DTWEXBGS,2024-12-23,128.5356,2025-02-01,2025-02-01
2025-02-01,DTWEXBGS,2024-12-24,128.5651,2025-02-01,2025-02-01
2025-02-01,DTWEXBGS,2024-12-26,128.5679,2025-02-01,2025-02-01
2025-02-01,DTWEXBGS,2024-12-27,128.6972,2025-02-01,2025-02-01
2025-02-01,DTWEXBGS,2024-12-30,129.0474,2025-02-01,2025-02-01
2025-02-01,DTWEXBGS,2024-12-31,129.488,2025-02-01,2025-02-01
2025-02-01,DTWEXBGS,2025-01-02,129.6666,2025-02-01,2025-02-01
2025-02-01,DTWEXBGS,2025-01-03,129.6721,2025-02-01,2025-02-01
2025-02-01,DTWEXBGS,2025-01-06,128.7878,2025-02-01,2025-02-01
2025-02-01,DTWEXBGS,2025-01-07,128.8574,2025-02-01,2025-02-01
2025-02-01,DTWEXBGS,2025-01-08,129.3038,2025-02-01,2025-02-01
2025-02-01,DTWEXBGS,2025-01-09,129.4927,2025-02-01,2025-02-01
2025-02-01,DTWEXBGS,2025-01-10,130.0513,2025-02-01,2025-02-01
2025-02-01,DTWEXBGS,2025-01-13,130.2142,2025-02-01,2025-02-01
2025-02-01,DTWEXBGS,2025-01-14,129.5812,2025-02-01,2025-02-01
2025-02-01,DTWEXBGS,2025-01-15,129.4107,2025-02-01,2025-02-01
2025-02-01,DTWEXBGS,2025-01-16,129.6284,2025-02-01,2025-02-01
2025-02-01,DTWEXBGS,2025-01-17,129.6771,2025-02-01,2025-02-01
2025-02-01,DTWEXBGS,2025-01-21,128.61,2025-02-01,2025-02-01
2025-02-01,DTWEXBGS,2025-01-22,128.5428,2025-02-01,2025-02-01
2025-02-01,DTWEXBGS,2025-01-23,128.4336,2025-02-01,2025-02-01
2025-02-01,DTWEXBGS,2025-01-24,127.6833,2025-02-01,2025-02-01
2025-02-01,FEDFUNDS,2024-10-01,4.83,2025-02-01,2025-02-01
2025-02-01,FEDFUNDS,2024-11-01,4.64,2025-02-01,2025-02-01
2025-02-01,FEDFUNDS,2024-12-01,4.48,2025-02-01,2025-02-01
2025-02-01,VIXCLS,2024-10-01,19.26,2025-02-01,2025-02-01
2025-02-01,VIXCLS,2024-10-02,18.9,2025-02-01,2025-02-01
2025-02-01,VIXCLS,2024-10-03,20.49,2025-02-01,2025-02-01
2025-02-01,VIXCLS,2024-10-04,19.21,2025-02-01,2025-02-01
2025-02-01,VIXCLS,2024-10-07,22.64,2025-02-01,2025-02-01
2025-02-01,VIXCLS,2024-10-08,21.42,2025-02-01,2025-02-01
2025-02-01,VIXCLS,2024-10-09,20.86,2025-02-01,2025-02-01
2025-02-01,VIXCLS,2024-10-10,20.93,2025-02-01,2025-02-01
2025-02-01,VIXCLS,2024-10-11,20.46,2025-02-01,2025-02-01
2025-02-01,VIXCLS,2024-10-14,19.7,2025-02-01,2025-02-01
2025-02-01,VIXCLS,2024-10-15,20.64,2025-02-01,2025-02-01
2025-02-01,VIXCLS,2024-10-16,19.58,2025-02-01,2025-02-01
2025-02-01,VIXCLS,2024-10-17,19.11,2025-02-01,2025-02-01
2025-02-01,VIXCLS,2024-10-18,18.03,2025-02-01,2025-02-01
2025-02-01,VIXCLS,2024-10-21,18.37,2025-02-01,2025-02-01
2025-02-01,VIXCLS,2024-10-22,18.2,2025-02-01,2025-02-01
2025-02-01,VIXCLS,2024-10-23,19.24,2025-02-01,2025-02-01
2025-02-01,VIXCLS,2024-10-24,19.08,2025-02-01,2025-02-01
2025-02-01,VIXCLS,2024-10-25,20.33,2025-02-01,2025-02-01
2025-02-01,VIXCLS,2024-10-28,19.8,2025-02-01,2025-02-01
2025-02-01,VIXCLS,2024-10-29,19.34,2025-02-01,2025-02-01
2025-02-01,VIXCLS,2024-10-30,20.35,2025-02-01,2025-02-01
2025-02-01,VIXCLS,2024-10-31,23.16,2025-02-01,2025-02-01
2025-02-01,VIXCLS,2024-11-01,21.88,2025-02-01,2025-02-01
2025-02-01,VIXCLS,2024-11-04,21.98,2025-02-01,2025-02-01
2025-02-01,VIXCLS,2024-11-05,20.49,2025-02-01,2025-02-01
2025-02-01,VIXCLS,2024-11-06,16.27,2025-02-01,2025-02-01
2025-02-01,VIXCLS,2024-11-07,15.2,2025-02-01,2025-02-01
2025-02-01,VIXCLS,2024-11-08,14.94,2025-02-01,2025-02-01
2025-02-01,VIXCLS,2024-11-11,14.97,2025-02-01,2025-02-01
2025-02-01,VIXCLS,2024-11-12,14.71,2025-02-01,2025-02-01
2025-02-01,VIXCLS,2024-11-13,14.02,2025-02-01,2025-02-01
2025-02-01,VIXCLS,2024-11-14,14.31,2025-02-01,2025-02-01
2025-02-01,VIXCLS,2024-11-15,16.14,2025-02-01,2025-02-01
2025-02-01,VIXCLS,2024-11-18,15.58,2025-02-01,2025-02-01
2025-02-01,VIXCLS,2024-11-19,16.35,2025-02-01,2025-02-01
2025-02-01,VIXCLS,2024-11-20,17.16,2025-02-01,2025-02-01
2025-02-01,VIXCLS,2024-11-21,16.87,2025-02-01,2025-02-01
2025-02-01,VIXCLS,2024-11-22,15.24,2025-02-01,2025-02-01
2025-02-01,VIXCLS,2024-11-25,14.6,2025-02-01,2025-02-01
2025-02-01,VIXCLS,2024-11-26,14.1,2025-02-01,2025-02-01
2025-02-01,VIXCLS,2024-11-27,14.1,2025-02-01,2025-02-01
2025-02-01,VIXCLS,2024-11-28,13.9,2025-02-01,2025-02-01
2025-02-01,VIXCLS,2024-11-29,13.51,2025-02-01,2025-02-01
2025-02-01,VIXCLS,2024-12-02,13.34,2025-02-01,2025-02-01
2025-02-01,VIXCLS,2024-12-03,13.3,2025-02-01,2025-02-01
2025-02-01,VIXCLS,2024-12-04,13.45,2025-02-01,2025-02-01
2025-02-01,VIXCLS,2024-12-05,13.54,2025-02-01,2025-02-01
2025-02-01,VIXCLS,2024-12-06,12.77,2025-02-01,2025-02-01
2025-02-01,VIXCLS,2024-12-09,14.19,2025-02-01,2025-02-01
2025-02-01,VIXCLS,2024-12-10,14.18,2025-02-01,2025-02-01
2025-02-01,VIXCLS,2024-12-11,13.58,2025-02-01,2025-02-01
2025-02-01,VIXCLS,2024-12-12,13.92,2025-02-01,2025-02-01
2025-02-01,VIXCLS,2024-12-13,13.81,2025-02-01,2025-02-01
2025-02-01,VIXCLS,2024-12-16,14.69,2025-02-01,2025-02-01
2025-02-01,VIXCLS,2024-12-17,15.87,2025-02-01,2025-02-01
2025-02-01,VIXCLS,2024-12-18,27.62,2025-02-01,2025-02-01
2025-02-01,VIXCLS,2024-12-19,24.09,2025-02-01,2025-02-01
2025-02-01,VIXCLS,2024-12-20,18.36,2025-02-01,2025-02-01
2025-02-01,VIXCLS,2024-12-23,16.78,2025-02-01,2025-02-01
2025-02-01,VIXCLS,2024-12-24,14.27,2025-02-01,2025-02-01
2025-02-01,VIXCLS,2024-12-26,14.73,2025-02-01,2025-02-01
2025-02-01,VIXCLS,2024-12-27,15.95,2025-02-01,2025-02-01
2025-02-01,VIXCLS,2024-12-30,17.4,2025-02-01,2025-02-01
2025-02-01,VIXCLS,2024-12-31,17.35,2025-02-01,2025-02-01
2025-02-01,VIXCLS,2025-01-02,17.93,2025-02-01,2025-02-01
2025-02-01,VIXCLS,2025-01-03,16.13,2025-02-01,2025-02-01
2025-02-01,VIXCLS,2025-01-06,16.04,2025-02-01,2025-02-01
2025-02-01,VIXCLS,2025-01-07,17.82,2025-02-01,2025-02-01
2025-02-01,VIXCLS,2025-01-08,17.7,2025-02-01,2025-02-01
2025-02-01,VIXCLS,2025-01-09,18.07,2025-02-01,2025-02-01
2025-02-01,VIXCLS,2025-01-10,19.54,2025-02-01,2025-02-01
2025-02-01,VIXCLS,2025-01-13,19.19,2025-02-01,2025-02-01
2025-02-01,VIXCLS,2025-01-14,18.71,2025-02-01,2025-02-01
2025-02-01,VIXCLS,2025-01-15,16.12,2025-02-01,2025-02-01
2025-02-01,VIXCLS,2025-01-16,16.6,2025-02-01,2025-02-01
2025-02-01,VIXCLS,2025-01-17,15.97,2025-02-01,2025-02-01
2025-02-01,VIXCLS,2025-01-20,15.81,2025-02-01,2025-02-01
2025-02-01,VIXCLS,2025-01-21,15.06,2025-02-01,2025-02-01
2025-02-01,VIXCLS,2025-01-22,15.1,2025-02-01,2025-02-01
2025-02-01,VIXCLS,2025-01-23,15.02,2025-02-01,2025-02-01
2025-02-01,VIXCLS,2025-01-24,14.85,2025-02-01,2025-02-01
2025-02-01,VIXCLS,2025-01-27,17.9,2025-02-01,2025-02-01
2025-02-01,VIXCLS,2025-01-28,16.41,2025-02-01,2025-02-01
2025-02-01,VIXCLS,2025-01-29,16.56,2025-02-01,2025-02-01
2025-02-01,VIXCLS,2025-01-30,15.84,2025-02-01,2025-02-01
2025-02-01,VIXCLS,2025-01-31,16.43,2025-02-01,2025-02-01
2025-03-01,CCUSMA02BRM618N,2024-11-01,5.804314286,2025-03-01,2025-03-01
2025-03-01,CCUSMA02BRM618N,2024-12-01,6.099286364,2025-03-01,2025-03-01
2025-03-01,CCUSMA02BRM618N,2025-01-01,6.028886957,2025-03-01,2025-03-01
2025-03-01,CCUSMA02CLM618N,2024-11-01,971.6471381,2025-03-01,2025-03-01
2025-03-01,CCUSMA02CLM618N,2024-12-01,984.5883773,2025-03-01,2025-03-01
2025-03-01,CCUSMA02CLM618N,2025-01-01,1000.168683,2025-03-01,2025-03-01
2025-03-01,CCUSMA02MXM618N,2024-11-01,20.25711857,2025-03-01,2025-03-01
2025-03-01,CCUSMA02MXM618N,2024-12-01,20.20261636,2025-03-01,2025-03-01
2025-03-01,CCUSMA02MXM618N,2025-01-01,20.49089043,2025-03-01,2025-03-01
2025-03-01,DTWEXBGS,2024-11-01,125.0403,2025-03-01,2025-03-01
2025-03-01,DTWEXBGS,2024-11-04,124.8168,2025-03-01,2025-03-01
2025-03-01,DTWEXBGS,2024-11-05,124.7803,2025-03-01,2025-03-01
2025-03-01,DTWEXBGS,2024-11-06,125.9311,2025-03-01,2025-03-01
2025-03-01,DTWEXBGS,2024-11-07,125.016,2025-03-01,2025-03-01
2025-03-01,DTWEXBGS,2024-11-08,125.8066,2025-03-01,2025-03-01
2025-03-01,DTWEXBGS,2024-11-12,126.987,2025-03-01,2025-03-01
2025-03-01,DTWEXBGS,2024-11-13,127.1591,2025-03-01,2025-03-01
2025-03-01,DTWEXBGS,2024-11-14,127.2123,2025-03-01,2025-03-01
2025-03-01,DTWEXBGS,2024-11-15,127.1021,2025-03-01,2025-03-01
2025-03-01,DTWEXBGS,2024-11-18,126.8336,2025-03-01,2025-03-01
2025-03-01,DTWEXBGS,2024-11-19,126.6361,2025-03-01,2025-03-01
2025-03-01,DTWEXBGS,2024-11-20,127.1023,2025-03-01,2025-03-01
2025-03-01,DTWEXBGS,2024-11-21,127.3063,2025-03-01,2025-03-01
2025-03-01,DTWEXBGS,2024-11-22,127.6683,2025-03-01,2025-03-01
2025-03-01,DTWEXBGS,2024-11-25,127.211,2025-03-01,2025-03-01
2025-03-01,DTWEXBGS,2024-11-26,127.6435,2025-03-01,2025-03-01
2025-03-01,DTWEXBGS,2024-11-27,127.0601,2025-03-01,2025-03-01
2025-03-01,DTWEXBGS,2024-11-29,126.8114,2025-03-01,2025-03-01
2025-03-01,DTWEXBGS,2024-12-02,127.3499,2025-03-01,2025-03-01
2025-03-01,DTWEXBGS,2024-12-03,127.1983,2025-03-01,2025-03-01
2025-03-01,DTWEXBGS,2024-12-04,126.9956,2025-03-01,2025-03-01
2025-03-01,DTWEXBGS,2024-12-05,126.6638,2025-03-01,2025-03-01
2025-03-01,DTWEXBGS,2024-12-06,126.9271,2025-03-01,2025-03-01
2025-03-01,DTWEXBGS,2024-12-09,126.8394,2025-03-01,2025-03-01
2025-03-01,DTWEXBGS,2024-12-10,127.1884,2025-03-01,2025-03-01
2025-03-01,DTWEXBGS,2024-12-11,127.095,2025-03-01,2025-03-01
2025-03-01,DTWEXBGS,2024-12-12,127.2039,2025-03-01,2025-03-01
2025-03-01,DTWEXBGS,2024-12-13,127.5569,2025-03-01,2025-03-01
2025-03-01,DTWEXBGS,2024-12-16,127.5235,2025-03-01,2025-03-01
2025-03-01,DTWEXBGS,2024-12-17,127.7565,2025-03-01,2025-03-01
2025-03-01,DTWEXBGS,2024-12-18,127.8936,2025-03-01,2025-03-01
2025-03-01,DTWEXBGS,2024-12-19,128.8598,2025-03-01,2025-03-01
2025-03-01,DTWEXBGS,2024-12-20,128.1411,2025-03-01,2025-03-01
2025-03-01,DTWEXBGS,2024-12-23,128.5356,2025-03-01,2025-03-01
2025-03-01,DTWEXBGS,2024-12-24,128.5651,2025-03-01,2025-03-01
2025-03-01,DTWEXBGS,2024-12-26,128.5679,2025-03-01,2025-03-01
2025-03-01,DTWEXBGS,2024-12-27,128.6972,2025-03-01,2025-03-01
2025-03-01,DTWEXBGS,2024-12-30,129.0474,2025-03-01,2025-03-01
2025-03-01,DTWEXBGS,2024-12-31,129.488,2025-03-01,2025-03-01
2025-03-01,DTWEXBGS,2025-01-02,129.6666,2025-03-01,2025-03-01
2025-03-01,DTWEXBGS,2025-01-03,129.6721,2025-03-01,2025-03-01
2025-03-01,DTWEXBGS,2025-01-06,128.7878,2025-03-01,2025-03-01
2025-03-01,DTWEXBGS,2025-01-07,128.8574,2025-03-01,2025-03-01
2025-03-01,DTWEXBGS,2025-01-08,129.3038,2025-03-01,2025-03-01
2025-03-01,DTWEXBGS,2025-01-09,129.4927,2025-03-01,2025-03-01
2025-03-01,DTWEXBGS,2025-01-10,130.0513,2025-03-01,2025-03-01
2025-03-01,DTWEXBGS,2025-01-13,130.2142,2025-03-01,2025-03-01
2025-03-01,DTWEXBGS,2025-01-14,129.5812,2025-03-01,2025-03-01
2025-03-01,DTWEXBGS,2025-01-15,129.4107,2025-03-01,2025-03-01
2025-03-01,DTWEXBGS,2025-01-16,129.6284,2025-03-01,2025-03-01
2025-03-01,DTWEXBGS,2025-01-17,129.6771,2025-03-01,2025-03-01
2025-03-01,DTWEXBGS,2025-01-21,128.61,2025-03-01,2025-03-01
2025-03-01,DTWEXBGS,2025-01-22,128.5428,2025-03-01,2025-03-01
2025-03-01,DTWEXBGS,2025-01-23,128.4336,2025-03-01,2025-03-01
2025-03-01,DTWEXBGS,2025-01-24,127.6833,2025-03-01,2025-03-01
2025-03-01,DTWEXBGS,2025-01-27,128.2856,2025-03-01,2025-03-01
2025-03-01,DTWEXBGS,2025-01-28,128.471,2025-03-01,2025-03-01
2025-03-01,DTWEXBGS,2025-01-29,128.5324,2025-03-01,2025-03-01
2025-03-01,DTWEXBGS,2025-01-30,128.2958,2025-03-01,2025-03-01
2025-03-01,DTWEXBGS,2025-01-31,128.6686,2025-03-01,2025-03-01
2025-03-01,DTWEXBGS,2025-02-03,129.2815,2025-03-01,2025-03-01
2025-03-01,DTWEXBGS,2025-02-04,128.2993,2025-03-01,2025-03-01
2025-03-01,DTWEXBGS,2025-02-05,128.1725,2025-03-01,2025-03-01
2025-03-01,DTWEXBGS,2025-02-06,128.3958,2025-03-01,2025-03-01
2025-03-01,DTWEXBGS,2025-02-07,128.6144,2025-03-01,2025-03-01
2025-03-01,DTWEXBGS,2025-02-10,128.8215,2025-03-01,2025-03-01
2025-03-01,DTWEXBGS,2025-02-11,128.629,2025-03-01,2025-03-01
2025-03-01,DTWEXBGS,2025-02-12,128.5321,2025-03-01,2025-03-01
2025-03-01,DTWEXBGS,2025-02-13,128.0821,2025-03-01,2025-03-01
2025-03-01,DTWEXBGS,2025-02-14,127.3505,2025-03-01,2025-03-01
2025-03-01,DTWEXBGS,2025-02-18,127.501,2025-03-01,2025-03-01
2025-03-01,DTWEXBGS,2025-02-19,127.9207,2025-03-01,2025-03-01
2025-03-01,DTWEXBGS,2025-02-20,127.3057,2025-03-01,2025-03-01
2025-03-01,DTWEXBGS,2025-02-21,127.3285,2025-03-01,2025-03-01
2025-03-01,FEDFUNDS,2024-11-01,4.64,2025-03-01,2025-03-01
2025-03-01,FEDFUNDS,2024-12-01,4.48,2025-03-01,2025-03-01
2025-03-01,FEDFUNDS,2025-01-01,4.33,2025-03-01,2025-03-01
2025-03-01,VIXCLS,2024-11-01,21.88,2025-03-01,2025-03-01
2025-03-01,VIXCLS,2024-11-04,21.98,2025-03-01,2025-03-01
2025-03-01,VIXCLS,2024-11-05,20.49,2025-03-01,2025-03-01
2025-03-01,VIXCLS,2024-11-06,16.27,2025-03-01,2025-03-01
2025-03-01,VIXCLS,2024-11-07,15.2,2025-03-01,2025-03-01
2025-03-01,VIXCLS,2024-11-08,14.94,2025-03-01,2025-03-01
2025-03-01,VIXCLS,2024-11-11,14.97,2025-03-01,2025-03-01
2025-03-01,VIXCLS,2024-11-12,14.71,2025-03-01,2025-03-01
2025-03-01,VIXCLS,2024-11-13,14.02,2025-03-01,2025-03-01
2025-03-01,VIXCLS,2024-11-14,14.31,2025-03-01,2025-03-01
2025-03-01,VIXCLS,2024-11-15,16.14,2025-03-01,2025-03-01
2025-03-01,VIXCLS,2024-11-18,15.58,2025-03-01,2025-03-01
2025-03-01,VIXCLS,2024-11-19,16.35,2025-03-01,2025-03-01
2025-03-01,VIXCLS,2024-11-20,17.16,2025-03-01,2025-03-01
2025-03-01,VIXCLS,2024-11-21,16.87,2025-03-01,2025-03-01
2025-03-01,VIXCLS,2024-11-22,15.24,2025-03-01,2025-03-01
2025-03-01,VIXCLS,2024-11-25,14.6,2025-03-01,2025-03-01
2025-03-01,VIXCLS,2024-11-26,14.1,2025-03-01,2025-03-01
2025-03-01,VIXCLS,2024-11-27,14.1,2025-03-01,2025-03-01
2025-03-01,VIXCLS,2024-11-28,13.9,2025-03-01,2025-03-01
2025-03-01,VIXCLS,2024-11-29,13.51,2025-03-01,2025-03-01
2025-03-01,VIXCLS,2024-12-02,13.34,2025-03-01,2025-03-01
2025-03-01,VIXCLS,2024-12-03,13.3,2025-03-01,2025-03-01
2025-03-01,VIXCLS,2024-12-04,13.45,2025-03-01,2025-03-01
2025-03-01,VIXCLS,2024-12-05,13.54,2025-03-01,2025-03-01
2025-03-01,VIXCLS,2024-12-06,12.77,2025-03-01,2025-03-01
2025-03-01,VIXCLS,2024-12-09,14.19,2025-03-01,2025-03-01
2025-03-01,VIXCLS,2024-12-10,14.18,2025-03-01,2025-03-01
2025-03-01,VIXCLS,2024-12-11,13.58,2025-03-01,2025-03-01
2025-03-01,VIXCLS,2024-12-12,13.92,2025-03-01,2025-03-01
2025-03-01,VIXCLS,2024-12-13,13.81,2025-03-01,2025-03-01
2025-03-01,VIXCLS,2024-12-16,14.69,2025-03-01,2025-03-01
2025-03-01,VIXCLS,2024-12-17,15.87,2025-03-01,2025-03-01
2025-03-01,VIXCLS,2024-12-18,27.62,2025-03-01,2025-03-01
2025-03-01,VIXCLS,2024-12-19,24.09,2025-03-01,2025-03-01
2025-03-01,VIXCLS,2024-12-20,18.36,2025-03-01,2025-03-01
2025-03-01,VIXCLS,2024-12-23,16.78,2025-03-01,2025-03-01
2025-03-01,VIXCLS,2024-12-24,14.27,2025-03-01,2025-03-01
2025-03-01,VIXCLS,2024-12-26,14.73,2025-03-01,2025-03-01
2025-03-01,VIXCLS,2024-12-27,15.95,2025-03-01,2025-03-01
2025-03-01,VIXCLS,2024-12-30,17.4,2025-03-01,2025-03-01
2025-03-01,VIXCLS,2024-12-31,17.35,2025-03-01,2025-03-01
2025-03-01,VIXCLS,2025-01-02,17.93,2025-03-01,2025-03-01
2025-03-01,VIXCLS,2025-01-03,16.13,2025-03-01,2025-03-01
2025-03-01,VIXCLS,2025-01-06,16.04,2025-03-01,2025-03-01
2025-03-01,VIXCLS,2025-01-07,17.82,2025-03-01,2025-03-01
2025-03-01,VIXCLS,2025-01-08,17.7,2025-03-01,2025-03-01
2025-03-01,VIXCLS,2025-01-09,18.07,2025-03-01,2025-03-01
2025-03-01,VIXCLS,2025-01-10,19.54,2025-03-01,2025-03-01
2025-03-01,VIXCLS,2025-01-13,19.19,2025-03-01,2025-03-01
2025-03-01,VIXCLS,2025-01-14,18.71,2025-03-01,2025-03-01
2025-03-01,VIXCLS,2025-01-15,16.12,2025-03-01,2025-03-01
2025-03-01,VIXCLS,2025-01-16,16.6,2025-03-01,2025-03-01
2025-03-01,VIXCLS,2025-01-17,15.97,2025-03-01,2025-03-01
2025-03-01,VIXCLS,2025-01-20,15.81,2025-03-01,2025-03-01
2025-03-01,VIXCLS,2025-01-21,15.06,2025-03-01,2025-03-01
2025-03-01,VIXCLS,2025-01-22,15.1,2025-03-01,2025-03-01
2025-03-01,VIXCLS,2025-01-23,15.02,2025-03-01,2025-03-01
2025-03-01,VIXCLS,2025-01-24,14.85,2025-03-01,2025-03-01
2025-03-01,VIXCLS,2025-01-27,17.9,2025-03-01,2025-03-01
2025-03-01,VIXCLS,2025-01-28,16.41,2025-03-01,2025-03-01
2025-03-01,VIXCLS,2025-01-29,16.56,2025-03-01,2025-03-01
2025-03-01,VIXCLS,2025-01-30,15.84,2025-03-01,2025-03-01
2025-03-01,VIXCLS,2025-01-31,16.43,2025-03-01,2025-03-01
2025-03-01,VIXCLS,2025-02-03,18.62,2025-03-01,2025-03-01
2025-03-01,VIXCLS,2025-02-04,17.21,2025-03-01,2025-03-01
2025-03-01,VIXCLS,2025-02-05,15.77,2025-03-01,2025-03-01
2025-03-01,VIXCLS,2025-02-06,15.5,2025-03-01,2025-03-01
2025-03-01,VIXCLS,2025-02-07,16.54,2025-03-01,2025-03-01
2025-03-01,VIXCLS,2025-02-10,15.81,2025-03-01,2025-03-01
2025-03-01,VIXCLS,2025-02-11,16.02,2025-03-01,2025-03-01
2025-03-01,VIXCLS,2025-02-12,15.89,2025-03-01,2025-03-01
2025-03-01,VIXCLS,2025-02-13,15.1,2025-03-01,2025-03-01
2025-03-01,VIXCLS,2025-02-14,14.77,2025-03-01,2025-03-01
2025-03-01,VIXCLS,2025-02-17,15.37,2025-03-01,2025-03-01
2025-03-01,VIXCLS,2025-02-18,15.35,2025-03-01,2025-03-01
2025-03-01,VIXCLS,2025-02-19,15.27,2025-03-01,2025-03-01
2025-03-01,VIXCLS,2025-02-20,15.66,2025-03-01,2025-03-01
2025-03-01,VIXCLS,2025-02-21,18.21,2025-03-01,2025-03-01
2025-03-01,VIXCLS,2025-02-24,18.98,2025-03-01,2025-03-01
2025-03-01,VIXCLS,2025-02-25,19.43,2025-03-01,2025-03-01
2025-03-01,VIXCLS,2025-02-26,19.1,2025-03-01,2025-03-01
2025-03-01,VIXCLS,2025-02-27,21.13,2025-03-01,2025-03-01
2025-03-01,VIXCLS,2025-02-28,19.63,2025-03-01,2025-03-01
2025-04-01,CCUSMA02BRM618N,2024-12-01,6.099286364,2025-04-01,2025-04-01
2025-04-01,CCUSMA02BRM618N,2025-01-01,6.028886957,2025-04-01,2025-04-01
2025-04-01,CCUSMA02BRM618N,2025-02-01,5.765345,2025-04-01,2025-04-01
2025-04-01,CCUSMA02CLM618N,2024-12-01,984.5883773,2025-04-01,2025-04-01
2025-04-01,CCUSMA02CLM618N,2025-01-01,1000.168683,2025-04-01,2025-04-01
2025-04-01,CCUSMA02CLM618N,2025-02-01,954.782765,2025-04-01,2025-04-01
2025-04-01,CCUSMA02MXM618N,2024-12-01,20.20261636,2025-04-01,2025-04-01
2025-04-01,CCUSMA02MXM618N,2025-01-01,20.49089043,2025-04-01,2025-04-01
2025-04-01,CCUSMA02MXM618N,2025-02-01,20.4073,2025-04-01,2025-04-01
2025-04-01,DTWEXBGS,2024-12-02,127.3499,2025-04-01,2025-04-01
2025-04-01,DTWEXBGS,2024-12-03,127.1983,2025-04-01,2025-04-01
2025-04-01,DTWEXBGS,2024-12-04,126.9956,2025-04-01,2025-04-01
2025-04-01,DTWEXBGS,2024-12-05,126.6638,2025-04-01,2025-04-01
2025-04-01,DTWEXBGS,2024-12-06,126.9271,2025-04-01,2025-04-01
2025-04-01,DTWEXBGS,2024-12-09,126.8394,2025-04-01,2025-04-01
2025-04-01,DTWEXBGS,2024-12-10,127.1884,2025-04-01,2025-04-01
2025-04-01,DTWEXBGS,2024-12-11,127.095,2025-04-01,2025-04-01
2025-04-01,DTWEXBGS,2024-12-12,127.2039,2025-04-01,2025-04-01
2025-04-01,DTWEXBGS,2024-12-13,127.5569,2025-04-01,2025-04-01
2025-04-01,DTWEXBGS,2024-12-16,127.5235,2025-04-01,2025-04-01
2025-04-01,DTWEXBGS,2024-12-17,127.7565,2025-04-01,2025-04-01
2025-04-01,DTWEXBGS,2024-12-18,127.8936,2025-04-01,2025-04-01
2025-04-01,DTWEXBGS,2024-12-19,128.8598,2025-04-01,2025-04-01
2025-04-01,DTWEXBGS,2024-12-20,128.1411,2025-04-01,2025-04-01
2025-04-01,DTWEXBGS,2024-12-23,128.5356,2025-04-01,2025-04-01
2025-04-01,DTWEXBGS,2024-12-24,128.5651,2025-04-01,2025-04-01
2025-04-01,DTWEXBGS,2024-12-26,128.5679,2025-04-01,2025-04-01
2025-04-01,DTWEXBGS,2024-12-27,128.6972,2025-04-01,2025-04-01
2025-04-01,DTWEXBGS,2024-12-30,129.0474,2025-04-01,2025-04-01
2025-04-01,DTWEXBGS,2024-12-31,129.488,2025-04-01,2025-04-01
2025-04-01,DTWEXBGS,2025-01-02,129.6666,2025-04-01,2025-04-01
2025-04-01,DTWEXBGS,2025-01-03,129.6721,2025-04-01,2025-04-01
2025-04-01,DTWEXBGS,2025-01-06,128.7878,2025-04-01,2025-04-01
2025-04-01,DTWEXBGS,2025-01-07,128.8574,2025-04-01,2025-04-01
2025-04-01,DTWEXBGS,2025-01-08,129.3038,2025-04-01,2025-04-01
2025-04-01,DTWEXBGS,2025-01-09,129.4927,2025-04-01,2025-04-01
2025-04-01,DTWEXBGS,2025-01-10,130.0513,2025-04-01,2025-04-01
2025-04-01,DTWEXBGS,2025-01-13,130.2142,2025-04-01,2025-04-01
2025-04-01,DTWEXBGS,2025-01-14,129.5812,2025-04-01,2025-04-01
2025-04-01,DTWEXBGS,2025-01-15,129.4107,2025-04-01,2025-04-01
2025-04-01,DTWEXBGS,2025-01-16,129.6284,2025-04-01,2025-04-01
2025-04-01,DTWEXBGS,2025-01-17,129.6771,2025-04-01,2025-04-01
2025-04-01,DTWEXBGS,2025-01-21,128.61,2025-04-01,2025-04-01
2025-04-01,DTWEXBGS,2025-01-22,128.5428,2025-04-01,2025-04-01
2025-04-01,DTWEXBGS,2025-01-23,128.4336,2025-04-01,2025-04-01
2025-04-01,DTWEXBGS,2025-01-24,127.6833,2025-04-01,2025-04-01
2025-04-01,DTWEXBGS,2025-01-27,128.2856,2025-04-01,2025-04-01
2025-04-01,DTWEXBGS,2025-01-28,128.471,2025-04-01,2025-04-01
2025-04-01,DTWEXBGS,2025-01-29,128.5324,2025-04-01,2025-04-01
2025-04-01,DTWEXBGS,2025-01-30,128.2958,2025-04-01,2025-04-01
2025-04-01,DTWEXBGS,2025-01-31,128.6686,2025-04-01,2025-04-01
2025-04-01,DTWEXBGS,2025-02-03,129.2815,2025-04-01,2025-04-01
2025-04-01,DTWEXBGS,2025-02-04,128.2993,2025-04-01,2025-04-01
2025-04-01,DTWEXBGS,2025-02-05,128.1725,2025-04-01,2025-04-01
2025-04-01,DTWEXBGS,2025-02-06,128.3958,2025-04-01,2025-04-01
2025-04-01,DTWEXBGS,2025-02-07,128.6144,2025-04-01,2025-04-01
2025-04-01,DTWEXBGS,2025-02-10,128.8215,2025-04-01,2025-04-01
2025-04-01,DTWEXBGS,2025-02-11,128.629,2025-04-01,2025-04-01
2025-04-01,DTWEXBGS,2025-02-12,128.5321,2025-04-01,2025-04-01
2025-04-01,DTWEXBGS,2025-02-13,128.0821,2025-04-01,2025-04-01
2025-04-01,DTWEXBGS,2025-02-14,127.3505,2025-04-01,2025-04-01
2025-04-01,DTWEXBGS,2025-02-18,127.501,2025-04-01,2025-04-01
2025-04-01,DTWEXBGS,2025-02-19,127.9207,2025-04-01,2025-04-01
2025-04-01,DTWEXBGS,2025-02-20,127.3057,2025-04-01,2025-04-01
2025-04-01,DTWEXBGS,2025-02-21,127.3285,2025-04-01,2025-04-01
2025-04-01,DTWEXBGS,2025-02-24,127.3749,2025-04-01,2025-04-01
2025-04-01,DTWEXBGS,2025-02-25,127.5544,2025-04-01,2025-04-01
2025-04-01,DTWEXBGS,2025-02-26,127.4762,2025-04-01,2025-04-01
2025-04-01,DTWEXBGS,2025-02-27,128.1589,2025-04-01,2025-04-01
2025-04-01,DTWEXBGS,2025-02-28,128.4646,2025-04-01,2025-04-01
2025-04-01,DTWEXBGS,2025-03-03,127.9558,2025-04-01,2025-04-01
2025-04-01,DTWEXBGS,2025-03-04,128.1864,2025-04-01,2025-04-01
2025-04-01,DTWEXBGS,2025-03-05,126.7441,2025-04-01,2025-04-01
2025-04-01,DTWEXBGS,2025-03-06,126.3526,2025-04-01,2025-04-01
2025-04-01,DTWEXBGS,2025-03-07,126.2243,2025-04-01,2025-04-01
2025-04-01,DTWEXBGS,2025-03-10,126.5199,2025-04-01,2025-04-01
2025-04-01,DTWEXBGS,2025-03-11,126.2896,2025-04-01,2025-04-01
2025-04-01,DTWEXBGS,2025-03-12,126.1251,2025-04-01,2025-04-01
2025-04-01,DTWEXBGS,2025-03-13,126.2551,2025-04-01,2025-04-01
2025-04-01,DTWEXBGS,2025-03-14,125.9538,2025-04-01,2025-04-01
2025-04-01,DTWEXBGS,2025-03-17,125.6291,2025-04-01,2025-04-01
2025-04-01,DTWEXBGS,2025-03-18,125.7402,2025-04-01,2025-04-01
2025-04-01,DTWEXBGS,2025-03-19,126.0515,2025-04-01,2025-04-01
2025-04-01,DTWEXBGS,2025-03-20,126.237,2025-04-01,2025-04-01
2025-04-01,DTWEXBGS,2025-03-21,126.509,2025-04-01,2025-04-01
2025-04-01,DTWEXBGS,2025-03-24,126.4403,2025-04-01,2025-04-01
2025-04-01,DTWEXBGS,2025-03-25,126.3075,2025-04-01,2025-04-01
2025-04-01,DTWEXBGS,2025-03-26,126.4839,2025-04-01,2025-04-01
2025-04-01,DTWEXBGS,2025-03-27,126.6098,2025-04-01,2025-04-01
2025-04-01,DTWEXBGS,2025-03-28,126.6599,2025-04-01,2025-04-01
2025-04-01,FEDFUNDS,2024-12-01,4.48,2025-04-01,2025-04-01
2025-04-01,FEDFUNDS,2025-01-01,4.33,2025-04-01,2025-04-01
2025-04-01,FEDFUNDS,2025-02-01,4.33,2025-04-01,2025-04-01
2025-04-01,FEDFUNDS,2025-03-01,4.33,2025-04-01,2025-04-01
2025-04-01,VIXCLS,2024-12-02,13.34,2025-04-01,2025-04-01
2025-04-01,VIXCLS,2024-12-03,13.3,2025-04-01,2025-04-01
2025-04-01,VIXCLS,2024-12-04,13.45,2025-04-01,2025-04-01
2025-04-01,VIXCLS,2024-12-05,13.54,2025-04-01,2025-04-01
2025-04-01,VIXCLS,2024-12-06,12.77,2025-04-01,2025-04-01
2025-04-01,VIXCLS,2024-12-09,14.19,2025-04-01,2025-04-01
2025-04-01,VIXCLS,2024-12-10,14.18,2025-04-01,2025-04-01
2025-04-01,VIXCLS,2024-12-11,13.58,2025-04-01,2025-04-01
2025-04-01,VIXCLS,2024-12-12,13.92,2025-04-01,2025-04-01
2025-04-01,VIXCLS,2024-12-13,13.81,2025-04-01,2025-04-01
2025-04-01,VIXCLS,2024-12-16,14.69,2025-04-01,2025-04-01
2025-04-01,VIXCLS,2024-12-17,15.87,2025-04-01,2025-04-01
2025-04-01,VIXCLS,2024-12-18,27.62,2025-04-01,2025-04-01
2025-04-01,VIXCLS,2024-12-19,24.09,2025-04-01,2025-04-01
2025-04-01,VIXCLS,2024-12-20,18.36,2025-04-01,2025-04-01
2025-04-01,VIXCLS,2024-12-23,16.78,2025-04-01,2025-04-01
2025-04-01,VIXCLS,2024-12-24,14.27,2025-04-01,2025-04-01
2025-04-01,VIXCLS,2024-12-26,14.73,2025-04-01,2025-04-01
2025-04-01,VIXCLS,2024-12-27,15.95,2025-04-01,2025-04-01
2025-04-01,VIXCLS,2024-12-30,17.4,2025-04-01,2025-04-01
2025-04-01,VIXCLS,2024-12-31,17.35,2025-04-01,2025-04-01
2025-04-01,VIXCLS,2025-01-02,17.93,2025-04-01,2025-04-01
2025-04-01,VIXCLS,2025-01-03,16.13,2025-04-01,2025-04-01
2025-04-01,VIXCLS,2025-01-06,16.04,2025-04-01,2025-04-01
2025-04-01,VIXCLS,2025-01-07,17.82,2025-04-01,2025-04-01
2025-04-01,VIXCLS,2025-01-08,17.7,2025-04-01,2025-04-01
2025-04-01,VIXCLS,2025-01-09,18.07,2025-04-01,2025-04-01
2025-04-01,VIXCLS,2025-01-10,19.54,2025-04-01,2025-04-01
2025-04-01,VIXCLS,2025-01-13,19.19,2025-04-01,2025-04-01
2025-04-01,VIXCLS,2025-01-14,18.71,2025-04-01,2025-04-01
2025-04-01,VIXCLS,2025-01-15,16.12,2025-04-01,2025-04-01
2025-04-01,VIXCLS,2025-01-16,16.6,2025-04-01,2025-04-01
2025-04-01,VIXCLS,2025-01-17,15.97,2025-04-01,2025-04-01
2025-04-01,VIXCLS,2025-01-20,15.81,2025-04-01,2025-04-01
2025-04-01,VIXCLS,2025-01-21,15.06,2025-04-01,2025-04-01
2025-04-01,VIXCLS,2025-01-22,15.1,2025-04-01,2025-04-01
2025-04-01,VIXCLS,2025-01-23,15.02,2025-04-01,2025-04-01
2025-04-01,VIXCLS,2025-01-24,14.85,2025-04-01,2025-04-01
2025-04-01,VIXCLS,2025-01-27,17.9,2025-04-01,2025-04-01
2025-04-01,VIXCLS,2025-01-28,16.41,2025-04-01,2025-04-01
2025-04-01,VIXCLS,2025-01-29,16.56,2025-04-01,2025-04-01
2025-04-01,VIXCLS,2025-01-30,15.84,2025-04-01,2025-04-01
2025-04-01,VIXCLS,2025-01-31,16.43,2025-04-01,2025-04-01
2025-04-01,VIXCLS,2025-02-03,18.62,2025-04-01,2025-04-01
2025-04-01,VIXCLS,2025-02-04,17.21,2025-04-01,2025-04-01
2025-04-01,VIXCLS,2025-02-05,15.77,2025-04-01,2025-04-01
2025-04-01,VIXCLS,2025-02-06,15.5,2025-04-01,2025-04-01
2025-04-01,VIXCLS,2025-02-07,16.54,2025-04-01,2025-04-01
2025-04-01,VIXCLS,2025-02-10,15.81,2025-04-01,2025-04-01
2025-04-01,VIXCLS,2025-02-11,16.02,2025-04-01,2025-04-01
2025-04-01,VIXCLS,2025-02-12,15.89,2025-04-01,2025-04-01
2025-04-01,VIXCLS,2025-02-13,15.1,2025-04-01,2025-04-01
2025-04-01,VIXCLS,2025-02-14,14.77,2025-04-01,2025-04-01
2025-04-01,VIXCLS,2025-02-17,15.37,2025-04-01,2025-04-01
2025-04-01,VIXCLS,2025-02-18,15.35,2025-04-01,2025-04-01
2025-04-01,VIXCLS,2025-02-19,15.27,2025-04-01,2025-04-01
2025-04-01,VIXCLS,2025-02-20,15.66,2025-04-01,2025-04-01
2025-04-01,VIXCLS,2025-02-21,18.21,2025-04-01,2025-04-01
2025-04-01,VIXCLS,2025-02-24,18.98,2025-04-01,2025-04-01
2025-04-01,VIXCLS,2025-02-25,19.43,2025-04-01,2025-04-01
2025-04-01,VIXCLS,2025-02-26,19.1,2025-04-01,2025-04-01
2025-04-01,VIXCLS,2025-02-27,21.13,2025-04-01,2025-04-01
2025-04-01,VIXCLS,2025-02-28,19.63,2025-04-01,2025-04-01
2025-04-01,VIXCLS,2025-03-03,22.78,2025-04-01,2025-04-01
2025-04-01,VIXCLS,2025-03-04,23.51,2025-04-01,2025-04-01
2025-04-01,VIXCLS,2025-03-05,21.93,2025-04-01,2025-04-01
2025-04-01,VIXCLS,2025-03-06,24.87,2025-04-01,2025-04-01
2025-04-01,VIXCLS,2025-03-07,23.37,2025-04-01,2025-04-01
2025-04-01,VIXCLS,2025-03-10,27.86,2025-04-01,2025-04-01
2025-04-01,VIXCLS,2025-03-11,26.92,2025-04-01,2025-04-01
2025-04-01,VIXCLS,2025-03-12,24.23,2025-04-01,2025-04-01
2025-04-01,VIXCLS,2025-03-13,24.66,2025-04-01,2025-04-01
2025-04-01,VIXCLS,2025-03-14,21.77,2025-04-01,2025-04-01
2025-04-01,VIXCLS,2025-03-17,20.51,2025-04-01,2025-04-01
2025-04-01,VIXCLS,2025-03-18,21.7,2025-04-01,2025-04-01
2025-04-01,VIXCLS,2025-03-19,19.9,2025-04-01,2025-04-01
2025-04-01,VIXCLS,2025-03-20,19.8,2025-04-01,2025-04-01
2025-04-01,VIXCLS,2025-03-21,19.28,2025-04-01,2025-04-01
2025-04-01,VIXCLS,2025-03-24,17.48,2025-04-01,2025-04-01
2025-04-01,VIXCLS,2025-03-25,17.15,2025-04-01,2025-04-01
2025-04-01,VIXCLS,2025-03-26,18.33,2025-04-01,2025-04-01
2025-04-01,VIXCLS,2025-03-27,18.69,2025-04-01,2025-04-01
2025-04-01,VIXCLS,2025-03-28,21.65,2025-04-01,2025-04-01
2025-04-01,VIXCLS,2025-03-31,22.28,2025-04-01,2025-04-01
2025-05-01,CCUSMA02BRM618N,2025-01-01,6.028886957,2025-05-01,2025-05-01
2025-05-01,CCUSMA02BRM618N,2025-02-01,5.765345,2025-05-01,2025-05-01
2025-05-01,CCUSMA02BRM618N,2025-03-01,5.75622381,2025-05-01,2025-05-01
2025-05-01,CCUSMA02CLM618N,2025-01-01,1000.168683,2025-05-01,2025-05-01
2025-05-01,CCUSMA02CLM618N,2025-02-01,954.782765,2025-05-01,2025-05-01
2025-05-01,CCUSMA02CLM618N,2025-03-01,932.3276238,2025-05-01,2025-05-01
2025-05-01,CCUSMA02MXM618N,2025-01-01,20.49089043,2025-05-01,2025-05-01
2025-05-01,CCUSMA02MXM618N,2025-02-01,20.4073,2025-05-01,2025-05-01
2025-05-01,CCUSMA02MXM618N,2025-03-01,20.17183524,2025-05-01,2025-05-01
2025-05-01,DTWEXBGS,2025-01-02,129.6666,2025-05-01,2025-05-01
2025-05-01,DTWEXBGS,2025-01-03,129.6721,2025-05-01,2025-05-01
2025-05-01,DTWEXBGS,2025-01-06,128.7878,2025-05-01,2025-05-01
2025-05-01,DTWEXBGS,2025-01-07,128.8574,2025-05-01,2025-05-01
2025-05-01,DTWEXBGS,2025-01-08,129.3038,2025-05-01,2025-05-01
2025-05-01,DTWEXBGS,2025-01-09,129.4927,2025-05-01,2025-05-01
2025-05-01,DTWEXBGS,2025-01-10,130.0513,2025-05-01,2025-05-01
2025-05-01,DTWEXBGS,2025-01-13,130.2142,2025-05-01,2025-05-01
2025-05-01,DTWEXBGS,2025-01-14,129.5812,2025-05-01,2025-05-01
2025-05-01,DTWEXBGS,2025-01-15,129.4107,2025-05-01,2025-05-01
2025-05-01,DTWEXBGS,2025-01-16,129.6284,2025-05-01,2025-05-01
2025-05-01,DTWEXBGS,2025-01-17,129.6771,2025-05-01,2025-05-01
2025-05-01,DTWEXBGS,2025-01-21,128.61,2025-05-01,2025-05-01
2025-05-01,DTWEXBGS,2025-01-22,128.5428,2025-05-01,2025-05-01
2025-05-01,DTWEXBGS,2025-01-23,128.4336,2025-05-01,2025-05-01
2025-05-01,DTWEXBGS,2025-01-24,127.6833,2025-05-01,2025-05-01
2025-05-01,DTWEXBGS,2025-01-27,128.2856,2025-05-01,2025-05-01
2025-05-01,DTWEXBGS,2025-01-28,128.471,2025-05-01,2025-05-01
2025-05-01,DTWEXBGS,2025-01-29,128.5324,2025-05-01,2025-05-01
2025-05-01,DTWEXBGS,2025-01-30,128.2958,2025-05-01,2025-05-01
2025-05-01,DTWEXBGS,2025-01-31,128.6686,2025-05-01,2025-05-01
2025-05-01,DTWEXBGS,2025-02-03,129.2815,2025-05-01,2025-05-01
2025-05-01,DTWEXBGS,2025-02-04,128.2993,2025-05-01,2025-05-01
2025-05-01,DTWEXBGS,2025-02-05,128.1725,2025-05-01,2025-05-01
2025-05-01,DTWEXBGS,2025-02-06,128.3958,2025-05-01,2025-05-01
2025-05-01,DTWEXBGS,2025-02-07,128.6144,2025-05-01,2025-05-01
2025-05-01,DTWEXBGS,2025-02-10,128.8215,2025-05-01,2025-05-01
2025-05-01,DTWEXBGS,2025-02-11,128.629,2025-05-01,2025-05-01
2025-05-01,DTWEXBGS,2025-02-12,128.5321,2025-05-01,2025-05-01
2025-05-01,DTWEXBGS,2025-02-13,128.0821,2025-05-01,2025-05-01
2025-05-01,DTWEXBGS,2025-02-14,127.3505,2025-05-01,2025-05-01
2025-05-01,DTWEXBGS,2025-02-18,127.501,2025-05-01,2025-05-01
2025-05-01,DTWEXBGS,2025-02-19,127.9207,2025-05-01,2025-05-01
2025-05-01,DTWEXBGS,2025-02-20,127.3057,2025-05-01,2025-05-01
2025-05-01,DTWEXBGS,2025-02-21,127.3285,2025-05-01,2025-05-01
2025-05-01,DTWEXBGS,2025-02-24,127.3749,2025-05-01,2025-05-01
2025-05-01,DTWEXBGS,2025-02-25,127.5544,2025-05-01,2025-05-01
2025-05-01,DTWEXBGS,2025-02-26,127.4762,2025-05-01,2025-05-01
2025-05-01,DTWEXBGS,2025-02-27,128.1589,2025-05-01,2025-05-01
2025-05-01,DTWEXBGS,2025-02-28,128.4646,2025-05-01,2025-05-01
2025-05-01,DTWEXBGS,2025-03-03,127.9558,2025-05-01,2025-05-01
2025-05-01,DTWEXBGS,2025-03-04,128.1864,2025-05-01,2025-05-01
2025-05-01,DTWEXBGS,2025-03-05,126.7441,2025-05-01,2025-05-01
2025-05-01,DTWEXBGS,2025-03-06,126.3526,2025-05-01,2025-05-01
2025-05-01,DTWEXBGS,2025-03-07,126.2243,2025-05-01,2025-05-01
2025-05-01,DTWEXBGS,2025-03-10,126.5199,2025-05-01,2025-05-01
2025-05-01,DTWEXBGS,2025-03-11,126.2896,2025-05-01,2025-05-01
2025-05-01,DTWEXBGS,2025-03-12,126.1251,2025-05-01,2025-05-01
2025-05-01,DTWEXBGS,2025-03-13,126.2551,2025-05-01,2025-05-01
2025-05-01,DTWEXBGS,2025-03-14,125.9538,2025-05-01,2025-05-01
2025-05-01,DTWEXBGS,2025-03-17,125.6291,2025-05-01,2025-05-01
2025-05-01,DTWEXBGS,2025-03-18,125.7402,2025-05-01,2025-05-01
2025-05-01,DTWEXBGS,2025-03-19,126.0515,2025-05-01,2025-05-01
2025-05-01,DTWEXBGS,2025-03-20,126.237,2025-05-01,2025-05-01
2025-05-01,DTWEXBGS,2025-03-21,126.509,2025-05-01,2025-05-01
2025-05-01,DTWEXBGS,2025-03-24,126.4403,2025-05-01,2025-05-01
2025-05-01,DTWEXBGS,2025-03-25,126.3075,2025-05-01,2025-05-01
2025-05-01,DTWEXBGS,2025-03-26,126.4839,2025-05-01,2025-05-01
2025-05-01,DTWEXBGS,2025-03-27,126.6098,2025-05-01,2025-05-01
2025-05-01,DTWEXBGS,2025-03-28,126.6599,2025-05-01,2025-05-01
2025-05-01,DTWEXBGS,2025-03-31,126.9402,2025-05-01,2025-05-01
2025-05-01,DTWEXBGS,2025-04-01,126.6783,2025-05-01,2025-05-01
2025-05-01,DTWEXBGS,2025-04-02,126.6284,2025-05-01,2025-05-01
2025-05-01,DTWEXBGS,2025-04-03,125.0254,2025-05-01,2025-05-01
2025-05-01,DTWEXBGS,2025-04-04,126.0693,2025-05-01,2025-05-01
2025-05-01,DTWEXBGS,2025-04-07,127.0629,2025-05-01,2025-05-01
2025-05-01,DTWEXBGS,2025-04-08,127.1122,2025-05-01,2025-05-01
2025-05-01,DTWEXBGS,2025-04-09,126.8819,2025-05-01,2025-05-01
2025-05-01,DTWEXBGS,2025-04-10,125.3694,2025-05-01,2025-05-01
2025-05-01,DTWEXBGS,2025-04-11,124.3156,2025-05-01,2025-05-01
2025-05-01,DTWEXBGS,2025-04-14,123.9908,2025-05-01,2025-05-01
2025-05-01,DTWEXBGS,2025-04-15,124.1129,2025-05-01,2025-05-01
2025-05-01,DTWEXBGS,2025-04-16,123.6167,2025-05-01,2025-05-01
2025-05-01,DTWEXBGS,2025-04-17,123.4733,2025-05-01,2025-05-01
2025-05-01,DTWEXBGS,2025-04-18,123.3365,2025-05-01,2025-05-01
2025-05-01,DTWEXBGS,2025-04-21,122.677,2025-05-01,2025-05-01
2025-05-01,DTWEXBGS,2025-04-22,122.7879,2025-05-01,2025-05-01
2025-05-01,DTWEXBGS,2025-04-23,123.375,2025-05-01,2025-05-01
2025-05-01,DTWEXBGS,2025-04-24,123.285,2025-05-01,2025-05-01
2025-05-01,DTWEXBGS,2025-04-25,123.2454,2025-05-01,2025-05-01
2025-05-01,FEDFUNDS,2025-01-01,4.33,2025-05-01,2025-05-01
2025-05-01,FEDFUNDS,2025-02-01,4.33,2025-05-01,2025-05-01
2025-05-01,FEDFUNDS,2025-03-01,4.33,2025-05-01,2025-05-01
2025-05-01,FEDFUNDS,2025-04-01,4.33,2025-05-01,2025-05-01
2025-05-01,VIXCLS,2025-01-02,17.93,2025-05-01,2025-05-01
2025-05-01,VIXCLS,2025-01-03,16.13,2025-05-01,2025-05-01
2025-05-01,VIXCLS,2025-01-06,16.04,2025-05-01,2025-05-01
2025-05-01,VIXCLS,2025-01-07,17.82,2025-05-01,2025-05-01
2025-05-01,VIXCLS,2025-01-08,17.7,2025-05-01,2025-05-01
2025-05-01,VIXCLS,2025-01-09,18.07,2025-05-01,2025-05-01
2025-05-01,VIXCLS,2025-01-10,19.54,2025-05-01,2025-05-01
2025-05-01,VIXCLS,2025-01-13,19.19,2025-05-01,2025-05-01
2025-05-01,VIXCLS,2025-01-14,18.71,2025-05-01,2025-05-01
2025-05-01,VIXCLS,2025-01-15,16.12,2025-05-01,2025-05-01
2025-05-01,VIXCLS,2025-01-16,16.6,2025-05-01,2025-05-01
2025-05-01,VIXCLS,2025-01-17,15.97,2025-05-01,2025-05-01
2025-05-01,VIXCLS,2025-01-20,15.81,2025-05-01,2025-05-01
2025-05-01,VIXCLS,2025-01-21,15.06,2025-05-01,2025-05-01
2025-05-01,VIXCLS,2025-01-22,15.1,2025-05-01,2025-05-01
2025-05-01,VIXCLS,2025-01-23,15.02,2025-05-01,2025-05-01
2025-05-01,VIXCLS,2025-01-24,14.85,2025-05-01,2025-05-01
2025-05-01,VIXCLS,2025-01-27,17.9,2025-05-01,2025-05-01
2025-05-01,VIXCLS,2025-01-28,16.41,2025-05-01,2025-05-01
2025-05-01,VIXCLS,2025-01-29,16.56,2025-05-01,2025-05-01
2025-05-01,VIXCLS,2025-01-30,15.84,2025-05-01,2025-05-01
2025-05-01,VIXCLS,2025-01-31,16.43,2025-05-01,2025-05-01
2025-05-01,VIXCLS,2025-02-03,18.62,2025-05-01,2025-05-01
2025-05-01,VIXCLS,2025-02-04,17.21,2025-05-01,2025-05-01
2025-05-01,VIXCLS,2025-02-05,15.77,2025-05-01,2025-05-01
2025-05-01,VIXCLS,2025-02-06,15.5,2025-05-01,2025-05-01
2025-05-01,VIXCLS,2025-02-07,16.54,2025-05-01,2025-05-01
2025-05-01,VIXCLS,2025-02-10,15.81,2025-05-01,2025-05-01
2025-05-01,VIXCLS,2025-02-11,16.02,2025-05-01,2025-05-01
2025-05-01,VIXCLS,2025-02-12,15.89,2025-05-01,2025-05-01
2025-05-01,VIXCLS,2025-02-13,15.1,2025-05-01,2025-05-01
2025-05-01,VIXCLS,2025-02-14,14.77,2025-05-01,2025-05-01
2025-05-01,VIXCLS,2025-02-17,15.37,2025-05-01,2025-05-01
2025-05-01,VIXCLS,2025-02-18,15.35,2025-05-01,2025-05-01
2025-05-01,VIXCLS,2025-02-19,15.27,2025-05-01,2025-05-01
2025-05-01,VIXCLS,2025-02-20,15.66,2025-05-01,2025-05-01
2025-05-01,VIXCLS,2025-02-21,18.21,2025-05-01,2025-05-01
2025-05-01,VIXCLS,2025-02-24,18.98,2025-05-01,2025-05-01
2025-05-01,VIXCLS,2025-02-25,19.43,2025-05-01,2025-05-01
2025-05-01,VIXCLS,2025-02-26,19.1,2025-05-01,2025-05-01
2025-05-01,VIXCLS,2025-02-27,21.13,2025-05-01,2025-05-01
2025-05-01,VIXCLS,2025-02-28,19.63,2025-05-01,2025-05-01
2025-05-01,VIXCLS,2025-03-03,22.78,2025-05-01,2025-05-01
2025-05-01,VIXCLS,2025-03-04,23.51,2025-05-01,2025-05-01
2025-05-01,VIXCLS,2025-03-05,21.93,2025-05-01,2025-05-01
2025-05-01,VIXCLS,2025-03-06,24.87,2025-05-01,2025-05-01
2025-05-01,VIXCLS,2025-03-07,23.37,2025-05-01,2025-05-01
2025-05-01,VIXCLS,2025-03-10,27.86,2025-05-01,2025-05-01
2025-05-01,VIXCLS,2025-03-11,26.92,2025-05-01,2025-05-01
2025-05-01,VIXCLS,2025-03-12,24.23,2025-05-01,2025-05-01
2025-05-01,VIXCLS,2025-03-13,24.66,2025-05-01,2025-05-01
2025-05-01,VIXCLS,2025-03-14,21.77,2025-05-01,2025-05-01
2025-05-01,VIXCLS,2025-03-17,20.51,2025-05-01,2025-05-01
2025-05-01,VIXCLS,2025-03-18,21.7,2025-05-01,2025-05-01
2025-05-01,VIXCLS,2025-03-19,19.9,2025-05-01,2025-05-01
2025-05-01,VIXCLS,2025-03-20,19.8,2025-05-01,2025-05-01
2025-05-01,VIXCLS,2025-03-21,19.28,2025-05-01,2025-05-01
2025-05-01,VIXCLS,2025-03-24,17.48,2025-05-01,2025-05-01
2025-05-01,VIXCLS,2025-03-25,17.15,2025-05-01,2025-05-01
2025-05-01,VIXCLS,2025-03-26,18.33,2025-05-01,2025-05-01
2025-05-01,VIXCLS,2025-03-27,18.69,2025-05-01,2025-05-01
2025-05-01,VIXCLS,2025-03-28,21.65,2025-05-01,2025-05-01
2025-05-01,VIXCLS,2025-03-31,22.28,2025-05-01,2025-05-01
2025-05-01,VIXCLS,2025-04-01,21.77,2025-05-01,2025-05-01
2025-05-01,VIXCLS,2025-04-02,21.51,2025-05-01,2025-05-01
2025-05-01,VIXCLS,2025-04-03,30.02,2025-05-01,2025-05-01
2025-05-01,VIXCLS,2025-04-04,45.31,2025-05-01,2025-05-01
2025-05-01,VIXCLS,2025-04-07,46.98,2025-05-01,2025-05-01
2025-05-01,VIXCLS,2025-04-08,52.33,2025-05-01,2025-05-01
2025-05-01,VIXCLS,2025-04-09,33.62,2025-05-01,2025-05-01
2025-05-01,VIXCLS,2025-04-10,40.72,2025-05-01,2025-05-01
2025-05-01,VIXCLS,2025-04-11,37.56,2025-05-01,2025-05-01
2025-05-01,VIXCLS,2025-04-14,30.89,2025-05-01,2025-05-01
2025-05-01,VIXCLS,2025-04-15,30.12,2025-05-01,2025-05-01
2025-05-01,VIXCLS,2025-04-16,32.64,2025-05-01,2025-05-01
2025-05-01,VIXCLS,2025-04-17,29.65,2025-05-01,2025-05-01
2025-05-01,VIXCLS,2025-04-21,33.82,2025-05-01,2025-05-01
2025-05-01,VIXCLS,2025-04-22,30.57,2025-05-01,2025-05-01
2025-05-01,VIXCLS,2025-04-23,28.45,2025-05-01,2025-05-01
2025-05-01,VIXCLS,2025-04-24,26.47,2025-05-01,2025-05-01
2025-05-01,VIXCLS,2025-04-25,24.84,2025-05-01,2025-05-01
2025-05-01,VIXCLS,2025-04-28,25.15,2025-05-01,2025-05-01
2025-05-01,VIXCLS,2025-04-29,24.17,2025-05-01,2025-05-01
2025-05-01,VIXCLS,2025-04-30,24.7,2025-05-01,2025-05-01
2025-06-01,CCUSMA02BRM618N,2025-02-01,5.765345,2025-06-01,2025-06-01
2025-06-01,CCUSMA02BRM618N,2025-03-01,5.75622381,2025-06-01,2025-06-01
2025-06-01,CCUSMA02BRM618N,2025-04-01,5.789945455,2025-06-01,2025-06-01
2025-06-01,CCUSMA02CLM618N,2025-02-01,954.782765,2025-06-01,2025-06-01
2025-06-01,CCUSMA02CLM618N,2025-03-01,932.3276238,2025-06-01,2025-06-01
2025-06-01,CCUSMA02CLM618N,2025-04-01,962.8508909,2025-06-01,2025-06-01
2025-06-01,CCUSMA02MXM618N,2025-02-01,20.4073,2025-06-01,2025-06-01
2025-06-01,CCUSMA02MXM618N,2025-03-01,20.17183524,2025-06-01,2025-06-01
2025-06-01,CCUSMA02MXM618N,2025-04-01,19.96541045,2025-06-01,2025-06-01
2025-06-01,DTWEXBGS,2025-02-03,129.2815,2025-06-01,2025-06-01
2025-06-01,DTWEXBGS,2025-02-04,128.2993,2025-06-01,2025-06-01
2025-06-01,DTWEXBGS,2025-02-05,128.1725,2025-06-01,2025-06-01
2025-06-01,DTWEXBGS,2025-02-06,128.3958,2025-06-01,2025-06-01
2025-06-01,DTWEXBGS,2025-02-07,128.6144,2025-06-01,2025-06-01
2025-06-01,DTWEXBGS,2025-02-10,128.8215,2025-06-01,2025-06-01
2025-06-01,DTWEXBGS,2025-02-11,128.629,2025-06-01,2025-06-01
2025-06-01,DTWEXBGS,2025-02-12,128.5321,2025-06-01,2025-06-01
2025-06-01,DTWEXBGS,2025-02-13,128.0821,2025-06-01,2025-06-01
2025-06-01,DTWEXBGS,2025-02-14,127.3505,2025-06-01,2025-06-01
2025-06-01,DTWEXBGS,2025-02-18,127.501,2025-06-01,2025-06-01
2025-06-01,DTWEXBGS,2025-02-19,127.9207,2025-06-01,2025-06-01
2025-06-01,DTWEXBGS,2025-02-20,127.3057,2025-06-01,2025-06-01
2025-06-01,DTWEXBGS,2025-02-21,127.3285,2025-06-01,2025-06-01
2025-06-01,DTWEXBGS,2025-02-24,127.3749,2025-06-01,2025-06-01
2025-06-01,DTWEXBGS,2025-02-25,127.5544,2025-06-01,2025-06-01
2025-06-01,DTWEXBGS,2025-02-26,127.4762,2025-06-01,2025-06-01
2025-06-01,DTWEXBGS,2025-02-27,128.1589,2025-06-01,2025-06-01
2025-06-01,DTWEXBGS,2025-02-28,128.4646,2025-06-01,2025-06-01
2025-06-01,DTWEXBGS,2025-03-03,127.9558,2025-06-01,2025-06-01
2025-06-01,DTWEXBGS,2025-03-04,128.1864,2025-06-01,2025-06-01
2025-06-01,DTWEXBGS,2025-03-05,126.7441,2025-06-01,2025-06-01
2025-06-01,DTWEXBGS,2025-03-06,126.3526,2025-06-01,2025-06-01
2025-06-01,DTWEXBGS,2025-03-07,126.2243,2025-06-01,2025-06-01
2025-06-01,DTWEXBGS,2025-03-10,126.5199,2025-06-01,2025-06-01
2025-06-01,DTWEXBGS,2025-03-11,126.2896,2025-06-01,2025-06-01
2025-06-01,DTWEXBGS,2025-03-12,126.1251,2025-06-01,2025-06-01
2025-06-01,DTWEXBGS,2025-03-13,126.2551,2025-06-01,2025-06-01
2025-06-01,DTWEXBGS,2025-03-14,125.9538,2025-06-01,2025-06-01
2025-06-01,DTWEXBGS,2025-03-17,125.6291,2025-06-01,2025-06-01
2025-06-01,DTWEXBGS,2025-03-18,125.7402,2025-06-01,2025-06-01
2025-06-01,DTWEXBGS,2025-03-19,126.0515,2025-06-01,2025-06-01
2025-06-01,DTWEXBGS,2025-03-20,126.237,2025-06-01,2025-06-01
2025-06-01,DTWEXBGS,2025-03-21,126.509,2025-06-01,2025-06-01
2025-06-01,DTWEXBGS,2025-03-24,126.4403,2025-06-01,2025-06-01
2025-06-01,DTWEXBGS,2025-03-25,126.3075,2025-06-01,2025-06-01
2025-06-01,DTWEXBGS,2025-03-26,126.4839,2025-06-01,2025-06-01
2025-06-01,DTWEXBGS,2025-03-27,126.6098,2025-06-01,2025-06-01
2025-06-01,DTWEXBGS,2025-03-28,126.6599,2025-06-01,2025-06-01
2025-06-01,DTWEXBGS,2025-03-31,126.9402,2025-06-01,2025-06-01
2025-06-01,DTWEXBGS,2025-04-01,126.6783,2025-06-01,2025-06-01
2025-06-01,DTWEXBGS,2025-04-02,126.6284,2025-06-01,2025-06-01
2025-06-01,DTWEXBGS,2025-04-03,125.0254,2025-06-01,2025-06-01
2025-06-01,DTWEXBGS,2025-04-04,126.0693,2025-06-01,2025-06-01
2025-06-01,DTWEXBGS,2025-04-07,127.0629,2025-06-01,2025-06-01
2025-06-01,DTWEXBGS,2025-04-08,127.1122,2025-06-01,2025-06-01
2025-06-01,DTWEXBGS,2025-04-09,126.8819,2025-06-01,2025-06-01
2025-06-01,DTWEXBGS,2025-04-10,125.3694,2025-06-01,2025-06-01
2025-06-01,DTWEXBGS,2025-04-11,124.3156,2025-06-01,2025-06-01
2025-06-01,DTWEXBGS,2025-04-14,123.9908,2025-06-01,2025-06-01
2025-06-01,DTWEXBGS,2025-04-15,124.1129,2025-06-01,2025-06-01
2025-06-01,DTWEXBGS,2025-04-16,123.6167,2025-06-01,2025-06-01
2025-06-01,DTWEXBGS,2025-04-17,123.4733,2025-06-01,2025-06-01
2025-06-01,DTWEXBGS,2025-04-18,123.3365,2025-06-01,2025-06-01
2025-06-01,DTWEXBGS,2025-04-21,122.677,2025-06-01,2025-06-01
2025-06-01,DTWEXBGS,2025-04-22,122.7879,2025-06-01,2025-06-01
2025-06-01,DTWEXBGS,2025-04-23,123.375,2025-06-01,2025-06-01
2025-06-01,DTWEXBGS,2025-04-24,123.285,2025-06-01,2025-06-01
2025-06-01,DTWEXBGS,2025-04-25,123.2454,2025-06-01,2025-06-01
2025-06-01,DTWEXBGS,2025-04-28,123.0856,2025-06-01,2025-06-01
2025-06-01,DTWEXBGS,2025-04-29,122.9514,2025-06-01,2025-06-01
2025-06-01,DTWEXBGS,2025-04-30,122.944,2025-06-01,2025-06-01
2025-06-01,DTWEXBGS,2025-05-01,123.4811,2025-06-01,2025-06-01
2025-06-01,DTWEXBGS,2025-05-02,122.859,2025-06-01,2025-06-01
2025-06-01,DTWEXBGS,2025-05-05,122.6335,2025-06-01,2025-06-01
2025-06-01,DTWEXBGS,2025-05-06,122.3907,2025-06-01,2025-06-01
2025-06-01,DTWEXBGS,2025-05-07,122.4652,2025-06-01,2025-06-01
2025-06-01,DTWEXBGS,2025-05-08,123.1019,2025-06-01,2025-06-01
2025-06-01,DTWEXBGS,2025-05-09,122.879,2025-06-01,2025-06-01
2025-06-01,DTWEXBGS,2025-05-12,123.7948,2025-06-01,2025-06-01
2025-06-01,DTWEXBGS,2025-05-13,123.2905,2025-06-01,2025-06-01
2025-06-01,DTWEXBGS,2025-05-14,123.0145,2025-06-01,2025-06-01
2025-06-01,DTWEXBGS,2025-05-15,123.1492,2025-06-01,2025-06-01
2025-06-01,DTWEXBGS,2025-05-16,123.3969,2025-06-01,2025-06-01
2025-06-01,DTWEXBGS,2025-05-19,122.7649,2025-06-01,2025-06-01
2025-06-01,DTWEXBGS,2025-05-20,122.673,2025-06-01,2025-06-01
2025-06-01,DTWEXBGS,2025-05-21,122.1012,2025-06-01,2025-06-01
2025-06-01,DTWEXBGS,2025-05-22,122.3865,2025-06-01,2025-06-01
2025-06-01,DTWEXBGS,2025-05-23,121.7283,2025-06-01,2025-06-01
2025-06-01,FEDFUNDS,2025-02-01,4.33,2025-06-01,2025-06-01
2025-06-01,FEDFUNDS,2025-03-01,4.33,2025-06-01,2025-06-01
2025-06-01,FEDFUNDS,2025-04-01,4.33,2025-06-01,2025-06-01
2025-06-01,VIXCLS,2025-02-03,18.62,2025-06-01,2025-06-01
2025-06-01,VIXCLS,2025-02-04,17.21,2025-06-01,2025-06-01
2025-06-01,VIXCLS,2025-02-05,15.77,2025-06-01,2025-06-01
2025-06-01,VIXCLS,2025-02-06,15.5,2025-06-01,2025-06-01
2025-06-01,VIXCLS,2025-02-07,16.54,2025-06-01,2025-06-01
2025-06-01,VIXCLS,2025-02-10,15.81,2025-06-01,2025-06-01
2025-06-01,VIXCLS,2025-02-11,16.02,2025-06-01,2025-06-01
2025-06-01,VIXCLS,2025-02-12,15.89,2025-06-01,2025-06-01
2025-06-01,VIXCLS,2025-02-13,15.1,2025-06-01,2025-06-01
2025-06-01,VIXCLS,2025-02-14,14.77,2025-06-01,2025-06-01
2025-06-01,VIXCLS,2025-02-17,15.37,2025-06-01,2025-06-01
2025-06-01,VIXCLS,2025-02-18,15.35,2025-06-01,2025-06-01
2025-06-01,VIXCLS,2025-02-19,15.27,2025-06-01,2025-06-01
2025-06-01,VIXCLS,2025-02-20,15.66,2025-06-01,2025-06-01
2025-06-01,VIXCLS,2025-02-21,18.21,2025-06-01,2025-06-01
2025-06-01,VIXCLS,2025-02-24,18.98,2025-06-01,2025-06-01
2025-06-01,VIXCLS,2025-02-25,19.43,2025-06-01,2025-06-01
2025-06-01,VIXCLS,2025-02-26,19.1,2025-06-01,2025-06-01
2025-06-01,VIXCLS,2025-02-27,21.13,2025-06-01,2025-06-01
2025-06-01,VIXCLS,2025-02-28,19.63,2025-06-01,2025-06-01
2025-06-01,VIXCLS,2025-03-03,22.78,2025-06-01,2025-06-01
2025-06-01,VIXCLS,2025-03-04,23.51,2025-06-01,2025-06-01
2025-06-01,VIXCLS,2025-03-05,21.93,2025-06-01,2025-06-01
2025-06-01,VIXCLS,2025-03-06,24.87,2025-06-01,2025-06-01
2025-06-01,VIXCLS,2025-03-07,23.37,2025-06-01,2025-06-01
2025-06-01,VIXCLS,2025-03-10,27.86,2025-06-01,2025-06-01
2025-06-01,VIXCLS,2025-03-11,26.92,2025-06-01,2025-06-01
2025-06-01,VIXCLS,2025-03-12,24.23,2025-06-01,2025-06-01
2025-06-01,VIXCLS,2025-03-13,24.66,2025-06-01,2025-06-01
2025-06-01,VIXCLS,2025-03-14,21.77,2025-06-01,2025-06-01
2025-06-01,VIXCLS,2025-03-17,20.51,2025-06-01,2025-06-01
2025-06-01,VIXCLS,2025-03-18,21.7,2025-06-01,2025-06-01
2025-06-01,VIXCLS,2025-03-19,19.9,2025-06-01,2025-06-01
2025-06-01,VIXCLS,2025-03-20,19.8,2025-06-01,2025-06-01
2025-06-01,VIXCLS,2025-03-21,19.28,2025-06-01,2025-06-01
2025-06-01,VIXCLS,2025-03-24,17.48,2025-06-01,2025-06-01
2025-06-01,VIXCLS,2025-03-25,17.15,2025-06-01,2025-06-01
2025-06-01,VIXCLS,2025-03-26,18.33,2025-06-01,2025-06-01
2025-06-01,VIXCLS,2025-03-27,18.69,2025-06-01,2025-06-01
2025-06-01,VIXCLS,2025-03-28,21.65,2025-06-01,2025-06-01
2025-06-01,VIXCLS,2025-03-31,22.28,2025-06-01,2025-06-01
2025-06-01,VIXCLS,2025-04-01,21.77,2025-06-01,2025-06-01
2025-06-01,VIXCLS,2025-04-02,21.51,2025-06-01,2025-06-01
2025-06-01,VIXCLS,2025-04-03,30.02,2025-06-01,2025-06-01
2025-06-01,VIXCLS,2025-04-04,45.31,2025-06-01,2025-06-01
2025-06-01,VIXCLS,2025-04-07,46.98,2025-06-01,2025-06-01
2025-06-01,VIXCLS,2025-04-08,52.33,2025-06-01,2025-06-01
2025-06-01,VIXCLS,2025-04-09,33.62,2025-06-01,2025-06-01
2025-06-01,VIXCLS,2025-04-10,40.72,2025-06-01,2025-06-01
2025-06-01,VIXCLS,2025-04-11,37.56,2025-06-01,2025-06-01
2025-06-01,VIXCLS,2025-04-14,30.89,2025-06-01,2025-06-01
2025-06-01,VIXCLS,2025-04-15,30.12,2025-06-01,2025-06-01
2025-06-01,VIXCLS,2025-04-16,32.64,2025-06-01,2025-06-01
2025-06-01,VIXCLS,2025-04-17,29.65,2025-06-01,2025-06-01
2025-06-01,VIXCLS,2025-04-21,33.82,2025-06-01,2025-06-01
2025-06-01,VIXCLS,2025-04-22,30.57,2025-06-01,2025-06-01
2025-06-01,VIXCLS,2025-04-23,28.45,2025-06-01,2025-06-01
2025-06-01,VIXCLS,2025-04-24,26.47,2025-06-01,2025-06-01
2025-06-01,VIXCLS,2025-04-25,24.84,2025-06-01,2025-06-01
2025-06-01,VIXCLS,2025-04-28,25.15,2025-06-01,2025-06-01
2025-06-01,VIXCLS,2025-04-29,24.17,2025-06-01,2025-06-01
2025-06-01,VIXCLS,2025-04-30,24.7,2025-06-01,2025-06-01
2025-06-01,VIXCLS,2025-05-01,24.6,2025-06-01,2025-06-01
2025-06-01,VIXCLS,2025-05-02,22.68,2025-06-01,2025-06-01
2025-06-01,VIXCLS,2025-05-05,23.64,2025-06-01,2025-06-01
2025-06-01,VIXCLS,2025-05-06,24.76,2025-06-01,2025-06-01
2025-06-01,VIXCLS,2025-05-07,23.55,2025-06-01,2025-06-01
2025-06-01,VIXCLS,2025-05-08,22.48,2025-06-01,2025-06-01
2025-06-01,VIXCLS,2025-05-09,21.9,2025-06-01,2025-06-01
2025-06-01,VIXCLS,2025-05-12,18.39,2025-06-01,2025-06-01
2025-06-01,VIXCLS,2025-05-13,18.22,2025-06-01,2025-06-01
2025-06-01,VIXCLS,2025-05-14,18.62,2025-06-01,2025-06-01
2025-06-01,VIXCLS,2025-05-15,17.83,2025-06-01,2025-06-01
2025-06-01,VIXCLS,2025-05-16,17.24,2025-06-01,2025-06-01
2025-06-01,VIXCLS,2025-05-19,18.14,2025-06-01,2025-06-01
2025-06-01,VIXCLS,2025-05-20,18.09,2025-06-01,2025-06-01
2025-06-01,VIXCLS,2025-05-21,20.87,2025-06-01,2025-06-01
2025-06-01,VIXCLS,2025-05-22,20.28,2025-06-01,2025-06-01
2025-06-01,VIXCLS,2025-05-23,22.29,2025-06-01,2025-06-01
2025-06-01,VIXCLS,2025-05-26,20.57,2025-06-01,2025-06-01
2025-06-01,VIXCLS,2025-05-27,18.96,2025-06-01,2025-06-01
2025-06-01,VIXCLS,2025-05-28,19.31,2025-06-01,2025-06-01
2025-06-01,VIXCLS,2025-05-29,19.18,2025-06-01,2025-06-01
2025-06-01,VIXCLS,2025-05-30,18.57,2025-06-01,2025-06-01
2025-07-01,CCUSMA02BRM618N,2025-03-01,5.75622381,2025-07-01,2025-07-01
2025-07-01,CCUSMA02BRM618N,2025-04-01,5.789945455,2025-07-01,2025-07-01
2025-07-01,CCUSMA02BRM618N,2025-05-01,5.666786364,2025-07-01,2025-07-01
2025-07-01,CCUSMA02CLM618N,2025-03-01,932.3276238,2025-07-01,2025-07-01
2025-07-01,CCUSMA02CLM618N,2025-04-01,962.8508909,2025-07-01,2025-07-01
2025-07-01,CCUSMA02CLM618N,2025-05-01,940.4631955,2025-07-01,2025-07-01
2025-07-01,CCUSMA02MXM618N,2025-03-01,20.17183524,2025-07-01,2025-07-01
2025-07-01,CCUSMA02MXM618N,2025-04-01,19.96541045,2025-07-01,2025-07-01
2025-07-01,CCUSMA02MXM618N,2025-05-01,19.40206773,2025-07-01,2025-07-01
2025-07-01,DTWEXBGS,2025-03-03,127.9558,2025-07-01,2025-07-01
2025-07-01,DTWEXBGS,2025-03-04,128.1864,2025-07-01,2025-07-01
2025-07-01,DTWEXBGS,2025-03-05,126.7441,2025-07-01,2025-07-01
2025-07-01,DTWEXBGS,2025-03-06,126.3526,2025-07-01,2025-07-01
2025-07-01,DTWEXBGS,2025-03-07,126.2243,2025-07-01,2025-07-01
2025-07-01,DTWEXBGS,2025-03-10,126.5199,2025-07-01,2025-07-01
2025-07-01,DTWEXBGS,2025-03-11,126.2896,2025-07-01,2025-07-01
2025-07-01,DTWEXBGS,2025-03-12,126.1251,2025-07-01,2025-07-01
2025-07-01,DTWEXBGS,2025-03-13,126.2551,2025-07-01,2025-07-01
2025-07-01,DTWEXBGS,2025-03-14,125.9538,2025-07-01,2025-07-01
2025-07-01,DTWEXBGS,2025-03-17,125.6291,2025-07-01,2025-07-01
2025-07-01,DTWEXBGS,2025-03-18,125.7402,2025-07-01,2025-07-01
2025-07-01,DTWEXBGS,2025-03-19,126.0515,2025-07-01,2025-07-01
2025-07-01,DTWEXBGS,2025-03-20,126.237,2025-07-01,2025-07-01
2025-07-01,DTWEXBGS,2025-03-21,126.509,2025-07-01,2025-07-01
2025-07-01,DTWEXBGS,2025-03-24,126.4403,2025-07-01,2025-07-01
2025-07-01,DTWEXBGS,2025-03-25,126.3075,2025-07-01,2025-07-01
2025-07-01,DTWEXBGS,2025-03-26,126.4839,2025-07-01,2025-07-01
2025-07-01,DTWEXBGS,2025-03-27,126.6098,2025-07-01,2025-07-01
2025-07-01,DTWEXBGS,2025-03-28,126.6599,2025-07-01,2025-07-01
2025-07-01,DTWEXBGS,2025-03-31,126.9402,2025-07-01,2025-07-01
2025-07-01,DTWEXBGS,2025-04-01,126.6783,2025-07-01,2025-07-01
2025-07-01,DTWEXBGS,2025-04-02,126.6284,2025-07-01,2025-07-01
2025-07-01,DTWEXBGS,2025-04-03,125.0254,2025-07-01,2025-07-01
2025-07-01,DTWEXBGS,2025-04-04,126.0693,2025-07-01,2025-07-01
2025-07-01,DTWEXBGS,2025-04-07,127.0629,2025-07-01,2025-07-01
2025-07-01,DTWEXBGS,2025-04-08,127.1122,2025-07-01,2025-07-01
2025-07-01,DTWEXBGS,2025-04-09,126.8819,2025-07-01,2025-07-01
2025-07-01,DTWEXBGS,2025-04-10,125.3694,2025-07-01,2025-07-01
2025-07-01,DTWEXBGS,2025-04-11,124.3156,2025-07-01,2025-07-01
2025-07-01,DTWEXBGS,2025-04-14,123.9908,2025-07-01,2025-07-01
2025-07-01,DTWEXBGS,2025-04-15,124.1129,2025-07-01,2025-07-01
2025-07-01,DTWEXBGS,2025-04-16,123.6167,2025-07-01,2025-07-01
2025-07-01,DTWEXBGS,2025-04-17,123.4733,2025-07-01,2025-07-01
2025-07-01,DTWEXBGS,2025-04-18,123.3365,2025-07-01,2025-07-01
2025-07-01,DTWEXBGS,2025-04-21,122.677,2025-07-01,2025-07-01
2025-07-01,DTWEXBGS,2025-04-22,122.7879,2025-07-01,2025-07-01
2025-07-01,DTWEXBGS,2025-04-23,123.375,2025-07-01,2025-07-01
2025-07-01,DTWEXBGS,2025-04-24,123.285,2025-07-01,2025-07-01
2025-07-01,DTWEXBGS,2025-04-25,123.2454,2025-07-01,2025-07-01
2025-07-01,DTWEXBGS,2025-04-28,123.0856,2025-07-01,2025-07-01
2025-07-01,DTWEXBGS,2025-04-29,122.9514,2025-07-01,2025-07-01
2025-07-01,DTWEXBGS,2025-04-30,122.944,2025-07-01,2025-07-01
2025-07-01,DTWEXBGS,2025-05-01,123.4811,2025-07-01,2025-07-01
2025-07-01,DTWEXBGS,2025-05-02,122.859,2025-07-01,2025-07-01
2025-07-01,DTWEXBGS,2025-05-05,122.6335,2025-07-01,2025-07-01
2025-07-01,DTWEXBGS,2025-05-06,122.3907,2025-07-01,2025-07-01
2025-07-01,DTWEXBGS,2025-05-07,122.4652,2025-07-01,2025-07-01
2025-07-01,DTWEXBGS,2025-05-08,123.1019,2025-07-01,2025-07-01
2025-07-01,DTWEXBGS,2025-05-09,122.879,2025-07-01,2025-07-01
2025-07-01,DTWEXBGS,2025-05-12,123.7948,2025-07-01,2025-07-01
2025-07-01,DTWEXBGS,2025-05-13,123.2905,2025-07-01,2025-07-01
2025-07-01,DTWEXBGS,2025-05-14,123.0145,2025-07-01,2025-07-01
2025-07-01,DTWEXBGS,2025-05-15,123.1492,2025-07-01,2025-07-01
2025-07-01,DTWEXBGS,2025-05-16,123.3969,2025-07-01,2025-07-01
2025-07-01,DTWEXBGS,2025-05-19,122.7649,2025-07-01,2025-07-01
2025-07-01,DTWEXBGS,2025-05-20,122.673,2025-07-01,2025-07-01
2025-07-01,DTWEXBGS,2025-05-21,122.1012,2025-07-01,2025-07-01
2025-07-01,DTWEXBGS,2025-05-22,122.3865,2025-07-01,2025-07-01
2025-07-01,DTWEXBGS,2025-05-23,121.7283,2025-07-01,2025-07-01
2025-07-01,DTWEXBGS,2025-05-27,121.9634,2025-07-01,2025-07-01
2025-07-01,DTWEXBGS,2025-05-28,122.3295,2025-07-01,2025-07-01
2025-07-01,DTWEXBGS,2025-05-29,121.9108,2025-07-01,2025-07-01
2025-07-01,DTWEXBGS,2025-05-30,122.1112,2025-07-01,2025-07-01
2025-07-01,DTWEXBGS,2025-06-02,121.549,2025-07-01,2025-07-01
2025-07-01,DTWEXBGS,2025-06-03,121.808,2025-07-01,2025-07-01
2025-07-01,DTWEXBGS,2025-06-04,121.4093,2025-07-01,2025-07-01
2025-07-01,DTWEXBGS,2025-06-05,121.3178,2025-07-01,2025-07-01
2025-07-01,DTWEXBGS,2025-06-06,121.5217,2025-07-01,2025-07-01
2025-07-01,DTWEXBGS,2025-06-09,121.2757,2025-07-01,2025-07-01
2025-07-01,DTWEXBGS,2025-06-10,121.4134,2025-07-01,2025-07-01
2025-07-01,DTWEXBGS,2025-06-11,120.9763,2025-07-01,2025-07-01
2025-07-01,DTWEXBGS,2025-06-12,120.565,2025-07-01,2025-07-01
2025-07-01,DTWEXBGS,2025-06-13,120.7131,2025-07-01,2025-07-01
2025-07-01,DTWEXBGS,2025-06-16,120.5449,2025-07-01,2025-07-01
2025-07-01,DTWEXBGS,2025-06-17,120.8862,2025-07-01,2025-07-01
2025-07-01,DTWEXBGS,2025-06-18,121.1093,2025-07-01,2025-07-01
2025-07-01,DTWEXBGS,2025-06-20,121.411,2025-07-01,2025-07-01
2025-07-01,DTWEXBGS,2025-06-23,121.5412,2025-07-01,2025-07-01
2025-07-01,DTWEXBGS,2025-06-24,120.7549,2025-07-01,2025-07-01
2025-07-01,DTWEXBGS,2025-06-25,120.7333,2025-07-01,2025-07-01
2025-07-01,DTWEXBGS,2025-06-26,120.0587,2025-07-01,2025-07-01
2025-07-01,DTWEXBGS,2025-06-27,120.0786,2025-07-01,2025-07-01
2025-07-01,FEDFUNDS,2025-03-01,4.33,2025-07-01,2025-07-01
2025-07-01,FEDFUNDS,2025-04-01,4.33,2025-07-01,2025-07-01
2025-07-01,FEDFUNDS,2025-05-01,4.33,2025-07-01,2025-07-01
2025-07-01,FEDFUNDS,2025-06-01,4.33,2025-07-01,2025-07-01
2025-07-01,VIXCLS,2025-03-03,22.78,2025-07-01,2025-07-01
2025-07-01,VIXCLS,2025-03-04,23.51,2025-07-01,2025-07-01
2025-07-01,VIXCLS,2025-03-05,21.93,2025-07-01,2025-07-01
2025-07-01,VIXCLS,2025-03-06,24.87,2025-07-01,2025-07-01
2025-07-01,VIXCLS,2025-03-07,23.37,2025-07-01,2025-07-01
2025-07-01,VIXCLS,2025-03-10,27.86,2025-07-01,2025-07-01
2025-07-01,VIXCLS,2025-03-11,26.92,2025-07-01,2025-07-01
2025-07-01,VIXCLS,2025-03-12,24.23,2025-07-01,2025-07-01
2025-07-01,VIXCLS,2025-03-13,24.66,2025-07-01,2025-07-01
2025-07-01,VIXCLS,2025-03-14,21.77,2025-07-01,2025-07-01
2025-07-01,VIXCLS,2025-03-17,20.51,2025-07-01,2025-07-01
2025-07-01,VIXCLS,2025-03-18,21.7,2025-07-01,2025-07-01
2025-07-01,VIXCLS,2025-03-19,19.9,2025-07-01,2025-07-01
2025-07-01,VIXCLS,2025-03-20,19.8,2025-07-01,2025-07-01
2025-07-01,VIXCLS,2025-03-21,19.28,2025-07-01,2025-07-01
2025-07-01,VIXCLS,2025-03-24,17.48,2025-07-01,2025-07-01
2025-07-01,VIXCLS,2025-03-25,17.15,2025-07-01,2025-07-01
2025-07-01,VIXCLS,2025-03-26,18.33,2025-07-01,2025-07-01
2025-07-01,VIXCLS,2025-03-27,18.69,2025-07-01,2025-07-01
2025-07-01,VIXCLS,2025-03-28,21.65,2025-07-01,2025-07-01
2025-07-01,VIXCLS,2025-03-31,22.28,2025-07-01,2025-07-01
2025-07-01,VIXCLS,2025-04-01,21.77,2025-07-01,2025-07-01
2025-07-01,VIXCLS,2025-04-02,21.51,2025-07-01,2025-07-01
2025-07-01,VIXCLS,2025-04-03,30.02,2025-07-01,2025-07-01
2025-07-01,VIXCLS,2025-04-04,45.31,2025-07-01,2025-07-01
2025-07-01,VIXCLS,2025-04-07,46.98,2025-07-01,2025-07-01
2025-07-01,VIXCLS,2025-04-08,52.33,2025-07-01,2025-07-01
2025-07-01,VIXCLS,2025-04-09,33.62,2025-07-01,2025-07-01
2025-07-01,VIXCLS,2025-04-10,40.72,2025-07-01,2025-07-01
2025-07-01,VIXCLS,2025-04-11,37.56,2025-07-01,2025-07-01
2025-07-01,VIXCLS,2025-04-14,30.89,2025-07-01,2025-07-01
2025-07-01,VIXCLS,2025-04-15,30.12,2025-07-01,2025-07-01
2025-07-01,VIXCLS,2025-04-16,32.64,2025-07-01,2025-07-01
2025-07-01,VIXCLS,2025-04-17,29.65,2025-07-01,2025-07-01
2025-07-01,VIXCLS,2025-04-21,33.82,2025-07-01,2025-07-01
2025-07-01,VIXCLS,2025-04-22,30.57,2025-07-01,2025-07-01
2025-07-01,VIXCLS,2025-04-23,28.45,2025-07-01,2025-07-01
2025-07-01,VIXCLS,2025-04-24,26.47,2025-07-01,2025-07-01
2025-07-01,VIXCLS,2025-04-25,24.84,2025-07-01,2025-07-01
2025-07-01,VIXCLS,2025-04-28,25.15,2025-07-01,2025-07-01
2025-07-01,VIXCLS,2025-04-29,24.17,2025-07-01,2025-07-01
2025-07-01,VIXCLS,2025-04-30,24.7,2025-07-01,2025-07-01
2025-07-01,VIXCLS,2025-05-01,24.6,2025-07-01,2025-07-01
2025-07-01,VIXCLS,2025-05-02,22.68,2025-07-01,2025-07-01
2025-07-01,VIXCLS,2025-05-05,23.64,2025-07-01,2025-07-01
2025-07-01,VIXCLS,2025-05-06,24.76,2025-07-01,2025-07-01
2025-07-01,VIXCLS,2025-05-07,23.55,2025-07-01,2025-07-01
2025-07-01,VIXCLS,2025-05-08,22.48,2025-07-01,2025-07-01
2025-07-01,VIXCLS,2025-05-09,21.9,2025-07-01,2025-07-01
2025-07-01,VIXCLS,2025-05-12,18.39,2025-07-01,2025-07-01
2025-07-01,VIXCLS,2025-05-13,18.22,2025-07-01,2025-07-01
2025-07-01,VIXCLS,2025-05-14,18.62,2025-07-01,2025-07-01
2025-07-01,VIXCLS,2025-05-15,17.83,2025-07-01,2025-07-01
2025-07-01,VIXCLS,2025-05-16,17.24,2025-07-01,2025-07-01
2025-07-01,VIXCLS,2025-05-19,18.14,2025-07-01,2025-07-01
2025-07-01,VIXCLS,2025-05-20,18.09,2025-07-01,2025-07-01
2025-07-01,VIXCLS,2025-05-21,20.87,2025-07-01,2025-07-01
2025-07-01,VIXCLS,2025-05-22,20.28,2025-07-01,2025-07-01
2025-07-01,VIXCLS,2025-05-23,22.29,2025-07-01,2025-07-01
2025-07-01,VIXCLS,2025-05-26,20.57,2025-07-01,2025-07-01
2025-07-01,VIXCLS,2025-05-27,18.96,2025-07-01,2025-07-01
2025-07-01,VIXCLS,2025-05-28,19.31,2025-07-01,2025-07-01
2025-07-01,VIXCLS,2025-05-29,19.18,2025-07-01,2025-07-01
2025-07-01,VIXCLS,2025-05-30,18.57,2025-07-01,2025-07-01
2025-07-01,VIXCLS,2025-06-02,18.36,2025-07-01,2025-07-01
2025-07-01,VIXCLS,2025-06-03,17.69,2025-07-01,2025-07-01
2025-07-01,VIXCLS,2025-06-04,17.61,2025-07-01,2025-07-01
2025-07-01,VIXCLS,2025-06-05,18.48,2025-07-01,2025-07-01
2025-07-01,VIXCLS,2025-06-06,16.77,2025-07-01,2025-07-01
2025-07-01,VIXCLS,2025-06-09,17.16,2025-07-01,2025-07-01
2025-07-01,VIXCLS,2025-06-10,16.95,2025-07-01,2025-07-01
2025-07-01,VIXCLS,2025-06-11,17.26,2025-07-01,2025-07-01
2025-07-01,VIXCLS,2025-06-12,18.02,2025-07-01,2025-07-01
2025-07-01,VIXCLS,2025-06-13,20.82,2025-07-01,2025-07-01
2025-07-01,VIXCLS,2025-06-16,19.11,2025-07-01,2025-07-01
2025-07-01,VIXCLS,2025-06-17,21.6,2025-07-01,2025-07-01
2025-07-01,VIXCLS,2025-06-18,20.14,2025-07-01,2025-07-01
2025-07-01,VIXCLS,2025-06-19,22.17,2025-07-01,2025-07-01
2025-07-01,VIXCLS,2025-06-20,20.62,2025-07-01,2025-07-01
2025-07-01,VIXCLS,2025-06-23,19.83,2025-07-01,2025-07-01
2025-07-01,VIXCLS,2025-06-24,17.48,2025-07-01,2025-07-01
2025-07-01,VIXCLS,2025-06-25,16.76,2025-07-01,2025-07-01
2025-07-01,VIXCLS,2025-06-26,16.59,2025-07-01,2025-07-01
2025-07-01,VIXCLS,2025-06-27,16.32,2025-07-01,2025-07-01
2025-07-01,VIXCLS,2025-06-30,16.73,2025-07-01,2025-07-01
2025-08-01,CCUSMA02BRM618N,2025-04-01,5.789945455,2025-08-01,2025-08-01
2025-08-01,CCUSMA02BRM618N,2025-05-01,5.666786364,2025-08-01,2025-08-01
2025-08-01,CCUSMA02BRM618N,2025-06-01,5.543938095,2025-08-01,2025-08-01
2025-08-01,CCUSMA02CLM618N,2025-04-01,962.8508909,2025-08-01,2025-08-01
2025-08-01,CCUSMA02CLM618N,2025-05-01,940.4631955,2025-08-01,2025-08-01
2025-08-01,CCUSMA02CLM618N,2025-06-01,937.3952429,2025-08-01,2025-08-01
2025-08-01,CCUSMA02MXM618N,2025-04-01,19.96541045,2025-08-01,2025-08-01
2025-08-01,CCUSMA02MXM618N,2025-05-01,19.40206773,2025-08-01,2025-08-01
2025-08-01,CCUSMA02MXM618N,2025-06-01,18.99023762,2025-08-01,2025-08-01
2025-08-01,DTWEXBGS,2025-04-01,126.6783,2025-08-01,2025-08-01
2025-08-01,DTWEXBGS,2025-04-02,126.6284,2025-08-01,2025-08-01
2025-08-01,DTWEXBGS,2025-04-03,125.0254,2025-08-01,2025-08-01
2025-08-01,DTWEXBGS,2025-04-04,126.0693,2025-08-01,2025-08-01
2025-08-01,DTWEXBGS,2025-04-07,127.0629,2025-08-01,2025-08-01
2025-08-01,DTWEXBGS,2025-04-08,127.1122,2025-08-01,2025-08-01
2025-08-01,DTWEXBGS,2025-04-09,126.8819,2025-08-01,2025-08-01
2025-08-01,DTWEXBGS,2025-04-10,125.3694,2025-08-01,2025-08-01
2025-08-01,DTWEXBGS,2025-04-11,124.3156,2025-08-01,2025-08-01
2025-08-01,DTWEXBGS,2025-04-14,123.9908,2025-08-01,2025-08-01
2025-08-01,DTWEXBGS,2025-04-15,124.1129,2025-08-01,2025-08-01
2025-08-01,DTWEXBGS,2025-04-16,123.6167,2025-08-01,2025-08-01
2025-08-01,DTWEXBGS,2025-04-17,123.4733,2025-08-01,2025-08-01
2025-08-01,DTWEXBGS,2025-04-18,123.3365,2025-08-01,2025-08-01
2025-08-01,DTWEXBGS,2025-04-21,122.677,2025-08-01,2025-08-01
2025-08-01,DTWEXBGS,2025-04-22,122.7879,2025-08-01,2025-08-01
2025-08-01,DTWEXBGS,2025-04-23,123.375,2025-08-01,2025-08-01
2025-08-01,DTWEXBGS,2025-04-24,123.285,2025-08-01,2025-08-01
2025-08-01,DTWEXBGS,2025-04-25,123.2454,2025-08-01,2025-08-01
2025-08-01,DTWEXBGS,2025-04-28,123.0856,2025-08-01,2025-08-01
2025-08-01,DTWEXBGS,2025-04-29,122.9514,2025-08-01,2025-08-01
2025-08-01,DTWEXBGS,2025-04-30,122.944,2025-08-01,2025-08-01
2025-08-01,DTWEXBGS,2025-05-01,123.4811,2025-08-01,2025-08-01
2025-08-01,DTWEXBGS,2025-05-02,122.859,2025-08-01,2025-08-01
2025-08-01,DTWEXBGS,2025-05-05,122.6335,2025-08-01,2025-08-01
2025-08-01,DTWEXBGS,2025-05-06,122.3907,2025-08-01,2025-08-01
2025-08-01,DTWEXBGS,2025-05-07,122.4652,2025-08-01,2025-08-01
2025-08-01,DTWEXBGS,2025-05-08,123.1019,2025-08-01,2025-08-01
2025-08-01,DTWEXBGS,2025-05-09,122.879,2025-08-01,2025-08-01
2025-08-01,DTWEXBGS,2025-05-12,123.7948,2025-08-01,2025-08-01
2025-08-01,DTWEXBGS,2025-05-13,123.2905,2025-08-01,2025-08-01
2025-08-01,DTWEXBGS,2025-05-14,123.0145,2025-08-01,2025-08-01
2025-08-01,DTWEXBGS,2025-05-15,123.1492,2025-08-01,2025-08-01
2025-08-01,DTWEXBGS,2025-05-16,123.3969,2025-08-01,2025-08-01
2025-08-01,DTWEXBGS,2025-05-19,122.7649,2025-08-01,2025-08-01
2025-08-01,DTWEXBGS,2025-05-20,122.673,2025-08-01,2025-08-01
2025-08-01,DTWEXBGS,2025-05-21,122.1012,2025-08-01,2025-08-01
2025-08-01,DTWEXBGS,2025-05-22,122.3865,2025-08-01,2025-08-01
2025-08-01,DTWEXBGS,2025-05-23,121.7283,2025-08-01,2025-08-01
2025-08-01,DTWEXBGS,2025-05-27,121.9634,2025-08-01,2025-08-01
2025-08-01,DTWEXBGS,2025-05-28,122.3295,2025-08-01,2025-08-01
2025-08-01,DTWEXBGS,2025-05-29,121.9108,2025-08-01,2025-08-01
2025-08-01,DTWEXBGS,2025-05-30,122.1112,2025-08-01,2025-08-01
2025-08-01,DTWEXBGS,2025-06-02,121.549,2025-08-01,2025-08-01
2025-08-01,DTWEXBGS,2025-06-03,121.808,2025-08-01,2025-08-01
2025-08-01,DTWEXBGS,2025-06-04,121.4093,2025-08-01,2025-08-01
2025-08-01,DTWEXBGS,2025-06-05,121.3178,2025-08-01,2025-08-01
2025-08-01,DTWEXBGS,2025-06-06,121.5217,2025-08-01,2025-08-01
2025-08-01,DTWEXBGS,2025-06-09,121.2757,2025-08-01,2025-08-01
2025-08-01,DTWEXBGS,2025-06-10,121.4134,2025-08-01,2025-08-01
2025-08-01,DTWEXBGS,2025-06-11,120.9763,2025-08-01,2025-08-01
2025-08-01,DTWEXBGS,2025-06-12,120.565,2025-08-01,2025-08-01
2025-08-01,DTWEXBGS,2025-06-13,120.7131,2025-08-01,2025-08-01
2025-08-01,DTWEXBGS,2025-06-16,120.5449,2025-08-01,2025-08-01
2025-08-01,DTWEXBGS,2025-06-17,120.8862,2025-08-01,2025-08-01
2025-08-01,DTWEXBGS,2025-06-18,121.1093,2025-08-01,2025-08-01
2025-08-01,DTWEXBGS,2025-06-20,121.411,2025-08-01,2025-08-01
2025-08-01,DTWEXBGS,2025-06-23,121.5412,2025-08-01,2025-08-01
2025-08-01,DTWEXBGS,2025-06-24,120.7549,2025-08-01,2025-08-01
2025-08-01,DTWEXBGS,2025-06-25,120.7333,2025-08-01,2025-08-01
2025-08-01,DTWEXBGS,2025-06-26,120.0587,2025-08-01,2025-08-01
2025-08-01,DTWEXBGS,2025-06-27,120.0786,2025-08-01,2025-08-01
2025-08-01,DTWEXBGS,2025-06-30,119.8269,2025-08-01,2025-08-01
2025-08-01,DTWEXBGS,2025-07-01,119.7678,2025-08-01,2025-08-01
2025-08-01,DTWEXBGS,2025-07-02,119.7289,2025-08-01,2025-08-01
2025-08-01,DTWEXBGS,2025-07-03,119.6678,2025-08-01,2025-08-01
2025-08-01,DTWEXBGS,2025-07-07,120.0481,2025-08-01,2025-08-01
2025-08-01,DTWEXBGS,2025-07-08,120.2589,2025-08-01,2025-08-01
2025-08-01,DTWEXBGS,2025-07-09,120.1608,2025-08-01,2025-08-01
2025-08-01,DTWEXBGS,2025-07-10,120.253,2025-08-01,2025-08-01
2025-08-01,DTWEXBGS,2025-07-11,120.3354,2025-08-01,2025-08-01
2025-08-01,DTWEXBGS,2025-07-14,120.6252,2025-08-01,2025-08-01
2025-08-01,DTWEXBGS,2025-07-15,120.9095,2025-08-01,2025-08-01
2025-08-01,DTWEXBGS,2025-07-16,120.8232,2025-08-01,2025-08-01
2025-08-01,DTWEXBGS,2025-07-17,121.0417,2025-08-01,2025-08-01
2025-08-01,DTWEXBGS,2025-07-18,120.7674,2025-08-01,2025-08-01
2025-08-01,DTWEXBGS,2025-07-21,120.4157,2025-08-01,2025-08-01
2025-08-01,DTWEXBGS,2025-07-22,120.1036,2025-08-01,2025-08-01
2025-08-01,DTWEXBGS,2025-07-23,119.9888,2025-08-01,2025-08-01
2025-08-01,DTWEXBGS,2025-07-24,119.9892,2025-08-01,2025-08-01
2025-08-01,DTWEXBGS,2025-07-25,120.4082,2025-08-01,2025-08-01
2025-08-01,FEDFUNDS,2025-04-01,4.33,2025-08-01,2025-08-01
2025-08-01,FEDFUNDS,2025-05-01,4.33,2025-08-01,2025-08-01
2025-08-01,FEDFUNDS,2025-06-01,4.33,2025-08-01,2025-08-01
2025-08-01,FEDFUNDS,2025-07-01,4.33,2025-08-01,2025-08-01
2025-08-01,VIXCLS,2025-04-01,21.77,2025-08-01,2025-08-01
2025-08-01,VIXCLS,2025-04-02,21.51,2025-08-01,2025-08-01
2025-08-01,VIXCLS,2025-04-03,30.02,2025-08-01,2025-08-01
2025-08-01,VIXCLS,2025-04-04,45.31,2025-08-01,2025-08-01
2025-08-01,VIXCLS,2025-04-07,46.98,2025-08-01,2025-08-01
2025-08-01,VIXCLS,2025-04-08,52.33,2025-08-01,2025-08-01
2025-08-01,VIXCLS,2025-04-09,33.62,2025-08-01,2025-08-01
2025-08-01,VIXCLS,2025-04-10,40.72,2025-08-01,2025-08-01
2025-08-01,VIXCLS,2025-04-11,37.56,2025-08-01,2025-08-01
2025-08-01,VIXCLS,2025-04-14,30.89,2025-08-01,2025-08-01
2025-08-01,VIXCLS,2025-04-15,30.12,2025-08-01,2025-08-01
2025-08-01,VIXCLS,2025-04-16,32.64,2025-08-01,2025-08-01
2025-08-01,VIXCLS,2025-04-17,29.65,2025-08-01,2025-08-01
2025-08-01,VIXCLS,2025-04-21,33.82,2025-08-01,2025-08-01
2025-08-01,VIXCLS,2025-04-22,30.57,2025-08-01,2025-08-01
2025-08-01,VIXCLS,2025-04-23,28.45,2025-08-01,2025-08-01
2025-08-01,VIXCLS,2025-04-24,26.47,2025-08-01,2025-08-01
2025-08-01,VIXCLS,2025-04-25,24.84,2025-08-01,2025-08-01
2025-08-01,VIXCLS,2025-04-28,25.15,2025-08-01,2025-08-01
2025-08-01,VIXCLS,2025-04-29,24.17,2025-08-01,2025-08-01
2025-08-01,VIXCLS,2025-04-30,24.7,2025-08-01,2025-08-01
2025-08-01,VIXCLS,2025-05-01,24.6,2025-08-01,2025-08-01
2025-08-01,VIXCLS,2025-05-02,22.68,2025-08-01,2025-08-01
2025-08-01,VIXCLS,2025-05-05,23.64,2025-08-01,2025-08-01
2025-08-01,VIXCLS,2025-05-06,24.76,2025-08-01,2025-08-01
2025-08-01,VIXCLS,2025-05-07,23.55,2025-08-01,2025-08-01
2025-08-01,VIXCLS,2025-05-08,22.48,2025-08-01,2025-08-01
2025-08-01,VIXCLS,2025-05-09,21.9,2025-08-01,2025-08-01
2025-08-01,VIXCLS,2025-05-12,18.39,2025-08-01,2025-08-01
2025-08-01,VIXCLS,2025-05-13,18.22,2025-08-01,2025-08-01
2025-08-01,VIXCLS,2025-05-14,18.62,2025-08-01,2025-08-01
2025-08-01,VIXCLS,2025-05-15,17.83,2025-08-01,2025-08-01
2025-08-01,VIXCLS,2025-05-16,17.24,2025-08-01,2025-08-01
2025-08-01,VIXCLS,2025-05-19,18.14,2025-08-01,2025-08-01
2025-08-01,VIXCLS,2025-05-20,18.09,2025-08-01,2025-08-01
2025-08-01,VIXCLS,2025-05-21,20.87,2025-08-01,2025-08-01
2025-08-01,VIXCLS,2025-05-22,20.28,2025-08-01,2025-08-01
2025-08-01,VIXCLS,2025-05-23,22.29,2025-08-01,2025-08-01
2025-08-01,VIXCLS,2025-05-26,20.57,2025-08-01,2025-08-01
2025-08-01,VIXCLS,2025-05-27,18.96,2025-08-01,2025-08-01
2025-08-01,VIXCLS,2025-05-28,19.31,2025-08-01,2025-08-01
2025-08-01,VIXCLS,2025-05-29,19.18,2025-08-01,2025-08-01
2025-08-01,VIXCLS,2025-05-30,18.57,2025-08-01,2025-08-01
2025-08-01,VIXCLS,2025-06-02,18.36,2025-08-01,2025-08-01
2025-08-01,VIXCLS,2025-06-03,17.69,2025-08-01,2025-08-01
2025-08-01,VIXCLS,2025-06-04,17.61,2025-08-01,2025-08-01
2025-08-01,VIXCLS,2025-06-05,18.48,2025-08-01,2025-08-01
2025-08-01,VIXCLS,2025-06-06,16.77,2025-08-01,2025-08-01
2025-08-01,VIXCLS,2025-06-09,17.16,2025-08-01,2025-08-01
2025-08-01,VIXCLS,2025-06-10,16.95,2025-08-01,2025-08-01
2025-08-01,VIXCLS,2025-06-11,17.26,2025-08-01,2025-08-01
2025-08-01,VIXCLS,2025-06-12,18.02,2025-08-01,2025-08-01
2025-08-01,VIXCLS,2025-06-13,20.82,2025-08-01,2025-08-01
2025-08-01,VIXCLS,2025-06-16,19.11,2025-08-01,2025-08-01
2025-08-01,VIXCLS,2025-06-17,21.6,2025-08-01,2025-08-01
2025-08-01,VIXCLS,2025-06-18,20.14,2025-08-01,2025-08-01
2025-08-01,VIXCLS,2025-06-19,22.17,2025-08-01,2025-08-01
2025-08-01,VIXCLS,2025-06-20,20.62,2025-08-01,2025-08-01
2025-08-01,VIXCLS,2025-06-23,19.83,2025-08-01,2025-08-01
2025-08-01,VIXCLS,2025-06-24,17.48,2025-08-01,2025-08-01
2025-08-01,VIXCLS,2025-06-25,16.76,2025-08-01,2025-08-01
2025-08-01,VIXCLS,2025-06-26,16.59,2025-08-01,2025-08-01
2025-08-01,VIXCLS,2025-06-27,16.32,2025-08-01,2025-08-01
2025-08-01,VIXCLS,2025-06-30,16.73,2025-08-01,2025-08-01
2025-08-01,VIXCLS,2025-07-01,16.83,2025-08-01,2025-08-01
2025-08-01,VIXCLS,2025-07-02,16.64,2025-08-01,2025-08-01
2025-08-01,VIXCLS,2025-07-03,16.38,2025-08-01,2025-08-01
2025-08-01,VIXCLS,2025-07-04,17.48,2025-08-01,2025-08-01
2025-08-01,VIXCLS,2025-07-07,17.79,2025-08-01,2025-08-01
2025-08-01,VIXCLS,2025-07-08,16.81,2025-08-01,2025-08-01
2025-08-01,VIXCLS,2025-07-09,15.94,2025-08-01,2025-08-01
2025-08-01,VIXCLS,2025-07-10,15.78,2025-08-01,2025-08-01
2025-08-01,VIXCLS,2025-07-11,16.4,2025-08-01,2025-08-01
2025-08-01,VIXCLS,2025-07-14,17.2,2025-08-01,2025-08-01
2025-08-01,VIXCLS,2025-07-15,17.38,2025-08-01,2025-08-01
2025-08-01,VIXCLS,2025-07-16,17.16,2025-08-01,2025-08-01
2025-08-01,VIXCLS,2025-07-17,16.52,2025-08-01,2025-08-01
2025-08-01,VIXCLS,2025-07-18,16.41,2025-08-01,2025-08-01
2025-08-01,VIXCLS,2025-07-21,16.65,2025-08-01,2025-08-01
2025-08-01,VIXCLS,2025-07-22,16.5,2025-08-01,2025-08-01
2025-08-01,VIXCLS,2025-07-23,15.37,2025-08-01,2025-08-01
2025-08-01,VIXCLS,2025-07-24,15.39,2025-08-01,2025-08-01
2025-08-01,VIXCLS,2025-07-25,14.93,2025-08-01,2025-08-01
2025-08-01,VIXCLS,2025-07-28,15.03,2025-08-01,2025-08-01
2025-08-01,VIXCLS,2025-07-29,15.98,2025-08-01,2025-08-01
2025-08-01,VIXCLS,2025-07-30,15.48,2025-08-01,2025-08-01
2025-08-01,VIXCLS,2025-07-31,16.72,2025-08-01,2025-08-01
2025-09-01,CCUSMA02BRM618N,2025-05-01,5.666786364,2025-09-01,2025-09-01
2025-09-01,CCUSMA02BRM618N,2025-06-01,5.543938095,2025-09-01,2025-09-01
2025-09-01,CCUSMA02BRM618N,2025-07-01,5.528191304,2025-09-01,2025-09-01
2025-09-01,CCUSMA02CLM618N,2025-05-01,940.4631955,2025-09-01,2025-09-01
2025-09-01,CCUSMA02CLM618N,2025-06-01,937.3952429,2025-09-01,2025-09-01
2025-09-01,CCUSMA02CLM618N,2025-07-01,954.1915304,2025-09-01,2025-09-01
2025-09-01,CCUSMA02MXM618N,2025-05-01,19.40206773,2025-09-01,2025-09-01
2025-09-01,CCUSMA02MXM618N,2025-06-01,18.99023762,2025-09-01,2025-09-01
2025-09-01,CCUSMA02MXM618N,2025-07-01,18.65645435,2025-09-01,2025-09-01
2025-09-01,DTWEXBGS,2025-05-01,123.4811,2025-09-01,2025-09-01
2025-09-01,DTWEXBGS,2025-05-02,122.859,2025-09-01,2025-09-01
2025-09-01,DTWEXBGS,2025-05-05,122.6335,2025-09-01,2025-09-01
2025-09-01,DTWEXBGS,2025-05-06,122.3907,2025-09-01,2025-09-01
2025-09-01,DTWEXBGS,2025-05-07,122.4652,2025-09-01,2025-09-01
2025-09-01,DTWEXBGS,2025-05-08,123.1019,2025-09-01,2025-09-01
2025-09-01,DTWEXBGS,2025-05-09,122.879,2025-09-01,2025-09-01
2025-09-01,DTWEXBGS,2025-05-12,123.7948,2025-09-01,2025-09-01
2025-09-01,DTWEXBGS,2025-05-13,123.2905,2025-09-01,2025-09-01
2025-09-01,DTWEXBGS,2025-05-14,123.0145,2025-09-01,2025-09-01
2025-09-01,DTWEXBGS,2025-05-15,123.1492,2025-09-01,2025-09-01
2025-09-01,DTWEXBGS,2025-05-16,123.3969,2025-09-01,2025-09-01
2025-09-01,DTWEXBGS,2025-05-19,122.7649,2025-09-01,2025-09-01
2025-09-01,DTWEXBGS,2025-05-20,122.673,2025-09-01,2025-09-01
2025-09-01,DTWEXBGS,2025-05-21,122.1012,2025-09-01,2025-09-01
2025-09-01,DTWEXBGS,2025-05-22,122.3865,2025-09-01,2025-09-01
2025-09-01,DTWEXBGS,2025-05-23,121.7283,2025-09-01,2025-09-01
2025-09-01,DTWEXBGS,2025-05-27,121.9634,2025-09-01,2025-09-01
2025-09-01,DTWEXBGS,2025-05-28,122.3295,2025-09-01,2025-09-01
2025-09-01,DTWEXBGS,2025-05-29,121.9108,2025-09-01,2025-09-01
2025-09-01,DTWEXBGS,2025-05-30,122.1112,2025-09-01,2025-09-01
2025-09-01,DTWEXBGS,2025-06-02,121.549,2025-09-01,2025-09-01
2025-09-01,DTWEXBGS,2025-06-03,121.808,2025-09-01,2025-09-01
2025-09-01,DTWEXBGS,2025-06-04,121.4093,2025-09-01,2025-09-01
2025-09-01,DTWEXBGS,2025-06-05,121.3178,2025-09-01,2025-09-01
2025-09-01,DTWEXBGS,2025-06-06,121.5217,2025-09-01,2025-09-01
2025-09-01,DTWEXBGS,2025-06-09,121.2757,2025-09-01,2025-09-01
2025-09-01,DTWEXBGS,2025-06-10,121.4134,2025-09-01,2025-09-01
2025-09-01,DTWEXBGS,2025-06-11,120.9763,2025-09-01,2025-09-01
2025-09-01,DTWEXBGS,2025-06-12,120.565,2025-09-01,2025-09-01
2025-09-01,DTWEXBGS,2025-06-13,120.7131,2025-09-01,2025-09-01
2025-09-01,DTWEXBGS,2025-06-16,120.5449,2025-09-01,2025-09-01
2025-09-01,DTWEXBGS,2025-06-17,120.8862,2025-09-01,2025-09-01
2025-09-01,DTWEXBGS,2025-06-18,121.1093,2025-09-01,2025-09-01
2025-09-01,DTWEXBGS,2025-06-20,121.411,2025-09-01,2025-09-01
2025-09-01,DTWEXBGS,2025-06-23,121.5412,2025-09-01,2025-09-01
2025-09-01,DTWEXBGS,2025-06-24,120.7549,2025-09-01,2025-09-01
2025-09-01,DTWEXBGS,2025-06-25,120.7333,2025-09-01,2025-09-01
2025-09-01,DTWEXBGS,2025-06-26,120.0587,2025-09-01,2025-09-01
2025-09-01,DTWEXBGS,2025-06-27,120.0786,2025-09-01,2025-09-01
2025-09-01,DTWEXBGS,2025-06-30,119.8269,2025-09-01,2025-09-01
2025-09-01,DTWEXBGS,2025-07-01,119.7678,2025-09-01,2025-09-01
2025-09-01,DTWEXBGS,2025-07-02,119.7289,2025-09-01,2025-09-01
2025-09-01,DTWEXBGS,2025-07-03,119.6678,2025-09-01,2025-09-01
2025-09-01,DTWEXBGS,2025-07-07,120.0481,2025-09-01,2025-09-01
2025-09-01,DTWEXBGS,2025-07-08,120.2589,2025-09-01,2025-09-01
2025-09-01,DTWEXBGS,2025-07-09,120.1608,2025-09-01,2025-09-01
2025-09-01,DTWEXBGS,2025-07-10,120.253,2025-09-01,2025-09-01
2025-09-01,DTWEXBGS,2025-07-11,120.3354,2025-09-01,2025-09-01
2025-09-01,DTWEXBGS,2025-07-14,120.6252,2025-09-01,2025-09-01
2025-09-01,DTWEXBGS,2025-07-15,120.9095,2025-09-01,2025-09-01
2025-09-01,DTWEXBGS,2025-07-16,120.8232,2025-09-01,2025-09-01
2025-09-01,DTWEXBGS,2025-07-17,121.0417,2025-09-01,2025-09-01
2025-09-01,DTWEXBGS,2025-07-18,120.7674,2025-09-01,2025-09-01
2025-09-01,DTWEXBGS,2025-07-21,120.4157,2025-09-01,2025-09-01
2025-09-01,DTWEXBGS,2025-07-22,120.1036,2025-09-01,2025-09-01
2025-09-01,DTWEXBGS,2025-07-23,119.9888,2025-09-01,2025-09-01
2025-09-01,DTWEXBGS,2025-07-24,119.9892,2025-09-01,2025-09-01
2025-09-01,DTWEXBGS,2025-07-25,120.4082,2025-09-01,2025-09-01
2025-09-01,DTWEXBGS,2025-07-28,121.0228,2025-09-01,2025-09-01
2025-09-01,DTWEXBGS,2025-07-29,121.3652,2025-09-01,2025-09-01
2025-09-01,DTWEXBGS,2025-07-30,121.7944,2025-09-01,2025-09-01
2025-09-01,DTWEXBGS,2025-07-31,122.1088,2025-09-01,2025-09-01
2025-09-01,DTWEXBGS,2025-08-01,121.6148,2025-09-01,2025-09-01
2025-09-01,DTWEXBGS,2025-08-04,121.3757,2025-09-01,2025-09-01
2025-09-01,DTWEXBGS,2025-08-05,121.3068,2025-09-01,2025-09-01
2025-09-01,DTWEXBGS,2025-08-06,120.9198,2025-09-01,2025-09-01
2025-09-01,DTWEXBGS,2025-08-07,120.9142,2025-09-01,2025-09-01
2025-09-01,DTWEXBGS,2025-08-08,120.7562,2025-09-01,2025-09-01
2025-09-01,DTWEXBGS,2025-08-11,121.1021,2025-09-01,2025-09-01
2025-09-01,DTWEXBGS,2025-08-12,120.6964,2025-09-01,2025-09-01
2025-09-01,DTWEXBGS,2025-08-13,120.5533,2025-09-01,2025-09-01
2025-09-01,DTWEXBGS,2025-08-14,121.0518,2025-09-01,2025-09-01
2025-09-01,DTWEXBGS,2025-08-15,120.7606,2025-09-01,2025-09-01
2025-09-01,DTWEXBGS,2025-08-18,120.9792,2025-09-01,2025-09-01
2025-09-01,DTWEXBGS,2025-08-19,121.137,2025-09-01,2025-09-01
2025-09-01,DTWEXBGS,2025-08-20,121.1828,2025-09-01,2025-09-01
2025-09-01,DTWEXBGS,2025-08-21,121.485,2025-09-01,2025-09-01
2025-09-01,DTWEXBGS,2025-08-22,120.6974,2025-09-01,2025-09-01
2025-09-01,FEDFUNDS,2025-05-01,4.33,2025-09-01,2025-09-01
2025-09-01,FEDFUNDS,2025-06-01,4.33,2025-09-01,2025-09-01
2025-09-01,FEDFUNDS,2025-07-01,4.33,2025-09-01,2025-09-01
2025-09-01,VIXCLS,2025-05-01,24.6,2025-09-01,2025-09-01
2025-09-01,VIXCLS,2025-05-02,22.68,2025-09-01,2025-09-01
2025-09-01,VIXCLS,2025-05-05,23.64,2025-09-01,2025-09-01
2025-09-01,VIXCLS,2025-05-06,24.76,2025-09-01,2025-09-01
2025-09-01,VIXCLS,2025-05-07,23.55,2025-09-01,2025-09-01
2025-09-01,VIXCLS,2025-05-08,22.48,2025-09-01,2025-09-01
2025-09-01,VIXCLS,2025-05-09,21.9,2025-09-01,2025-09-01
2025-09-01,VIXCLS,2025-05-12,18.39,2025-09-01,2025-09-01
2025-09-01,VIXCLS,2025-05-13,18.22,2025-09-01,2025-09-01
2025-09-01,VIXCLS,2025-05-14,18.62,2025-09-01,2025-09-01
2025-09-01,VIXCLS,2025-05-15,17.83,2025-09-01,2025-09-01
2025-09-01,VIXCLS,2025-05-16,17.24,2025-09-01,2025-09-01
2025-09-01,VIXCLS,2025-05-19,18.14,2025-09-01,2025-09-01
2025-09-01,VIXCLS,2025-05-20,18.09,2025-09-01,2025-09-01
2025-09-01,VIXCLS,2025-05-21,20.87,2025-09-01,2025-09-01
2025-09-01,VIXCLS,2025-05-22,20.28,2025-09-01,2025-09-01
2025-09-01,VIXCLS,2025-05-23,22.29,2025-09-01,2025-09-01
2025-09-01,VIXCLS,2025-05-26,20.57,2025-09-01,2025-09-01
2025-09-01,VIXCLS,2025-05-27,18.96,2025-09-01,2025-09-01
2025-09-01,VIXCLS,2025-05-28,19.31,2025-09-01,2025-09-01
2025-09-01,VIXCLS,2025-05-29,19.18,2025-09-01,2025-09-01
2025-09-01,VIXCLS,2025-05-30,18.57,2025-09-01,2025-09-01
2025-09-01,VIXCLS,2025-06-02,18.36,2025-09-01,2025-09-01
2025-09-01,VIXCLS,2025-06-03,17.69,2025-09-01,2025-09-01
2025-09-01,VIXCLS,2025-06-04,17.61,2025-09-01,2025-09-01
2025-09-01,VIXCLS,2025-06-05,18.48,2025-09-01,2025-09-01
2025-09-01,VIXCLS,2025-06-06,16.77,2025-09-01,2025-09-01
2025-09-01,VIXCLS,2025-06-09,17.16,2025-09-01,2025-09-01
2025-09-01,VIXCLS,2025-06-10,16.95,2025-09-01,2025-09-01
2025-09-01,VIXCLS,2025-06-11,17.26,2025-09-01,2025-09-01
2025-09-01,VIXCLS,2025-06-12,18.02,2025-09-01,2025-09-01
2025-09-01,VIXCLS,2025-06-13,20.82,2025-09-01,2025-09-01
2025-09-01,VIXCLS,2025-06-16,19.11,2025-09-01,2025-09-01
2025-09-01,VIXCLS,2025-06-17,21.6,2025-09-01,2025-09-01
2025-09-01,VIXCLS,2025-06-18,20.14,2025-09-01,2025-09-01
2025-09-01,VIXCLS,2025-06-19,22.17,2025-09-01,2025-09-01
2025-09-01,VIXCLS,2025-06-20,20.62,2025-09-01,2025-09-01
2025-09-01,VIXCLS,2025-06-23,19.83,2025-09-01,2025-09-01
2025-09-01,VIXCLS,2025-06-24,17.48,2025-09-01,2025-09-01
2025-09-01,VIXCLS,2025-06-25,16.76,2025-09-01,2025-09-01
2025-09-01,VIXCLS,2025-06-26,16.59,2025-09-01,2025-09-01
2025-09-01,VIXCLS,2025-06-27,16.32,2025-09-01,2025-09-01
2025-09-01,VIXCLS,2025-06-30,16.73,2025-09-01,2025-09-01
2025-09-01,VIXCLS,2025-07-01,16.83,2025-09-01,2025-09-01
2025-09-01,VIXCLS,2025-07-02,16.64,2025-09-01,2025-09-01
2025-09-01,VIXCLS,2025-07-03,16.38,2025-09-01,2025-09-01
2025-09-01,VIXCLS,2025-07-04,17.48,2025-09-01,2025-09-01
2025-09-01,VIXCLS,2025-07-07,17.79,2025-09-01,2025-09-01
2025-09-01,VIXCLS,2025-07-08,16.81,2025-09-01,2025-09-01
2025-09-01,VIXCLS,2025-07-09,15.94,2025-09-01,2025-09-01
2025-09-01,VIXCLS,2025-07-10,15.78,2025-09-01,2025-09-01
2025-09-01,VIXCLS,2025-07-11,16.4,2025-09-01,2025-09-01
2025-09-01,VIXCLS,2025-07-14,17.2,2025-09-01,2025-09-01
2025-09-01,VIXCLS,2025-07-15,17.38,2025-09-01,2025-09-01
2025-09-01,VIXCLS,2025-07-16,17.16,2025-09-01,2025-09-01
2025-09-01,VIXCLS,2025-07-17,16.52,2025-09-01,2025-09-01
2025-09-01,VIXCLS,2025-07-18,16.41,2025-09-01,2025-09-01
2025-09-01,VIXCLS,2025-07-21,16.65,2025-09-01,2025-09-01
2025-09-01,VIXCLS,2025-07-22,16.5,2025-09-01,2025-09-01
2025-09-01,VIXCLS,2025-07-23,15.37,2025-09-01,2025-09-01
2025-09-01,VIXCLS,2025-07-24,15.39,2025-09-01,2025-09-01
2025-09-01,VIXCLS,2025-07-25,14.93,2025-09-01,2025-09-01
2025-09-01,VIXCLS,2025-07-28,15.03,2025-09-01,2025-09-01
2025-09-01,VIXCLS,2025-07-29,15.98,2025-09-01,2025-09-01
2025-09-01,VIXCLS,2025-07-30,15.48,2025-09-01,2025-09-01
2025-09-01,VIXCLS,2025-07-31,16.72,2025-09-01,2025-09-01
2025-09-01,VIXCLS,2025-08-01,20.38,2025-09-01,2025-09-01
2025-09-01,VIXCLS,2025-08-04,17.52,2025-09-01,2025-09-01
2025-09-01,VIXCLS,2025-08-05,17.85,2025-09-01,2025-09-01
2025-09-01,VIXCLS,2025-08-06,16.77,2025-09-01,2025-09-01
2025-09-01,VIXCLS,2025-08-07,16.57,2025-09-01,2025-09-01
2025-09-01,VIXCLS,2025-08-08,15.15,2025-09-01,2025-09-01
2025-09-01,VIXCLS,2025-08-11,16.25,2025-09-01,2025-09-01
2025-09-01,VIXCLS,2025-08-12,14.73,2025-09-01,2025-09-01
2025-09-01,VIXCLS,2025-08-13,14.49,2025-09-01,2025-09-01
2025-09-01,VIXCLS,2025-08-14,14.83,2025-09-01,2025-09-01
2025-09-01,VIXCLS,2025-08-15,15.09,2025-09-01,2025-09-01
2025-09-01,VIXCLS,2025-08-18,14.99,2025-09-01,2025-09-01
2025-09-01,VIXCLS,2025-08-19,15.57,2025-09-01,2025-09-01
2025-09-01,VIXCLS,2025-08-20,15.69,2025-09-01,2025-09-01
2025-09-01,VIXCLS,2025-08-21,16.6,2025-09-01,2025-09-01
2025-09-01,VIXCLS,2025-08-22,14.22,2025-09-01,2025-09-01
2025-09-01,VIXCLS,2025-08-25,14.79,2025-09-01,2025-09-01
2025-09-01,VIXCLS,2025-08-26,14.62,2025-09-01,2025-09-01
2025-09-01,VIXCLS,2025-08-27,14.85,2025-09-01,2025-09-01
2025-09-01,VIXCLS,2025-08-28,14.43,2025-09-01,2025-09-01
2025-09-01,VIXCLS,2025-08-29,15.36,2025-09-01,2025-09-01
2025-10-01,CCUSMA02BRM618N,2025-06-01,5.543938095,2025-10-01,2025-10-01
2025-10-01,CCUSMA02BRM618N,2025-07-01,5.528191304,2025-10-01,2025-10-01
2025-10-01,CCUSMA02BRM618N,2025-08-01,5.44662381,2025-10-01,2025-10-01
2025-10-01,CCUSMA02CLM618N,2025-06-01,937.3952429,2025-10-01,2025-10-01
2025-10-01,CCUSMA02CLM618N,2025-07-01,954.1915304,2025-10-01,2025-10-01
2025-10-01,CCUSMA02CLM618N,2025-08-01,965.2635762,2025-10-01,2025-10-01
2025-10-01,CCUSMA02MXM618N,2025-06-01,18.99023762,2025-10-01,2025-10-01
2025-10-01,CCUSMA02MXM618N,2025-07-01,18.65645435,2025-10-01,2025-10-01
2025-10-01,CCUSMA02MXM618N,2025-08-01,18.67054714,2025-10-01,2025-10-01
2025-10-01,DTWEXBGS,2025-06-02,121.549,2025-10-01,2025-10-01
2025-10-01,DTWEXBGS,2025-06-03,121.808,2025-10-01,2025-10-01
2025-10-01,DTWEXBGS,2025-06-04,121.4093,2025-10-01,2025-10-01
2025-10-01,DTWEXBGS,2025-06-05,121.3178,2025-10-01,2025-10-01
2025-10-01,DTWEXBGS,2025-06-06,121.5217,2025-10-01,2025-10-01
2025-10-01,DTWEXBGS,2025-06-09,121.2757,2025-10-01,2025-10-01
2025-10-01,DTWEXBGS,2025-06-10,121.4134,2025-10-01,2025-10-01
2025-10-01,DTWEXBGS,2025-06-11,120.9763,2025-10-01,2025-10-01
2025-10-01,DTWEXBGS,2025-06-12,120.565,2025-10-01,2025-10-01
2025-10-01,DTWEXBGS,2025-06-13,120.7131,2025-10-01,2025-10-01
2025-10-01,DTWEXBGS,2025-06-16,120.5449,2025-10-01,2025-10-01
2025-10-01,DTWEXBGS,2025-06-17,120.8862,2025-10-01,2025-10-01
2025-10-01,DTWEXBGS,2025-06-18,121.1093,2025-10-01,2025-10-01
2025-10-01,DTWEXBGS,2025-06-20,121.411,2025-10-01,2025-10-01
2025-10-01,DTWEXBGS,2025-06-23,121.5412,2025-10-01,2025-10-01
2025-10-01,DTWEXBGS,2025-06-24,120.7549,2025-10-01,2025-10-01
2025-10-01,DTWEXBGS,2025-06-25,120.7333,2025-10-01,2025-10-01
2025-10-01,DTWEXBGS,2025-06-26,120.0587,2025-10-01,2025-10-01
2025-10-01,DTWEXBGS,2025-06-27,120.0786,2025-10-01,2025-10-01
2025-10-01,DTWEXBGS,2025-06-30,119.8269,2025-10-01,2025-10-01
2025-10-01,DTWEXBGS,2025-07-01,119.7678,2025-10-01,2025-10-01
2025-10-01,DTWEXBGS,2025-07-02,119.7289,2025-10-01,2025-10-01
2025-10-01,DTWEXBGS,2025-07-03,119.6678,2025-10-01,2025-10-01
2025-10-01,DTWEXBGS,2025-07-07,120.0481,2025-10-01,2025-10-01
2025-10-01,DTWEXBGS,2025-07-08,120.2589,2025-10-01,2025-10-01
2025-10-01,DTWEXBGS,2025-07-09,120.1608,2025-10-01,2025-10-01
2025-10-01,DTWEXBGS,2025-07-10,120.253,2025-10-01,2025-10-01
2025-10-01,DTWEXBGS,2025-07-11,120.3354,2025-10-01,2025-10-01
2025-10-01,DTWEXBGS,2025-07-14,120.6252,2025-10-01,2025-10-01
2025-10-01,DTWEXBGS,2025-07-15,120.9095,2025-10-01,2025-10-01
2025-10-01,DTWEXBGS,2025-07-16,120.8232,2025-10-01,2025-10-01
2025-10-01,DTWEXBGS,2025-07-17,121.0417,2025-10-01,2025-10-01
2025-10-01,DTWEXBGS,2025-07-18,120.7674,2025-10-01,2025-10-01
2025-10-01,DTWEXBGS,2025-07-21,120.4157,2025-10-01,2025-10-01
2025-10-01,DTWEXBGS,2025-07-22,120.1036,2025-10-01,2025-10-01
2025-10-01,DTWEXBGS,2025-07-23,119.9888,2025-10-01,2025-10-01
2025-10-01,DTWEXBGS,2025-07-24,119.9892,2025-10-01,2025-10-01
2025-10-01,DTWEXBGS,2025-07-25,120.4082,2025-10-01,2025-10-01
2025-10-01,DTWEXBGS,2025-07-28,121.0228,2025-10-01,2025-10-01
2025-10-01,DTWEXBGS,2025-07-29,121.3652,2025-10-01,2025-10-01
2025-10-01,DTWEXBGS,2025-07-30,121.7944,2025-10-01,2025-10-01
2025-10-01,DTWEXBGS,2025-07-31,122.1088,2025-10-01,2025-10-01
2025-10-01,DTWEXBGS,2025-08-01,121.6148,2025-10-01,2025-10-01
2025-10-01,DTWEXBGS,2025-08-04,121.3757,2025-10-01,2025-10-01
2025-10-01,DTWEXBGS,2025-08-05,121.3068,2025-10-01,2025-10-01
2025-10-01,DTWEXBGS,2025-08-06,120.9198,2025-10-01,2025-10-01
2025-10-01,DTWEXBGS,2025-08-07,120.9142,2025-10-01,2025-10-01
2025-10-01,DTWEXBGS,2025-08-08,120.7562,2025-10-01,2025-10-01
2025-10-01,DTWEXBGS,2025-08-11,121.1021,2025-10-01,2025-10-01
2025-10-01,DTWEXBGS,2025-08-12,120.6964,2025-10-01,2025-10-01
2025-10-01,DTWEXBGS,2025-08-13,120.5533,2025-10-01,2025-10-01
2025-10-01,DTWEXBGS,2025-08-14,121.0518,2025-10-01,2025-10-01
2025-10-01,DTWEXBGS,2025-08-15,120.7606,2025-10-01,2025-10-01
2025-10-01,DTWEXBGS,2025-08-18,120.9792,2025-10-01,2025-10-01
2025-10-01,DTWEXBGS,2025-08-19,121.137,2025-10-01,2025-10-01
2025-10-01,DTWEXBGS,2025-08-20,121.1828,2025-10-01,2025-10-01
2025-10-01,DTWEXBGS,2025-08-21,121.485,2025-10-01,2025-10-01
2025-10-01,DTWEXBGS,2025-08-22,120.6974,2025-10-01,2025-10-01
2025-10-01,DTWEXBGS,2025-08-25,120.8298,2025-10-01,2025-10-01
2025-10-01,DTWEXBGS,2025-08-26,120.9304,2025-10-01,2025-10-01
2025-10-01,DTWEXBGS,2025-08-27,121.1236,2025-10-01,2025-10-01
2025-10-01,DTWEXBGS,2025-08-28,120.6537,2025-10-01,2025-10-01
2025-10-01,DTWEXBGS,2025-08-29,120.6028,2025-10-01,2025-10-01
2025-10-01,DTWEXBGS,2025-09-02,121.0716,2025-10-01,2025-10-01
2025-10-01,DTWEXBGS,2025-09-03,120.9032,2025-10-01,2025-10-01
2025-10-01,DTWEXBGS,2025-09-04,121.1565,2025-10-01,2025-10-01
2025-10-01,DTWEXBGS,2025-09-05,120.5394,2025-10-01,2025-10-01
2025-10-01,DTWEXBGS,2025-09-08,120.5152,2025-10-01,2025-10-01
2025-10-01,DTWEXBGS,2025-09-09,120.5746,2025-10-01,2025-10-01
2025-10-01,DTWEXBGS,2025-09-10,120.5447,2025-10-01,2025-10-01
2025-10-01,DTWEXBGS,2025-09-11,120.381,2025-10-01,2025-10-01
2025-10-01,DTWEXBGS,2025-09-12,120.4905,2025-10-01,2025-10-01
2025-10-01,DTWEXBGS,2025-09-15,120.0042,2025-10-01,2025-10-01
2025-10-01,DTWEXBGS,2025-09-16,119.586,2025-10-01,2025-10-01
2025-10-01,DTWEXBGS,2025-09-17,119.6063,2025-10-01,2025-10-01
2025-10-01,DTWEXBGS,2025-09-18,120.0986,2025-10-01,2025-10-01
2025-10-01,DTWEXBGS,2025-09-19,120.2166,2025-10-01,2025-10-01
2025-10-01,DTWEXBGS,2025-09-22,120.2461,2025-10-01,2025-10-01
2025-10-01,DTWEXBGS,2025-09-23,120.0568,2025-10-01,2025-10-01
2025-10-01,DTWEXBGS,2025-09-24,120.6024,2025-10-01,2025-10-01
2025-10-01,DTWEXBGS,2025-09-25,120.9635,2025-10-01,2025-10-01
2025-10-01,DTWEXBGS,2025-09-26,120.8615,2025-10-01,2025-10-01
2025-10-01,FEDFUNDS,2025-06-01,4.33,2025-10-01,2025-10-01
2025-10-01,FEDFUNDS,2025-07-01,4.33,2025-10-01,2025-10-01
2025-10-01,FEDFUNDS,2025-08-01,4.33,2025-10-01,2025-10-01
2025-10-01,FEDFUNDS,2025-09-01,4.22,2025-10-01,2025-10-01
2025-10-01,VIXCLS,2025-06-02,18.36,2025-10-01,2025-10-01
2025-10-01,VIXCLS,2025-06-03,17.69,2025-10-01,2025-10-01
2025-10-01,VIXCLS,2025-06-04,17.61,2025-10-01,2025-10-01
2025-10-01,VIXCLS,2025-06-05,18.48,2025-10-01,2025-10-01
2025-10-01,VIXCLS,2025-06-06,16.77,2025-10-01,2025-10-01
2025-10-01,VIXCLS,2025-06-09,17.16,2025-10-01,2025-10-01
2025-10-01,VIXCLS,2025-06-10,16.95,2025-10-01,2025-10-01
2025-10-01,VIXCLS,2025-06-11,17.26,2025-10-01,2025-10-01
2025-10-01,VIXCLS,2025-06-12,18.02,2025-10-01,2025-10-01
2025-10-01,VIXCLS,2025-06-13,20.82,2025-10-01,2025-10-01
2025-10-01,VIXCLS,2025-06-16,19.11,2025-10-01,2025-10-01
2025-10-01,VIXCLS,2025-06-17,21.6,2025-10-01,2025-10-01
2025-10-01,VIXCLS,2025-06-18,20.14,2025-10-01,2025-10-01
2025-10-01,VIXCLS,2025-06-19,22.17,2025-10-01,2025-10-01
2025-10-01,VIXCLS,2025-06-20,20.62,2025-10-01,2025-10-01
2025-10-01,VIXCLS,2025-06-23,19.83,2025-10-01,2025-10-01
2025-10-01,VIXCLS,2025-06-24,17.48,2025-10-01,2025-10-01
2025-10-01,VIXCLS,2025-06-25,16.76,2025-10-01,2025-10-01
2025-10-01,VIXCLS,2025-06-26,16.59,2025-10-01,2025-10-01
2025-10-01,VIXCLS,2025-06-27,16.32,2025-10-01,2025-10-01
2025-10-01,VIXCLS,2025-06-30,16.73,2025-10-01,2025-10-01
2025-10-01,VIXCLS,2025-07-01,16.83,2025-10-01,2025-10-01
2025-10-01,VIXCLS,2025-07-02,16.64,2025-10-01,2025-10-01
2025-10-01,VIXCLS,2025-07-03,16.38,2025-10-01,2025-10-01
2025-10-01,VIXCLS,2025-07-04,17.48,2025-10-01,2025-10-01
2025-10-01,VIXCLS,2025-07-07,17.79,2025-10-01,2025-10-01
2025-10-01,VIXCLS,2025-07-08,16.81,2025-10-01,2025-10-01
2025-10-01,VIXCLS,2025-07-09,15.94,2025-10-01,2025-10-01
2025-10-01,VIXCLS,2025-07-10,15.78,2025-10-01,2025-10-01
2025-10-01,VIXCLS,2025-07-11,16.4,2025-10-01,2025-10-01
2025-10-01,VIXCLS,2025-07-14,17.2,2025-10-01,2025-10-01
2025-10-01,VIXCLS,2025-07-15,17.38,2025-10-01,2025-10-01
2025-10-01,VIXCLS,2025-07-16,17.16,2025-10-01,2025-10-01
2025-10-01,VIXCLS,2025-07-17,16.52,2025-10-01,2025-10-01
2025-10-01,VIXCLS,2025-07-18,16.41,2025-10-01,2025-10-01
2025-10-01,VIXCLS,2025-07-21,16.65,2025-10-01,2025-10-01
2025-10-01,VIXCLS,2025-07-22,16.5,2025-10-01,2025-10-01
2025-10-01,VIXCLS,2025-07-23,15.37,2025-10-01,2025-10-01
2025-10-01,VIXCLS,2025-07-24,15.39,2025-10-01,2025-10-01
2025-10-01,VIXCLS,2025-07-25,14.93,2025-10-01,2025-10-01
2025-10-01,VIXCLS,2025-07-28,15.03,2025-10-01,2025-10-01
2025-10-01,VIXCLS,2025-07-29,15.98,2025-10-01,2025-10-01
2025-10-01,VIXCLS,2025-07-30,15.48,2025-10-01,2025-10-01
2025-10-01,VIXCLS,2025-07-31,16.72,2025-10-01,2025-10-01
2025-10-01,VIXCLS,2025-08-01,20.38,2025-10-01,2025-10-01
2025-10-01,VIXCLS,2025-08-04,17.52,2025-10-01,2025-10-01
2025-10-01,VIXCLS,2025-08-05,17.85,2025-10-01,2025-10-01
2025-10-01,VIXCLS,2025-08-06,16.77,2025-10-01,2025-10-01
2025-10-01,VIXCLS,2025-08-07,16.57,2025-10-01,2025-10-01
2025-10-01,VIXCLS,2025-08-08,15.15,2025-10-01,2025-10-01
2025-10-01,VIXCLS,2025-08-11,16.25,2025-10-01,2025-10-01
2025-10-01,VIXCLS,2025-08-12,14.73,2025-10-01,2025-10-01
2025-10-01,VIXCLS,2025-08-13,14.49,2025-10-01,2025-10-01
2025-10-01,VIXCLS,2025-08-14,14.83,2025-10-01,2025-10-01
2025-10-01,VIXCLS,2025-08-15,15.09,2025-10-01,2025-10-01
2025-10-01,VIXCLS,2025-08-18,14.99,2025-10-01,2025-10-01
2025-10-01,VIXCLS,2025-08-19,15.57,2025-10-01,2025-10-01
2025-10-01,VIXCLS,2025-08-20,15.69,2025-10-01,2025-10-01
2025-10-01,VIXCLS,2025-08-21,16.6,2025-10-01,2025-10-01
2025-10-01,VIXCLS,2025-08-22,14.22,2025-10-01,2025-10-01
2025-10-01,VIXCLS,2025-08-25,14.79,2025-10-01,2025-10-01
2025-10-01,VIXCLS,2025-08-26,14.62,2025-10-01,2025-10-01
2025-10-01,VIXCLS,2025-08-27,14.85,2025-10-01,2025-10-01
2025-10-01,VIXCLS,2025-08-28,14.43,2025-10-01,2025-10-01
2025-10-01,VIXCLS,2025-08-29,15.36,2025-10-01,2025-10-01
2025-10-01,VIXCLS,2025-09-01,16.12,2025-10-01,2025-10-01
2025-10-01,VIXCLS,2025-09-02,17.17,2025-10-01,2025-10-01
2025-10-01,VIXCLS,2025-09-03,16.35,2025-10-01,2025-10-01
2025-10-01,VIXCLS,2025-09-04,15.3,2025-10-01,2025-10-01
2025-10-01,VIXCLS,2025-09-05,15.18,2025-10-01,2025-10-01
2025-10-01,VIXCLS,2025-09-08,15.11,2025-10-01,2025-10-01
2025-10-01,VIXCLS,2025-09-09,15.04,2025-10-01,2025-10-01
2025-10-01,VIXCLS,2025-09-10,15.35,2025-10-01,2025-10-01
2025-10-01,VIXCLS,2025-09-11,14.71,2025-10-01,2025-10-01
2025-10-01,VIXCLS,2025-09-12,14.76,2025-10-01,2025-10-01
2025-10-01,VIXCLS,2025-09-15,15.69,2025-10-01,2025-10-01
2025-10-01,VIXCLS,2025-09-16,16.36,2025-10-01,2025-10-01
2025-10-01,VIXCLS,2025-09-17,15.72,2025-10-01,2025-10-01
2025-10-01,VIXCLS,2025-09-18,15.7,2025-10-01,2025-10-01
2025-10-01,VIXCLS,2025-09-19,15.45,2025-10-01,2025-10-01
2025-10-01,VIXCLS,2025-09-22,16.1,2025-10-01,2025-10-01
2025-10-01,VIXCLS,2025-09-23,16.64,2025-10-01,2025-10-01
2025-10-01,VIXCLS,2025-09-24,16.18,2025-10-01,2025-10-01
2025-10-01,VIXCLS,2025-09-25,16.74,2025-10-01,2025-10-01
2025-10-01,VIXCLS,2025-09-26,15.29,2025-10-01,2025-10-01
2025-10-01,VIXCLS,2025-09-29,16.12,2025-10-01,2025-10-01
2025-10-01,VIXCLS,2025-09-30,16.28,2025-10-01,2025-10-01
2025-11-01,CCUSMA02BRM618N,2025-07-01,5.528191304,2025-11-01,2025-11-01
2025-11-01,CCUSMA02BRM618N,2025-08-01,5.44662381,2025-11-01,2025-11-01
2025-11-01,CCUSMA02BRM618N,2025-09-01,5.367109091,2025-11-01,2025-11-01
2025-11-01,CCUSMA02CLM618N,2025-07-01,954.1915304,2025-11-01,2025-11-01
2025-11-01,CCUSMA02CLM618N,2025-08-01,965.2635762,2025-11-01,2025-11-01
2025-11-01,CCUSMA02CLM618N,2025-09-01,959.7174818,2025-11-01,2025-11-01
2025-11-01,CCUSMA02MXM618N,2025-07-01,18.65645435,2025-11-01,2025-11-01
2025-11-01,CCUSMA02MXM618N,2025-08-01,18.67054714,2025-11-01,2025-11-01
2025-11-01,CCUSMA02MXM618N,2025-09-01,18.45806682,2025-11-01,2025-11-01
2025-11-01,DTWEXBGS,2025-07-01,119.7678,2025-11-01,2025-11-01
2025-11-01,DTWEXBGS,2025-07-02,119.7289,2025-11-01,2025-11-01
2025-11-01,DTWEXBGS,2025-07-03,119.6678,2025-11-01,2025-11-01
2025-11-01,DTWEXBGS,2025-07-07,120.0481,2025-11-01,2025-11-01
2025-11-01,DTWEXBGS,2025-07-08,120.2589,2025-11-01,2025-11-01
2025-11-01,DTWEXBGS,2025-07-09,120.1608,2025-11-01,2025-11-01
2025-11-01,DTWEXBGS,2025-07-10,120.253,2025-11-01,2025-11-01
2025-11-01,DTWEXBGS,2025-07-11,120.3354,2025-11-01,2025-11-01
2025-11-01,DTWEXBGS,2025-07-14,120.6252,2025-11-01,2025-11-01
2025-11-01,DTWEXBGS,2025-07-15,120.9095,2025-11-01,2025-11-01
2025-11-01,DTWEXBGS,2025-07-16,120.8232,2025-11-01,2025-11-01
2025-11-01,DTWEXBGS,2025-07-17,121.0417,2025-11-01,2025-11-01
2025-11-01,DTWEXBGS,2025-07-18,120.7674,2025-11-01,2025-11-01
2025-11-01,DTWEXBGS,2025-07-21,120.4157,2025-11-01,2025-11-01
2025-11-01,DTWEXBGS,2025-07-22,120.1036,2025-11-01,2025-11-01
2025-11-01,DTWEXBGS,2025-07-23,119.9888,2025-11-01,2025-11-01
2025-11-01,DTWEXBGS,2025-07-24,119.9892,2025-11-01,2025-11-01
2025-11-01,DTWEXBGS,2025-07-25,120.4082,2025-11-01,2025-11-01
2025-11-01,DTWEXBGS,2025-07-28,121.0228,2025-11-01,2025-11-01
2025-11-01,DTWEXBGS,2025-07-29,121.3652,2025-11-01,2025-11-01
2025-11-01,DTWEXBGS,2025-07-30,121.7944,2025-11-01,2025-11-01
2025-11-01,DTWEXBGS,2025-07-31,122.1088,2025-11-01,2025-11-01
2025-11-01,DTWEXBGS,2025-08-01,121.6148,2025-11-01,2025-11-01
2025-11-01,DTWEXBGS,2025-08-04,121.3757,2025-11-01,2025-11-01
2025-11-01,DTWEXBGS,2025-08-05,121.3068,2025-11-01,2025-11-01
2025-11-01,DTWEXBGS,2025-08-06,120.9198,2025-11-01,2025-11-01
2025-11-01,DTWEXBGS,2025-08-07,120.9142,2025-11-01,2025-11-01
2025-11-01,DTWEXBGS,2025-08-08,120.7562,2025-11-01,2025-11-01
2025-11-01,DTWEXBGS,2025-08-11,121.1021,2025-11-01,2025-11-01
2025-11-01,DTWEXBGS,2025-08-12,120.6964,2025-11-01,2025-11-01
2025-11-01,DTWEXBGS,2025-08-13,120.5533,2025-11-01,2025-11-01
2025-11-01,DTWEXBGS,2025-08-14,121.0518,2025-11-01,2025-11-01
2025-11-01,DTWEXBGS,2025-08-15,120.7606,2025-11-01,2025-11-01
2025-11-01,DTWEXBGS,2025-08-18,120.9792,2025-11-01,2025-11-01
2025-11-01,DTWEXBGS,2025-08-19,121.137,2025-11-01,2025-11-01
2025-11-01,DTWEXBGS,2025-08-20,121.1828,2025-11-01,2025-11-01
2025-11-01,DTWEXBGS,2025-08-21,121.485,2025-11-01,2025-11-01
2025-11-01,DTWEXBGS,2025-08-22,120.6974,2025-11-01,2025-11-01
2025-11-01,DTWEXBGS,2025-08-25,120.8298,2025-11-01,2025-11-01
2025-11-01,DTWEXBGS,2025-08-26,120.9304,2025-11-01,2025-11-01
2025-11-01,DTWEXBGS,2025-08-27,121.1236,2025-11-01,2025-11-01
2025-11-01,DTWEXBGS,2025-08-28,120.6537,2025-11-01,2025-11-01
2025-11-01,DTWEXBGS,2025-08-29,120.6028,2025-11-01,2025-11-01
2025-11-01,DTWEXBGS,2025-09-02,121.0716,2025-11-01,2025-11-01
2025-11-01,DTWEXBGS,2025-09-03,120.9032,2025-11-01,2025-11-01
2025-11-01,DTWEXBGS,2025-09-04,121.1565,2025-11-01,2025-11-01
2025-11-01,DTWEXBGS,2025-09-05,120.5394,2025-11-01,2025-11-01
2025-11-01,DTWEXBGS,2025-09-08,120.5152,2025-11-01,2025-11-01
2025-11-01,DTWEXBGS,2025-09-09,120.5746,2025-11-01,2025-11-01
2025-11-01,DTWEXBGS,2025-09-10,120.5447,2025-11-01,2025-11-01
2025-11-01,DTWEXBGS,2025-09-11,120.381,2025-11-01,2025-11-01
2025-11-01,DTWEXBGS,2025-09-12,120.4905,2025-11-01,2025-11-01
2025-11-01,DTWEXBGS,2025-09-15,120.0042,2025-11-01,2025-11-01
2025-11-01,DTWEXBGS,2025-09-16,119.586,2025-11-01,2025-11-01
2025-11-01,DTWEXBGS,2025-09-17,119.6063,2025-11-01,2025-11-01
2025-11-01,DTWEXBGS,2025-09-18,120.0986,2025-11-01,2025-11-01
2025-11-01,DTWEXBGS,2025-09-19,120.2166,2025-11-01,2025-11-01
2025-11-01,DTWEXBGS,2025-09-22,120.2461,2025-11-01,2025-11-01
2025-11-01,DTWEXBGS,2025-09-23,120.0568,2025-11-01,2025-11-01
2025-11-01,DTWEXBGS,2025-09-24,120.6024,2025-11-01,2025-11-01
2025-11-01,DTWEXBGS,2025-09-25,120.9635,2025-11-01,2025-11-01
2025-11-01,DTWEXBGS,2025-09-26,120.8615,2025-11-01,2025-11-01
2025-11-01,DTWEXBGS,2025-09-29,120.5403,2025-11-01,2025-11-01
2025-11-01,DTWEXBGS,2025-09-30,120.5624,2025-11-01,2025-11-01
2025-11-01,DTWEXBGS,2025-10-01,120.5782,2025-11-01,2025-11-01
2025-11-01,DTWEXBGS,2025-10-02,120.844,2025-11-01,2025-11-01
2025-11-01,DTWEXBGS,2025-10-03,120.5163,2025-11-01,2025-11-01
2025-11-01,DTWEXBGS,2025-10-06,120.7028,2025-11-01,2025-11-01
2025-11-01,DTWEXBGS,2025-10-07,120.9097,2025-11-01,2025-11-01
2025-11-01,DTWEXBGS,2025-10-08,121.1884,2025-11-01,2025-11-01
2025-11-01,DTWEXBGS,2025-10-09,121.4965,2025-11-01,2025-11-01
2025-11-01,DTWEXBGS,2025-10-10,121.5217,2025-11-01,2025-11-01
2025-11-01,DTWEXBGS,2025-10-14,121.5815,2025-11-01,2025-11-01
2025-11-01,DTWEXBGS,2025-10-15,121.2669,2025-11-01,2025-11-01
2025-11-01,DTWEXBGS,2025-10-16,121.0834,2025-11-01,2025-11-01
2025-11-01,DTWEXBGS,2025-10-17,121.1218,2025-11-01,2025-11-01
2025-11-01,DTWEXBGS,2025-10-20,121.0394,2025-11-01,2025-11-01
2025-11-01,DTWEXBGS,2025-10-21,121.302,2025-11-01,2025-11-01
2025-11-01,DTWEXBGS,2025-10-22,121.3075,2025-11-01,2025-11-01
2025-11-01,DTWEXBGS,2025-10-23,121.3633,2025-11-01,2025-11-01
2025-11-01,DTWEXBGS,2025-10-24,121.342,2025-11-01,2025-11-01
2025-11-01,FEDFUNDS,2025-07-01,4.33,2025-11-01,2025-11-01
2025-11-01,FEDFUNDS,2025-08-01,4.33,2025-11-01,2025-11-01
2025-11-01,FEDFUNDS,2025-09-01,4.22,2025-11-01,2025-11-01
2025-11-01,VIXCLS,2025-07-01,16.83,2025-11-01,2025-11-01
2025-11-01,VIXCLS,2025-07-02,16.64,2025-11-01,2025-11-01
2025-11-01,VIXCLS,2025-07-03,16.38,2025-11-01,2025-11-01
2025-11-01,VIXCLS,2025-07-04,17.48,2025-11-01,2025-11-01
2025-11-01,VIXCLS,2025-07-07,17.79,2025-11-01,2025-11-01
2025-11-01,VIXCLS,2025-07-08,16.81,2025-11-01,2025-11-01
2025-11-01,VIXCLS,2025-07-09,15.94,2025-11-01,2025-11-01
2025-11-01,VIXCLS,2025-07-10,15.78,2025-11-01,2025-11-01
2025-11-01,VIXCLS,2025-07-11,16.4,2025-11-01,2025-11-01
2025-11-01,VIXCLS,2025-07-14,17.2,2025-11-01,2025-11-01
2025-11-01,VIXCLS,2025-07-15,17.38,2025-11-01,2025-11-01
2025-11-01,VIXCLS,2025-07-16,17.16,2025-11-01,2025-11-01
2025-11-01,VIXCLS,2025-07-17,16.52,2025-11-01,2025-11-01
2025-11-01,VIXCLS,2025-07-18,16.41,2025-11-01,2025-11-01
2025-11-01,VIXCLS,2025-07-21,16.65,2025-11-01,2025-11-01
2025-11-01,VIXCLS,2025-07-22,16.5,2025-11-01,2025-11-01
2025-11-01,VIXCLS,2025-07-23,15.37,2025-11-01,2025-11-01
2025-11-01,VIXCLS,2025-07-24,15.39,2025-11-01,2025-11-01
2025-11-01,VIXCLS,2025-07-25,14.93,2025-11-01,2025-11-01
2025-11-01,VIXCLS,2025-07-28,15.03,2025-11-01,2025-11-01
2025-11-01,VIXCLS,2025-07-29,15.98,2025-11-01,2025-11-01
2025-11-01,VIXCLS,2025-07-30,15.48,2025-11-01,2025-11-01
2025-11-01,VIXCLS,2025-07-31,16.72,2025-11-01,2025-11-01
2025-11-01,VIXCLS,2025-08-01,20.38,2025-11-01,2025-11-01
2025-11-01,VIXCLS,2025-08-04,17.52,2025-11-01,2025-11-01
2025-11-01,VIXCLS,2025-08-05,17.85,2025-11-01,2025-11-01
2025-11-01,VIXCLS,2025-08-06,16.77,2025-11-01,2025-11-01
2025-11-01,VIXCLS,2025-08-07,16.57,2025-11-01,2025-11-01
2025-11-01,VIXCLS,2025-08-08,15.15,2025-11-01,2025-11-01
2025-11-01,VIXCLS,2025-08-11,16.25,2025-11-01,2025-11-01
2025-11-01,VIXCLS,2025-08-12,14.73,2025-11-01,2025-11-01
2025-11-01,VIXCLS,2025-08-13,14.49,2025-11-01,2025-11-01
2025-11-01,VIXCLS,2025-08-14,14.83,2025-11-01,2025-11-01
2025-11-01,VIXCLS,2025-08-15,15.09,2025-11-01,2025-11-01
2025-11-01,VIXCLS,2025-08-18,14.99,2025-11-01,2025-11-01
2025-11-01,VIXCLS,2025-08-19,15.57,2025-11-01,2025-11-01
2025-11-01,VIXCLS,2025-08-20,15.69,2025-11-01,2025-11-01
2025-11-01,VIXCLS,2025-08-21,16.6,2025-11-01,2025-11-01
2025-11-01,VIXCLS,2025-08-22,14.22,2025-11-01,2025-11-01
2025-11-01,VIXCLS,2025-08-25,14.79,2025-11-01,2025-11-01
2025-11-01,VIXCLS,2025-08-26,14.62,2025-11-01,2025-11-01
2025-11-01,VIXCLS,2025-08-27,14.85,2025-11-01,2025-11-01
2025-11-01,VIXCLS,2025-08-28,14.43,2025-11-01,2025-11-01
2025-11-01,VIXCLS,2025-08-29,15.36,2025-11-01,2025-11-01
2025-11-01,VIXCLS,2025-09-01,16.12,2025-11-01,2025-11-01
2025-11-01,VIXCLS,2025-09-02,17.17,2025-11-01,2025-11-01
2025-11-01,VIXCLS,2025-09-03,16.35,2025-11-01,2025-11-01
2025-11-01,VIXCLS,2025-09-04,15.3,2025-11-01,2025-11-01
2025-11-01,VIXCLS,2025-09-05,15.18,2025-11-01,2025-11-01
2025-11-01,VIXCLS,2025-09-08,15.11,2025-11-01,2025-11-01
2025-11-01,VIXCLS,2025-09-09,15.04,2025-11-01,2025-11-01
2025-11-01,VIXCLS,2025-09-10,15.35,2025-11-01,2025-11-01
2025-11-01,VIXCLS,2025-09-11,14.71,2025-11-01,2025-11-01
2025-11-01,VIXCLS,2025-09-12,14.76,2025-11-01,2025-11-01
2025-11-01,VIXCLS,2025-09-15,15.69,2025-11-01,2025-11-01
2025-11-01,VIXCLS,2025-09-16,16.36,2025-11-01,2025-11-01
2025-11-01,VIXCLS,2025-09-17,15.72,2025-11-01,2025-11-01
2025-11-01,VIXCLS,2025-09-18,15.7,2025-11-01,2025-11-01
2025-11-01,VIXCLS,2025-09-19,15.45,2025-11-01,2025-11-01
2025-11-01,VIXCLS,2025-09-22,16.1,2025-11-01,2025-11-01
2025-11-01,VIXCLS,2025-09-23,16.64,2025-11-01,2025-11-01
2025-11-01,VIXCLS,2025-09-24,16.18,2025-11-01,2025-11-01
2025-11-01,VIXCLS,2025-09-25,16.74,2025-11-01,2025-11-01
2025-11-01,VIXCLS,2025-09-26,15.29,2025-11-01,2025-11-01
2025-11-01,VIXCLS,2025-09-29,16.12,2025-11-01,2025-11-01
2025-11-01,VIXCLS,2025-09-30,16.28,2025-11-01,2025-11-01
2025-11-01,VIXCLS,2025-10-01,16.29,2025-11-01,2025-11-01
2025-11-01,VIXCLS,2025-10-02,16.63,2025-11-01,2025-11-01
2025-11-01,VIXCLS,2025-10-03,16.65,2025-11-01,2025-11-01
2025-11-01,VIXCLS,2025-10-06,16.37,2025-11-01,2025-11-01
2025-11-01,VIXCLS,2025-10-07,17.24,2025-11-01,2025-11-01
2025-11-01,VIXCLS,2025-10-08,16.3,2025-11-01,2025-11-01
2025-11-01,VIXCLS,2025-10-09,16.43,2025-11-01,2025-11-01
2025-11-01,VIXCLS,2025-10-10,21.66,2025-11-01,2025-11-01
2025-11-01,VIXCLS,2025-10-13,19.03,2025-11-01,2025-11-01
2025-11-01,VIXCLS,2025-10-14,20.81,2025-11-01,2025-11-01
2025-11-01,VIXCLS,2025-10-15,20.64,2025-11-01,2025-11-01
2025-11-01,VIXCLS,2025-10-16,25.31,2025-11-01,2025-11-01
2025-11-01,VIXCLS,2025-10-17,20.78,2025-11-01,2025-11-01
2025-11-01,VIXCLS,2025-10-20,18.23,2025-11-01,2025-11-01
2025-11-01,VIXCLS,2025-10-21,17.87,2025-11-01,2025-11-01
2025-11-01,VIXCLS,2025-10-22,18.6,2025-11-01,2025-11-01
2025-11-01,VIXCLS,2025-10-23,17.3,2025-11-01,2025-11-01
2025-11-01,VIXCLS,2025-10-24,16.37,2025-11-01,2025-11-01
2025-11-01,VIXCLS,2025-10-27,15.79,2025-11-01,2025-11-01
2025-11-01,VIXCLS,2025-10-28,16.42,2025-11-01,2025-11-01
2025-11-01,VIXCLS,2025-10-29,16.92,2025-11-01,2025-11-01
2025-11-01,VIXCLS,2025-10-30,16.91,2025-11-01,2025-11-01
2025-12-01,CCUSMA02BRM618N,2025-08-01,5.44662381,2025-12-01,2025-12-01
2025-12-01,CCUSMA02BRM618N,2025-09-01,5.367109091,2025-12-01,2025-12-01
2025-12-01,CCUSMA02BRM618N,2025-10-01,5.385226087,2025-12-01,2025-12-01
2025-12-01,CCUSMA02CLM618N,2025-08-01,965.2635762,2025-12-01,2025-12-01
2025-12-01,CCUSMA02CLM618N,2025-09-01,959.7174818,2025-12-01,2025-12-01
2025-12-01,CCUSMA02CLM618N,2025-10-01,952.6674087,2025-12-01,2025-12-01
2025-12-01,CCUSMA02MXM618N,2025-08-01,18.67054714,2025-12-01,2025-12-01
2025-12-01,CCUSMA02MXM618N,2025-09-01,18.45806682,2025-12-01,2025-12-01
2025-12-01,CCUSMA02MXM618N,2025-10-01,18.39539043,2025-12-01,2025-12-01
2025-12-01,DTWEXBGS,2025-08-01,121.6148,2025-12-01,2025-12-01
2025-12-01,DTWEXBGS,2025-08-04,121.3757,2025-12-01,2025-12-01
2025-12-01,DTWEXBGS,2025-08-05,121.3068,2025-12-01,2025-12-01
2025-12-01,DTWEXBGS,2025-08-06,120.9198,2025-12-01,2025-12-01
2025-12-01,DTWEXBGS,2025-08-07,120.9142,2025-12-01,2025-12-01
2025-12-01,DTWEXBGS,2025-08-08,120.7562,2025-12-01,2025-12-01
2025-12-01,DTWEXBGS,2025-08-11,121.1021,2025-12-01,2025-12-01
2025-12-01,DTWEXBGS,2025-08-12,120.6964,2025-12-01,2025-12-01
2025-12-01,DTWEXBGS,2025-08-13,120.5533,2025-12-01,2025-12-01
2025-12-01,DTWEXBGS,2025-08-14,121.0518,2025-12-01,2025-12-01
2025-12-01,DTWEXBGS,2025-08-15,120.7606,2025-12-01,2025-12-01
2025-12-01,DTWEXBGS,2025-08-18,120.9792,2025-12-01,2025-12-01
2025-12-01,DTWEXBGS,2025-08-19,121.137,2025-12-01,2025-12-01
2025-12-01,DTWEXBGS,2025-08-20,121.1828,2025-12-01,2025-12-01
2025-12-01,DTWEXBGS,2025-08-21,121.485,2025-12-01,2025-12-01
2025-12-01,DTWEXBGS,2025-08-22,120.6974,2025-12-01,2025-12-01
2025-12-01,DTWEXBGS,2025-08-25,120.8298,2025-12-01,2025-12-01
2025-12-01,DTWEXBGS,2025-08-26,120.9304,2025-12-01,2025-12-01
2025-12-01,DTWEXBGS,2025-08-27,121.1236,2025-12-01,2025-12-01
2025-12-01,DTWEXBGS,2025-08-28,120.6537,2025-12-01,2025-12-01
2025-12-01,DTWEXBGS,2025-08-29,120.6028,2025-12-01,2025-12-01
2025-12-01,DTWEXBGS,2025-09-02,121.0716,2025-12-01,2025-12-01
2025-12-01,DTWEXBGS,2025-09-03,120.9032,2025-12-01,2025-12-01
2025-12-01,DTWEXBGS,2025-09-04,121.1565,2025-12-01,2025-12-01
2025-12-01,DTWEXBGS,2025-09-05,120.5394,2025-12-01,2025-12-01
2025-12-01,DTWEXBGS,2025-09-08,120.5152,2025-12-01,2025-12-01
2025-12-01,DTWEXBGS,2025-09-09,120.5746,2025-12-01,2025-12-01
2025-12-01,DTWEXBGS,2025-09-10,120.5447,2025-12-01,2025-12-01
2025-12-01,DTWEXBGS,2025-09-11,120.381,2025-12-01,2025-12-01
2025-12-01,DTWEXBGS,2025-09-12,120.4905,2025-12-01,2025-12-01
2025-12-01,DTWEXBGS,2025-09-15,120.0042,2025-12-01,2025-12-01
2025-12-01,DTWEXBGS,2025-09-16,119.586,2025-12-01,2025-12-01
2025-12-01,DTWEXBGS,2025-09-17,119.6063,2025-12-01,2025-12-01
2025-12-01,DTWEXBGS,2025-09-18,120.0986,2025-12-01,2025-12-01
2025-12-01,DTWEXBGS,2025-09-19,120.2166,2025-12-01,2025-12-01
2025-12-01,DTWEXBGS,2025-09-22,120.2461,2025-12-01,2025-12-01
2025-12-01,DTWEXBGS,2025-09-23,120.0568,2025-12-01,2025-12-01
2025-12-01,DTWEXBGS,2025-09-24,120.6024,2025-12-01,2025-12-01
2025-12-01,DTWEXBGS,2025-09-25,120.9635,2025-12-01,2025-12-01
2025-12-01,DTWEXBGS,2025-09-26,120.8615,2025-12-01,2025-12-01
2025-12-01,DTWEXBGS,2025-09-29,120.5403,2025-12-01,2025-12-01
2025-12-01,DTWEXBGS,2025-09-30,120.5624,2025-12-01,2025-12-01
2025-12-01,DTWEXBGS,2025-10-01,120.5782,2025-12-01,2025-12-01
2025-12-01,DTWEXBGS,2025-10-02,120.844,2025-12-01,2025-12-01
2025-12-01,DTWEXBGS,2025-10-03,120.5163,2025-12-01,2025-12-01
2025-12-01,DTWEXBGS,2025-10-06,120.7028,2025-12-01,2025-12-01
2025-12-01,DTWEXBGS,2025-10-07,120.9097,2025-12-01,2025-12-01
2025-12-01,DTWEXBGS,2025-10-08,121.1884,2025-12-01,2025-12-01
2025-12-01,DTWEXBGS,2025-10-09,121.4965,2025-12-01,2025-12-01
2025-12-01,DTWEXBGS,2025-10-10,121.5217,2025-12-01,2025-12-01
2025-12-01,DTWEXBGS,2025-10-14,121.5815,2025-12-01,2025-12-01
2025-12-01,DTWEXBGS,2025-10-15,121.2669,2025-12-01,2025-12-01
2025-12-01,DTWEXBGS,2025-10-16,121.0834,2025-12-01,2025-12-01
2025-12-01,DTWEXBGS,2025-10-17,121.1218,2025-12-01,2025-12-01
2025-12-01,DTWEXBGS,2025-10-20,121.0394,2025-12-01,2025-12-01
2025-12-01,DTWEXBGS,2025-10-21,121.302,2025-12-01,2025-12-01
2025-12-01,DTWEXBGS,2025-10-22,121.3075,2025-12-01,2025-12-01
2025-12-01,DTWEXBGS,2025-10-23,121.3633,2025-12-01,2025-12-01
2025-12-01,DTWEXBGS,2025-10-24,121.342,2025-12-01,2025-12-01
2025-12-01,DTWEXBGS,2025-10-27,121.2002,2025-12-01,2025-12-01
2025-12-01,DTWEXBGS,2025-10-28,121.0349,2025-12-01,2025-12-01
2025-12-01,DTWEXBGS,2025-10-29,120.929,2025-12-01,2025-12-01
2025-12-01,DTWEXBGS,2025-10-30,121.665,2025-12-01,2025-12-01
2025-12-01,DTWEXBGS,2025-10-31,121.7715,2025-12-01,2025-12-01
2025-12-01,DTWEXBGS,2025-11-03,121.8422,2025-12-01,2025-12-01
2025-12-01,DTWEXBGS,2025-11-04,122.2066,2025-12-01,2025-12-01
2025-12-01,DTWEXBGS,2025-11-05,122.2295,2025-12-01,2025-12-01
2025-12-01,DTWEXBGS,2025-11-06,122.0788,2025-12-01,2025-12-01
2025-12-01,DTWEXBGS,2025-11-07,121.7835,2025-12-01,2025-12-01
2025-12-01,DTWEXBGS,2025-11-10,121.6932,2025-12-01,2025-12-01
2025-12-01,DTWEXBGS,2025-11-12,121.4459,2025-12-01,2025-12-01
2025-12-01,DTWEXBGS,2025-11-13,121.1756,2025-12-01,2025-12-01
2025-12-01,DTWEXBGS,2025-11-14,121.363,2025-12-01,2025-12-01
2025-12-01,DTWEXBGS,2025-11-17,121.5131,2025-12-01,2025-12-01
2025-12-01,DTWEXBGS,2025-11-18,121.6042,2025-12-01,2025-12-01
2025-12-01,DTWEXBGS,2025-11-19,121.8845,2025-12-01,2025-12-01
2025-12-01,DTWEXBGS,2025-11-20,122.0735,2025-12-01,2025-12-01
2025-12-01,DTWEXBGS,2025-11-21,122.235,2025-12-01,2025-12-01
2025-12-01,DTWEXBGS,2025-11-24,122.2833,2025-12-01,2025-12-01
2025-12-01,DTWEXBGS,2025-11-25,122.0044,2025-12-01,2025-12-01
2025-12-01,DTWEXBGS,2025-11-26,121.6225,2025-12-01,2025-12-01
2025-12-01,DTWEXBGS,2025-11-28,121.4288,2025-12-01,2025-12-01
2025-12-01,FEDFUNDS,2025-08-01,4.33,2025-12-01,2025-12-01
2025-12-01,FEDFUNDS,2025-09-01,4.22,2025-12-01,2025-12-01
2025-12-01,FEDFUNDS,2025-10-01,4.09,2025-12-01,2025-12-01
2025-12-01,FEDFUNDS,2025-11-01,3.88,2025-12-01,2025-12-01
2025-12-01,VIXCLS,2025-08-01,20.38,2025-12-01,2025-12-01
2025-12-01,VIXCLS,2025-08-04,17.52,2025-12-01,2025-12-01
2025-12-01,VIXCLS,2025-08-05,17.85,2025-12-01,2025-12-01
2025-12-01,VIXCLS,2025-08-06,16.77,2025-12-01,2025-12-01
2025-12-01,VIXCLS,2025-08-07,16.57,2025-12-01,2025-12-01
2025-12-01,VIXCLS,2025-08-08,15.15,2025-12-01,2025-12-01
2025-12-01,VIXCLS,2025-08-11,16.25,2025-12-01,2025-12-01
2025-12-01,VIXCLS,2025-08-12,14.73,2025-12-01,2025-12-01
2025-12-01,VIXCLS,2025-08-13,14.49,2025-12-01,2025-12-01
2025-12-01,VIXCLS,2025-08-14,14.83,2025-12-01,2025-12-01
2025-12-01,VIXCLS,2025-08-15,15.09,2025-12-01,2025-12-01
2025-12-01,VIXCLS,2025-08-18,14.99,2025-12-01,2025-12-01
2025-12-01,VIXCLS,2025-08-19,15.57,2025-12-01,2025-12-01
2025-12-01,VIXCLS,2025-08-20,15.69,2025-12-01,2025-12-01
2025-12-01,VIXCLS,2025-08-21,16.6,2025-12-01,2025-12-01
2025-12-01,VIXCLS,2025-08-22,14.22,2025-12-01,2025-12-01
2025-12-01,VIXCLS,2025-08-25,14.79,2025-12-01,2025-12-01
2025-12-01,VIXCLS,2025-08-26,14.62,2025-12-01,2025-12-01
2025-12-01,VIXCLS,2025-08-27,14.85,2025-12-01,2025-12-01
2025-12-01,VIXCLS,2025-08-28,14.43,2025-12-01,2025-12-01
2025-12-01,VIXCLS,2025-08-29,15.36,2025-12-01,2025-12-01
2025-12-01,VIXCLS,2025-09-01,16.12,2025-12-01,2025-12-01
2025-12-01,VIXCLS,2025-09-02,17.17,2025-12-01,2025-12-01
2025-12-01,VIXCLS,2025-09-03,16.35,2025-12-01,2025-12-01
2025-12-01,VIXCLS,2025-09-04,15.3,2025-12-01,2025-12-01
2025-12-01,VIXCLS,2025-09-05,15.18,2025-12-01,2025-12-01
2025-12-01,VIXCLS,2025-09-08,15.11,2025-12-01,2025-12-01
2025-12-01,VIXCLS,2025-09-09,15.04,2025-12-01,2025-12-01
2025-12-01,VIXCLS,2025-09-10,15.35,2025-12-01,2025-12-01
2025-12-01,VIXCLS,2025-09-11,14.71,2025-12-01,2025-12-01
2025-12-01,VIXCLS,2025-09-12,14.76,2025-12-01,2025-12-01
2025-12-01,VIXCLS,2025-09-15,15.69,2025-12-01,2025-12-01
2025-12-01,VIXCLS,2025-09-16,16.36,2025-12-01,2025-12-01
2025-12-01,VIXCLS,2025-09-17,15.72,2025-12-01,2025-12-01
2025-12-01,VIXCLS,2025-09-18,15.7,2025-12-01,2025-12-01
2025-12-01,VIXCLS,2025-09-19,15.45,2025-12-01,2025-12-01
2025-12-01,VIXCLS,2025-09-22,16.1,2025-12-01,2025-12-01
2025-12-01,VIXCLS,2025-09-23,16.64,2025-12-01,2025-12-01
2025-12-01,VIXCLS,2025-09-24,16.18,2025-12-01,2025-12-01
2025-12-01,VIXCLS,2025-09-25,16.74,2025-12-01,2025-12-01
2025-12-01,VIXCLS,2025-09-26,15.29,2025-12-01,2025-12-01
2025-12-01,VIXCLS,2025-09-29,16.12,2025-12-01,2025-12-01
2025-12-01,VIXCLS,2025-09-30,16.28,2025-12-01,2025-12-01
2025-12-01,VIXCLS,2025-10-01,16.29,2025-12-01,2025-12-01
2025-12-01,VIXCLS,2025-10-02,16.63,2025-12-01,2025-12-01
2025-12-01,VIXCLS,2025-10-03,16.65,2025-12-01,2025-12-01
2025-12-01,VIXCLS,2025-10-06,16.37,2025-12-01,2025-12-01
2025-12-01,VIXCLS,2025-10-07,17.24,2025-12-01,2025-12-01
2025-12-01,VIXCLS,2025-10-08,16.3,2025-12-01,2025-12-01
2025-12-01,VIXCLS,2025-10-09,16.43,2025-12-01,2025-12-01
2025-12-01,VIXCLS,2025-10-10,21.66,2025-12-01,2025-12-01
2025-12-01,VIXCLS,2025-10-13,19.03,2025-12-01,2025-12-01
2025-12-01,VIXCLS,2025-10-14,20.81,2025-12-01,2025-12-01
2025-12-01,VIXCLS,2025-10-15,20.64,2025-12-01,2025-12-01
2025-12-01,VIXCLS,2025-10-16,25.31,2025-12-01,2025-12-01
2025-12-01,VIXCLS,2025-10-17,20.78,2025-12-01,2025-12-01
2025-12-01,VIXCLS,2025-10-20,18.23,2025-12-01,2025-12-01
2025-12-01,VIXCLS,2025-10-21,17.87,2025-12-01,2025-12-01
2025-12-01,VIXCLS,2025-10-22,18.6,2025-12-01,2025-12-01
2025-12-01,VIXCLS,2025-10-23,17.3,2025-12-01,2025-12-01
2025-12-01,VIXCLS,2025-10-24,16.37,2025-12-01,2025-12-01
2025-12-01,VIXCLS,2025-10-27,15.79,2025-12-01,2025-12-01
2025-12-01,VIXCLS,2025-10-28,16.42,2025-12-01,2025-12-01
2025-12-01,VIXCLS,2025-10-29,16.92,2025-12-01,2025-12-01
2025-12-01,VIXCLS,2025-10-30,16.91,2025-12-01,2025-12-01
2025-12-01,VIXCLS,2025-10-31,17.44,2025-12-01,2025-12-01
2025-12-01,VIXCLS,2025-11-03,17.17,2025-12-01,2025-12-01
2025-12-01,VIXCLS,2025-11-04,19,2025-12-01,2025-12-01
2025-12-01,VIXCLS,2025-11-05,18.01,2025-12-01,2025-12-01
2025-12-01,VIXCLS,2025-11-06,19.5,2025-12-01,2025-12-01
2025-12-01,VIXCLS,2025-11-07,19.08,2025-12-01,2025-12-01
2025-12-01,VIXCLS,2025-11-10,17.6,2025-12-01,2025-12-01
2025-12-01,VIXCLS,2025-11-11,17.28,2025-12-01,2025-12-01
2025-12-01,VIXCLS,2025-11-12,17.51,2025-12-01,2025-12-01
2025-12-01,VIXCLS,2025-11-13,20,2025-12-01,2025-12-01
2025-12-01,VIXCLS,2025-11-14,19.83,2025-12-01,2025-12-01
2025-12-01,VIXCLS,2025-11-17,22.38,2025-12-01,2025-12-01
2025-12-01,VIXCLS,2025-11-18,24.69,2025-12-01,2025-12-01
2025-12-01,VIXCLS,2025-11-19,23.66,2025-12-01,2025-12-01
2025-12-01,VIXCLS,2025-11-20,26.42,2025-12-01,2025-12-01
2025-12-01,VIXCLS,2025-11-21,23.43,2025-12-01,2025-12-01
2025-12-01,VIXCLS,2025-11-24,20.52,2025-12-01,2025-12-01
2025-12-01,VIXCLS,2025-11-25,18.56,2025-12-01,2025-12-01
2025-12-01,VIXCLS,2025-11-26,17.19,2025-12-01,2025-12-01
2025-12-01,VIXCLS,2025-11-27,17.21,2025-12-01,2025-12-01
2025-12-01,VIXCLS,2025-11-28,16.35,2025-12-01,2025-12-01
2026-01-01,CCUSMA02BRM618N,2025-09-01,5.367109091,2026-01-01,2026-01-01
2026-01-01,CCUSMA02BRM618N,2025-10-01,5.385226087,2026-01-01,2026-01-01
2026-01-01,CCUSMA02BRM618N,2025-11-01,5.34024,2026-01-01,2026-01-01
2026-01-01,CCUSMA02CLM618N,2025-09-01,959.7174818,2026-01-01,2026-01-01
2026-01-01,CCUSMA02CLM618N,2025-10-01,952.6674087,2026-01-01,2026-01-01
2026-01-01,CCUSMA02CLM618N,2025-11-01,934.79846,2026-01-01,2026-01-01
2026-01-01,CCUSMA02MXM618N,2025-09-01,18.45806682,2026-01-01,2026-01-01
2026-01-01,CCUSMA02MXM618N,2025-10-01,18.39539043,2026-01-01,2026-01-01
2026-01-01,CCUSMA02MXM618N,2025-11-01,18.386701,2026-01-01,2026-01-01
2026-01-01,DTWEXBGS,2025-09-02,121.0716,2026-01-01,2026-01-01
2026-01-01,DTWEXBGS,2025-09-03,120.9032,2026-01-01,2026-01-01
2026-01-01,DTWEXBGS,2025-09-04,121.1565,2026-01-01,2026-01-01
2026-01-01,DTWEXBGS,2025-09-05,120.5394,2026-01-01,2026-01-01
2026-01-01,DTWEXBGS,2025-09-08,120.5152,2026-01-01,2026-01-01
2026-01-01,DTWEXBGS,2025-09-09,120.5746,2026-01-01,2026-01-01
2026-01-01,DTWEXBGS,2025-09-10,120.5447,2026-01-01,2026-01-01
2026-01-01,DTWEXBGS,2025-09-11,120.381,2026-01-01,2026-01-01
2026-01-01,DTWEXBGS,2025-09-12,120.4905,2026-01-01,2026-01-01
2026-01-01,DTWEXBGS,2025-09-15,120.0042,2026-01-01,2026-01-01
2026-01-01,DTWEXBGS,2025-09-16,119.586,2026-01-01,2026-01-01
2026-01-01,DTWEXBGS,2025-09-17,119.6063,2026-01-01,2026-01-01
2026-01-01,DTWEXBGS,2025-09-18,120.0986,2026-01-01,2026-01-01
2026-01-01,DTWEXBGS,2025-09-19,120.2166,2026-01-01,2026-01-01
2026-01-01,DTWEXBGS,2025-09-22,120.2461,2026-01-01,2026-01-01
2026-01-01,DTWEXBGS,2025-09-23,120.0568,2026-01-01,2026-01-01
2026-01-01,DTWEXBGS,2025-09-24,120.6024,2026-01-01,2026-01-01
2026-01-01,DTWEXBGS,2025-09-25,120.9635,2026-01-01,2026-01-01
2026-01-01,DTWEXBGS,2025-09-26,120.8615,2026-01-01,2026-01-01
2026-01-01,DTWEXBGS,2025-09-29,120.5403,2026-01-01,2026-01-01
2026-01-01,DTWEXBGS,2025-09-30,120.5624,2026-01-01,2026-01-01
2026-01-01,DTWEXBGS,2025-10-01,120.5782,2026-01-01,2026-01-01
2026-01-01,DTWEXBGS,2025-10-02,120.844,2026-01-01,2026-01-01
2026-01-01,DTWEXBGS,2025-10-03,120.5163,2026-01-01,2026-01-01
2026-01-01,DTWEXBGS,2025-10-06,120.7028,2026-01-01,2026-01-01
2026-01-01,DTWEXBGS,2025-10-07,120.9097,2026-01-01,2026-01-01
2026-01-01,DTWEXBGS,2025-10-08,121.1884,2026-01-01,2026-01-01
2026-01-01,DTWEXBGS,2025-10-09,121.4965,2026-01-01,2026-01-01
2026-01-01,DTWEXBGS,2025-10-10,121.5217,2026-01-01,2026-01-01
2026-01-01,DTWEXBGS,2025-10-14,121.5815,2026-01-01,2026-01-01
2026-01-01,DTWEXBGS,2025-10-15,121.2669,2026-01-01,2026-01-01
2026-01-01,DTWEXBGS,2025-10-16,121.0834,2026-01-01,2026-01-01
2026-01-01,DTWEXBGS,2025-10-17,121.1218,2026-01-01,2026-01-01
2026-01-01,DTWEXBGS,2025-10-20,121.0394,2026-01-01,2026-01-01
2026-01-01,DTWEXBGS,2025-10-21,121.302,2026-01-01,2026-01-01
2026-01-01,DTWEXBGS,2025-10-22,121.3075,2026-01-01,2026-01-01
2026-01-01,DTWEXBGS,2025-10-23,121.3633,2026-01-01,2026-01-01
2026-01-01,DTWEXBGS,2025-10-24,121.342,2026-01-01,2026-01-01
2026-01-01,DTWEXBGS,2025-10-27,121.2002,2026-01-01,2026-01-01
2026-01-01,DTWEXBGS,2025-10-28,121.0349,2026-01-01,2026-01-01
2026-01-01,DTWEXBGS,2025-10-29,120.929,2026-01-01,2026-01-01
2026-01-01,DTWEXBGS,2025-10-30,121.665,2026-01-01,2026-01-01
2026-01-01,DTWEXBGS,2025-10-31,121.7715,2026-01-01,2026-01-01
2026-01-01,DTWEXBGS,2025-11-03,121.8422,2026-01-01,2026-01-01
2026-01-01,DTWEXBGS,2025-11-04,122.2066,2026-01-01,2026-01-01
2026-01-01,DTWEXBGS,2025-11-05,122.2295,2026-01-01,2026-01-01
2026-01-01,DTWEXBGS,2025-11-06,122.0788,2026-01-01,2026-01-01
2026-01-01,DTWEXBGS,2025-11-07,121.7835,2026-01-01,2026-01-01
2026-01-01,DTWEXBGS,2025-11-10,121.6932,2026-01-01,2026-01-01
2026-01-01,DTWEXBGS,2025-11-12,121.4459,2026-01-01,2026-01-01
2026-01-01,DTWEXBGS,2025-11-13,121.1756,2026-01-01,2026-01-01
2026-01-01,DTWEXBGS,2025-11-14,121.363,2026-01-01,2026-01-01
2026-01-01,DTWEXBGS,2025-11-17,121.5131,2026-01-01,2026-01-01
2026-01-01,DTWEXBGS,2025-11-18,121.6042,2026-01-01,2026-01-01
2026-01-01,DTWEXBGS,2025-11-19,121.8845,2026-01-01,2026-01-01
2026-01-01,DTWEXBGS,2025-11-20,122.0735,2026-01-01,2026-01-01
2026-01-01,DTWEXBGS,2025-11-21,122.235,2026-01-01,2026-01-01
2026-01-01,DTWEXBGS,2025-11-24,122.2833,2026-01-01,2026-01-01
2026-01-01,DTWEXBGS,2025-11-25,122.0044,2026-01-01,2026-01-01
2026-01-01,DTWEXBGS,2025-11-26,121.6225,2026-01-01,2026-01-01
2026-01-01,DTWEXBGS,2025-11-28,121.4288,2026-01-01,2026-01-01
2026-01-01,DTWEXBGS,2025-12-01,121.3615,2026-01-01,2026-01-01
2026-01-01,DTWEXBGS,2025-12-02,121.5149,2026-01-01,2026-01-01
2026-01-01,DTWEXBGS,2025-12-03,121.1131,2026-01-01,2026-01-01
2026-01-01,DTWEXBGS,2025-12-04,121.0614,2026-01-01,2026-01-01
2026-01-01,DTWEXBGS,2025-12-05,121.0615,2026-01-01,2026-01-01
2026-01-01,DTWEXBGS,2025-12-08,121.1478,2026-01-01,2026-01-01
2026-01-01,DTWEXBGS,2025-12-09,121.0601,2026-01-01,2026-01-01
2026-01-01,DTWEXBGS,2025-12-10,121.0557,2026-01-01,2026-01-01
2026-01-01,DTWEXBGS,2025-12-11,120.3821,2026-01-01,2026-01-01
2026-01-01,DTWEXBGS,2025-12-12,120.5383,2026-01-01,2026-01-01
2026-01-01,DTWEXBGS,2025-12-15,120.3501,2026-01-01,2026-01-01
2026-01-01,DTWEXBGS,2025-12-16,120.283,2026-01-01,2026-01-01
2026-01-01,DTWEXBGS,2025-12-17,120.5451,2026-01-01,2026-01-01
2026-01-01,DTWEXBGS,2025-12-18,120.4409,2026-01-01,2026-01-01
2026-01-01,DTWEXBGS,2025-12-19,120.5571,2026-01-01,2026-01-01
2026-01-01,DTWEXBGS,2025-12-22,120.3816,2026-01-01,2026-01-01
2026-01-01,DTWEXBGS,2025-12-23,120.098,2026-01-01,2026-01-01
2026-01-01,DTWEXBGS,2025-12-24,119.8262,2026-01-01,2026-01-01
2026-01-01,DTWEXBGS,2025-12-26,119.8529,2026-01-01,2026-01-01
2026-01-01,FEDFUNDS,2025-09-01,4.22,2026-01-01,2026-01-01
2026-01-01,FEDFUNDS,2025-10-01,4.09,2026-01-01,2026-01-01
2026-01-01,FEDFUNDS,2025-11-01,3.88,2026-01-01,2026-01-01
2026-01-01,VIXCLS,2025-09-01,16.12,2026-01-01,2026-01-01
2026-01-01,VIXCLS,2025-09-02,17.17,2026-01-01,2026-01-01
2026-01-01,VIXCLS,2025-09-03,16.35,2026-01-01,2026-01-01
2026-01-01,VIXCLS,2025-09-04,15.3,2026-01-01,2026-01-01
2026-01-01,VIXCLS,2025-09-05,15.18,2026-01-01,2026-01-01
2026-01-01,VIXCLS,2025-09-08,15.11,2026-01-01,2026-01-01
2026-01-01,VIXCLS,2025-09-09,15.04,2026-01-01,2026-01-01
2026-01-01,VIXCLS,2025-09-10,15.35,2026-01-01,2026-01-01
2026-01-01,VIXCLS,2025-09-11,14.71,2026-01-01,2026-01-01
2026-01-01,VIXCLS,2025-09-12,14.76,2026-01-01,2026-01-01
2026-01-01,VIXCLS,2025-09-15,15.69,2026-01-01,2026-01-01
2026-01-01,VIXCLS,2025-09-16,16.36,2026-01-01,2026-01-01
2026-01-01,VIXCLS,2025-09-17,15.72,2026-01-01,2026-01-01
2026-01-01,VIXCLS,2025-09-18,15.7,2026-01-01,2026-01-01
2026-01-01,VIXCLS,2025-09-19,15.45,2026-01-01,2026-01-01
2026-01-01,VIXCLS,2025-09-22,16.1,2026-01-01,2026-01-01
2026-01-01,VIXCLS,2025-09-23,16.64,2026-01-01,2026-01-01
2026-01-01,VIXCLS,2025-09-24,16.18,2026-01-01,2026-01-01
2026-01-01,VIXCLS,2025-09-25,16.74,2026-01-01,2026-01-01
2026-01-01,VIXCLS,2025-09-26,15.29,2026-01-01,2026-01-01
2026-01-01,VIXCLS,2025-09-29,16.12,2026-01-01,2026-01-01
2026-01-01,VIXCLS,2025-09-30,16.28,2026-01-01,2026-01-01
2026-01-01,VIXCLS,2025-10-01,16.29,2026-01-01,2026-01-01
2026-01-01,VIXCLS,2025-10-02,16.63,2026-01-01,2026-01-01
2026-01-01,VIXCLS,2025-10-03,16.65,2026-01-01,2026-01-01
2026-01-01,VIXCLS,2025-10-06,16.37,2026-01-01,2026-01-01
2026-01-01,VIXCLS,2025-10-07,17.24,2026-01-01,2026-01-01
2026-01-01,VIXCLS,2025-10-08,16.3,2026-01-01,2026-01-01
2026-01-01,VIXCLS,2025-10-09,16.43,2026-01-01,2026-01-01
2026-01-01,VIXCLS,2025-10-10,21.66,2026-01-01,2026-01-01
2026-01-01,VIXCLS,2025-10-13,19.03,2026-01-01,2026-01-01
2026-01-01,VIXCLS,2025-10-14,20.81,2026-01-01,2026-01-01
2026-01-01,VIXCLS,2025-10-15,20.64,2026-01-01,2026-01-01
2026-01-01,VIXCLS,2025-10-16,25.31,2026-01-01,2026-01-01
2026-01-01,VIXCLS,2025-10-17,20.78,2026-01-01,2026-01-01
2026-01-01,VIXCLS,2025-10-20,18.23,2026-01-01,2026-01-01
2026-01-01,VIXCLS,2025-10-21,17.87,2026-01-01,2026-01-01
2026-01-01,VIXCLS,2025-10-22,18.6,2026-01-01,2026-01-01
2026-01-01,VIXCLS,2025-10-23,17.3,2026-01-01,2026-01-01
2026-01-01,VIXCLS,2025-10-24,16.37,2026-01-01,2026-01-01
2026-01-01,VIXCLS,2025-10-27,15.79,2026-01-01,2026-01-01
2026-01-01,VIXCLS,2025-10-28,16.42,2026-01-01,2026-01-01
2026-01-01,VIXCLS,2025-10-29,16.92,2026-01-01,2026-01-01
2026-01-01,VIXCLS,2025-10-30,16.91,2026-01-01,2026-01-01
2026-01-01,VIXCLS,2025-10-31,17.44,2026-01-01,2026-01-01
2026-01-01,VIXCLS,2025-11-03,17.17,2026-01-01,2026-01-01
2026-01-01,VIXCLS,2025-11-04,19,2026-01-01,2026-01-01
2026-01-01,VIXCLS,2025-11-05,18.01,2026-01-01,2026-01-01
2026-01-01,VIXCLS,2025-11-06,19.5,2026-01-01,2026-01-01
2026-01-01,VIXCLS,2025-11-07,19.08,2026-01-01,2026-01-01
2026-01-01,VIXCLS,2025-11-10,17.6,2026-01-01,2026-01-01
2026-01-01,VIXCLS,2025-11-11,17.28,2026-01-01,2026-01-01
2026-01-01,VIXCLS,2025-11-12,17.51,2026-01-01,2026-01-01
2026-01-01,VIXCLS,2025-11-13,20,2026-01-01,2026-01-01
2026-01-01,VIXCLS,2025-11-14,19.83,2026-01-01,2026-01-01
2026-01-01,VIXCLS,2025-11-17,22.38,2026-01-01,2026-01-01
2026-01-01,VIXCLS,2025-11-18,24.69,2026-01-01,2026-01-01
2026-01-01,VIXCLS,2025-11-19,23.66,2026-01-01,2026-01-01
2026-01-01,VIXCLS,2025-11-20,26.42,2026-01-01,2026-01-01
2026-01-01,VIXCLS,2025-11-21,23.43,2026-01-01,2026-01-01
2026-01-01,VIXCLS,2025-11-24,20.52,2026-01-01,2026-01-01
2026-01-01,VIXCLS,2025-11-25,18.56,2026-01-01,2026-01-01
2026-01-01,VIXCLS,2025-11-26,17.19,2026-01-01,2026-01-01
2026-01-01,VIXCLS,2025-11-27,17.21,2026-01-01,2026-01-01
2026-01-01,VIXCLS,2025-11-28,16.35,2026-01-01,2026-01-01
2026-01-01,VIXCLS,2025-12-01,17.24,2026-01-01,2026-01-01
2026-01-01,VIXCLS,2025-12-02,16.59,2026-01-01,2026-01-01
2026-01-01,VIXCLS,2025-12-03,16.08,2026-01-01,2026-01-01
2026-01-01,VIXCLS,2025-12-04,15.78,2026-01-01,2026-01-01
2026-01-01,VIXCLS,2025-12-05,15.41,2026-01-01,2026-01-01
2026-01-01,VIXCLS,2025-12-08,16.66,2026-01-01,2026-01-01
2026-01-01,VIXCLS,2025-12-09,16.93,2026-01-01,2026-01-01
2026-01-01,VIXCLS,2025-12-10,15.77,2026-01-01,2026-01-01
2026-01-01,VIXCLS,2025-12-11,14.85,2026-01-01,2026-01-01
2026-01-01,VIXCLS,2025-12-12,15.74,2026-01-01,2026-01-01
2026-01-01,VIXCLS,2025-12-15,16.5,2026-01-01,2026-01-01
2026-01-01,VIXCLS,2025-12-16,16.48,2026-01-01,2026-01-01
2026-01-01,VIXCLS,2025-12-17,17.62,2026-01-01,2026-01-01
2026-01-01,VIXCLS,2025-12-18,16.87,2026-01-01,2026-01-01
2026-01-01,VIXCLS,2025-12-19,14.91,2026-01-01,2026-01-01
2026-01-01,VIXCLS,2025-12-22,14.08,2026-01-01,2026-01-01
2026-01-01,VIXCLS,2025-12-23,14,2026-01-01,2026-01-01
2026-01-01,VIXCLS,2025-12-24,13.47,2026-01-01,2026-01-01
2026-01-01,VIXCLS,2025-12-26,13.6,2026-01-01,2026-01-01
2026-01-01,VIXCLS,2025-12-29,14.2,2026-01-01,2026-01-01
2026-01-01,VIXCLS,2025-12-30,14.33,2026-01-01,2026-01-01
2026-01-01,VIXCLS,2025-12-31,14.95,2026-01-01,2026-01-01
2026-02-01,CCUSMA02BRM618N,2025-10-01,5.385226087,2026-02-01,2026-02-01
2026-02-01,CCUSMA02BRM618N,2025-11-01,5.34024,2026-02-01,2026-02-01
2026-02-01,CCUSMA02BRM618N,2025-12-01,5.456343478,2026-02-01,2026-02-01
2026-02-01,CCUSMA02CLM618N,2025-10-01,952.6674087,2026-02-01,2026-02-01
2026-02-01,CCUSMA02CLM618N,2025-11-01,934.79846,2026-02-01,2026-02-01
2026-02-01,CCUSMA02CLM618N,2025-12-01,913.9449913,2026-02-01,2026-02-01
2026-02-01,CCUSMA02MXM618N,2025-10-01,18.39539043,2026-02-01,2026-02-01
2026-02-01,CCUSMA02MXM618N,2025-11-01,18.386701,2026-02-01,2026-02-01
2026-02-01,CCUSMA02MXM618N,2025-12-01,18.04282565,2026-02-01,2026-02-01
2026-02-01,DTWEXBGS,2025-10-01,120.5782,2026-02-01,2026-02-01
2026-02-01,DTWEXBGS,2025-10-02,120.844,2026-02-01,2026-02-01
2026-02-01,DTWEXBGS,2025-10-03,120.5163,2026-02-01,2026-02-01
2026-02-01,DTWEXBGS,2025-10-06,120.7028,2026-02-01,2026-02-01
2026-02-01,DTWEXBGS,2025-10-07,120.9097,2026-02-01,2026-02-01
2026-02-01,DTWEXBGS,2025-10-08,121.1884,2026-02-01,2026-02-01
2026-02-01,DTWEXBGS,2025-10-09,121.4965,2026-02-01,2026-02-01
2026-02-01,DTWEXBGS,2025-10-10,121.5217,2026-02-01,2026-02-01
2026-02-01,DTWEXBGS,2025-10-14,121.5815,2026-02-01,2026-02-01
2026-02-01,DTWEXBGS,2025-10-15,121.2669,2026-02-01,2026-02-01
2026-02-01,DTWEXBGS,2025-10-16,121.0834,2026-02-01,2026-02-01
2026-02-01,DTWEXBGS,2025-10-17,121.1218,2026-02-01,2026-02-01
2026-02-01,DTWEXBGS,2025-10-20,121.0394,2026-02-01,2026-02-01
2026-02-01,DTWEXBGS,2025-10-21,121.302,2026-02-01,2026-02-01
2026-02-01,DTWEXBGS,2025-10-22,121.3075,2026-02-01,2026-02-01
2026-02-01,DTWEXBGS,2025-10-23,121.3633,2026-02-01,2026-02-01
2026-02-01,DTWEXBGS,2025-10-24,121.342,2026-02-01,2026-02-01
2026-02-01,DTWEXBGS,2025-10-27,121.2002,2026-02-01,2026-02-01
2026-02-01,DTWEXBGS,2025-10-28,121.0349,2026-02-01,2026-02-01
2026-02-01,DTWEXBGS,2025-10-29,120.929,2026-02-01,2026-02-01
2026-02-01,DTWEXBGS,2025-10-30,121.665,2026-02-01,2026-02-01
2026-02-01,DTWEXBGS,2025-10-31,121.7715,2026-02-01,2026-02-01
2026-02-01,DTWEXBGS,2025-11-03,121.8422,2026-02-01,2026-02-01
2026-02-01,DTWEXBGS,2025-11-04,122.2066,2026-02-01,2026-02-01
2026-02-01,DTWEXBGS,2025-11-05,122.2295,2026-02-01,2026-02-01
2026-02-01,DTWEXBGS,2025-11-06,122.0788,2026-02-01,2026-02-01
2026-02-01,DTWEXBGS,2025-11-07,121.7835,2026-02-01,2026-02-01
2026-02-01,DTWEXBGS,2025-11-10,121.6932,2026-02-01,2026-02-01
2026-02-01,DTWEXBGS,2025-11-12,121.4459,2026-02-01,2026-02-01
2026-02-01,DTWEXBGS,2025-11-13,121.1756,2026-02-01,2026-02-01
2026-02-01,DTWEXBGS,2025-11-14,121.363,2026-02-01,2026-02-01
2026-02-01,DTWEXBGS,2025-11-17,121.5131,2026-02-01,2026-02-01
2026-02-01,DTWEXBGS,2025-11-18,121.6042,2026-02-01,2026-02-01
2026-02-01,DTWEXBGS,2025-11-19,121.8845,2026-02-01,2026-02-01
2026-02-01,DTWEXBGS,2025-11-20,122.0735,2026-02-01,2026-02-01
2026-02-01,DTWEXBGS,2025-11-21,122.235,2026-02-01,2026-02-01
2026-02-01,DTWEXBGS,2025-11-24,122.2833,2026-02-01,2026-02-01
2026-02-01,DTWEXBGS,2025-11-25,122.0044,2026-02-01,2026-02-01
2026-02-01,DTWEXBGS,2025-11-26,121.6225,2026-02-01,2026-02-01
2026-02-01,DTWEXBGS,2025-11-28,121.4288,2026-02-01,2026-02-01
2026-02-01,DTWEXBGS,2025-12-01,121.3615,2026-02-01,2026-02-01
2026-02-01,DTWEXBGS,2025-12-02,121.5149,2026-02-01,2026-02-01
2026-02-01,DTWEXBGS,2025-12-03,121.1131,2026-02-01,2026-02-01
2026-02-01,DTWEXBGS,2025-12-04,121.0614,2026-02-01,2026-02-01
2026-02-01,DTWEXBGS,2025-12-05,121.0615,2026-02-01,2026-02-01
2026-02-01,DTWEXBGS,2025-12-08,121.1478,2026-02-01,2026-02-01
2026-02-01,DTWEXBGS,2025-12-09,121.0601,2026-02-01,2026-02-01
2026-02-01,DTWEXBGS,2025-12-10,121.0557,2026-02-01,2026-02-01
2026-02-01,DTWEXBGS,2025-12-11,120.3821,2026-02-01,2026-02-01
2026-02-01,DTWEXBGS,2025-12-12,120.5383,2026-02-01,2026-02-01
2026-02-01,DTWEXBGS,2025-12-15,120.3501,2026-02-01,2026-02-01
2026-02-01,DTWEXBGS,2025-12-16,120.283,2026-02-01,2026-02-01
2026-02-01,DTWEXBGS,2025-12-17,120.5451,2026-02-01,2026-02-01
2026-02-01,DTWEXBGS,2025-12-18,120.4409,2026-02-01,2026-02-01
2026-02-01,DTWEXBGS,2025-12-19,120.5571,2026-02-01,2026-02-01
2026-02-01,DTWEXBGS,2025-12-22,120.3816,2026-02-01,2026-02-01
2026-02-01,DTWEXBGS,2025-12-23,120.098,2026-02-01,2026-02-01
2026-02-01,DTWEXBGS,2025-12-24,119.8262,2026-02-01,2026-02-01
2026-02-01,DTWEXBGS,2025-12-26,119.8529,2026-02-01,2026-02-01
2026-02-01,DTWEXBGS,2025-12-29,119.9679,2026-02-01,2026-02-01
2026-02-01,DTWEXBGS,2025-12-30,119.8754,2026-02-01,2026-02-01
2026-02-01,DTWEXBGS,2025-12-31,120.1166,2026-02-01,2026-02-01
2026-02-01,DTWEXBGS,2026-01-02,119.9876,2026-02-01,2026-02-01
2026-02-01,DTWEXBGS,2026-01-05,120.0032,2026-02-01,2026-02-01
2026-02-01,DTWEXBGS,2026-01-06,120.1587,2026-02-01,2026-02-01
2026-02-01,DTWEXBGS,2026-01-07,120.2573,2026-02-01,2026-02-01
2026-02-01,DTWEXBGS,2026-01-08,120.4604,2026-02-01,2026-02-01
2026-02-01,DTWEXBGS,2026-01-09,120.5856,2026-02-01,2026-02-01
2026-02-01,DTWEXBGS,2026-01-12,120.3658,2026-02-01,2026-02-01
2026-02-01,DTWEXBGS,2026-01-13,120.5098,2026-02-01,2026-02-01
2026-02-01,DTWEXBGS,2026-01-14,120.3239,2026-02-01,2026-02-01
2026-02-01,DTWEXBGS,2026-01-15,120.3629,2026-02-01,2026-02-01
2026-02-01,DTWEXBGS,2026-01-16,120.4478,2026-02-01,2026-02-01
2026-02-01,DTWEXBGS,2026-01-20,119.8255,2026-02-01,2026-02-01
2026-02-01,DTWEXBGS,2026-01-21,119.724,2026-02-01,2026-02-01
2026-02-01,DTWEXBGS,2026-01-22,119.5823,2026-02-01,2026-02-01
2026-02-01,DTWEXBGS,2026-01-23,119.2855,2026-02-01,2026-02-01
2026-02-01,FEDFUNDS,2025-10-01,4.09,2026-02-01,2026-02-01
2026-02-01,FEDFUNDS,2025-11-01,3.88,2026-02-01,2026-02-01
2026-02-01,FEDFUNDS,2025-12-01,3.72,2026-02-01,2026-02-01
2026-02-01,VIXCLS,2025-10-01,16.29,2026-02-01,2026-02-01
2026-02-01,VIXCLS,2025-10-02,16.63,2026-02-01,2026-02-01
2026-02-01,VIXCLS,2025-10-03,16.65,2026-02-01,2026-02-01
2026-02-01,VIXCLS,2025-10-06,16.37,2026-02-01,2026-02-01
2026-02-01,VIXCLS,2025-10-07,17.24,2026-02-01,2026-02-01
2026-02-01,VIXCLS,2025-10-08,16.3,2026-02-01,2026-02-01
2026-02-01,VIXCLS,2025-10-09,16.43,2026-02-01,2026-02-01
2026-02-01,VIXCLS,2025-10-10,21.66,2026-02-01,2026-02-01
2026-02-01,VIXCLS,2025-10-13,19.03,2026-02-01,2026-02-01
2026-02-01,VIXCLS,2025-10-14,20.81,2026-02-01,2026-02-01
2026-02-01,VIXCLS,2025-10-15,20.64,2026-02-01,2026-02-01
2026-02-01,VIXCLS,2025-10-16,25.31,2026-02-01,2026-02-01
2026-02-01,VIXCLS,2025-10-17,20.78,2026-02-01,2026-02-01
2026-02-01,VIXCLS,2025-10-20,18.23,2026-02-01,2026-02-01
2026-02-01,VIXCLS,2025-10-21,17.87,2026-02-01,2026-02-01
2026-02-01,VIXCLS,2025-10-22,18.6,2026-02-01,2026-02-01
2026-02-01,VIXCLS,2025-10-23,17.3,2026-02-01,2026-02-01
2026-02-01,VIXCLS,2025-10-24,16.37,2026-02-01,2026-02-01
2026-02-01,VIXCLS,2025-10-27,15.79,2026-02-01,2026-02-01
2026-02-01,VIXCLS,2025-10-28,16.42,2026-02-01,2026-02-01
2026-02-01,VIXCLS,2025-10-29,16.92,2026-02-01,2026-02-01
2026-02-01,VIXCLS,2025-10-30,16.91,2026-02-01,2026-02-01
2026-02-01,VIXCLS,2025-10-31,17.44,2026-02-01,2026-02-01
2026-02-01,VIXCLS,2025-11-03,17.17,2026-02-01,2026-02-01
2026-02-01,VIXCLS,2025-11-04,19,2026-02-01,2026-02-01
2026-02-01,VIXCLS,2025-11-05,18.01,2026-02-01,2026-02-01
2026-02-01,VIXCLS,2025-11-06,19.5,2026-02-01,2026-02-01
2026-02-01,VIXCLS,2025-11-07,19.08,2026-02-01,2026-02-01
2026-02-01,VIXCLS,2025-11-10,17.6,2026-02-01,2026-02-01
2026-02-01,VIXCLS,2025-11-11,17.28,2026-02-01,2026-02-01
2026-02-01,VIXCLS,2025-11-12,17.51,2026-02-01,2026-02-01
2026-02-01,VIXCLS,2025-11-13,20,2026-02-01,2026-02-01
2026-02-01,VIXCLS,2025-11-14,19.83,2026-02-01,2026-02-01
2026-02-01,VIXCLS,2025-11-17,22.38,2026-02-01,2026-02-01
2026-02-01,VIXCLS,2025-11-18,24.69,2026-02-01,2026-02-01
2026-02-01,VIXCLS,2025-11-19,23.66,2026-02-01,2026-02-01
2026-02-01,VIXCLS,2025-11-20,26.42,2026-02-01,2026-02-01
2026-02-01,VIXCLS,2025-11-21,23.43,2026-02-01,2026-02-01
2026-02-01,VIXCLS,2025-11-24,20.52,2026-02-01,2026-02-01
2026-02-01,VIXCLS,2025-11-25,18.56,2026-02-01,2026-02-01
2026-02-01,VIXCLS,2025-11-26,17.19,2026-02-01,2026-02-01
2026-02-01,VIXCLS,2025-11-27,17.21,2026-02-01,2026-02-01
2026-02-01,VIXCLS,2025-11-28,16.35,2026-02-01,2026-02-01
2026-02-01,VIXCLS,2025-12-01,17.24,2026-02-01,2026-02-01
2026-02-01,VIXCLS,2025-12-02,16.59,2026-02-01,2026-02-01
2026-02-01,VIXCLS,2025-12-03,16.08,2026-02-01,2026-02-01
2026-02-01,VIXCLS,2025-12-04,15.78,2026-02-01,2026-02-01
2026-02-01,VIXCLS,2025-12-05,15.41,2026-02-01,2026-02-01
2026-02-01,VIXCLS,2025-12-08,16.66,2026-02-01,2026-02-01
2026-02-01,VIXCLS,2025-12-09,16.93,2026-02-01,2026-02-01
2026-02-01,VIXCLS,2025-12-10,15.77,2026-02-01,2026-02-01
2026-02-01,VIXCLS,2025-12-11,14.85,2026-02-01,2026-02-01
2026-02-01,VIXCLS,2025-12-12,15.74,2026-02-01,2026-02-01
2026-02-01,VIXCLS,2025-12-15,16.5,2026-02-01,2026-02-01
2026-02-01,VIXCLS,2025-12-16,16.48,2026-02-01,2026-02-01
2026-02-01,VIXCLS,2025-12-17,17.62,2026-02-01,2026-02-01
2026-02-01,VIXCLS,2025-12-18,16.87,2026-02-01,2026-02-01
2026-02-01,VIXCLS,2025-12-19,14.91,2026-02-01,2026-02-01
2026-02-01,VIXCLS,2025-12-22,14.08,2026-02-01,2026-02-01
2026-02-01,VIXCLS,2025-12-23,14,2026-02-01,2026-02-01
2026-02-01,VIXCLS,2025-12-24,13.47,2026-02-01,2026-02-01
2026-02-01,VIXCLS,2025-12-26,13.6,2026-02-01,2026-02-01
2026-02-01,VIXCLS,2025-12-29,14.2,2026-02-01,2026-02-01
2026-02-01,VIXCLS,2025-12-30,14.33,2026-02-01,2026-02-01
2026-02-01,VIXCLS,2025-12-31,14.95,2026-02-01,2026-02-01
2026-02-01,VIXCLS,2026-01-02,14.51,2026-02-01,2026-02-01
2026-02-01,VIXCLS,2026-01-05,14.9,2026-02-01,2026-02-01
2026-02-01,VIXCLS,2026-01-06,14.75,2026-02-01,2026-02-01
2026-02-01,VIXCLS,2026-01-07,15.38,2026-02-01,2026-02-01
2026-02-01,VIXCLS,2026-01-08,15.45,2026-02-01,2026-02-01
2026-02-01,VIXCLS,2026-01-09,14.49,2026-02-01,2026-02-01
2026-02-01,VIXCLS,2026-01-12,15.12,2026-02-01,2026-02-01
2026-02-01,VIXCLS,2026-01-13,15.98,2026-02-01,2026-02-01
2026-02-01,VIXCLS,2026-01-14,16.75,2026-02-01,2026-02-01
2026-02-01,VIXCLS,2026-01-15,15.84,2026-02-01,2026-02-01
2026-02-01,VIXCLS,2026-01-16,15.86,2026-02-01,2026-02-01
2026-02-01,VIXCLS,2026-01-19,18.84,2026-02-01,2026-02-01
2026-02-01,VIXCLS,2026-01-20,20.09,2026-02-01,2026-02-01
2026-02-01,VIXCLS,2026-01-21,16.9,2026-02-01,2026-02-01
2026-02-01,VIXCLS,2026-01-22,15.64,2026-02-01,2026-02-01
2026-02-01,VIXCLS,2026-01-23,16.09,2026-02-01,2026-02-01
2026-02-01,VIXCLS,2026-01-26,16.15,2026-02-01,2026-02-01
2026-02-01,VIXCLS,2026-01-27,16.35,2026-02-01,2026-02-01
2026-02-01,VIXCLS,2026-01-28,16.35,2026-02-01,2026-02-01
2026-02-01,VIXCLS,2026-01-29,16.88,2026-02-01,2026-02-01
2026-02-01,VIXCLS,2026-01-30,17.44,2026-02-01,2026-02-01
2026-03-01,CCUSMA02BRM618N,2025-11-01,5.34024,2026-03-01,2026-03-01
2026-03-01,CCUSMA02BRM618N,2025-12-01,5.456343478,2026-03-01,2026-03-01
2026-03-01,CCUSMA02BRM618N,2026-01-01,5.345190909,2026-03-01,2026-03-01
2026-03-01,CCUSMA02CLM618N,2025-11-01,934.79846,2026-03-01,2026-03-01
2026-03-01,CCUSMA02CLM618N,2025-12-01,913.9449913,2026-03-01,2026-03-01
2026-03-01,CCUSMA02CLM618N,2026-01-01,882.6829682,2026-03-01,2026-03-01
2026-03-01,CCUSMA02MXM618N,2025-11-01,18.386701,2026-03-01,2026-03-01
2026-03-01,CCUSMA02MXM618N,2025-12-01,18.04282565,2026-03-01,2026-03-01
2026-03-01,CCUSMA02MXM618N,2026-01-01,17.62665955,2026-03-01,2026-03-01
2026-03-01,DTWEXBGS,2025-11-03,121.4512,2026-03-01,2026-03-01
2026-03-01,DTWEXBGS,2025-11-04,121.8271,2026-03-01,2026-03-01
2026-03-01,DTWEXBGS,2025-11-05,121.8482,2026-03-01,2026-03-01
2026-03-01,DTWEXBGS,2025-11-06,121.6948,2026-03-01,2026-03-01
2026-03-01,DTWEXBGS,2025-11-07,121.388,2026-03-01,2026-03-01
2026-03-01,DTWEXBGS,2025-11-10,121.2984,2026-03-01,2026-03-01
2026-03-01,DTWEXBGS,2025-11-12,121.0458,2026-03-01,2026-03-01
2026-03-01,DTWEXBGS,2025-11-13,120.7725,2026-03-01,2026-03-01
2026-03-01,DTWEXBGS,2025-11-14,120.9666,2026-03-01,2026-03-01
2026-03-01,DTWEXBGS,2025-11-17,121.1146,2026-03-01,2026-03-01
2026-03-01,DTWEXBGS,2025-11-18,121.2127,2026-03-01,2026-03-01
2026-03-01,DTWEXBGS,2025-11-19,121.4978,2026-03-01,2026-03-01
2026-03-01,DTWEXBGS,2025-11-20,121.6889,2026-03-01,2026-03-01
2026-03-01,DTWEXBGS,2025-11-21,121.8653,2026-03-01,2026-03-01
2026-03-01,DTWEXBGS,2025-11-24,121.9171,2026-03-01,2026-03-01
2026-03-01,DTWEXBGS,2025-11-25,121.6335,2026-03-01,2026-03-01
2026-03-01,DTWEXBGS,2025-11-26,121.2437,2026-03-01,2026-03-01
2026-03-01,DTWEXBGS,2025-11-28,121.0527,2026-03-01,2026-03-01
2026-03-01,DTWEXBGS,2025-12-01,120.9862,2026-03-01,2026-03-01
2026-03-01,DTWEXBGS,2025-12-02,121.1467,2026-03-01,2026-03-01
2026-03-01,DTWEXBGS,2025-12-03,120.7336,2026-03-01,2026-03-01
2026-03-01,DTWEXBGS,2025-12-04,120.6766,2026-03-01,2026-03-01
2026-03-01,DTWEXBGS,2025-12-05,120.6863,2026-03-01,2026-03-01
2026-03-01,DTWEXBGS,2025-12-08,120.776,2026-03-01,2026-03-01
2026-03-01,DTWEXBGS,2025-12-09,120.6832,2026-03-01,2026-03-01
2026-03-01,DTWEXBGS,2025-12-10,120.6752,2026-03-01,2026-03-01
2026-03-01,DTWEXBGS,2025-12-11,119.98,2026-03-01,2026-03-01
2026-03-01,DTWEXBGS,2025-12-12,120.1442,2026-03-01,2026-03-01
2026-03-01,DTWEXBGS,2025-12-15,119.9561,2026-03-01,2026-03-01
2026-03-01,DTWEXBGS,2025-12-16,119.8902,2026-03-01,2026-03-01
2026-03-01,DTWEXBGS,2025-12-17,120.155,2026-03-01,2026-03-01
2026-03-01,DTWEXBGS,2025-12-18,120.0528,2026-03-01,2026-03-01
2026-03-01,DTWEXBGS,2025-12-19,120.1652,2026-03-01,2026-03-01
2026-03-01,DTWEXBGS,2025-12-22,119.9912,2026-03-01,2026-03-01
2026-03-01,DTWEXBGS,2025-12-23,119.7057,2026-03-01,2026-03-01
2026-03-01,DTWEXBGS,2025-12-24,119.4372,2026-03-01,2026-03-01
2026-03-01,DTWEXBGS,2025-12-26,119.4723,2026-03-01,2026-03-01
2026-03-01,DTWEXBGS,2025-12-29,119.5899,2026-03-01,2026-03-01
2026-03-01,DTWEXBGS,2025-12-30,119.4939,2026-03-01,2026-03-01
2026-03-01,DTWEXBGS,2025-12-31,119.7456,2026-03-01,2026-03-01
2026-03-01,DTWEXBGS,2026-01-02,119.6059,2026-03-01,2026-03-01
2026-03-01,DTWEXBGS,2026-01-05,119.6192,2026-03-01,2026-03-01
2026-03-01,DTWEXBGS,2026-01-06,119.7807,2026-03-01,2026-03-01
2026-03-01,DTWEXBGS,2026-01-07,119.8719,2026-03-01,2026-03-01
2026-03-01,DTWEXBGS,2026-01-08,120.0904,2026-03-01,2026-03-01
2026-03-01,DTWEXBGS,2026-01-09,120.2215,2026-03-01,2026-03-01
2026-03-01,DTWEXBGS,2026-01-12,119.9958,2026-03-01,2026-03-01
2026-03-01,DTWEXBGS,2026-01-13,120.1401,2026-03-01,2026-03-01
2026-03-01,DTWEXBGS,2026-01-14,119.9537,2026-03-01,2026-03-01
2026-03-01,DTWEXBGS,2026-01-15,119.9951,2026-03-01,2026-03-01
2026-03-01,DTWEXBGS,2026-01-16,120.0838,2026-03-01,2026-03-01
2026-03-01,DTWEXBGS,2026-01-20,119.4455,2026-03-01,2026-03-01
2026-03-01,DTWEXBGS,2026-01-21,119.3431,2026-03-01,2026-03-01
2026-03-01,DTWEXBGS,2026-01-22,119.1962,2026-03-01,2026-03-01
2026-03-01,DTWEXBGS,2026-01-23,118.8976,2026-03-01,2026-03-01
2026-03-01,DTWEXBGS,2026-01-26,118.0525,2026-03-01,2026-03-01
2026-03-01,DTWEXBGS,2026-01-27,117.4523,2026-03-01,2026-03-01
2026-03-01,DTWEXBGS,2026-01-28,117.5117,2026-03-01,2026-03-01
2026-03-01,DTWEXBGS,2026-01-29,117.4396,2026-03-01,2026-03-01
2026-03-01,DTWEXBGS,2026-01-30,117.8996,2026-03-01,2026-03-01
2026-03-01,DTWEXBGS,2026-02-02,118.3609,2026-03-01,2026-03-01
2026-03-01,DTWEXBGS,2026-02-03,117.9764,2026-03-01,2026-03-01
2026-03-01,DTWEXBGS,2026-02-04,118.2602,2026-03-01,2026-03-01
2026-03-01,DTWEXBGS,2026-02-05,118.5034,2026-03-01,2026-03-01
2026-03-01,DTWEXBGS,2026-02-06,118.2407,2026-03-01,2026-03-01
2026-03-01,DTWEXBGS,2026-02-09,117.6392,2026-03-01,2026-03-01
2026-03-01,DTWEXBGS,2026-02-10,117.5216,2026-03-01,2026-03-01
2026-03-01,DTWEXBGS,2026-02-11,117.4601,2026-03-01,2026-03-01
2026-03-01,DTWEXBGS,2026-02-12,117.5376,2026-03-01,2026-03-01
2026-03-01,DTWEXBGS,2026-02-13,117.5258,2026-03-01,2026-03-01
2026-03-01,DTWEXBGS,2026-02-17,117.7375,2026-03-01,2026-03-01
2026-03-01,DTWEXBGS,2026-02-18,117.8426,2026-03-01,2026-03-01
2026-03-01,DTWEXBGS,2026-02-19,118.2354,2026-03-01,2026-03-01
2026-03-01,DTWEXBGS,2026-02-20,117.9917,2026-03-01,2026-03-01
2026-03-01,FEDFUNDS,2025-11-01,3.88,2026-03-01,2026-03-01
2026-03-01,FEDFUNDS,2025-12-01,3.72,2026-03-01,2026-03-01
2026-03-01,FEDFUNDS,2026-01-01,3.64,2026-03-01,2026-03-01
2026-03-01,VIXCLS,2025-11-03,17.17,2026-03-01,2026-03-01
2026-03-01,VIXCLS,2025-11-04,19,2026-03-01,2026-03-01
2026-03-01,VIXCLS,2025-11-05,18.01,2026-03-01,2026-03-01
2026-03-01,VIXCLS,2025-11-06,19.5,2026-03-01,2026-03-01
2026-03-01,VIXCLS,2025-11-07,19.08,2026-03-01,2026-03-01
2026-03-01,VIXCLS,2025-11-10,17.6,2026-03-01,2026-03-01
2026-03-01,VIXCLS,2025-11-11,17.28,2026-03-01,2026-03-01
2026-03-01,VIXCLS,2025-11-12,17.51,2026-03-01,2026-03-01
2026-03-01,VIXCLS,2025-11-13,20,2026-03-01,2026-03-01
2026-03-01,VIXCLS,2025-11-14,19.83,2026-03-01,2026-03-01
2026-03-01,VIXCLS,2025-11-17,22.38,2026-03-01,2026-03-01
2026-03-01,VIXCLS,2025-11-18,24.69,2026-03-01,2026-03-01
2026-03-01,VIXCLS,2025-11-19,23.66,2026-03-01,2026-03-01
2026-03-01,VIXCLS,2025-11-20,26.42,2026-03-01,2026-03-01
2026-03-01,VIXCLS,2025-11-21,23.43,2026-03-01,2026-03-01
2026-03-01,VIXCLS,2025-11-24,20.52,2026-03-01,2026-03-01
2026-03-01,VIXCLS,2025-11-25,18.56,2026-03-01,2026-03-01
2026-03-01,VIXCLS,2025-11-26,17.19,2026-03-01,2026-03-01
2026-03-01,VIXCLS,2025-11-27,17.21,2026-03-01,2026-03-01
2026-03-01,VIXCLS,2025-11-28,16.35,2026-03-01,2026-03-01
2026-03-01,VIXCLS,2025-12-01,17.24,2026-03-01,2026-03-01
2026-03-01,VIXCLS,2025-12-02,16.59,2026-03-01,2026-03-01
2026-03-01,VIXCLS,2025-12-03,16.08,2026-03-01,2026-03-01
2026-03-01,VIXCLS,2025-12-04,15.78,2026-03-01,2026-03-01
2026-03-01,VIXCLS,2025-12-05,15.41,2026-03-01,2026-03-01
2026-03-01,VIXCLS,2025-12-08,16.66,2026-03-01,2026-03-01
2026-03-01,VIXCLS,2025-12-09,16.93,2026-03-01,2026-03-01
2026-03-01,VIXCLS,2025-12-10,15.77,2026-03-01,2026-03-01
2026-03-01,VIXCLS,2025-12-11,14.85,2026-03-01,2026-03-01
2026-03-01,VIXCLS,2025-12-12,15.74,2026-03-01,2026-03-01
2026-03-01,VIXCLS,2025-12-15,16.5,2026-03-01,2026-03-01
2026-03-01,VIXCLS,2025-12-16,16.48,2026-03-01,2026-03-01
2026-03-01,VIXCLS,2025-12-17,17.62,2026-03-01,2026-03-01
2026-03-01,VIXCLS,2025-12-18,16.87,2026-03-01,2026-03-01
2026-03-01,VIXCLS,2025-12-19,14.91,2026-03-01,2026-03-01
2026-03-01,VIXCLS,2025-12-22,14.08,2026-03-01,2026-03-01
2026-03-01,VIXCLS,2025-12-23,14,2026-03-01,2026-03-01
2026-03-01,VIXCLS,2025-12-24,13.47,2026-03-01,2026-03-01
2026-03-01,VIXCLS,2025-12-26,13.6,2026-03-01,2026-03-01
2026-03-01,VIXCLS,2025-12-29,14.2,2026-03-01,2026-03-01
2026-03-01,VIXCLS,2025-12-30,14.33,2026-03-01,2026-03-01
2026-03-01,VIXCLS,2025-12-31,14.95,2026-03-01,2026-03-01
2026-03-01,VIXCLS,2026-01-02,14.51,2026-03-01,2026-03-01
2026-03-01,VIXCLS,2026-01-05,14.9,2026-03-01,2026-03-01
2026-03-01,VIXCLS,2026-01-06,14.75,2026-03-01,2026-03-01
2026-03-01,VIXCLS,2026-01-07,15.38,2026-03-01,2026-03-01
2026-03-01,VIXCLS,2026-01-08,15.45,2026-03-01,2026-03-01
2026-03-01,VIXCLS,2026-01-09,14.49,2026-03-01,2026-03-01
2026-03-01,VIXCLS,2026-01-12,15.12,2026-03-01,2026-03-01
2026-03-01,VIXCLS,2026-01-13,15.98,2026-03-01,2026-03-01
2026-03-01,VIXCLS,2026-01-14,16.75,2026-03-01,2026-03-01
2026-03-01,VIXCLS,2026-01-15,15.84,2026-03-01,2026-03-01
2026-03-01,VIXCLS,2026-01-16,15.86,2026-03-01,2026-03-01
2026-03-01,VIXCLS,2026-01-19,18.84,2026-03-01,2026-03-01
2026-03-01,VIXCLS,2026-01-20,20.09,2026-03-01,2026-03-01
2026-03-01,VIXCLS,2026-01-21,16.9,2026-03-01,2026-03-01
2026-03-01,VIXCLS,2026-01-22,15.64,2026-03-01,2026-03-01
2026-03-01,VIXCLS,2026-01-23,16.09,2026-03-01,2026-03-01
2026-03-01,VIXCLS,2026-01-26,16.15,2026-03-01,2026-03-01
2026-03-01,VIXCLS,2026-01-27,16.35,2026-03-01,2026-03-01
2026-03-01,VIXCLS,2026-01-28,16.35,2026-03-01,2026-03-01
2026-03-01,VIXCLS,2026-01-29,16.88,2026-03-01,2026-03-01
2026-03-01,VIXCLS,2026-01-30,17.44,2026-03-01,2026-03-01
2026-03-01,VIXCLS,2026-02-02,16.34,2026-03-01,2026-03-01
2026-03-01,VIXCLS,2026-02-03,18,2026-03-01,2026-03-01
2026-03-01,VIXCLS,2026-02-04,18.64,2026-03-01,2026-03-01
2026-03-01,VIXCLS,2026-02-05,21.77,2026-03-01,2026-03-01
2026-03-01,VIXCLS,2026-02-06,17.76,2026-03-01,2026-03-01
2026-03-01,VIXCLS,2026-02-09,17.36,2026-03-01,2026-03-01
2026-03-01,VIXCLS,2026-02-10,17.79,2026-03-01,2026-03-01
2026-03-01,VIXCLS,2026-02-11,17.65,2026-03-01,2026-03-01
2026-03-01,VIXCLS,2026-02-12,20.82,2026-03-01,2026-03-01
2026-03-01,VIXCLS,2026-02-13,20.6,2026-03-01,2026-03-01
2026-03-01,VIXCLS,2026-02-16,21.2,2026-03-01,2026-03-01
2026-03-01,VIXCLS,2026-02-17,20.29,2026-03-01,2026-03-01
2026-03-01,VIXCLS,2026-02-18,19.62,2026-03-01,2026-03-01
2026-03-01,VIXCLS,2026-02-19,20.23,2026-03-01,2026-03-01
2026-03-01,VIXCLS,2026-02-20,19.09,2026-03-01,2026-03-01
2026-03-01,VIXCLS,2026-02-23,21.01,2026-03-01,2026-03-01
2026-03-01,VIXCLS,2026-02-24,19.55,2026-03-01,2026-03-01
2026-03-01,VIXCLS,2026-02-25,17.93,2026-03-01,2026-03-01
2026-03-01,VIXCLS,2026-02-26,18.63,2026-03-01,2026-03-01
2026-03-01,VIXCLS,2026-02-27,19.86,2026-03-01,2026-03-01
2026-04-01,CCUSMA02BRM618N,2025-12-01,5.456343478,2026-04-01,2026-04-01
2026-04-01,CCUSMA02BRM618N,2026-01-01,5.345190909,2026-04-01,2026-04-01
2026-04-01,CCUSMA02BRM618N,2026-02-01,5.203135,2026-04-01,2026-04-01
2026-04-01,CCUSMA02CLM618N,2025-12-01,913.9449913,2026-04-01,2026-04-01
2026-04-01,CCUSMA02CLM618N,2026-01-01,882.6829682,2026-04-01,2026-04-01
2026-04-01,CCUSMA02CLM618N,2026-02-01,862.716485,2026-04-01,2026-04-01
2026-04-01,CCUSMA02MXM618N,2025-12-01,18.04282565,2026-04-01,2026-04-01
2026-04-01,CCUSMA02MXM618N,2026-01-01,17.62665955,2026-04-01,2026-04-01
2026-04-01,CCUSMA02MXM618N,2026-02-01,17.187973,2026-04-01,2026-04-01
2026-04-01,DTWEXBGS,2025-12-01,120.9862,2026-04-01,2026-04-01
2026-04-01,DTWEXBGS,2025-12-02,121.1467,2026-04-01,2026-04-01
2026-04-01,DTWEXBGS,2025-12-03,120.7336,2026-04-01,2026-04-01
2026-04-01,DTWEXBGS,2025-12-04,120.6766,2026-04-01,2026-04-01
2026-04-01,DTWEXBGS,2025-12-05,120.6863,2026-04-01,2026-04-01
2026-04-01,DTWEXBGS,2025-12-08,120.776,2026-04-01,2026-04-01
2026-04-01,DTWEXBGS,2025-12-09,120.6832,2026-04-01,2026-04-01
2026-04-01,DTWEXBGS,2025-12-10,120.6752,2026-04-01,2026-04-01
2026-04-01,DTWEXBGS,2025-12-11,119.98,2026-04-01,2026-04-01
2026-04-01,DTWEXBGS,2025-12-12,120.1442,2026-04-01,2026-04-01
2026-04-01,DTWEXBGS,2025-12-15,119.9561,2026-04-01,2026-04-01
2026-04-01,DTWEXBGS,2025-12-16,119.8902,2026-04-01,2026-04-01
2026-04-01,DTWEXBGS,2025-12-17,120.155,2026-04-01,2026-04-01
2026-04-01,DTWEXBGS,2025-12-18,120.0528,2026-04-01,2026-04-01
2026-04-01,DTWEXBGS,2025-12-19,120.1652,2026-04-01,2026-04-01
2026-04-01,DTWEXBGS,2025-12-22,119.9912,2026-04-01,2026-04-01
2026-04-01,DTWEXBGS,2025-12-23,119.7057,2026-04-01,2026-04-01
2026-04-01,DTWEXBGS,2025-12-24,119.4372,2026-04-01,2026-04-01
2026-04-01,DTWEXBGS,2025-12-26,119.4723,2026-04-01,2026-04-01
2026-04-01,DTWEXBGS,2025-12-29,119.5899,2026-04-01,2026-04-01
2026-04-01,DTWEXBGS,2025-12-30,119.4939,2026-04-01,2026-04-01
2026-04-01,DTWEXBGS,2025-12-31,119.7456,2026-04-01,2026-04-01
2026-04-01,DTWEXBGS,2026-01-02,119.6059,2026-04-01,2026-04-01
2026-04-01,DTWEXBGS,2026-01-05,119.6192,2026-04-01,2026-04-01
2026-04-01,DTWEXBGS,2026-01-06,119.7807,2026-04-01,2026-04-01
2026-04-01,DTWEXBGS,2026-01-07,119.8719,2026-04-01,2026-04-01
2026-04-01,DTWEXBGS,2026-01-08,120.0904,2026-04-01,2026-04-01
2026-04-01,DTWEXBGS,2026-01-09,120.2215,2026-04-01,2026-04-01
2026-04-01,DTWEXBGS,2026-01-12,119.9958,2026-04-01,2026-04-01
2026-04-01,DTWEXBGS,2026-01-13,120.1401,2026-04-01,2026-04-01
2026-04-01,DTWEXBGS,2026-01-14,119.9537,2026-04-01,2026-04-01
2026-04-01,DTWEXBGS,2026-01-15,119.9951,2026-04-01,2026-04-01
2026-04-01,DTWEXBGS,2026-01-16,120.0838,2026-04-01,2026-04-01
2026-04-01,DTWEXBGS,2026-01-20,119.4455,2026-04-01,2026-04-01
2026-04-01,DTWEXBGS,2026-01-21,119.3431,2026-04-01,2026-04-01
2026-04-01,DTWEXBGS,2026-01-22,119.1962,2026-04-01,2026-04-01
2026-04-01,DTWEXBGS,2026-01-23,118.8976,2026-04-01,2026-04-01
2026-04-01,DTWEXBGS,2026-01-26,118.0525,2026-04-01,2026-04-01
2026-04-01,DTWEXBGS,2026-01-27,117.4523,2026-04-01,2026-04-01
2026-04-01,DTWEXBGS,2026-01-28,117.5117,2026-04-01,2026-04-01
2026-04-01,DTWEXBGS,2026-01-29,117.4396,2026-04-01,2026-04-01
2026-04-01,DTWEXBGS,2026-01-30,117.8996,2026-04-01,2026-04-01
2026-04-01,DTWEXBGS,2026-02-02,118.3609,2026-04-01,2026-04-01
2026-04-01,DTWEXBGS,2026-02-03,117.9764,2026-04-01,2026-04-01
2026-04-01,DTWEXBGS,2026-02-04,118.2602,2026-04-01,2026-04-01
2026-04-01,DTWEXBGS,2026-02-05,118.5034,2026-04-01,2026-04-01
2026-04-01,DTWEXBGS,2026-02-06,118.2407,2026-04-01,2026-04-01
2026-04-01,DTWEXBGS,2026-02-09,117.6392,2026-04-01,2026-04-01
2026-04-01,DTWEXBGS,2026-02-10,117.5216,2026-04-01,2026-04-01
2026-04-01,DTWEXBGS,2026-02-11,117.4601,2026-04-01,2026-04-01
2026-04-01,DTWEXBGS,2026-02-12,117.5376,2026-04-01,2026-04-01
2026-04-01,DTWEXBGS,2026-02-13,117.5258,2026-04-01,2026-04-01
2026-04-01,DTWEXBGS,2026-02-17,117.7375,2026-04-01,2026-04-01
2026-04-01,DTWEXBGS,2026-02-18,117.8426,2026-04-01,2026-04-01
2026-04-01,DTWEXBGS,2026-02-19,118.2354,2026-04-01,2026-04-01
2026-04-01,DTWEXBGS,2026-02-20,117.9917,2026-04-01,2026-04-01
2026-04-01,DTWEXBGS,2026-02-23,117.9395,2026-04-01,2026-04-01
2026-04-01,DTWEXBGS,2026-02-24,117.9463,2026-04-01,2026-04-01
2026-04-01,DTWEXBGS,2026-02-25,117.769,2026-04-01,2026-04-01
2026-04-01,DTWEXBGS,2026-02-26,117.9042,2026-04-01,2026-04-01
2026-04-01,DTWEXBGS,2026-02-27,117.8223,2026-04-01,2026-04-01
2026-04-01,DTWEXBGS,2026-03-02,118.667,2026-04-01,2026-04-01
2026-04-01,DTWEXBGS,2026-03-03,119.4341,2026-04-01,2026-04-01
2026-04-01,DTWEXBGS,2026-03-04,119.0705,2026-04-01,2026-04-01
2026-04-01,DTWEXBGS,2026-03-05,119.5683,2026-04-01,2026-04-01
2026-04-01,DTWEXBGS,2026-03-06,119.491,2026-04-01,2026-04-01
2026-04-01,DTWEXBGS,2026-03-09,119.5151,2026-04-01,2026-04-01
2026-04-01,DTWEXBGS,2026-03-10,118.7255,2026-04-01,2026-04-01
2026-04-01,DTWEXBGS,2026-03-11,119.2885,2026-04-01,2026-04-01
2026-04-01,DTWEXBGS,2026-03-12,119.8227,2026-04-01,2026-04-01
2026-04-01,DTWEXBGS,2026-03-13,120.5518,2026-04-01,2026-04-01
2026-04-01,DTWEXBGS,2026-03-16,120.097,2026-04-01,2026-04-01
2026-04-01,DTWEXBGS,2026-03-17,119.8328,2026-04-01,2026-04-01
2026-04-01,DTWEXBGS,2026-03-18,119.9276,2026-04-01,2026-04-01
2026-04-01,DTWEXBGS,2026-03-19,120.1802,2026-04-01,2026-04-01
2026-04-01,DTWEXBGS,2026-03-20,120.2757,2026-04-01,2026-04-01
2026-04-01,DTWEXBGS,2026-03-23,119.9371,2026-04-01,2026-04-01
2026-04-01,DTWEXBGS,2026-03-24,120.1295,2026-04-01,2026-04-01
2026-04-01,DTWEXBGS,2026-03-25,120.1282,2026-04-01,2026-04-01
2026-04-01,DTWEXBGS,2026-03-26,120.389,2026-04-01,2026-04-01
2026-04-01,DTWEXBGS,2026-03-27,120.8851,2026-04-01,2026-04-01
2026-04-01,FEDFUNDS,2025-12-01,3.72,2026-04-01,2026-04-01
2026-04-01,FEDFUNDS,2026-01-01,3.64,2026-04-01,2026-04-01
2026-04-01,FEDFUNDS,2026-02-01,3.64,2026-04-01,2026-04-01
2026-04-01,FEDFUNDS,2026-03-01,3.64,2026-04-01,2026-04-01
2026-04-01,VIXCLS,2025-12-01,17.24,2026-04-01,2026-04-01
2026-04-01,VIXCLS,2025-12-02,16.59,2026-04-01,2026-04-01
2026-04-01,VIXCLS,2025-12-03,16.08,2026-04-01,2026-04-01
2026-04-01,VIXCLS,2025-12-04,15.78,2026-04-01,2026-04-01
2026-04-01,VIXCLS,2025-12-05,15.41,2026-04-01,2026-04-01
2026-04-01,VIXCLS,2025-12-08,16.66,2026-04-01,2026-04-01
2026-04-01,VIXCLS,2025-12-09,16.93,2026-04-01,2026-04-01
2026-04-01,VIXCLS,2025-12-10,15.77,2026-04-01,2026-04-01
2026-04-01,VIXCLS,2025-12-11,14.85,2026-04-01,2026-04-01
2026-04-01,VIXCLS,2025-12-12,15.74,2026-04-01,2026-04-01
2026-04-01,VIXCLS,2025-12-15,16.5,2026-04-01,2026-04-01
2026-04-01,VIXCLS,2025-12-16,16.48,2026-04-01,2026-04-01
2026-04-01,VIXCLS,2025-12-17,17.62,2026-04-01,2026-04-01
2026-04-01,VIXCLS,2025-12-18,16.87,2026-04-01,2026-04-01
2026-04-01,VIXCLS,2025-12-19,14.91,2026-04-01,2026-04-01
2026-04-01,VIXCLS,2025-12-22,14.08,2026-04-01,2026-04-01
2026-04-01,VIXCLS,2025-12-23,14,2026-04-01,2026-04-01
2026-04-01,VIXCLS,2025-12-24,13.47,2026-04-01,2026-04-01
2026-04-01,VIXCLS,2025-12-26,13.6,2026-04-01,2026-04-01
2026-04-01,VIXCLS,2025-12-29,14.2,2026-04-01,2026-04-01
2026-04-01,VIXCLS,2025-12-30,14.33,2026-04-01,2026-04-01
2026-04-01,VIXCLS,2025-12-31,14.95,2026-04-01,2026-04-01
2026-04-01,VIXCLS,2026-01-02,14.51,2026-04-01,2026-04-01
2026-04-01,VIXCLS,2026-01-05,14.9,2026-04-01,2026-04-01
2026-04-01,VIXCLS,2026-01-06,14.75,2026-04-01,2026-04-01
2026-04-01,VIXCLS,2026-01-07,15.38,2026-04-01,2026-04-01
2026-04-01,VIXCLS,2026-01-08,15.45,2026-04-01,2026-04-01
2026-04-01,VIXCLS,2026-01-09,14.49,2026-04-01,2026-04-01
2026-04-01,VIXCLS,2026-01-12,15.12,2026-04-01,2026-04-01
2026-04-01,VIXCLS,2026-01-13,15.98,2026-04-01,2026-04-01
2026-04-01,VIXCLS,2026-01-14,16.75,2026-04-01,2026-04-01
2026-04-01,VIXCLS,2026-01-15,15.84,2026-04-01,2026-04-01
2026-04-01,VIXCLS,2026-01-16,15.86,2026-04-01,2026-04-01
2026-04-01,VIXCLS,2026-01-19,18.84,2026-04-01,2026-04-01
2026-04-01,VIXCLS,2026-01-20,20.09,2026-04-01,2026-04-01
2026-04-01,VIXCLS,2026-01-21,16.9,2026-04-01,2026-04-01
2026-04-01,VIXCLS,2026-01-22,15.64,2026-04-01,2026-04-01
2026-04-01,VIXCLS,2026-01-23,16.09,2026-04-01,2026-04-01
2026-04-01,VIXCLS,2026-01-26,16.15,2026-04-01,2026-04-01
2026-04-01,VIXCLS,2026-01-27,16.35,2026-04-01,2026-04-01
2026-04-01,VIXCLS,2026-01-28,16.35,2026-04-01,2026-04-01
2026-04-01,VIXCLS,2026-01-29,16.88,2026-04-01,2026-04-01
2026-04-01,VIXCLS,2026-01-30,17.44,2026-04-01,2026-04-01
2026-04-01,VIXCLS,2026-02-02,16.34,2026-04-01,2026-04-01
2026-04-01,VIXCLS,2026-02-03,18,2026-04-01,2026-04-01
2026-04-01,VIXCLS,2026-02-04,18.64,2026-04-01,2026-04-01
2026-04-01,VIXCLS,2026-02-05,21.77,2026-04-01,2026-04-01
2026-04-01,VIXCLS,2026-02-06,17.76,2026-04-01,2026-04-01
2026-04-01,VIXCLS,2026-02-09,17.36,2026-04-01,2026-04-01
2026-04-01,VIXCLS,2026-02-10,17.79,2026-04-01,2026-04-01
2026-04-01,VIXCLS,2026-02-11,17.65,2026-04-01,2026-04-01
2026-04-01,VIXCLS,2026-02-12,20.82,2026-04-01,2026-04-01
2026-04-01,VIXCLS,2026-02-13,20.6,2026-04-01,2026-04-01
2026-04-01,VIXCLS,2026-02-16,21.2,2026-04-01,2026-04-01
2026-04-01,VIXCLS,2026-02-17,20.29,2026-04-01,2026-04-01
2026-04-01,VIXCLS,2026-02-18,19.62,2026-04-01,2026-04-01
2026-04-01,VIXCLS,2026-02-19,20.23,2026-04-01,2026-04-01
2026-04-01,VIXCLS,2026-02-20,19.09,2026-04-01,2026-04-01
2026-04-01,VIXCLS,2026-02-23,21.01,2026-04-01,2026-04-01
2026-04-01,VIXCLS,2026-02-24,19.55,2026-04-01,2026-04-01
2026-04-01,VIXCLS,2026-02-25,17.93,2026-04-01,2026-04-01
2026-04-01,VIXCLS,2026-02-26,18.63,2026-04-01,2026-04-01
2026-04-01,VIXCLS,2026-02-27,19.86,2026-04-01,2026-04-01
2026-04-01,VIXCLS,2026-03-02,21.44,2026-04-01,2026-04-01
2026-04-01,VIXCLS,2026-03-03,23.57,2026-04-01,2026-04-01
2026-04-01,VIXCLS,2026-03-04,21.15,2026-04-01,2026-04-01
2026-04-01,VIXCLS,2026-03-05,23.75,2026-04-01,2026-04-01
2026-04-01,VIXCLS,2026-03-06,29.49,2026-04-01,2026-04-01
2026-04-01,VIXCLS,2026-03-09,25.5,2026-04-01,2026-04-01
2026-04-01,VIXCLS,2026-03-10,24.93,2026-04-01,2026-04-01
2026-04-01,VIXCLS,2026-03-11,24.23,2026-04-01,2026-04-01
2026-04-01,VIXCLS,2026-03-12,27.29,2026-04-01,2026-04-01
2026-04-01,VIXCLS,2026-03-13,27.19,2026-04-01,2026-04-01
2026-04-01,VIXCLS,2026-03-16,23.51,2026-04-01,2026-04-01
2026-04-01,VIXCLS,2026-03-17,22.37,2026-04-01,2026-04-01
2026-04-01,VIXCLS,2026-03-18,25.09,2026-04-01,2026-04-01
2026-04-01,VIXCLS,2026-03-19,24.06,2026-04-01,2026-04-01
2026-04-01,VIXCLS,2026-03-20,26.78,2026-04-01,2026-04-01
2026-04-01,VIXCLS,2026-03-23,26.15,2026-04-01,2026-04-01
2026-04-01,VIXCLS,2026-03-24,26.95,2026-04-01,2026-04-01
2026-04-01,VIXCLS,2026-03-25,25.33,2026-04-01,2026-04-01
2026-04-01,VIXCLS,2026-03-26,27.44,2026-04-01,2026-04-01
2026-04-01,VIXCLS,2026-03-27,31.05,2026-04-01,2026-04-01
2026-04-01,VIXCLS,2026-03-30,30.61,2026-04-01,2026-04-01
2026-04-01,VIXCLS,2026-03-31,25.25,2026-04-01,2026-04-01
