fecha,vol_condicional_pct_diaria,vol_anualizada_pct
2006-01-02,,
2006-01-03,0.14290839193892158,2.259580076395193
2006-01-04,0.14408914156509398,2.2782493672206785
2006-01-05,0.14622012208387675,2.3119431276646827
2006-01-06,0.14736255226609327,2.3300065348823096
2006-01-07,0.14944768221181323,2.3629753341118014
2006-01-08,0.15022157665401828,2.3752116796413687
2006-01-09,0.15098115484342176,2.3872216653388776
2006-01-10,0.1516635723900102,2.398011634151295
2006-01-11,0.15237716476708293,2.409294520313713
2006-01-12,0.1531302056164953,2.4212011415901675
2006-01-13,0.15485031203959476,2.4483984121645657
2006-01-14,0.1555425490170771,2.45934363981174
2006-01-15,0.1565453997429215,2.475200102045847
2006-01-16,0.1569210971527496,2.4811403996762595
2006-01-17,0.15725374531785477,2.4864000289823
2006-01-18,0.15756719319619186,2.491356075098763
2006-01-19,0.16603261834934432,2.6252061993269704
2006-01-20,0.16585820973683615,2.6224485570315927
2006-01-21,0.16595106480121755,2.6239167245102264
2006-01-22,0.18805892531414953,2.9734726915810437
2006-01-23,0.18674118971130746,2.952637462286664
2006-01-24,0.18548619433331173,2.9327942430494116
2006-01-25,0.1925005157077954,3.043700401968268
2006-01-26,0.19548210155399312,3.0908434135347944
2006-01-27,0.230620384468424,3.6464284489196994
2006-01-28,0.22899697033117544,3.6207600176225863
2006-01-29,0.2268561101232623,3.5869100455774503
2006-01-30,0.22388252693407373,3.5398935671283343
2006-01-31,0.22091968880734095,3.493046983034023
2006-02-01,0.21958555938746926,3.4719525447328548
2006-02-02,0.21682319247821907,3.4282756889013037
2006-02-03,0.21479404008262892,3.3961919724530443
2006-02-04,0.21670730685427783,3.4264433763026836
2006-02-05,0.21408262162628777,3.384943458995449
2006-02-06,0.2115572358689817,3.3450136041772667
2006-02-07,0.20913623119252667,3.3067341591596824
2006-02-08,0.21540504365280116,3.405852787154238
2006-02-09,0.21680756934810919,3.428028665524662
2006-02-10,0.22185093738169687,3.50777131584777
2006-02-11,0.22185665677446073,3.5078617473876044
2006-02-12,0.2206807215860029,3.489268579506274
2006-02-13,0.21796061655052013,3.4462599425711806
2006-02-14,0.21525545140853813,3.403487526093401
2006-02-15,0.21276532825767094,3.3641152220381243
2006-02-16,0.21580673554024862,3.412204093563968
2006-02-17,0.21384561587953219,3.3811960691039653
2006-02-18,0.21492416274395496,3.398249392378009
2006-02-19,0.21359450938654745,3.377225726838521
2006-02-20,0.2110838132682535,3.337528135606759
2006-02-21,0.208684059322011,3.2995846941362412
2006-02-22,0.20639255834225823,3.2633528823536104
2006-02-23,0.2051109784743001,3.2430893254227824
2006-02-24,0.20302615404197033,3.2101253567841344
2006-02-25,0.20162888547153712,3.188032600856453
2006-02-26,0.20057966720483417,3.171443003429276
2006-02-27,0.1987684366736407,3.1428049341982356
2006-02-28,0.19693427628672183,3.113804312114639
2006-03-01,0.19532659353453258,3.0883846158552086
2006-03-02,0.19921810326324663,3.1499147872524107
2006-03-03,0.20421580790844504,3.228935436010564
2006-03-04,0.204686144937874,3.2363721174151294
2006-03-05,0.2054626275970644,3.2486493862484593
2006-03-06,0.2034320081401904,3.21654247352458
2006-03-07,0.2013806605850805,3.1841078207907545
2006-03-08,0.19943834621636622,3.1533971341047087
2006-03-09,0.1979154411336868,3.1293178904971386
2006-03-10,0.19739493063052482,3.1210878968169777
2006-03-11,0.19729768321866914,3.1195502802268757
2006-03-12,0.22172390077039286,3.505762690658019
2006-03-13,0.21913925504576617,3.4648958534858356
2006-03-14,0.21638242608548666,3.42130656031585
2006-03-15,0.21375545345385058,3.3797704759813674
2006-03-16,0.21204588664171656,3.3527398512884843
2006-03-17,0.21619065991758107,3.4182744709721304
2006-03-18,0.21647173099076172,3.4227185948503243
2006-03-19,0.21420696294189356,3.3869094678183296
2006-03-20,0.211678470751614,3.346930495982173
2006-03-21,0.20925202965993345,3.308565093692493
2006-03-22,0.2073607745156403,3.2786617242301097
2006-03-23,0.20731347388648255,3.2779138356156223
2006-03-24,0.21272953993943614,3.3635493590418792
2006-03-25,0.21106027314410064,3.337155933563128
2006-03-26,0.2089796560099546,3.30425848814976
2006-03-27,0.20668035843601937,3.2679034013890864
2006-03-28,0.20447994355520271,3.2331117872855435
2006-03-29,0.20242397383245297,3.200604051664373
2006-03-30,0.21354321505347199,3.376414692220632
2006-03-31,0.2447342274726384,3.869587901076454
2006-04-01,0.2410259722938412,3.810955238525884
2006-04-02,0.24030982974842746,3.799632030661594
2006-04-03,0.2366999231398768,3.7425543955440244
2006-04-04,0.23319449196998066,3.6871286621549215
2006-04-05,0.23090199202824654,3.650881055396506
2006-04-06,0.23631343268535698,3.7364434448930424
2006-04-07,0.24543741676050726,3.8807062999559414
2006-04-08,0.2909832415321632,4.6008490209026975
2006-04-09,0.3712171471198799,5.869458457043174
2006-04-10,0.3654654944829079,5.778516843828449
2006-04-11,0.35720110955634765,5.64784544468698
2006-04-12,0.3648947781877218,5.769493026875644
2006-04-13,0.41297457653109004,6.529701387908814
2006-04-14,0.40378524148431977,6.384405243257794
2006-04-15,0.3945725658274181,6.238740051156808
2006-04-16,0.385332433993659,6.092640738782272
2006-04-17,0.3763995834617697,5.951399970389189
2006-04-18,0.36776591932949565,5.814889754334752
2006-04-19,0.4704185372970532,7.437970157117784
2006-04-20,0.49000268285424464,7.747622687062746
2006-04-21,0.4778724846737133,7.555827413464199
2006-04-22,0.47499864475484016,7.5103880145924355
2006-04-23,0.46407259938831397,7.337632068709675
2006-04-24,0.4525810208716073,7.1559342585924135
2006-04-25,0.44145433100952325,6.980005844679962
2006-04-26,0.43360705063211374,6.855929447527163
2006-04-27,0.45348929851993763,7.17029538917514
2006-04-28,0.4986263857917649,7.883975402798989
2006-04-29,0.48663422694550784,7.694362722715443
2006-04-30,0.47442940415760915,7.501387530473013
2006-05-01,0.4626099444836319,7.314505464061616
2006-05-02,0.4511632973105421,7.1335180808651595
2006-05-03,0.4415063442834779,6.980828246751257
2006-05-04,0.43695171256153775,6.908813196028329
2006-05-05,0.42769582128968187,6.762464705058642
2006-05-06,0.4200097426627843,6.640937131377963
2006-05-07,0.4224097358675746,6.678884355858284
2006-05-08,0.4125983235536168,6.523752305982637
2006-05-09,0.40276461491732685,6.368267720296913
2006-05-10,0.4453993731583518,7.0423824379582785
2006-05-11,0.4442819575127708,7.02471454529256
2006-05-12,0.4386192931192086,6.935179959748598
2006-05-13,0.45564127900051343,7.204321188169357
2006-05-14,0.4930699292781356,7.796120111285254
2006-05-15,0.4827184335155785,7.632448592288945
2006-05-16,0.470634767645603,7.441389059121132
2006-05-17,0.6755273081304178,10.681024576672508
2006-05-18,0.6854478059437404,10.837881419736604
2006-05-19,0.6881073138633161,10.87993193214218
2006-05-20,0.6757330008046735,10.684276863415802
2006-05-21,0.657796749422912,10.400679828157259
2006-05-22,0.6403452120895875,10.124746794933426
2006-05-23,0.6234157810206155,9.857068986589573
2006-05-24,0.7167054553821837,11.332108252379422
2006-05-25,0.706133112758593,11.164944837908289
2006-05-26,0.747928608726733,11.825789653886822
2006-05-27,0.7277944207544218,11.507440189734469
2006-05-28,0.7912361160726905,12.510541468875319
2006-05-29,0.772179807057693,12.209234767458359
2006-05-30,0.7513183395025986,11.879386003419349
2006-05-31,0.7310743582913148,11.559300555732792
2006-06-01,0.7139022062961915,11.287784992576821
2006-06-02,0.6997968070478222,11.06475904792245
2006-06-03,0.6821746657377672,10.786128528976864
2006-06-04,0.7342168901147369,11.608988346640672
2006-06-05,0.7162073573447112,11.324232630897058
2006-06-06,0.6970062212846913,11.020636012834785
2006-06-07,0.6919706627420893,10.941016841406084
2006-06-08,0.719621214602617,11.378210453605453
2006-06-09,0.702470910692071,11.107040338998365
2006-06-10,0.7264715687618247,11.486524063214974
2006-06-11,0.7081120361025415,11.196234363317059
2006-06-12,0.6891531379058763,10.896467862173454
2006-06-13,0.6707589836118004,10.605630746164222
2006-06-14,0.6717280379546018,10.620952840662872
2006-06-15,0.6912020160032061,10.928863469351425
2006-06-16,0.6728125215629239,10.63810003209995
2006-06-17,0.6601945926688506,10.438593058803345
2006-06-18,0.6472514235507435,10.233943586033488
2006-06-19,0.6301644510806261,9.963774829422668
2006-06-20,0.6135421775542327,9.700953608254055
2006-06-21,0.5975983266154478,9.448859190050186
2006-06-22,0.5930728228303662,9.377304692447332
2006-06-23,0.577641975138479,9.133321567779753
2006-06-24,0.570583788072676,9.02172183138236
2006-06-25,0.608950291351365,9.628349512467237
2006-06-26,0.5942866739877098,9.396497364435518
2006-06-27,0.578752056180668,9.150873490183207
2006-06-28,0.5637549349936516,8.913748183700507
2006-06-29,0.5567958914966317,8.803716044766675
2006-06-30,0.5575132855913663,8.815059041363256
2006-07-01,0.546492953286899,8.640812288093011
2006-07-02,0.7220366451645307,11.416401764133592
2006-07-03,0.7066406670955296,11.17296997661337
2006-07-04,0.6877245261890129,10.873879527586995
2006-07-05,0.6693749278678357,10.583746903366386
2006-07-06,0.6515728460823591,10.30227127569287
2006-07-07,0.6388478050154816,10.10107071024031
2006-07-08,0.6278448451965424,9.927098640084502
2006-07-09,0.6989033562967967,11.050632351170306
2006-07-10,0.6822953216275376,10.788036266100807
2006-07-11,0.6641062471232486,10.50044174628055
2006-07-12,0.7214847711019614,11.407675869037146
2006-07-13,0.7038663102902066,11.129103543879324
2006-07-14,0.7100515006892265,11.226899990992868
2006-07-15,0.6950705856609393,10.9900309263787
2006-07-16,0.6850561795804068,10.831689263237088
2006-07-17,0.6671266389181022,10.548198333769657
2006-07-18,0.6493919827628751,10.267788798917445
2006-07-19,0.6341607348080002,10.026961623196515
2006-07-20,0.6542426387820204,10.344484404749968
2006-07-21,0.6369033569147963,10.070326286289541
2006-07-22,0.6200860027446731,9.80442056931294
2006-07-23,0.7911691649011121,12.509482877904297
2006-07-24,0.7732576482052823,12.226276932369519
2006-07-25,0.7523643171596293,11.895924362308664
2006-07-26,0.7414556062087629,11.723442497602871
2006-07-27,0.7294732064913282,11.533984122894612
2006-07-28,0.7140008686674136,11.289344981638894
2006-07-29,0.7376687287807706,11.66356670814119
2006-07-30,0.7267474139259266,11.4908855582155
2006-07-31,0.7077161542215595,11.189974921175585
2006-08-01,0.6887679548639623,10.890377583530851
2006-08-02,0.6705251937553773,10.60193420396352
2006-08-03,0.6592417259285718,10.42352691277384
2006-08-04,0.6446673903670274,10.193086433983492
2006-08-05,0.6401190337478722,10.121170601347325
2006-08-06,0.663017505081058,10.483227223092022
2006-08-07,0.6465742209459329,10.223236072690487
2006-08-08,0.629457154505557,9.952591488630393
2006-08-09,0.6134475311893971,9.699457117828377
2006-08-10,0.5975580272841967,9.44822200167551
2006-08-11,0.628170550994255,9.932248500923972
2006-08-12,0.6143104856668674,9.713101626157611
2006-08-13,0.6045663416262739,9.559033181072452
2006-08-14,0.5888363008732194,9.310319398737839
2006-08-15,0.5734676862224307,9.067320264848213
2006-08-16,0.5587344579361291,8.83436747148855
2006-08-17,0.5500391541772319,8.696882647362857
2006-08-18,0.5358828446917312,8.473051741180713
2006-08-19,0.5344595295413813,8.450547152664061
2006-08-20,0.5231303997086851,8.271417881768649
2006-08-21,0.509812513952137,8.060843618725615
2006-08-22,0.4968789912123417,7.856346668588943
2006-08-23,0.48483216014004554,7.665869544710221
2006-08-24,0.4787467524127002,7.5696508001642195
2006-08-25,0.48273621400677197,7.6327297265393845
2006-08-26,0.5167924381142533,8.171205909963264
2006-08-27,0.5573032790135573,8.811738545815786
2006-08-28,0.5443993294473956,8.607709188610723
2006-08-29,0.5303929288058967,8.386248549370825
2006-08-30,0.5385007174613915,8.514443944064013
2006-08-31,0.5272755904345123,8.33695910191575
2006-09-01,0.5153017234835717,8.147635642091812
2006-09-02,0.5027864409526784,7.949751650301114
2006-09-03,0.4902616417155845,7.751717186173334
2006-09-04,0.47794006792563165,7.556895998502913
2006-09-05,0.46600725973823337,7.368221734732494
2006-09-06,0.4544525781343006,7.185526177200119
2006-09-07,0.5029429795909622,7.952226743495105
2006-09-08,0.49160559359808187,7.772966931245148
2006-09-09,0.48156956877248747,7.614283445730785
2006-09-10,0.47037944802040915,7.437352101386366
2006-09-11,0.458687066467599,7.252479316493284
2006-09-12,0.4473653850584601,7.073467815514966
2006-09-13,0.48709865847956985,7.701706030039653
2006-09-14,0.4753663784633289,7.51620239504866
2006-09-15,0.4647377273263241,7.348148664807293
2006-09-16,0.45917458289503366,7.260187628030493
2006-09-17,0.4482037910602893,7.086724178363644
2006-09-18,0.43723389855899286,6.913274948407152
2006-09-19,0.42660003349244846,6.745138778701261
2006-09-20,0.41892866598570466,6.623843808253673
2006-09-21,0.40891324620176356,6.465486117053846
2006-09-22,0.402604967935814,6.365743479881156
2006-09-23,0.39657547951106653,6.270408897142042
2006-09-24,0.3916506010519996,6.192539731491284
2006-09-25,0.3826988467783692,6.051000068697192
2006-09-26,0.37385397882575444,5.911150427028728
2006-09-27,0.36837547310769003,5.8245276458120285
2006-09-28,0.36572853824249985,5.78267593085147
2006-09-29,0.37374244134212603,5.90938686456498
2006-09-30,0.3653081516258175,5.776029034818628
2006-10-01,0.3585783754775155,5.669621930960081
2006-10-02,0.35058038350711523,5.543162574289067
2006-10-03,0.3428246715266624,5.420534000616636
2006-10-04,0.3406140450350986,5.385580926770393
2006-10-05,0.34206587617188494,5.408536392621374
2006-10-06,0.3429695658147316,5.422824980467872
2006-10-07,0.35373502953911296,5.593041907652693
2006-10-08,0.3493468979990215,5.523659455957136
2006-10-09,0.3416387779591592,5.401783376937372
2006-10-10,0.33419226274154223,5.284043633343502
2006-10-11,0.32703030705530733,5.170803170995019
2006-10-12,0.32829659073767503,5.190824873995955
2006-10-13,0.3225479036878285,5.09993015083081
2006-10-14,0.3395105502267736,5.368133141868004
2006-10-15,0.36123120280987286,5.71156681400707
2006-10-16,0.35420764469283633,5.600514609365075
2006-10-17,0.3463273054237087,5.475915505238526
2006-10-18,0.3389911526009323,5.359920744323292
2006-10-19,0.3316565672439159,5.243950767217836
2006-10-20,0.33902359573464697,5.36043371530815
2006-10-21,0.3317218442198985,5.244982886832201
2006-10-22,0.3259641617344657,5.153945933342066
2006-10-23,0.31915877925717107,5.0463433884578155
2006-10-24,0.31250337996559596,4.941112285961574
2006-10-25,0.3063253218768855,4.843428610575815
2006-10-26,0.3003135708797677,4.748374481192412
2006-10-27,0.2944502244603406,4.655666834212499
2006-10-28,0.31295227354657457,4.948209916676182
2006-10-29,0.3279416120715908,5.185212168467982
2006-10-30,0.32158933182968014,5.084773798967367
2006-10-31,0.3148473623481683,4.978173901582758
2006-11-01,0.3084983177038211,4.877786691371603
2006-11-02,0.30941502498091417,4.892281106087929
2006-11-03,0.3099989107472952,4.901513150663514
2006-11-04,0.30743423316737617,4.8609620375809515
2006-11-05,0.307887132828043,4.868123009977074
2006-11-06,0.30169450248193347,4.77020892697116
2006-11-07,0.2956694714505375,4.674944821809136
2006-11-08,0.28986559968276654,4.583177551640615
2006-11-09,0.31143774426654547,4.924263106136648
2006-11-10,0.30592020690712257,4.83702318048241
2006-11-11,0.33375027983124395,5.277055269926439
2006-11-12,0.3504488423738095,5.541082726352838
2006-11-13,0.3429755949632214,5.422920309675767
2006-11-14,0.3354826686335023,5.304446741966976
2006-11-15,0.32825823518674,5.190218419486629
2006-11-16,0.32148333548493246,5.083097849602091
2006-11-17,0.3154291822378487,4.9873732817796474
2006-11-18,0.3107529396760533,4.913435394846176
2006-11-19,0.3197971914140628,5.056437570966409
2006-11-20,0.3134272131551714,4.955719371247157
2006-11-21,0.30697703871760584,4.853733158606643
2006-11-22,0.30103040126828046,4.7597085648110316
2006-11-23,0.29511483255576604,4.666175210877154
2006-11-24,0.28933432475586685,4.574777357476903
2006-11-25,0.283764750030117,4.486714648817516
2006-11-26,0.3075743966045285,4.863178216111348
2006-11-27,0.3022175180360309,4.778478528984374
2006-11-28,0.29617338295758683,4.682912362316355
2006-11-29,0.3331838621542345,5.268099420094782
2006-11-30,0.32859406830744753,5.195528407362419
2006-12-01,0.34860731835974573,5.51196567510115
2006-12-02,0.34161672911115043,5.4014347540399195
2006-12-03,0.3377813143972389,5.340791522703501
2006-12-04,0.33050133092373124,5.22568487718016
2006-12-05,0.32344415492229706,5.114101127114101
2006-12-06,0.31678608236418515,5.0088277565626145
2006-12-07,0.3404853694271943,5.3835463867689715
2006-12-08,0.33428567328950626,5.285520583788756
2006-12-09,0.3301596905037167,5.220283067840048
2006-12-10,0.3238492702462085,5.120506562807087
2006-12-11,0.31702704456495534,5.012637703484818
2006-12-12,0.3104477945053303,4.908610626063748
2006-12-13,0.3057315244722328,4.8340398492388195
2006-12-14,0.3001181149769499,4.7452840520172686
2006-12-15,0.2952984136320436,4.669077882558866
2006-12-16,0.2900164102296937,4.585562075757943
2006-12-17,0.2960968480282967,4.681702238830772
2006-12-18,0.29058270877206127,4.594516041905518
2006-12-19,0.28496717049609344,4.50572658570595
2006-12-20,0.2950292654375148,4.6648222759447
2006-12-21,0.2918904442009332,4.615193154566179
2006-12-22,0.32061247097110857,5.069328272616598
2006-12-23,0.3165679509445929,5.005378795986827
2006-12-24,0.31159557895739376,4.926758691720993
2006-12-25,0.305214245890315,4.825860956720408
2006-12-26,0.299060931201902,4.728568508844637
2006-12-27,0.2931323219038187,4.63482896514866
2006-12-28,0.28902151381446084,4.569831382217581
2006-12-29,0.30590034772869235,4.8367091793009145
2006-12-30,0.301304660968944,4.764044991433495
2006-12-31,0.29694605635024895,4.695129401357465
2007-01-01,0.29109515575530553,4.602618540141187
2007-01-02,0.28546057515071055,4.513527998289543
2007-01-03,0.28003625744896404,4.427762004840099
2007-01-04,0.2853794478193535,4.512245262551646
2007-01-05,0.316177619752822,4.999207117947807
2007-01-06,0.3124714518140547,4.940607457559827
2007-01-07,0.31781483866007043,5.025093821823792
2007-01-08,0.3116167603935596,4.927093599632981
2007-01-09,0.30523173656194724,4.826137508521228
2007-01-10,0.2991365881688626,4.729764750526915
2007-01-11,0.3134835948676164,4.956610844395691
2007-01-12,0.332748381116538,5.261213860310109
2007-01-13,0.37939841213233233,5.998815614947151
2007-01-14,0.3733199925948578,5.902707363384718
2007-01-15,0.36518250430771104,5.774042376283088
2007-01-16,0.3569277241080992,5.643522841208924
2007-01-17,0.3489542177611524,5.51745063623812
2007-01-18,0.34176995703517615,5.403857500245222
2007-01-19,0.335664434217097,5.307320708188922
2007-01-20,0.3284691849105528,5.1935538274817885
2007-01-21,0.3255366583900607,5.1471865119637705
2007-01-22,0.3186862975481969,5.038872796692179
2007-01-23,0.3120477580456275,4.933908270866578
2007-01-24,0.32182613641224195,5.08851800817367
2007-01-25,0.33276922920431473,5.261543497521277
2007-01-26,0.329419228526829,5.208575336001466
2007-01-27,0.332827354658544,5.26246254164826
2007-01-28,0.3343222652568523,5.286099153593156
2007-01-29,0.3272752836767593,5.174676591481425
2007-01-30,0.32033181663404736,5.064890737915008
2007-01-31,0.31369714642333807,4.959987390965455
2007-02-01,0.307244773633779,4.85796641932795
2007-02-02,0.3017658063171456,4.771336339597037
2007-02-03,0.30703063445412276,4.854580581607982
2007-02-04,0.3016156441835254,4.768962067794285
2007-02-05,0.2956977758882077,4.675392354263777
2007-02-06,0.28989286038942574,4.583608581258959
2007-02-07,0.32095702570264995,5.074776161267891
2007-02-08,0.3179261093492961,5.026853165897641
2007-02-09,0.31400325402910595,4.964827377182091
2007-02-10,0.3091585405934857,4.8882257318451945
2007-02-11,0.33034149476291236,5.223157645576937
2007-02-12,0.32366539625206336,5.117599259687231
2007-02-13,0.3168496919843747,5.0098335129671
2007-02-14,0.31060718677156934,4.911130839077405
2007-02-15,0.3050620832161614,4.823455053594471
2007-02-16,0.29892699827218683,4.72645084328664
2007-02-17,0.29368763489148914,4.643609234425218
2007-02-18,0.2907769059145333,4.597586568332057
2007-02-19,0.28517437654977584,4.509002801079007
2007-02-20,0.27976079165614887,4.423406508226299
2007-02-21,0.2745512240841367,4.34103601246574
2007-02-22,0.2702259350193763,4.272647187549429
2007-02-23,0.26592537803269745,4.204649411123151
2007-02-24,0.26449338907764325,4.1820076777122726
2007-02-25,0.26017581842263493,4.113740891569615
2007-02-26,0.2557361056854023,4.043542869537037
2007-02-27,0.2514574908645239,3.9758920292143913
2007-02-28,0.25926327859799136,4.099312370062194
2007-03-01,0.26834123321062997,4.242847435420042
2007-03-02,0.2991496294756115,4.729970951691872
2007-03-03,0.3221026537618767,5.092890131360665
2007-03-04,0.3459603904307241,5.4701140698110455
2007-03-05,0.338445361812667,5.351291034239005
2007-03-06,0.3311099863659837,5.235308564719035
2007-03-07,0.32414486330482084,5.12518029943584
2007-03-08,0.35288633182677753,5.579622818572922
2007-03-09,0.3457440305950473,5.466693120436454
2007-03-10,0.338537967440131,5.352755257773682
2007-03-11,0.3316680804970342,5.244132807733496
2007-03-12,0.3246178736432083,5.132659249566397
2007-03-13,0.31776840409942647,5.024359626954872
2007-03-14,0.3154098970821888,4.987068356695066
2007-03-15,0.3256602004925318,5.149139884117444
2007-03-16,0.3247038356161287,5.134018427699347
2007-03-17,0.33784937504905893,5.3418676560974365
2007-03-18,0.33962143584850335,5.369886397490152
2007-03-19,0.3323824737984024,5.255428357620948
2007-03-20,0.32525919181769475,5.142799380247589
2007-03-21,0.32495366114042873,5.137968516071517
2007-03-22,0.35046324096694426,5.541310388099877
2007-03-23,0.35153937137759544,5.558325503885027
2007-03-24,0.34649835419342767,5.478620023754934
2007-03-25,0.345730775111588,5.466483532840363
2007-03-26,0.33825777260382806,5.348324988417005
2007-03-27,0.33092893787009875,5.232445936649314
2007-03-28,0.3257040658021171,5.149833455560233
2007-03-29,0.3188847615886,5.0420107886987475
2007-03-30,0.32084917094889104,5.073070827876117
2007-03-31,0.352166265624609,5.5682375722481225
2007-04-01,0.5445487954248867,8.6100724532186
2007-04-02,0.5336345319762907,8.437502795815163
2007-04-03,0.5199607478562197,8.221301285550835
2007-04-04,0.5067726976863371,8.012779903383839
2007-04-05,0.517259090915908,8.178584338611904
2007-04-06,0.5042350153357227,7.97265562235408
2007-04-07,0.49154861622661594,7.772066039900539
2007-04-08,0.47918697073012906,7.576611262918231
2007-04-09,0.46721476661239353,7.387314094795776
2007-04-10,0.4556217278944129,7.2040120580390905
2007-04-11,0.4449453497887171,7.035203698163326
2007-04-12,0.4372086947070207,6.912876440516943
2007-04-13,0.4296843400234079,6.7939059469010825
2007-04-14,0.41946154611671255,6.632269382922843
2007-04-15,0.42950253349775697,6.791031333328389
2007-04-16,0.4197965488697528,6.637566241533013
2007-04-17,0.40972779975028556,6.478365339501356
2007-04-18,0.4001718172228483,6.327271989163985
2007-04-19,0.39363629461691335,6.223936303492618
2007-04-20,0.38917610935593866,6.153414582437655
2007-04-21,0.38688923712177137,6.117255957548822
2007-04-22,0.43467595450469837,6.872830301712872
2007-04-23,0.4257699670214756,6.732014275413199
2007-04-24,0.41550697123106717,6.5697420638411455
2007-04-25,0.4176864428891531,6.604202536517822
2007-04-26,0.41075109240613983,6.494545017028468
2007-04-27,0.4096989154344886,6.477908638368486
2007-04-28,0.4002315367895425,6.328216238422145
2007-04-29,0.39084061582514795,6.179732740551587
2007-04-30,0.3817295156440255,6.035673597739989
2007-05-01,0.3729170774362197,5.896336715359196
2007-05-02,0.38788895660915784,6.133062910555808
2007-05-03,0.38049986701725946,6.016231145828594
2007-05-04,0.42103874492521937,6.657207085711769
2007-05-05,0.4150554888881768,6.562603501206732
2007-05-06,0.41134672492485036,6.503962794066409
2007-05-07,0.4018208534089889,6.3533455406251935
2007-05-08,0.39234114479383897,6.203458186732222
2007-05-09,0.4049093483495088,6.402178933394939
2007-05-10,0.4088239313829306,6.464073925772259
2007-05-11,0.49995859233578677,7.905039437763442
2007-05-12,0.4878353285422376,7.713353806450098
2007-05-13,0.48828257994485125,7.720425472044919
2007-05-14,0.4765355652390067,7.534688861155111
2007-05-15,0.4646471580415979,7.346716638678356
2007-05-16,0.573050057870322,9.060716980807582
2007-05-17,0.5591749658883025,8.841332513769972
2007-05-18,0.5474468301855894,8.655894406129407
2007-05-19,0.5349819858797923,8.458807912700912
2007-05-20,0.5226418118648919,8.263692629651363
2007-05-21,0.5094034327301896,8.054375476678823
2007-05-22,0.4964826759814329,7.850080374583507
2007-05-23,0.4843129913511291,7.6576607653949855
2007-05-24,0.5718963843493441,9.042475800795
2007-05-25,0.5692169734039214,9.000110593919397
2007-05-26,0.5567106118248961,8.802367654762696
2007-05-27,0.6253760980549721,9.88806432041254
2007-05-28,0.6111286026556328,9.66279163833913
2007-05-29,0.5950823532131981,9.409078157632626
2007-05-30,0.5795235192680194,9.163071392617084
2007-05-31,0.6154345154763553,9.730874097937145
2007-06-01,0.6505885546122365,10.286708261057555
2007-06-02,0.7553479367196368,11.943099529713932
2007-06-03,0.7432125113831234,11.751221607522442
2007-06-04,0.7237379365286517,11.443301542504578
2007-06-05,0.7043127279211887,11.136162026387124
2007-06-06,0.6884454010164475,10.885277559399865
2007-06-07,0.6724186942644206,10.631873075759843
2007-06-08,0.6596053313613071,10.429276019459113
2007-06-09,0.648577602750088,10.254912320310824
2007-06-10,0.7133794761985713,11.279519904026811
2007-06-11,0.6956554475806328,10.999278405293351
2007-06-12,0.6770670457510384,10.705369966073553
2007-06-13,0.6590507906362528,10.420507960726649
2007-06-14,0.6421082526686248,10.152622914118727
2007-06-15,0.6692214052612188,10.581319497820207
2007-06-16,0.6517697241396954,10.305384191105329
2007-06-17,0.7050916669570986,11.148478133946579
2007-06-18,0.6878060172276284,10.875168014041583
2007-06-19,0.6694521305763276,10.584967585368227
2007-06-20,0.6518979000201635,10.307410829722212
2007-06-21,0.6926824181246084,10.952270682134309
2007-06-22,0.6811934825429781,10.770614660489793
2007-06-23,0.7757591535035734,12.265829203977413
2007-06-24,0.7557103589464679,11.948829928271213
2007-06-25,0.7354055621759534,11.627782902162927
2007-06-26,0.7156336280459895,11.3151611741754
2007-06-27,0.7173175363165084,11.341786101703573
2007-06-28,0.6986155609823632,11.046081907702636
2007-06-29,0.7367474724674219,11.64900036684623
2007-06-30,0.7848789306753169,12.410025542057003
2007-07-01,0.765618515483771,12.105491638628038
2007-07-02,0.7449612925883713,11.778872266211831
2007-07-03,0.7249057792222915,11.461766756808018
2007-07-04,0.7058779345857004,11.160910116730784
2007-07-05,0.687000773259665,10.862435988987205
2007-07-06,0.6686807937679176,10.572771679579725
2007-07-07,0.6598750550435396,10.433540725332824
2007-07-08,0.6469271297950051,10.22881605153797
2007-07-09,0.6299343396333619,9.960136447977504
2007-07-10,0.6133190157855989,9.697425110876285
2007-07-11,0.6339919229708302,10.024292473689242
2007-07-12,0.6321856863073367,9.995733364439529
2007-07-13,0.6178053929682064,9.768360962574528
2007-07-14,0.6098744499564285,9.64296174302346
2007-07-15,0.5959735127425305,9.423168626988895
2007-07-16,0.5803914484947917,9.176794558639232
2007-07-17,0.5652804769344283,8.937869119695346
2007-07-18,0.5783382213751594,9.144330187380907
2007-07-19,0.574685249457439,9.086571629937758
2007-07-20,0.5600667628582363,8.85543306194711
2007-07-21,0.5493763688336225,8.686403090934942
2007-07-22,0.5363160405700284,8.479901169422794
2007-07-23,0.5225592967943447,8.26238795183027
2007-07-24,0.5092289231705076,8.051616238268481
2007-07-25,0.5054088676803513,7.991215857582857
2007-07-26,0.4927501153735496,7.7910634094558375
2007-07-27,0.5384454995842644,8.513570872767607
2007-07-28,0.6934722225846801,10.964758587134238
2007-07-29,0.6861472835367165,10.848941131566887
2007-07-30,0.6678540418617088,10.559699584162196
2007-07-31,0.6500975682653669,10.278945085276789
2007-08-01,0.6377115562580425,10.083105039930093
2007-08-02,0.6496029705156254,10.271124808202904
2007-08-03,0.6559063513421932,10.370790010059848
2007-08-04,0.6524900005636717,10.31677276132876
2007-08-05,0.635490102194874,10.047980767144852
2007-08-06,0.6187927977265659,9.78397320261905
2007-08-07,0.6025143535505533,9.526588400818536
2007-08-08,0.6200737551127122,9.804226917248242
2007-08-09,0.6037776908544407,9.546563517485238
2007-08-10,0.6305959590301863,9.970597569168064
2007-08-11,0.6555459567837565,10.365091671754895
2007-08-12,0.6748974841481405,10.671066185127538
2007-08-13,0.6584030205605439,10.41026581652995
2007-08-14,0.6409302298522961,10.133996737942502
2007-08-15,0.6292221011060293,9.948874968059028
2007-08-16,0.6511156911120602,10.295043020943815
2007-08-17,0.697879448728836,11.03444295102911
2007-08-18,1.0481738523990194,16.573083787070235
2007-08-19,1.0465757695880213,16.547815879208645
2007-08-20,1.017870613872927,16.09394751596116
2007-08-21,0.9898209130850468,15.650442805081553
2007-08-22,0.9644716001161127,15.249634974570167
2007-08-23,1.051953730348311,16.632848905056278
2007-08-24,1.0564734852285695,16.70431250449267
2007-08-25,1.0320376357085528,16.317947799270744
2007-08-26,1.0065675329842563,15.915230115034559
2007-08-27,0.9789998175645521,15.47934626196651
2007-08-28,0.9520794451636203,15.05369780073211
2007-08-29,0.9466825721631728,14.968365746111704
2007-08-30,0.9759701209012356,15.431442551589047
2007-08-31,0.9588098402846678,15.160114691409083
2007-09-01,0.9369094118572082,14.813838513587724
2007-09-02,0.9191441501175095,14.532945061955257
2007-09-03,0.8942087383486941,14.138681584037133
2007-09-04,0.8697607611415027,13.752125123244099
2007-09-05,0.8460283146290631,13.376882196106957
2007-09-06,0.8232055054143377,13.016021897496898
2007-09-07,0.8078162452835425,12.77269632990623
2007-09-08,0.7917399567126527,12.518507888875506
2007-09-09,0.8057496409549567,12.740020446402761
2007-09-10,0.7848885693115788,12.410177942277631
2007-09-11,0.76365164014705,12.074392608939792
2007-09-12,0.7433154511894966,11.752849228772622
2007-09-13,0.7260177804975867,11.479349040762742
2007-09-14,0.7067775063897994,11.175133595829884
2007-09-15,0.7335889988005603,11.599060513261499
2007-09-16,0.7679381812616007,12.142168774969477
2007-09-17,0.7488403295122624,11.840205225248777
2007-09-18,0.7286697966785703,11.52128109838039
2007-09-19,0.7091053559235391,11.211940128713774
2007-09-20,0.6917819801190208,10.938033507187127
2007-09-21,1.0148144408520048,16.0456251776128
2007-09-22,0.9875014462642663,15.613768814527273
2007-09-23,0.9693704615353153,15.327092774701192
2007-09-24,0.943186220165783,14.91308356704455
2007-09-25,0.9173085132824659,14.503921095177054
2007-09-26,0.8924619791458059,14.1110628960122
2007-09-27,0.8921412657844314,14.10599197252224
2007-09-28,0.9650373394738679,15.258580099232706
2007-09-29,0.9467435188929045,14.96932939852116
2007-09-30,0.9246347556644181,14.619759158264186
2007-10-01,0.8994604190834788,14.221717947366866
2007-10-02,0.874858907484823,13.832733894692852
2007-10-03,0.8549124162009987,13.517352175764948
2007-10-04,0.8321601454430191,13.157607188084643
2007-10-05,0.8109184853746028,12.821747052588425
2007-10-06,0.788986850993704,12.47497746531994
2007-10-07,0.7879165763933905,12.458054938025855
2007-10-08,0.767326562021498,12.132498225671947
2007-10-09,0.7466086152700233,11.804918724788214
2007-10-10,0.7266390712339671,11.48917250984337
2007-10-11,0.7846673288140219,12.406679822862888
2007-10-12,0.7697741410518242,12.171197848117432
2007-10-13,0.7707351303671965,12.186392423335745
2007-10-14,0.7866296322160654,12.43770656391666
2007-10-15,0.765863984460454,12.109372843934182
2007-10-16,0.745189304666784,11.782477453720896
2007-10-17,0.7260717688079418,11.480202670901473
2007-10-18,0.7619661329249011,12.047742399766523
2007-10-19,0.7534161879265064,11.912555899446064
2007-10-20,0.7950552271523212,12.570926917119408
2007-10-21,0.8206789342731303,12.976073300113569
2007-10-22,0.7986570233684516,12.627876315673149
2007-10-23,0.7770138961938208,12.285668427870558
2007-10-24,0.7843660042213346,12.401915462723316
2007-10-25,0.7859618407343082,12.427147853494603
2007-10-26,0.8022652236509848,12.684926971407489
2007-10-27,0.7874312822440578,12.450381763790629
2007-10-28,0.7769019877734411,12.283899000381801
2007-10-29,0.7563952035292133,11.959658271894728
2007-10-30,0.7360008120020068,11.637194628298667
2007-10-31,0.7256069609482632,11.472853413346812
2007-11-01,0.7068379380362969,11.176089104058315
2007-11-02,0.6932007141007253,10.960465661067456
2007-11-03,0.6931788920618078,10.960120624336616
2007-11-04,0.6757526815381724,10.684588043135198
2007-11-05,0.6578358448783908,10.401297981584632
2007-11-06,0.6403800934375673,10.125298317470792
2007-11-07,0.6239315668117261,9.86522427601288
2007-11-08,0.6091549358359838,9.63158522587717
2007-11-09,0.5941561919839846,9.394434262808346
2007-11-10,0.5875623039344222,9.290175738444434
2007-11-11,0.5775539458385295,9.1319297023364
2007-11-12,0.5628773879010135,8.89987294586653
2007-11-13,0.548302535870869,8.669424300990602
2007-11-14,0.5356117718741631,8.46876570360434
2007-11-15,0.5552401463545273,8.779117554227716
2007-11-16,0.6057303928510672,9.57743844698973
2007-11-17,0.6075445160457408,9.606122253246278
2007-11-18,0.5922536906332212,9.36435307520855
2007-11-19,0.5768399713085942,9.12064077380668
2007-11-20,0.5618375146193161,8.883431105625942
2007-11-21,0.5679329713689969,8.979808739166133
2007-11-22,0.5535384940386445,8.752212068708266
2007-11-23,0.5657586452242691,8.94542962419917
2007-11-24,0.5519718069053267,8.727440570097444
2007-11-25,0.5659037204932176,8.947723465609362
2007-11-26,0.551707238439187,8.723257375347153
2007-11-27,0.5374756558572878,8.498236297009246
2007-11-28,0.5256192892023892,8.31077067999149
2007-11-29,0.5230837343786245,8.270680038114874
2007-11-30,0.5841525571351371,9.236262907793385
2007-12-01,0.5693318560371685,9.001927047842688
2007-12-02,0.5786522869136693,9.149295999562199
2007-12-03,0.5644379388438261,8.924547422786585
2007-12-04,0.5498152151421271,8.693341860323098
2007-12-05,0.5431961032689958,8.588684512290307
2007-12-06,0.5308189144430161,8.3929839736899
2007-12-07,0.563091113440833,8.903252243366424
2007-12-08,0.5551217601197932,8.77724570350086
2007-12-09,0.5429047474449481,8.584077772222576
2007-12-10,0.5290804311637228,8.365496139506474
2007-12-11,0.5155477045108295,8.151524943628425
2007-12-12,0.5084574570761017,8.039418288288894
2007-12-13,0.504214827682749,7.972336427534029
2007-12-14,0.4915138012307199,7.771515566481734
2007-12-15,0.5050830863649086,7.9860648027032335
2007-12-16,0.5079821399929723,8.031902865321513
2007-12-17,0.49530331488991985,7.831433038418688
2007-12-18,0.4828237719758422,7.6341141395871865
2007-12-19,0.47490735490196306,7.508944595280669
2007-12-20,0.4670430918676757,7.3845996787455945
2007-12-21,0.45549889864924353,7.202069957149018
2007-12-22,0.4456186088591278,7.045848858752654
2007-12-23,0.43565522618554153,6.888313946510702
2007-12-24,0.42530549793867456,6.724670374391296
2007-12-25,0.41505758072283266,6.562636576016738
2007-12-26,0.4073654426700693,6.4410131944008135
2007-12-27,0.397759667259253,6.289132549449718
2007-12-28,0.3891047061392351,6.152285598452425
2007-12-29,0.4018038136688733,6.353076118677681
2007-12-30,0.40960905180555546,6.476487769637302
2007-12-31,0.4005104010903835,6.332625470165985
2008-01-01,0.39107391485809256,6.183421522151685
2008-01-02,0.38370514730177585,6.066911077020115
2008-01-03,0.3748266393120641,5.926529539662655
2008-01-04,0.36795764707881556,5.817921236227296
2008-01-05,0.3603434727590994,5.697530569467965
2008-01-06,0.3528474433732444,5.579007938133691
2008-01-07,0.3450137079760481,5.455145705922569
2008-01-08,0.33745015007256957,5.335555354974769
2008-01-09,0.330167740006064,5.220410341647289
2008-01-10,0.3713812704445951,5.872053474659472
2008-01-11,0.37457149185866134,5.922495304202934
2008-01-12,0.3660262148985486,5.7873826120483525
2008-01-13,0.4194713184876818,6.632423897674857
2008-01-14,0.4107938290405314,6.495220742549504
2008-01-15,0.40101921307101995,6.340670493963948
2008-01-16,0.5695341132840549,9.005125015709869
2008-01-17,0.5570955083897023,8.808453403804508
2008-01-18,0.5560270615513383,8.791559775964327
2008-01-19,0.5951766321514608,9.410568838534088
2008-01-20,0.649040459041585,10.26223072086317
2008-01-21,0.6329244678472404,10.00741452623644
2008-01-22,0.6162188628970873,9.743275719569102
2008-01-23,0.6000183562462307,9.487123218242036
2008-01-24,0.7110568195042886,11.242795477143956
2008-01-25,0.6952470223901305,10.992820636014473
2008-01-26,0.777392585512725,12.291656031737134
2008-01-27,0.7596270293030141,12.010757924124961
2008-01-28,0.7393480012568203,11.690118337322929
2008-01-29,0.7194590285340803,11.375646066698833
2008-01-30,0.710634968008203,11.236125419334057
2008-01-31,0.7478644903744375,11.824775853721468
2008-02-01,0.7291835698978448,11.529404566248912
2008-02-02,0.710704857483814,11.237230468971083
2008-02-03,0.7139859751226642,11.289109494019685
2008-02-04,0.695667820124909,10.99947403239517
2008-02-05,0.6770790488655336,10.705559751977656
2008-02-06,0.6655505283588106,10.52327783771164
2008-02-07,0.6565465569929164,10.380912550195825
2008-02-08,0.6392940900759607,10.108127096624411
2008-02-09,0.6288328391749466,9.942720196515944
2008-02-10,0.6346636657913611,10.034913660262959
2008-02-11,0.6183587546483583,9.777110378970217
2008-02-12,0.6020934501131328,9.519933333132322
2008-02-13,0.5982155112898656,9.458617736590734
2008-02-14,0.5909915532469769,9.344396930905631
2008-02-15,0.5756646447002107,9.102057228421218
2008-02-16,0.5628800773988886,8.899915470561767
2008-02-17,0.5676043527011033,8.974612821805163
2008-02-18,0.553214986868033,8.74709697121562
2008-02-19,0.5389370057161984,8.521342267071862
2008-02-20,0.5250992433316632,8.302548032795192
2008-02-21,0.5461816017055092,8.635889387341576
2008-02-22,0.6101211513981006,9.646862435312116
2008-02-23,0.6390401379201475,10.104111760479011
2008-02-24,0.6221501151321045,9.837057051767196
2008-02-25,0.6058216184486389,9.578880850335912
2008-02-26,0.5899363766957075,9.327713124727568
2008-02-27,0.5752891677166933,9.096120416036795
2008-02-28,0.5657828906626553,8.945812978240017
2008-02-29,0.6300681718143917,9.962252520558915
2008-03-01,0.6237490786056493,9.862338884126276
2008-03-02,0.6074491395553797,9.604614218522407
2008-03-03,0.5915190670800374,9.352737656954217
2008-03-04,0.5760687157575038,9.108446152809211
2008-03-05,0.564267291629474,8.921849253418006
2008-03-06,0.5576785073483069,8.817671426717991
2008-03-07,0.5878499824099026,9.294724334526048
2008-03-08,0.61141498763022,9.667319782375852
2008-03-09,0.6386353877143861,10.097712097810874
2008-03-10,0.6231131542749704,9.852284037603958
2008-03-11,0.6067039865171142,9.59283231449084
2008-03-12,0.7719685606914516,12.205894669134574
2008-03-13,0.763423997340291,12.070793260128232
2008-03-14,0.7632459788876667,12.067978541249074
2008-03-15,0.744806280814383,11.7764213148621
2008-03-16,0.7569764824911508,11.968849099273033
2008-03-17,0.7369551114993782,11.652283428206903
2008-03-18,0.7171371691253327,11.338934246007161
2008-03-19,0.7155547076694662,11.313913333457341
2008-03-20,0.7856256874208918,12.421832802927561
2008-03-21,0.7703287706180451,12.179967311552078
2008-03-22,0.752568205243088,11.899148115966144
2008-03-23,0.7322871862646018,11.578477049760554
2008-03-24,0.7126078687661177,11.26731971929647
2008-03-25,0.6935139176825403,10.965417844516749
2008-03-26,0.6751843070667868,10.675601253667836
2008-03-27,0.7032851461438157,11.11991453189421
2008-03-28,0.7189553691496438,11.367682512600144
2008-03-29,0.7077636341186572,11.19072564426508
2008-03-30,0.7085557095489522,11.203249456457032
2008-03-31,0.6898979613419228,10.908244554736353
2008-04-01,0.6714815466618211,10.61705547111994
2008-04-02,0.6764741901460961,10.695996095897481
2008-04-03,0.6611890554878976,10.454316896586048
2008-04-04,0.6439791791719828,10.182204859545656
2008-04-05,0.6271710312800156,9.916444706607786
2008-04-06,0.6165390383223013,9.748338137541548
2008-04-07,0.6005579652318106,9.495655185443665
2008-04-08,0.5848326056685863,9.247015419219167
2008-04-09,0.5731971821443528,9.06304321983276
2008-04-10,0.559273186620392,8.842885519904234
2008-04-11,0.5773858664826128,9.129272134374645
2008-04-12,0.5648163726974911,8.930530987393066
2008-04-13,0.5501902664041843,8.699271941460207
2008-04-14,0.5360060486674907,8.474999767081654
2008-04-15,0.5222588917070187,8.25763813034701
2008-04-16,0.5089508801978273,8.047219992863113
2008-04-17,0.5039390140521672,7.967975431122237
2008-04-18,0.4938305108065471,7.808145961165416
2008-04-19,0.487456312683311,7.707361039532433
2008-04-20,0.4824480537820721,7.628173513333797
2008-04-21,0.4706465377002383,7.441575160025292
2008-04-22,0.45894460381509705,7.256551339496545
2008-04-23,0.4523797326245058,7.152751611957096
2008-04-24,0.44747249483928486,7.075161369850404
2008-04-25,0.4487845076519791,7.095906113887593
2008-04-26,0.4388730933681183,6.939192894034959
2008-04-27,0.44940110427920277,7.105655362585615
2008-04-28,0.43876567911355,6.937494525546934
2008-04-29,0.4280824425329936,6.768577723661998
2008-04-30,0.42954479942494606,6.791699616315071
2008-05-01,0.45139490488190187,7.1371801181093435
2008-05-02,0.4871590742731923,7.702661287612122
2008-05-03,0.48020096822040664,7.592643970973088
2008-05-04,0.4856976334343765,7.679553879030896
2008-05-05,0.474080000051712,7.495862966480765
2008-05-06,0.4622692874987002,7.309119204195468
2008-05-07,0.4511588084439722,7.133447105652793
2008-05-08,0.48019225142210786,7.592506146290447
2008-05-09,0.5014099635605318,7.927987631766554
2008-05-10,0.49071113184314014,7.758824249117511
2008-05-11,0.5043808550976852,7.97496155146017
2008-05-12,0.49217137252256965,7.781912681512656
2008-05-13,0.4797901602372303,7.586148526434002
2008-05-14,0.4690308785797087,7.416029346308802
2008-05-15,0.4578221744592828,7.238804173111502
2008-05-16,0.46041334440732384,7.279774167313451
2008-05-17,0.4582752405139627,7.2459677764279755
2008-05-18,0.462427104795293,7.311614514752485
2008-05-19,0.45128608211719207,7.135459479120546
2008-05-20,0.4402008219876719,6.960186126796862
2008-05-21,0.4386455897725222,6.935595746345151
2008-05-22,0.4408215476548302,6.970000661348601
2008-05-23,0.4549762699386045,7.193806471667936
2008-05-24,0.4449168878389054,7.034753675223055
2008-05-25,0.4378194890289416,6.922533946712784
2008-05-26,0.427183980532175,6.754371792093504
2008-05-27,0.41687510583585663,6.591374171325291
2008-05-28,0.4069016194658503,6.433679505615967
2008-05-29,0.4039812272507895,6.387504050312884
2008-05-30,0.3967916612666847,6.2738270308236785
2008-05-31,0.4053678388199362,6.409428304255103
2008-06-01,0.41616866952437453,6.580204432494633
2008-06-02,0.406990992648524,6.435092619710903
2008-06-03,0.39734114188831837,6.282515082296117
2008-06-04,0.39097347793450715,6.181833474953134
2008-06-05,0.4265978247818257,6.745103855919959
2008-06-06,0.41641368969501436,6.584078541554158
2008-06-07,0.4540779475882237,7.179602748166739
2008-06-08,0.47487952893928054,7.508504628179851
2008-06-09,0.46333369868287294,7.325949022740182
2008-06-10,0.4518640215930895,7.144597504588345
2008-06-11,0.48536639054565806,7.674316469095476
2008-06-12,0.5015144623174076,7.929639902188472
2008-06-13,0.48922765003428903,7.735368342200531
2008-06-14,0.4817739422708241,7.617514874471388
2008-06-15,0.4748417386107498,7.507907110621435
2008-06-16,0.4630296385198243,7.321141409435403
2008-06-17,0.45156963568150754,7.139942854630026
2008-06-18,0.5429021361065328,8.584036483336908
2008-06-19,0.6420756792820614,10.1521078836555
2008-06-20,0.6251021785796016,9.883733273224294
2008-06-21,0.6676570484477328,10.556584844801113
2008-06-22,0.6522334258920386,10.31271595956741
2008-06-23,0.6351879410836676,10.043203180486154
2008-06-24,0.618414030467894,9.777984366416543
2008-06-25,0.7751513921529316,12.256219653268172
2008-06-26,0.8534392909941653,13.494060021103948
2008-06-27,0.9340757450434861,14.769034307280755
2008-06-28,1.044058821480164,16.508019435342245
2008-06-29,1.4553997238373064,23.011890166529714
2008-06-30,1.4250848946933032,22.5325706316602
2008-07-01,1.3853013402575924,21.903537404489494
2008-07-02,1.3466899527366027,21.293037763560847
2008-07-03,1.3120094076958888,20.744690199437283
2008-07-04,1.7843507860928147,28.213063143825973
2008-07-05,1.8774288793113572,29.684757018006305
2008-07-06,1.830198223113849,28.937974773163937
2008-07-07,1.7788355080361757,28.12585894088534
2008-07-08,1.728937892892823,27.33690837256782
2008-07-09,1.7297846106439756,27.35029615571251
2008-07-10,1.7155839241430122,27.125763587307254
2008-07-11,1.677097659244507,26.517242308747928
2008-07-12,1.7171285844267101,27.150186810845693
2008-07-13,1.669250127036189,26.393161929798847
2008-07-14,1.6226161779534607,25.65581445285014
2008-07-15,1.5771793189947105,24.937394632682754
2008-07-16,1.5730370786604113,24.871900062321743
2008-07-17,1.5722780206289733,24.859898301043803
2008-07-18,1.5317566728250345,24.219199536442257
2008-07-19,1.4940370815917257,23.622800432903382
2008-07-20,1.518770772184286,24.013874418975234
2008-07-21,1.4775562748879432,23.362215998598757
2008-07-22,1.436269307793722,22.709411730107945
2008-07-23,1.4105006561900661,22.30197357361343
2008-07-24,1.3719720739478696,21.69278319910114
2008-07-25,1.3727316134792555,21.704792573561722
2008-07-26,1.3363798598196464,21.13002088103309
2008-07-27,1.3036182033663992,20.612013609472015
2008-07-28,1.26741619583406,20.039609611108197
2008-07-29,1.2321596038828522,19.482153945603315
2008-07-30,1.2347393124744492,19.52294271984807
2008-07-31,1.2716564164492552,20.106653385736283
2008-08-01,1.236278019763249,19.547271818272623
2008-08-02,1.2038573882523453,19.034656624495213
2008-08-03,1.203171726808428,19.023815365162523
2008-08-04,1.1705105183793623,18.50739631631583
2008-08-05,1.1380451313781799,17.994073476103033
2008-08-06,1.1144096105815744,17.620363079095277
2008-08-07,1.086345608726478,17.176632248488804
2008-08-08,1.068588398806887,16.895866107310585
2008-08-09,1.03989234385882,16.442141639824403
2008-08-10,1.1056606917554024,17.482030526322127
2008-08-11,1.0770703910635175,17.029978180444907
2008-08-12,1.047304840970478,16.559343509935697
2008-08-13,1.0218641867505174,16.15709144743645
2008-08-14,1.00539258647357,15.89665257952138
2008-08-15,0.9964772717951709,15.755689077317015
2008-08-16,0.9691912744660715,15.324259578370889
2008-08-17,1.0164597395675754,16.071639634475563
2008-08-18,0.989939851961968,15.652323393848619
2008-08-19,0.962701399449708,15.221645644463234
2008-08-20,0.9367677375466829,14.811598446051754
2008-08-21,0.9186010278569395,14.524357544998555
2008-08-22,0.9043628195464216,14.299231704692682
2008-08-23,0.8960250278134312,14.167399642030821
2008-08-24,0.8850923390435845,13.994538654718522
2008-08-25,0.8610297416610305,13.614075583976138
2008-08-26,0.8375531580914308,13.242878205180032
2008-08-27,0.8151692309972742,12.888957242196588
2008-08-28,0.8268690311988689,13.073947326226268
2008-08-29,0.8075513451271567,12.76850789067266
2008-08-30,0.8300262365666609,13.12386712624193
2008-08-31,0.8399743114698877,13.281160001382709
2008-09-01,0.8183272344533837,12.938889661096535
2008-09-02,0.796104766815787,12.5875215962756
2008-09-03,0.7745368930481046,12.246503569311232
2008-09-04,0.8980893559194116,14.200039535294819
2008-09-05,0.8848803696144748,13.99118712376696
2008-09-06,0.8857834973030563,14.005466826336363
2008-09-07,0.8989406212693082,14.213499222289085
2008-09-08,0.8753704063574812,13.840821401983895
2008-09-09,0.851473661966289,13.46298069728879
2008-09-10,0.8361442569298531,13.22060152183682
2008-09-11,0.9180541919680759,14.515711310422896
2008-09-12,0.8950781757229684,14.15242859596505
2008-09-13,0.8706056695499482,13.765484298168678
2008-09-14,0.9267322836859002,14.652923988283735
2008-09-15,0.9029613185625922,14.277072028433343
2008-09-16,0.8782574891605761,13.886470189240312
2008-09-17,0.8639767621116096,13.660672068650765
2008-09-18,0.9375999125657065,14.824756288411796
2008-09-19,0.9301457382640355,14.70689544406592
2008-09-20,1.0397124004646436,16.43929648494691
2008-09-21,1.7162179247727978,27.135788017447773
2008-09-22,1.6802814030126594,26.56758171771657
2008-09-23,1.6331970550879171,25.82311280978653
2008-09-24,1.6104568227648721,25.46355816647551
2008-09-25,1.6098513141971025,25.45398423539102
2008-09-26,1.7267150206295026,27.30176167606929
2008-09-27,1.726887397846393,27.304487199179764
2008-09-28,1.6826174634961784,26.604518077115742
2008-09-29,1.6356166415553663,25.86136983095083
2008-09-30,1.5898082618729197,25.137075752359273
2008-10-01,1.6664085254007042,26.34823226294389
2008-10-02,1.6213579583731532,25.635920254498178
2008-10-03,1.5916864446382724,25.16677242936221
2008-10-04,1.568870772767592,24.806024982070287
2008-10-05,1.5751526352921663,24.90534994969884
2008-10-06,1.5320347716606189,24.223596665117697
2008-10-07,1.4891882561087135,23.546133770388458
2008-10-08,1.7059158663307123,26.972898171121994
2008-10-09,1.658670772157612,26.22588764184126
2008-10-10,1.724491909457845,27.266611202098275
2008-10-11,1.897597480282117,30.003650599439723
2008-10-12,1.98529585380101,31.390283636499213
2008-10-13,1.9321108075080793,30.549354217763433
2008-10-14,1.8778429660709222,29.691304304552023
2008-10-15,1.8284878811378593,28.910931892054336
2008-10-16,2.030208276648999,32.10041139368037
2008-10-17,2.214453484078698,35.0135839109205
2008-10-18,2.167221026135663,34.26677317797999
2008-10-19,2.132774161905786,33.72212043189503
2008-10-20,2.073439533194526,32.78395757765501
2008-10-21,2.0151465302407767,31.862264272731156
2008-10-22,1.9655666443975899,31.078337445753117
2008-10-23,2.000038393832955,31.623383661485004
2008-10-24,1.9670659977246265,31.10204430340705
2008-10-25,1.9135169049205758,30.255358803924388
2008-10-26,1.8666651233636844,29.514567093142155
2008-10-27,1.8146553416216928,28.692220238577487
2008-10-28,1.7637359091058395,27.88711331901082
2008-10-29,1.715961156648686,27.131728156934162
2008-10-30,1.6724412240761153,26.44361760420279
2008-10-31,1.6289854267154062,25.756521118209918
2008-11-01,1.5855501746954253,25.069749482577073
2008-11-02,1.5848686317699754,25.058973342739094
2008-11-03,1.541280504780773,24.369784541606407
2008-11-04,1.4981694411994433,23.68813877525972
2008-11-05,1.4571780919714978,23.040008635641257
2008-11-06,1.458942436203868,23.067905367395614
2008-11-07,1.438070237323943,22.73788692621272
2008-11-08,1.4027220174825454,22.17898249655686
2008-11-09,1.3811578307092849,21.83802276609296
2008-11-10,1.3432158524432214,21.238107414826125
2008-11-11,1.3057809680435666,20.646209921586056
2008-11-12,1.330768495739451,21.041297424663725
2008-11-13,1.2945026870842085,20.46788464197165
2008-11-14,1.3589709749744596,21.487217774894876
2008-11-15,1.3239493772316078,20.933477694066756
2008-11-16,1.3117453738229472,20.740515457347627
2008-11-17,1.275649675910552,20.169792361664857
2008-11-18,1.2401562797902428,19.608592493491056
2008-11-19,1.2058267756034178,19.065795372617785
2008-11-20,1.1939923136632304,18.87867609954995
2008-11-21,1.1618729965393488,18.370825104546377
2008-11-22,1.1353715556406065,17.95180053196455
2008-11-23,1.103983880024923,17.45551780494411
2008-11-24,1.073456532064574,16.972838052548116
2008-11-25,1.0437955966923613,16.50385748601189
2008-11-26,1.076651009509489,17.023347175847952
2008-11-27,1.0470257285865336,16.554930355653582
2008-11-28,1.0436468317729843,16.501505306106075
2008-11-29,1.0151623018174245,16.051125342411755
2008-11-30,0.9895850244043292,15.646713077554953
2008-12-01,0.9624092470975222,15.21702631017982
2008-12-02,0.9359716149564673,14.799010642642783
2008-12-03,0.9131099191315496,14.437535492739274
2008-12-04,0.8881970836362952,14.04362897704881
2008-12-05,0.8651696668766775,13.67953354909718
2008-12-06,0.8422845547932873,13.31768815563841
2008-12-07,0.8285233434809581,13.100104300089233
2008-12-08,0.8061425666515677,12.746233147165256
2008-12-09,0.7842788389612296,12.400537258949452
2008-12-10,0.763150797475032,12.066473590974885
2008-12-11,0.7755670694011408,12.262792087647433
2008-12-12,0.7551890683700229,11.94058760054947
2008-12-13,0.7727949293337215,12.218960704617144
2008-12-14,0.751915202538964,11.88882323664974
2008-12-15,0.7317037356799057,11.569251886011571
2008-12-16,0.7120417509766463,11.258368611103124
2008-12-17,0.7254260657140074,11.46999320855622
2008-12-18,0.7525522532722029,11.898895893160317
2008-12-19,0.8625784347672549,13.63856257203749
2008-12-20,0.8391360882087289,13.267906527917729
2008-12-21,0.8210349322119623,12.98170212175874
2008-12-22,0.7987574410021343,12.629464057871557
2008-12-23,0.7771113534062059,12.287209361698295
2008-12-24,0.7567533870651507,11.965321650864404
2008-12-25,0.7441044210717173,11.765323937938083
2008-12-26,0.7462501212020424,11.79925043587582
2008-12-27,0.7267005600279587,11.490144733041321
2008-12-28,0.7120001854020123,11.257711401662638
2008-12-29,0.6930036075397943,10.957349132695933
2008-12-30,0.6744944025138118,10.664692904890229
2008-12-31,0.7231457325847802,11.433937975994736
2009-01-01,0.7081476988827687,11.196798241383119
2009-01-02,0.6891958272226532,10.897142839537311
2009-01-03,0.67080039701245,10.60628554952275
2009-01-04,0.6581124651353016,10.40567173187853
2009-01-05,0.640816436064058,10.132197500170447
2009-01-06,0.6238728026619849,9.864295133223152
2009-01-07,0.6124138591280622,9.683113327490881
2009-01-08,0.665300953347233,10.5193317102934
2009-01-09,0.6694020550719861,10.584175822124724
2009-01-10,0.6538205285764699,10.33781025638426
2009-01-11,0.639460520687349,10.110758595646217
2009-01-12,0.6226095697003194,9.844321666351838
2009-01-13,0.6062156331460201,9.585110769712445
2009-01-14,0.5911091981663288,9.346257060407124
2009-01-15,0.5923963515871682,9.366608742946774
2009-01-16,0.5769376233161745,9.12218478761689
2009-01-17,0.5771076668210272,9.124873411500152
2009-01-18,0.5994494824526262,9.478128533797184
2009-01-19,0.5848521808674472,9.247324930289423
2009-01-20,0.5696050501403646,9.006246625889823
2009-01-21,0.554823964466363,8.77253714079017
2009-01-22,0.5481841787370602,8.667552910389777
2009-01-23,0.5387542131405537,8.518452062679833
2009-01-24,0.5250356883806734,8.30154314078665
2009-01-25,0.6141207463879613,9.710101584742905
2009-01-26,0.6001850498544955,9.48975887560958
2009-01-27,0.5844710247793329,9.241298323377018
2009-01-28,0.5693772663825365,9.002645048446178
2009-01-29,0.6550732672241626,10.357617793582401
2009-01-30,0.6998518982636012,11.065630116527096
2009-01-31,0.77695626344442,12.284757174090938
2009-02-01,0.7926280000932081,12.53254908759346
2009-02-02,0.7727501928271037,12.218253358339787
2009-02-03,0.7518718628671421,11.888137976269734
2009-02-04,0.7864732185627373,12.435233446908336
2009-02-05,0.7701313539029755,12.176845879213037
2009-02-06,0.7885328501994481,12.46779908247307
2009-02-07,0.7671882171009915,12.13031080041437
2009-02-08,0.7788515294904121,12.31472396147752
2009-02-09,0.7585702603116796,11.994048939258683
2009-02-10,0.738111456920417,11.670566854668849
2009-02-11,0.7183088098570444,11.357459512565338
2009-02-12,0.7965931730734438,12.595243977263973
2009-02-13,0.8580941079986005,13.567659140230434
2009-02-14,0.8564495051880896,13.54165568659279
2009-02-15,0.838094315627442,13.251434657113832
2009-02-16,0.8154413207898621,12.89325935955989
2009-02-17,0.7933037821685627,12.54323414039364
2009-02-18,0.7718185180936925,12.203522287359739
2009-02-19,0.8330089892479668,13.171028587091437
2009-02-20,0.8107883590803378,12.81968957522165
2009-02-21,0.7939433710618371,12.553346928738108
2009-02-22,0.856242835472734,13.538387951473279
2009-02-23,0.8348122952076473,13.199541357845167
2009-02-24,0.8121051262581469,12.840509492371796
2009-02-25,0.8092559077978664,12.795459392942373
2009-02-26,0.8456609841100468,13.371074190636039
2009-02-27,0.8500742381316758,13.440853863642268
2009-02-28,0.8418621627984006,13.311009551792088
2009-03-01,0.8191895466876025,12.952524014668334
2009-03-02,0.7969416120531417,12.600753281271126
2009-03-03,0.7753490617166852,12.259345083495937
2009-03-04,0.7989196429511504,12.632028695870604
2009-03-05,0.7789521349952547,12.316314674179788
2009-03-06,0.7589200064163301,11.999578910726019
2009-03-07,0.7590163821338434,12.001102744618393
2009-03-08,0.7631868924737913,12.067044303015987
2009-03-09,0.7434010493574017,11.75420265464321
2009-03-10,0.7233918151242127,11.43782888257976
2009-03-11,0.7106025048101233,11.235612131103732
2009-03-12,0.7461483784898275,11.79764174234621
2009-03-13,0.7350380638986612,11.62197224420077
2009-03-14,0.7393877404355702,11.690746668908899
2009-03-15,0.7871277481405775,12.445582468217953
2009-03-16,0.7676500919112986,12.137613682386514
2009-03-17,0.7469225752503407,11.809882867947938
2009-03-18,0.9071119167102706,14.342698747427042
2009-03-19,0.8895156293192034,14.064477014833669
2009-03-20,0.8678858289409421,13.722479842183283
2009-03-21,0.9834935260004567,15.550398030957366
2009-03-22,0.9623433172072875,15.215983867084688
2009-03-23,0.9359401265941695,14.798512767919535
2009-03-24,0.9102736540195226,14.392690203728884
2009-03-25,0.8857989359501633,14.005710932780612
2009-03-26,0.8710449459597643,13.77242986805568
2009-03-27,0.8847670027731334,13.989394636618071
2009-03-28,1.0092015943186847,15.95687828160144
2009-03-29,1.0544504802314936,16.672325986949357
2009-03-30,1.0278453294890018,16.251661617757385
2009-03-31,0.9995061903585094,15.803580484853589
2009-04-01,1.173984414163528,18.562323431475935
2009-04-02,1.1682147831183884,18.471097554668642
2009-04-03,1.1365740819002264,17.97081414159736
2009-04-04,1.346621486080606,21.291955210677223
2009-04-05,1.3158883277675255,20.80602131087786
2009-04-06,1.2799694629302503,20.238094191610244
2009-04-07,1.2443518447663597,19.674930200469852
2009-04-08,1.2193343973361706,19.27936962485523
2009-04-09,1.1903692624207791,18.821390629521705
2009-04-10,1.1891017776067678,18.80134993496195
2009-04-11,1.1583003749569027,18.314336997454355
2009-04-12,1.1261872693175166,17.80658421464406
2009-04-13,1.095001383759592,17.3134920685821
2009-04-14,1.0647169952814877,16.83465384290125
2009-04-15,1.0356187443949025,16.374570099258136
2009-04-16,1.0071866435055579,15.925019111887995
2009-04-17,0.986484404666202,15.59768797490217
2009-04-18,1.0144306957703733,16.039557635118584
2009-04-19,0.9884655238862593,15.629012220160757
2009-04-20,0.961274888336075,15.199090523330117
2009-04-21,0.9348702797767826,14.781597004467411
2009-04-22,0.9468660542127703,14.971266852044124
2009-04-23,1.0048096600797853,15.88743570395844
2009-04-24,0.9891092268368021,15.639190057462187
2009-04-25,0.9722694593729172,15.372929955194818
2009-04-26,0.9569459149636789,15.130643444395156
2009-04-27,0.9310896526876905,14.721820041541093
2009-04-28,0.9055646327253299,14.31823403952947
2009-04-29,0.9712835713229176,15.357341696415116
2009-04-30,0.9447128509921882,14.937221719832877
2009-05-01,1.0113894910391368,15.991471966210646
2009-05-02,0.9848156297938855,15.571302327409285
2009-05-03,0.9578889641408478,15.145554361122164
2009-05-04,0.9315829400956718,14.729619600292601
2009-05-05,0.9060435325632327,14.32580611082376
2009-05-06,0.8948177557900178,14.148310995283888
2009-05-07,0.8785779192716054,13.891536634149078
2009-05-08,0.8795910924049827,13.907556307976886
2009-05-09,0.8873603540236676,14.030399120240741
2009-05-10,0.8662966123463447,13.697352121511962
2009-05-11,0.842666865915093,13.323733025237008
2009-05-12,0.819729005003377,12.961053599571162
2009-05-13,0.8038758125258524,12.710392617501036
2009-05-14,0.782087935730111,12.365896037232666
2009-05-15,0.8383167391575033,13.254951481914874
2009-05-16,0.819979185845456,12.965009306010707
2009-05-17,0.7977096468772383,12.612896978103487
2009-05-18,0.7760953790409155,12.27114539650499
2009-05-19,0.7551181762386853,11.939466697533417
2009-05-20,0.7378637963605759,11.666650997390397
2009-05-21,0.79347524066599,12.545945137273941
2009-05-22,0.8015362807736647,12.673401372525047
2009-05-23,0.7885491322594536,12.468056524446153
2009-05-24,0.7724252178807565,12.213115053275045
2009-05-25,0.7516104954792598,11.88400539501075
2009-05-26,0.7313578561953693,11.563783051176273
2009-05-27,0.7117061472906664,11.253062250908902
2009-05-28,0.7114376696459586,11.248817246618332
2009-05-29,0.6992870201866521,11.056698609909823
2009-05-30,0.7036376845182911,11.12548865302399
2009-05-31,0.8298411727003413,13.120941009591096
2009-06-01,0.8115312665697519,12.831435974008382
2009-06-02,0.7895088333953644,12.483230731758798
2009-06-03,0.849435602980578,13.430756155285692
2009-06-04,0.8806566682492398,13.924404541414434
2009-06-05,0.8566156182219268,13.544282164272621
2009-06-06,0.8332697823229912,13.175152087666817
2009-06-07,0.8155190746335255,12.894488755773933
2009-06-08,0.7935415430213892,12.54699346956042
2009-06-09,0.7720492657228011,12.207170727723074
2009-06-10,0.8147588351844662,12.88246831464324
2009-06-11,0.8766188834914106,13.860561558733174
2009-06-12,0.8667380152656903,13.70433131446686
2009-06-13,0.855912006508514,13.53315708625883
2009-06-14,0.8382400090660544,13.253738272644618
2009-06-15,0.81567056254684,12.896883989994235
2009-06-16,0.7935262767645069,12.546752088844954
2009-06-17,0.7731070820697007,12.223896272734882
2009-06-18,0.7529010436872429,11.904410753848126
2009-06-19,0.990819936630948,15.66623875428748
2009-06-20,0.964255486713337,15.246217921641867
2009-06-21,1.020928309883886,16.142293934896365
2009-06-22,0.9944047337969367,15.722919374258685
2009-06-23,0.9670365195629848,15.290189911905042
2009-06-24,0.9417214582329645,14.889923647356465
2009-06-25,1.114434060955812,17.62074967345645
2009-06-26,1.0925106165012697,17.274109580293743
2009-06-27,1.1275208718146639,17.82767032156543
2009-06-28,1.1550682655774196,18.26323286102455
2009-06-29,1.1241509898208115,17.774387808832618
2009-06-30,1.0930239349269657,17.2822258572444
2009-07-01,1.0628536449812933,16.80519168776439
2009-07-02,1.0464677759410772,16.546108349722786
2009-07-03,1.0744832214863138,16.989071437659614
2009-07-04,1.054859375077801,16.678791182138536
2009-07-05,1.0291747271605893,16.272681240549094
2009-07-06,1.0009506253076121,15.826419006709159
2009-07-07,0.9733922250005923,15.390682438504827
2009-07-08,0.9762373223920363,15.435667378114662
2009-07-09,0.9887929879185512,15.634189881129883
2009-07-10,0.987790199673006,15.618334406796047
2009-07-11,0.9613929961571119,15.200957971949897
2009-07-12,0.9464594195928214,14.964837394171548
2009-07-13,0.9206835570351899,14.557285222483705
2009-07-14,0.8954621563575716,14.158499862878765
2009-07-15,0.9226134390496153,14.587799336388596
2009-07-16,0.94051096263064,14.870784031351652
2009-07-17,0.9858887010066035,15.588269073028025
2009-07-18,0.9704157789055278,15.343620693539238
2009-07-19,0.9672384665724751,15.293382974488289
2009-07-20,0.9412811906185886,14.882962405149282
2009-07-21,0.9154590088661395,14.474677862686397
2009-07-22,0.8903900120429984,14.07830221960314
2009-07-23,0.8962041965143069,14.170232547931725
2009-07-24,0.8762426363056333,13.85461256838175
2009-07-25,0.8856953721429921,14.004073445211516
2009-07-26,0.8973442957727659,14.18825910000872
2009-07-27,0.8733319972775678,13.808591324505423
2009-07-28,0.8494949464514094,13.431694457946127
2009-07-29,0.8356526870697377,13.212829119901546
2009-07-30,0.8790077518425381,13.898332883832444
2009-07-31,1.059341589359048,16.749661212586915
2009-08-01,1.124091891525537,17.77345338273811
2009-08-02,1.0930925482460738,17.283310729075428
2009-08-03,1.0628744434948791,16.805520541138772
2009-08-04,1.0335199333454952,16.341384982785858
2009-08-05,1.0691196168108807,16.904265401444132
2009-08-06,1.0463184904994365,16.543747939637342
2009-08-07,1.0179372204643238,16.095000658641126
2009-08-08,0.9953575147767564,15.73798416429627
2009-08-09,0.9679616574762431,15.3048176266834
2009-08-10,0.9413624143840045,14.884246665643529
2009-08-11,0.9155378651006421,14.475924689230059
2009-08-12,0.9382243703520229,14.834629832948728
2009-08-13,0.9486417002075004,14.999342280351637
2009-08-14,0.9751442233491705,15.418383964696632
2009-08-15,0.9815121328970613,15.519069455222972
2009-08-16,0.9853874880922092,15.580344201017141
2009-08-17,0.9586920790086614,15.158252722147344
2009-08-18,0.9323626697013723,14.741948207857995
2009-08-19,0.9089892160329266,14.372381455974462
2009-08-20,0.9254639891889224,14.632870491512199
2009-08-21,0.9002755139092109,14.234605728158524
2009-08-22,0.9344560532663096,14.77504750826582
2009-08-23,0.9175937722165157,14.5084314349496
2009-08-24,0.8929038413741769,14.11804935128045
2009-08-25,0.8684940222382904,13.732096222569627
2009-08-26,0.8447984563286661,13.357436428964364
2009-08-27,0.8303874545703921,13.129578484360179
2009-08-28,0.9101000867902911,14.389945864871203
2009-08-29,0.8882670465876841,14.044735188439892
2009-08-30,0.8696039340618853,13.749645469392181
2009-08-31,0.8460240545675299,13.376814838619868
2009-09-01,0.8229876395907154,13.012577136362125
2009-09-02,0.8359233520512668,13.217108709023941
2009-09-03,0.8139652816980497,12.869921132332022
2009-09-04,0.7935441246769676,12.547034289119228
2009-09-05,0.8594881077772224,13.589700212021514
2009-09-06,0.8366854697455335,13.229158847818935
2009-09-07,0.8141725944607893,12.873199034923417
2009-09-08,0.7920724003036893,12.523764283581512
2009-09-09,0.7706234610065844,12.1846267757138
2009-09-10,0.8041246621325918,12.714327275261704
2009-09-11,0.790266455374568,12.495209787057238
2009-09-12,0.7806832964710293,12.343686740484719
2009-09-13,0.8195679619666405,12.958507285584176
2009-09-14,0.7984619950995131,12.624792647983321
2009-09-15,0.7768246176565548,12.28267567142083
2009-09-16,0.7740384340473029,12.238622240497506
2009-09-17,0.7696152767443759,12.168685982865224
2009-09-18,0.8044493145932866,12.719460481380574
2009-09-19,0.7858338382407263,12.425123956365102
2009-09-20,0.7777896015732759,12.297933406832176
2009-09-21,0.7570582721371412,11.970142307124775
2009-09-22,0.7366442428295213,11.64736816295723
2009-09-23,0.716896563910302,11.335129943525104
2009-09-24,0.8149112485431155,12.88487818143908
2009-09-25,0.7931915110974809,12.541458978893814
2009-09-26,0.7796969983170724,12.328091997392102
2009-09-27,0.7588374233220578,11.998273157355396
2009-09-28,0.7384031765982999,11.675179347770852
2009-09-29,0.7185422474000928,11.36115048420247
2009-09-30,0.700824044375894,11.081001096193711
2009-10-01,0.6821352194055716,10.785504827701475
2009-10-02,0.6648771831667222,10.512631315419025
2009-10-03,0.6605626956549592,10.444413278051407
2009-10-04,0.6432539387061978,10.170737800929647
2009-10-05,0.6262373019653181,9.901681149845224
2009-10-06,0.6097336778400947,9.640735940430176
2009-10-07,0.6024698951644767,9.52588545201305
2009-10-08,0.6277652566539821,9.925840234733784
2009-10-09,0.614165773711234,9.710813529235317
2009-10-10,0.6697528257047397,10.589721992803723
2009-10-11,0.6599155862374309,10.434181579777736
2009-10-12,0.642966596341099,10.166194519219786
2009-10-13,0.6259581748951866,9.8972677633541
2009-10-14,0.6094692435203305,9.636554866720314
2009-10-15,0.71670260413848,11.332063170258083
2009-10-16,0.7086052935941015,11.204033449048413
2009-10-17,0.699311327660505,11.057082944817521
2009-10-18,0.6834643347813367,10.806519987004316
2009-10-19,0.6653172250610877,10.519588988679477
2009-10-20,0.6476368514769925,10.2400377366374
2009-10-21,0.6570162312798611,10.38833875272163
2009-10-22,0.9324554844440225,14.74341573779408
2009-10-23,0.924850631642949,14.623172457185563
2009-10-24,0.9050911691595541,14.310747923244687
2009-10-25,0.8834132592134245,13.96799007153575
2009-10-26,0.8594487482062086,13.58907788256086
2009-10-27,0.8360185149298548,13.218613366249123
2009-10-28,0.8157667928430201,12.898405524573443
2009-10-29,0.9434739019697332,14.917632215753894
2009-10-30,0.9407166782318767,14.874036680602345
2009-10-31,0.915081818177963,14.468713954252175
2009-11-01,0.9165449246799295,14.491847699280255
2009-11-02,0.8916590969867025,14.098368214434798
2009-11-03,0.8672856803079887,13.712990659109437
2009-11-04,0.8437491213516782,13.340844986185555
2009-11-05,0.8427622033722761,13.325240442792145
2009-11-06,0.9826079946733536,15.536396551291979
2009-11-07,0.9572096732825365,15.134813829592192
2009-11-08,0.9820210682244732,15.527116429304698
2009-11-09,0.9559276160754699,15.11454272526737
2009-11-10,0.9296787076479447,14.699511041646526
2009-11-11,0.9143629702508309,14.457347970547035
2009-11-12,0.8903874678884619,14.078261992987866
2009-11-13,0.8660671372902186,13.693723802294194
2009-11-14,0.8449671625446411,13.360103908453912
2009-11-15,0.8243537570099004,13.034177349341403
2009-11-16,0.8020270498247258,12.68116111255741
2009-11-17,0.7802845869163205,12.337382588895963
2009-11-18,0.7592487277038079,12.004776450645084
2009-11-19,0.7404588451269449,11.707682321095078
2009-11-20,0.7316848025119497,11.568952526341254
2009-11-21,0.7204669520388897,11.39158273661092
2009-11-22,0.7146909507767656,11.300256137829322
2009-11-23,0.6958645679498698,11.002584888652972
2009-11-24,0.6772699221217623,10.708577723148135
2009-11-25,0.6655706610719738,10.523596163857015
2009-11-26,0.6530660278254211,10.325880552036152
2009-11-27,0.6380598338953414,10.088611792889925
2009-11-28,0.6212593442853882,9.822972728022695
2009-11-29,0.6335825405608629,10.017819569441714
2009-11-30,0.6182446763923067,9.775306643367102
2009-12-01,0.6019828255097386,9.51818420457243
2009-12-02,0.5865057965323118,9.273470889666953
2009-12-03,0.5730731160469429,9.061081562591642
2009-12-04,0.559502095480934,8.846504886783766
2009-12-05,0.546396656375315,8.639289700231785
2009-12-06,0.5660715900045062,8.95037771563622
2009-12-07,0.5519399288485841,8.726936533764011
2009-12-08,0.5377011842585958,8.501802214135195
2009-12-09,0.5260308150547298,8.317277475038683
2009-12-10,0.5142299601509215,8.130689575872674
2009-12-11,0.5122669722462345,8.099652011881814
2009-12-12,0.49939827765117795,7.896180084714428
2009-12-13,0.5143877405392764,8.133184302859211
2009-12-14,0.502121267350351,7.939234332187246
2009-12-15,0.4894280851689488,7.738537499943768
2009-12-16,0.485432907327531,7.6753681917621925
2009-12-17,0.48910402694310184,7.73341368950282
2009-12-18,0.4786477955729551,7.568086155145986
2009-12-19,0.4730926338821623,7.480251336578899
2009-12-20,0.47582315916535745,7.523424732096764
2009-12-21,0.4642776426873239,7.340874087928808
2009-12-22,0.45277794112450054,7.159047841175209
2009-12-23,0.4482441455874516,7.087362239462304
2009-12-24,0.5249500969633093,8.300189821651488
2009-12-25,0.5327815549855073,8.424016045402203
2009-12-26,0.519142041232323,8.208356397215933
2009-12-27,0.5059299840989818,7.9994554316277675
2009-12-28,0.49311769886657064,7.796875414796972
2009-12-29,0.48070676270813023,7.600641284018912
2009-12-30,0.47439000908578277,7.500764639695227
2009-12-31,0.4740824444055126,7.495901615107851
2010-01-01,0.4636230087040498,7.330523415824334
2010-01-02,0.4534031147163037,7.16893270359064
2010-01-03,0.442250137256762,6.992588646267289
2010-01-04,0.43145474632590475,6.821898528400118
2010-01-05,0.42100753521693657,6.656713616895353
2010-01-06,0.47077181918910543,7.443556034292678
2010-01-07,0.5356682220078691,8.469658258588002
2010-01-08,0.5585313079275582,8.831155387819717
2010-01-09,0.5442978394954103,8.606104491571251
2010-01-10,0.5305862336843455,8.389304967864426
2010-01-11,0.5170110273217058,8.17466210880067
2010-01-12,0.5038531716622288,7.966618143762248
2010-01-13,0.49135147099667426,7.768948900118271
2010-01-14,0.4944900355282938,7.818573962634958
2010-01-15,0.4929899881821425,7.794856131575313
2010-01-16,0.4897018927398128,7.742866777766409
2010-01-17,0.4881792961935706,7.718792412548253
2010-01-18,0.4760973202900671,7.5277596000965445
2010-01-19,0.4642227730759683,7.340006523197748
2010-01-20,0.4527248164092791,7.158207865674471
2010-01-21,0.45406061311667895,7.179328666106156
2010-01-22,0.44786950903993267,7.081438715537796
2010-01-23,0.4405680162557568,6.965991977951395
2010-01-24,0.4370632279048126,6.91057640842235
2010-01-25,0.42724610605411023,6.755354082844215
2010-01-26,0.41693521652697113,6.592324604803534
2010-01-27,0.45559289785953533,7.203556215162914
2010-01-28,0.47770148351764696,7.553123647785741
2010-01-29,0.5057977802448039,7.997365105154493
2010-01-30,0.4929938084157475,7.794916534772241
2010-01-31,0.49722090699451593,7.8617528317870855
2010-02-01,0.4849692387635405,7.668036948054044
2010-02-02,0.47281461923479456,7.475855539036046
2010-02-03,0.4671384294340749,7.38610709802759
2010-02-04,0.46871696150626124,7.411065881566261
2010-02-05,0.46667369889338606,7.378759062993498
2010-02-06,0.4704702847153798,7.4387883556425125
2010-02-07,0.4743456753117195,7.500063661178671
2010-02-08,0.46308137594602167,7.321959449970695
2010-02-09,0.45161972688439117,7.140734866089275
2010-02-10,0.4463143621161398,7.056849683660846
2010-02-11,0.5103887088418132,8.069954059863246
2010-02-12,0.5177687810758497,8.18664324764386
2010-02-13,0.543112441150777,8.587361698053078
2010-02-14,0.5294246272297247,8.370938357157652
2010-02-15,0.5160449363626343,8.159386869512856
2010-02-16,0.5029171543827741,7.951818411100492
2010-02-17,0.4901990697345357,7.750727836284218
2010-02-18,0.49393489787051365,7.809796465567376
2010-02-19,0.4864043873945197,7.690728640327878
2010-02-20,0.47632329408064644,7.531332559445207
2010-02-21,0.46468142614350816,7.347258464943993
2010-02-22,0.45319086260282515,7.1655767030067565
2010-02-23,0.4420446711540618,6.989339941934836
2010-02-24,0.46310737993129236,7.322370609079179
2010-02-25,0.4663182000972304,7.373138133486999
2010-02-26,0.4649259829070094,7.351125246893308
2010-02-27,0.4665983031245253,7.3775669512158
2010-02-28,0.4708261718540221,7.444415425382861
2010-03-01,0.45949078729741805,7.265187258619028
2010-03-02,0.4481434835114302,7.085770632291161
2010-03-03,0.48918014267364096,7.7346171848741765
2010-03-04,0.5106308456218054,8.073782578513619
2010-03-05,0.5778704477028794,9.136934036211576
2010-03-06,0.5736061767689267,9.069509992654856
2010-03-07,0.6380730298138148,10.088820438680893
2010-03-08,0.6231636641832087,9.853082669376153
2010-03-09,0.6067529688117977,9.593606792571947
2010-03-10,0.6003634767265512,9.492580052166957
2010-03-11,0.5847364777080336,9.245495502708302
2010-03-12,0.5770623667314235,9.124157154193366
2010-03-13,0.5725400756701933,9.052653454214829
2010-03-14,0.5581074029453219,8.824452861542916
2010-03-15,0.543693731989658,8.596552713222348
2010-03-16,0.5297090993745748,8.375436256700649
2010-03-17,0.5213922940721082,8.243936018640849
2010-03-18,0.510433561705333,8.070663245904763
2010-03-19,0.49751399478683433,7.866386956677669
2010-03-20,0.4956095642260383,7.836275265588933
2010-03-21,0.4866012366334165,7.6938411000808005
2010-03-22,0.47453627697971135,7.503077338162077
2010-03-23,0.46271112131529024,7.316105210234015
2010-03-24,0.4512732933362875,7.1352572707397695
2010-03-25,0.4404433578453047,6.964020955418771
2010-03-26,0.4617648848661815,7.3011438983127475
2010-03-27,0.4540251638565726,7.178768164089637
2010-03-28,0.46615617175373997,7.37057624043233
2010-03-29,0.4549858017467783,7.19395718278818
2010-03-30,0.4437822463159256,7.016813417520963
2010-03-31,0.43320288028621845,6.849538953248527
2010-04-01,0.42654687826795146,6.744298320806521
2010-04-02,0.42446679791190217,6.7114093626000715
2010-04-03,0.4145647987626985,6.554845009097407
2010-04-04,0.40466677217028074,6.39834346723263
2010-04-05,0.39509333335695246,6.246974108780745
2010-04-06,0.38583594674416716,6.100601974394982
2010-04-07,0.39299413660454335,6.213782893808538
2010-04-08,0.3851836029055444,6.090287512656855
2010-04-09,0.39125062328599014,6.186215527721204
2010-04-10,0.40231187986470324,6.361109350582479
2010-04-11,0.417108701321674,6.595067640256873
2010-04-12,0.40763429012150415,6.445264045849142
2010-04-13,0.3979633113942764,6.292352445943762
2010-04-14,0.39597721322716506,6.260949476619975
2010-04-15,0.39850773545352497,6.300960546144862
2010-04-16,0.3898838247322404,6.164604545058839
2010-04-17,0.38488641412413716,6.085588545435371
2010-04-18,0.3879000860777789,6.133238882905759
2010-04-19,0.37889852488098635,5.99091170350948
2010-04-20,0.3701809451932822,5.853074666023658
2010-04-21,0.38562533747448297,6.0972719494522485
2010-04-22,0.37685375762223394,5.958581094396497
2010-04-23,0.36820481743950895,5.821829342776678
2010-04-24,0.3694875488707324,5.842111107521446
2010-04-25,0.36912954031986545,5.836450495308668
2010-04-26,0.36087145284335004,5.7058786675951625
2010-04-27,0.35276329763391734,5.577677477175328
2010-04-28,0.3628399133899186,5.737002761651846
2010-04-29,0.3725463959581404,5.890475726573354
2010-04-30,0.38908509283574344,6.151975484895057
2010-05-01,0.38003264693161,6.0088437476324374
2010-05-02,0.4817994495298839,7.617918179648872
2010-05-03,0.47111553319370003,7.4489906298837605
2010-05-04,0.4593987306780751,7.2637317156649335
2010-05-05,0.5486299894012233,8.674601795909515
2010-05-06,0.5380007237907685,8.506538349989828
2010-05-07,0.5398268125087009,8.535411347780846
2010-05-08,0.5309867781544408,8.395638132012857
2010-05-09,0.5295933479036475,8.373606065247424
2010-05-10,0.5171466202440944,8.176806021147401
2010-05-11,0.5039845444959169,7.968695330647873
2010-05-12,0.5870818473961279,9.282579053555784
2010-05-13,0.5718586724535747,9.04187952336743
2010-05-14,0.5670279555396451,8.965499182469843
2010-05-15,0.5573738629646353,8.81285457607409
2010-05-16,0.5446086078065707,8.611018170010604
2010-05-17,0.5308018530490524,8.392714209364986
2010-05-18,0.5172157830052877,8.177899580420586
2010-05-19,0.504093775343065,7.9704224219865605
2010-05-20,0.4952088270773064,7.82993905492376
2010-05-21,0.5249389974474421,8.30001432289616
2010-05-22,0.5186907410578375,8.201220714916905
2010-05-23,0.5439542037521192,8.600671133400027
2010-05-24,0.5311147572610815,8.397661659362347
2010-05-25,0.5175189941660503,8.182693769820553
2010-05-26,0.5654983219779322,8.9413135522676
2010-05-27,0.6098014193982839,9.64180702851081
2010-05-28,0.6223881649554774,9.840820949959493
2010-05-29,0.606172590019458,9.58443019812469
2010-05-30,0.5915866228842737,9.353805808006971
2010-05-31,0.5761891405164833,9.11035023543447
2010-06-01,0.5612065805756519,8.873455162469346
2010-06-02,0.5466830053170872,8.643817274539682
2010-06-03,0.5347296425093355,8.454818013685477
2010-06-04,0.521439001570453,8.24467452903374
2010-06-05,0.508155936949789,8.034650836491245
2010-06-06,0.4961131802648128,7.844238134332528
2010-06-07,0.48366281941520023,7.647380644453704
2010-06-08,0.4715493748237726,7.455850268357909
2010-06-09,0.4600081055135476,7.273366777809351
2010-06-10,0.4493839002517947,7.1053833430279285
2010-06-11,0.48019455882434553,7.592542629523193
2010-06-12,0.47877434034647964,7.570087003697624
2010-06-13,0.4669849451562086,7.383680298512171
2010-06-14,0.4554543430184909,7.201365470770199
2010-06-15,0.44423582209408363,7.023985080273276
2010-06-16,0.4333946419406721,6.852570971228306
2010-06-17,0.42536800605940284,6.725658714560087
2010-06-18,0.4186337497566215,6.619180773239419
2010-06-19,0.4185406491086563,6.617708722743381
2010-06-20,0.41754563921558074,6.601976234960785
2010-06-21,0.40760231200488756,6.4447584274301875
2010-06-22,0.39793238332551184,6.291863430239131
2010-06-23,0.45092162099703226,7.12969684282914
2010-06-24,0.44251699474579553,6.996808033647387
2010-06-25,0.45094323619061827,7.130038609048126
2010-06-26,0.4426593361223268,6.999058648422998
2010-06-27,0.43611168981421977,6.895531270188944
2010-06-28,0.42555480790516753,6.728612311078787
2010-06-29,0.4152987965409626,6.566450532981495
2010-06-30,0.40547910236097034,6.41118753530612
2010-07-01,0.4098553383076228,6.480381901154744
2010-07-02,0.4067626024316159,6.431481453307255
2010-07-03,0.4302938897343506,6.803543774069464
2010-07-04,0.42978975681940934,6.795572732796092
2010-07-05,0.42015845986715533,6.643288556843289
2010-07-06,0.4100779216410218,6.483901252668412
2010-07-07,0.4003267693155055,6.329721996869016
2010-07-08,0.39118840808518873,6.185231819023119
2010-07-09,0.4766096086309095,7.535859589975598
2010-07-10,0.4919861786108806,7.7789845086639895
2010-07-11,0.4927850564189291,7.79161587589197
2010-07-12,0.4809518806888728,7.604516939591951
2010-07-13,0.46892395052115227,7.414338665254711
2010-07-14,0.4573044970498431,7.230618974576276
2010-07-15,0.45251379276791676,7.1548712889402335
2010-07-16,0.44316963281483124,7.0071271475768215
2010-07-17,0.4336050817129718,6.855898316182077
2010-07-18,0.42883037759677073,6.780403615379194
2010-07-19,0.41864971941231965,6.619433275666694
2010-07-20,0.4086183453923044,6.460823325845255
2010-07-21,0.40463651808090945,6.397865108077892
2010-07-22,0.39812747723986625,6.29494813587412
2010-07-23,0.4025879590123174,6.365474545187173
2010-07-24,0.39316280242612245,6.2164497346066065
2010-07-25,0.390628454817199,6.176378180472607
2010-07-26,0.38156472197635916,6.033067981070996
2010-07-27,0.37275779958149924,5.893818311350485
2010-07-28,0.3740998310121517,5.915037691412466
2010-07-29,0.37372271433965376,5.909074953268879
2010-07-30,0.3763268336051349,5.9502496941571055
2010-07-31,0.3706327171307987,5.860217807551154
2010-08-01,0.3644656936709334,5.762708604966822
2010-08-02,0.35624111892542687,5.632666660056321
2010-08-03,0.3482911067591438,5.506965930698803
2010-08-04,0.355479078712906,5.620617746355298
2010-08-05,0.34935267471728737,5.523750793892742
2010-08-06,0.36354619660528253,5.748170079820333
2010-08-07,0.35960022295525984,5.685778758214933
2010-08-08,0.35206732337355084,5.566673157897283
2010-08-09,0.3443239107274272,5.444239053775772
2010-08-10,0.3367842409847118,5.32502640781359
2010-08-11,0.34223805748633757,5.4112588182423345
2010-08-12,0.3356500657647973,5.307093523010328
2010-08-13,0.3413663945903759,5.397476617726848
2010-08-14,0.3392926079660158,5.364687172155998
2010-08-15,0.43472454743923605,6.873598623469525
2010-08-16,0.4265228968031446,6.743919140554436
2010-08-17,0.41623546672939343,6.581260589040598
2010-08-18,0.4062941903222041,6.424075207560529
2010-08-19,0.4880124342425847,7.716154093448579
2010-08-20,0.47586854804158407,7.524142393243323
2010-08-21,0.47807608564552884,7.559046627488003
2010-08-22,0.46652536465694977,7.376413692782895
2010-08-23,0.45496292002690514,7.193595391030275
2010-08-24,0.44376009554181245,7.016463183030296
2010-08-25,0.47038869186581644,7.437498259415494
2010-08-26,0.48323790942867995,7.640662227663926
2010-08-27,0.47121309754023755,7.450533257651183
2010-08-28,0.4769676212861527,7.541520267084263
2010-08-29,0.488778842916814,7.728272078593952
2010-08-30,0.47664544986655566,7.53642628966958
2010-08-31,0.46475356786500915,7.348399125715336
2010-09-01,0.45422733722998776,7.181964805800795
2010-09-02,0.445017866610723,7.036350289794405
2010-09-03,0.4477835114085854,7.080078973595612
2010-09-04,0.4373282823497593,6.914767287172266
2010-09-05,0.4268123315281985,6.74849550538001
2010-09-06,0.4165646294125715,6.586465108038473
2010-09-07,0.40660127742288055,6.428930680951503
2010-09-08,0.3969642306450332,6.276555592273582
2010-09-09,0.3895032145563488,6.158586569776564
2010-09-10,0.38578822305482124,6.099847396611585
2010-09-11,0.3771224252699438,5.962829102898311
2010-09-12,0.3684660032066796,5.825959052360067
2010-09-13,0.36011766071517765,5.693960167558511
2010-09-14,0.35203520315300885,5.566165292617984
2010-09-15,0.3544228331395055,5.603917037453217
2010-09-16,0.3517087276684153,5.56100326196037
2010-09-17,0.42222724318954796,6.6759988932639445
2010-09-18,0.4134244896359067,6.536815138710708
2010-09-19,0.41087258066047294,6.49646591499172
2010-09-20,0.40122275892593007,6.343888836512959
2010-09-21,0.39176277219359334,6.194313312967171
2010-09-22,0.39385186125800437,6.227344711359616
2010-09-23,0.393859922284244,6.227472167375594
2010-09-24,0.38637533569961413,6.109130462614739
2010-09-25,0.38352172195108414,6.06401086757611
2010-09-26,0.37490454698008807,5.927761368053396
2010-09-27,0.366334083206645,5.7922504374131885
2010-09-28,0.358040233545471,5.66111315991156
2010-09-29,0.36744280575014315,5.809780880066335
2010-09-30,0.361205913170442,5.711166949698041
2010-10-01,0.36007037859376645,5.693212571577191
2010-10-02,0.35229948358640656,5.570343933170751
2010-10-03,0.34731130037023533,5.491473831424124
2010-10-04,0.33983817530105914,5.373313349134624
2010-10-05,0.33245427849571896,5.256563689572045
2010-10-06,0.33094326746516173,5.232672507441048
2010-10-07,0.3251358136357351,5.140848599904773
2010-10-08,0.3268903374081486,5.168590056553461
2010-10-09,0.3421293412586636,5.409539863751979
2010-10-10,0.3372265300811695,5.332019612458911
2010-10-11,0.3299331783614778,5.216701596404253
2010-10-12,0.3228959966183121,5.105433983319465
2010-10-13,0.3187678114939665,5.040161645340676
2010-10-14,0.3121964209121126,4.936258837174489
2010-10-15,0.3115179157860667,4.925530729162466
2010-10-16,0.3205691437104766,5.068643208474735
2010-10-17,0.3261170555096547,5.156363396190361
2010-10-18,0.31946238113199515,5.051143755589523
2010-10-19,0.3127961536610484,4.945741444544645
2010-10-20,0.30636899372892584,4.844119123186243
2010-10-21,0.3131811615995349,4.9518289545589615
2010-10-22,0.31295630229609306,4.948273616799185
2010-10-23,0.3144439701465602,4.971795710845601
2010-10-24,0.32161412428163116,5.085165802052095
2010-10-25,0.3151252326956791,4.982567417544541
2010-10-26,0.30861409741754015,4.879617329382575
2010-10-27,0.3120197222730472,4.933464986379996
2010-10-28,0.31415723134372125,4.967261972292995
2010-10-29,0.3171003293171738,5.013796437158675
2010-10-30,0.32673499764866537,5.166133919297712
2010-10-31,0.3349413180573248,5.29588723780015
2010-11-01,0.3281559266510106,5.188600779501721
2010-11-02,0.3211813761443546,5.078323453217149
2010-11-03,0.3147122038688445,4.976036858384018
2010-11-04,0.35877282675029903,5.672696475539655
2010-11-05,0.3536574441566522,5.591815175044137
2010-11-06,0.4070218819680242,6.435581022735869
2010-11-07,0.3973748279248555,6.283047705300122
2010-11-08,0.3881089807730582,6.136541798046805
2010-11-09,0.3790835681889344,5.993837495103919
2010-11-10,0.3946947216580867,6.240671504428721
2010-11-11,0.39058086325879515,6.175625691862842
2010-11-12,0.4713427114978039,7.452582634263473
2010-11-13,0.46188236863019844,7.303001479724664
2010-11-14,0.4504620351235651,7.122430152126168
2010-11-15,0.4394511383029203,6.948332586954448
2010-11-16,0.42874582192158034,6.779066672765718
2010-11-17,0.4185019448149997,6.617096754127467
2010-11-18,0.45114453126791104,7.13322136367825
2010-11-19,0.44807187178077157,7.084638351410822
2010-11-20,0.4395542057938604,6.949962227074896
2010-11-21,0.45694399751539355,7.2249189764548225
2010-11-22,0.4460272432906779,7.052309936422986
2010-11-23,0.43511051670500395,6.879701333402772
2010-11-24,0.4311406785141304,6.816932680275358
2010-11-25,0.42649110895872133,6.743416530603013
2010-11-26,0.4183093940710272,6.614052259546901
2010-11-27,0.40836145085989567,6.456761466640978
2010-11-28,0.4296383175456136,6.793178267634111
2010-11-29,0.420507659578215,6.648809889069396
2010-11-30,0.4104157488233715,6.489242769427123
2010-12-01,0.42490360120306186,6.718315829047683
2010-12-02,0.4351933024903697,6.88101029160098
2010-12-03,0.4255206023326525,6.728071473489698
2010-12-04,0.43298433358686816,6.846083426523232
2010-12-05,0.4796963219330224,7.584664812568678
2010-12-06,0.4698011201813148,7.428207935357259
2010-12-07,0.45812599671547055,7.243608024778524
2010-12-08,0.45508788458122984,7.1955712541225445
2010-12-09,0.45431938537049016,7.183420214692649
2010-12-10,0.4437871539114497,7.016891013419418
2010-12-11,0.5187994044981368,8.202938834765582
2010-12-12,0.5094487014731633,8.05509123835187
2010-12-13,0.4968008695280012,7.855111456303119
2010-12-14,0.4842743524340216,7.657049830473075
2010-12-15,0.5197209282384154,8.217509404451572
2010-12-16,0.5170540401704014,8.17534220165332
2010-12-17,0.5068683392785496,8.01429212973602
2010-12-18,0.5108249185607752,8.076851141110355
2010-12-19,0.5083551704458266,8.03780099465963
2010-12-20,0.4956237492032853,7.836499549772223
2010-12-21,0.48313415281402816,7.6390216915408855
2010-12-22,0.47488934934205884,7.508659902381449
2010-12-23,0.4674779672377182,7.391475662083808
2010-12-24,0.45605004793802295,7.210784392565642
2010-12-25,0.4563810605546069,7.216018161578929
2010-12-26,0.46920382825989904,7.418763920858798
2010-12-27,0.4579883461201127,7.2414315777654785
2010-12-28,0.4466889478843442,7.062772404693896
2010-12-29,0.512680963812241,8.106197793285215
2010-12-30,0.8588279018473307,13.579261439705478
2010-12-31,0.9970749624973896,15.765139397093598
2011-01-01,1.2920276938918966,20.42875156356607
2011-01-02,1.2631789693967657,19.972613178589544
2011-01-03,1.2280442645046197,19.417084716704334
2011-01-04,1.1939207706004107,18.877544904403475
2011-01-05,1.168565649601005,18.476645240867043
2011-01-06,1.1361806138494708,17.964592865462887
2011-01-07,1.1057005655901908,17.482660987007012
2011-01-08,1.1191666410099543,17.695578334357315
2011-01-09,1.0904916299155014,17.24218659941197
2011-01-10,1.0605221476320401,16.76832747785296
2011-01-11,1.0312357719286076,16.305269219681648
2011-01-12,1.0028471059440562,15.856404998457004
2011-01-13,0.9754884679581415,15.423826949879544
2011-01-14,0.948702892504852,15.000309815526084
2011-01-15,0.9293877142289952,14.694910031706527
2011-01-16,0.9108595353160904,14.401953800407119
2011-01-17,0.886049448302875,14.009671880863495
2011-01-18,0.8618401267159254,13.626888896752279
2011-01-19,0.8383397872334787,13.25531590399371
2011-01-20,0.8228877682514631,13.010998031837081
2011-01-21,0.8594923761537034,13.589767700979468
2011-01-22,0.8453456222997171,13.36608788259766
2011-01-23,0.8381710778347178,13.252648374179898
2011-01-24,0.8156437711741126,12.896460381196928
2011-01-25,0.7935002739216331,12.54634094779935
2011-01-26,0.7748308091471617,12.251150790881294
2011-01-27,0.7666035040140938,12.121065674752847
2011-01-28,0.7539531145794234,11.921045455244405
2011-01-29,0.7349544042536234,11.620649469067965
2011-01-30,0.7222771027351735,11.420203732152903
2011-01-31,0.7028979990073009,11.113793198189216
2011-02-01,0.684093459535612,10.816467322783835
2011-02-02,0.6797456933047676,10.747723102666667
2011-02-03,0.6794539468893585,10.743110186807254
2011-02-04,0.6619767181137586,10.466770936213596
2011-02-05,0.6615275488094253,10.459668945929964
2011-02-06,0.6541797527947449,10.343490089986474
2011-02-07,0.6370488346314432,10.072626490956566
2011-02-08,0.6202187898057847,9.806520117097504
2011-02-09,0.6040124723238912,9.550275738464563
2011-02-10,0.5910872234425081,9.345909609515992
2011-02-11,0.6077268963509721,9.609005939070716
2011-02-12,0.5955476339030683,9.416434891289047
2011-02-13,0.5872528897480673,9.285283470598188
2011-02-14,0.5721917488624189,9.047145923801514
2011-02-15,0.5573314681957713,8.812184255921656
2011-02-16,0.5597502762364434,8.850428969077921
2011-02-17,0.5531643916687455,8.746296990873528
2011-02-18,0.540515951393774,8.546307590285945
2011-02-19,0.5573887410993318,8.813089820038968
2011-02-20,0.5624227209381847,8.89268402996968
2011-02-21,0.548566758996957,8.673602035435241
2011-02-22,0.5344318854978519,8.450110061957611
2011-02-23,0.5207334256999254,8.233518394969124
2011-02-24,0.5080357883360791,8.03275112010607
2011-02-25,0.49865299394013163,7.884396114564782
2011-02-26,0.48607642228913905,7.685543056697578
2011-02-27,0.4740607737163879,7.495558971427353
2011-02-28,0.46228905420355676,7.309431743241382
2011-03-01,0.4508526203299559,7.128605846488978
2011-03-02,0.47077958886208177,7.443678883609078
2011-03-03,0.459221398471031,7.260927847281114
2011-03-04,0.4489828424726564,7.099042062750899
2011-03-05,0.44816850049351714,7.086166185509053
2011-03-06,0.4687548144695317,7.411664389466868
2011-03-07,0.45796963467986473,7.241135723918051
2011-03-08,0.44667083328315815,7.062485987700628
2011-03-09,0.43573306228299635,6.889544643271382
2011-03-10,0.4260156691454536,6.735899167101756
2011-03-11,0.43606064750752427,6.894724220458011
2011-03-12,0.43949019008008766,6.948950049767079
2011-03-13,0.4291732610021818,6.785825078044063
2011-03-14,0.41896288822474803,6.624384909363712
2011-03-15,0.4089213053918679,6.465613544037976
2011-03-16,0.41257370895059514,6.52336311493639
2011-03-17,0.4070678449396012,6.436307761126933
2011-03-18,0.4001016439280253,6.3261624519511885
2011-03-19,0.42090644708288494,6.655115273155255
2011-03-20,0.41280252267574435,6.526980977593286
2011-03-21,0.40298617469958253,6.371770888046008
2011-03-22,0.3934680638766923,6.2212763419348445
2011-03-23,0.3922491942778905,6.202004321420098
2011-03-24,0.39508994338027875,6.2469205085432264
2011-03-25,0.39026743701827005,6.170669987870227
2011-03-26,0.38122224099549573,6.027652881296911
2011-03-27,0.3824140914885627,6.046497692239343
2011-03-28,0.37375031831090894,5.90951141037704
2011-03-29,0.3652058090978089,5.774410857368595
2011-03-30,0.3596879678105105,5.687166126192702
2011-03-31,0.3809014812517832,6.022581224437793
2011-04-01,0.38910104888213254,6.152227772140261
2011-04-02,0.39178766045417734,6.194706830919397
2011-04-03,0.40117529512951033,6.343138367997534
2011-04-04,0.392391936267675,6.204261270447415
2011-04-05,0.3832241281700936,6.059305496748953
2011-04-06,0.4057601681227338,6.4156315752034345
2011-04-07,0.403689422766474,6.382890216303445
2011-04-08,0.4116596090111456,6.508909925847977
2011-04-09,0.4019191251078293,6.3548993526145425
2011-04-10,0.4090977148875091,6.468402823073515
2011-04-11,0.3996931926139648,6.31970426962259
2011-04-12,0.39028368046469536,6.170926819309001
2011-04-13,0.3814610293477331,6.0314284566558545
2011-04-14,0.3732233042658105,5.9011785866699915
2011-04-15,0.3648489706508831,5.768768746123582
2011-04-16,0.3664004723347033,5.793300141695872
2011-04-17,0.369929722665992,5.849102489094753
2011-04-18,0.3621467890554083,5.726043503658141
2011-04-19,0.353995197234617,5.597155520109642
2011-04-20,0.3507706470968161,5.546170905785339
2011-04-21,0.3539476583122468,5.596403863748644
2011-04-22,0.35177326496764466,5.562023686258374
2011-04-23,0.34513668218294696,5.457090098858836
2011-04-24,0.33756886741478276,5.337432440970545
2011-04-25,0.3302640645287233,5.221933366077949
2011-04-26,0.3232152367136969,5.110481612428791
2011-04-27,0.31966229819380304,5.054304721881731
2011-04-28,0.3257863375902425,5.151134286748489
2011-04-29,0.32338445163807256,5.113157135304393
2011-04-30,0.3687058615789269,5.829751546220876
2011-05-01,0.362397884475163,5.730013670840446
2011-05-02,0.3542377676134643,5.60099089455988
2011-05-03,0.34635639523519324,5.476375455543506
2011-05-04,0.3404413655621253,5.382850624571627
2011-05-05,0.3351054382186639,5.298482205399079
2011-05-06,0.3324611363080565,5.256672121105808
2011-05-07,0.3306235186002072,5.2276168339785
2011-05-08,0.3389544101030571,5.359339794422243
2011-05-09,0.3318754028665455,5.2474108622212885
2011-05-10,0.3247699258338492,5.135063405794614
2011-05-11,0.4061956328213991,6.42251687664534
2011-05-12,0.42769556088320376,6.762460587670701
2011-05-13,0.419141678147903,6.627211826262993
2011-05-14,0.42999092034014413,6.798753407334395
2011-05-15,0.4269330077697027,6.75040356429312
2011-05-16,0.41666921075856034,6.588118684308927
2011-05-17,0.40670244486563145,6.430530278672242
2011-05-18,0.4083112514934138,6.4559677449650765
2011-05-19,0.4231965052659181,6.691324272318714
2011-05-20,0.41303079197810755,6.530590232170113
2011-05-21,0.4155415438255717,6.5702887045574245
2011-05-22,0.4066798765315233,6.430173441978354
2011-05-23,0.3971403420519962,6.279340158113282
2011-05-24,0.38781519477400084,6.131896633538358
2011-05-25,0.3883579847652998,6.140478896856597
2011-05-26,0.37933235277122856,5.9977711247378345
2011-05-27,0.37497744944473127,5.9289140572299575
2011-05-28,0.3663942274283638,5.7932014010568365
2011-05-29,0.3893128673174382,6.155576915670156
2011-05-30,0.38106867824388485,6.025224841002646
2011-05-31,0.37227836336142,5.886237759109325
2011-06-01,0.363783476041947,5.751921797129239
2011-06-02,0.42778802494062246,6.763922572786419
2011-06-03,0.44315976703568377,7.006971155911831
2011-06-04,0.43487244604105774,6.8759371056920795
2011-06-05,0.42517697102655905,6.72263818547673
2011-06-06,0.4149344872543257,6.560690297388876
2011-06-07,0.4050243783051644,6.403997716690039
2011-06-08,0.39564988972417786,6.255774037614252
2011-06-09,0.4289427673799865,6.782180653882666
2011-06-10,0.41866906159593814,6.619739102442471
2011-06-11,0.41353982250153465,6.538638711432999
2011-06-12,0.4036760958488256,6.382679499233653
2011-06-13,0.39415594633392775,6.232152718571531
2011-06-14,0.38492962326655106,6.086271741964224
2011-06-15,0.37646687026089215,5.9524638680976345
2011-06-16,0.36823009108937177,5.8222289542684385
2011-06-17,0.3612280372470087,5.711516762063434
2011-06-18,0.3734824854374618,5.905276600815237
2011-06-19,0.37511075674904865,5.931021830781858
2011-06-20,0.3667462932992715,5.798768051249232
2011-06-21,0.3584384684620855,5.667409806813105
2011-06-22,0.35609877470946033,5.630416000385295
2011-06-23,0.36075746221963345,5.704076317580925
2011-06-24,0.35276171162663994,5.577652400198417
2011-06-25,0.36015749280157494,5.694589968143371
2011-06-26,0.3575951844118214,5.654076315246473
2011-06-27,0.3496005630544108,5.52767025264625
2011-06-28,0.3418785938487699,5.405575199088719
2011-06-29,0.33465778546411507,5.291404193872967
2011-06-30,0.3279841142966356,5.185884187651816
2011-07-01,0.32303361045701623,5.107609849158785
2011-07-02,0.32382224374193125,5.120079236253544
2011-07-03,0.3308372986229186,5.230996992928552
2011-07-04,0.32440711845664505,5.129326917475229
2011-07-05,0.3175651167620675,5.021145371927245
2011-07-06,0.3109666260029238,4.9168140723349065
2011-07-07,0.30840470417620564,4.8763065315362635
2011-07-08,0.302153612720899,4.777468097232336
2011-07-09,0.31191941978132276,4.931879064735799
2011-07-10,0.3060222075189047,4.83863595176222
2011-07-11,0.29983941057913377,4.740877348562246
2011-07-12,0.2938822596087147,4.646686521402213
2011-07-13,0.29346131783726154,4.6400308476017225
2011-07-14,0.30282031835489015,4.788009638893729
2011-07-15,0.30964178641432477,4.89586651916324
2011-07-16,0.33285593690922216,5.262914466712243
2011-07-17,0.3361465997324112,5.314944414376829
2011-07-18,0.32892081730693334,5.2006947626702
2011-07-19,0.32191929548692977,5.089990982477307
2011-07-20,0.32442401454287967,5.129594068055448
2011-07-21,0.31760353466553193,5.021752812316625
2011-07-22,0.31107253057184125,4.918488570596894
2011-07-23,0.30565512405727047,4.832831852611505
2011-07-24,0.2999642977032907,4.742851987376066
2011-07-25,0.2940048282334008,4.648624501520625
2011-07-26,0.2882624216577484,4.557829081371676
2011-07-27,0.2990895821186057,4.729021519613814
2011-07-28,0.329290026734619,5.20653247629567
2011-07-29,0.32329463695225275,5.111737040431778
2011-07-30,0.32192064965367656,5.090012393733565
2011-07-31,0.31882499603324277,5.041065812295979
2011-08-01,0.3124432506263149,4.940161557629928
2011-08-02,0.30602846508488435,4.838734892567743
2011-08-03,0.3038577607743132,4.804413043826991
2011-08-04,0.3116839458880891,4.928155895575171
2011-08-05,0.3330717049283521,5.26632605864561
2011-08-06,0.3278777327926052,5.184202148383563
2011-08-07,0.34529267200188113,5.459556514456981
2011-08-08,0.3384400926009252,5.3512077206861175
2011-08-09,0.33110490085849376,5.235228155785404
2011-08-10,0.32890449974759056,5.20043675940331
2011-08-11,0.34160064190870953,5.401180393035452
2011-08-12,0.4075156961552707,6.443388910598888
2011-08-13,0.3991073427794486,6.31044117040307
2011-08-14,0.39897063025383733,6.308279555575042
2011-08-15,0.3901451092903057,6.168735816663423
2011-08-16,0.3810519438280065,6.024960246655206
2011-08-17,0.3772328528039444,5.9645751155174995
2011-08-18,0.3823313102547463,6.045188806007449
2011-08-19,0.38471991222401036,6.082955919239638
2011-08-20,0.3758371111825062,5.942506502773293
2011-08-21,0.36786853066260694,5.816512181966642
2011-08-22,0.3595690732141045,5.685286237562055
2011-08-23,0.3515053290572092,5.557787247538739
2011-08-24,0.3441829857802336,5.442010834714418
2011-08-25,0.35064512314603075,5.544186197858417
2011-08-26,0.36633505461763577,5.792265796769564
2011-08-27,0.36539187677007096,5.777352845584963
2011-08-28,0.36866890743048414,5.829167249830521
2011-08-29,0.3603340434229515,5.697381478572711
2011-08-30,0.35224420726843475,5.569469937843457
2011-08-31,0.34674814657863945,5.482569588152111
2011-09-01,0.3422017478346929,5.410684712241112
2011-09-02,0.3352435919954039,5.300666608408343
2011-09-03,0.3285432355324449,5.194724670618443
2011-09-04,0.323100958331097,5.108674712547112
2011-09-05,0.31640505056139595,5.002803114773744
2011-09-06,0.30984805895920436,4.899127974466134
2011-09-07,0.3035268386050072,4.799180704910737
2011-09-08,0.30813238761218,4.872000828601703
2011-09-09,0.30190473793210176,4.773533041308372
2011-09-10,0.29587297833039644,4.678162548108478
2011-09-11,0.2920702334540811,4.61803587226002
2011-09-12,0.28667937941232724,4.532798985732686
2011-09-13,0.28120941311625414,4.446311224632956
2011-09-14,0.3363547358532739,5.318235335403221
2011-09-15,0.3296258690551379,5.21184260963325
2011-09-16,0.362327527231007,5.728901225133317
2011-09-17,0.35435506367656605,5.602845508159741
2011-09-18,0.3464857452075884,5.478420658183749
2011-09-19,0.33889534753825634,5.358405933276135
2011-09-20,0.3315442878542382,5.24217547418946
2011-09-21,0.42242713053294423,6.679159389666807
2011-09-22,0.42489959711282055,6.718252518822086
2011-09-23,0.49106588876543134,7.764433448568269
2011-09-24,0.5732053756931554,9.063172771214441
2011-09-25,0.6014386336727875,9.509579776128247
2011-09-26,0.5862352183248728,9.269192672563388
2011-09-27,0.5709459025119775,9.027447363391499
2011-09-28,0.5573362503311996,8.812259868121819
2011-09-29,0.5729640193781907,9.059356592799675
2011-09-30,0.6091250269572476,9.63111232498183
2011-10-01,0.598296266973729,9.459894596065798
2011-10-02,0.5931125666276815,9.377933097059234
2011-10-03,0.5781651285733845,9.141593349879964
2011-10-04,0.5631221703845739,8.903743296763349
2011-10-05,0.5698932849931995,9.01080401906983
2011-10-06,0.66738071174601,10.5522155779084
2011-10-07,0.6544590904576885,10.347906806242325
2011-10-08,0.6560603957616474,10.373225666191416
2011-10-09,0.6748330614466624,10.67004757277908
2011-10-10,0.6579856695902062,10.403666918280209
2011-10-11,0.6405254169030337,10.127596083212504
2011-10-12,0.6250558058951541,9.883000056703942
2011-10-13,0.6464154255811864,10.220725297518106
2011-10-14,0.6472470979213,10.233875191826712
2011-10-15,0.6592879971234124,10.424258524602608
2011-10-16,0.6602331757908511,10.439203111527153
2011-10-17,0.6432554329828865,10.170761427518599
2011-10-18,0.6262383104000925,9.901697094599019
2011-10-19,0.6144646351223256,9.715538943054224
2011-10-20,0.609257853058755,9.63321249004925
2011-10-21,0.5989280924820927,9.469884634516914
2011-10-22,0.5877949878052996,9.29385479347822
2011-10-23,0.5764241058150971,9.114065363008077
2011-10-24,0.5616808920846164,8.880954685913142
2011-10-25,0.5471427578777983,8.65108660079939
2011-10-26,0.5696264714835857,9.006585327065418
2011-10-27,0.5569675339734375,8.806429950616371
2011-10-28,0.5475469555506436,8.657477527155043
2011-10-29,0.5474679492866951,8.656228328437555
2011-10-30,0.5356756611377206,8.469775881558704
2011-10-31,0.5219383655463334,8.252570166759838
2011-11-01,0.5086272828069459,8.042103468862747
2011-11-02,0.49596495258783574,7.841894448974911
2011-11-03,0.5108470018892116,8.07720030919124
2011-11-04,0.498847115607072,7.887465447618383
2011-11-05,0.5384635813749845,8.513856770981858
2011-11-06,0.5347452257656561,8.455064406602153
2011-11-07,0.5213728816595872,8.243629081448622
2011-11-08,0.5080793707421583,8.033440218451673
2011-11-09,0.49522880648827095,7.830254957148543
2011-11-10,0.48510163682057744,7.670130345144132
2011-11-11,0.472944954146254,7.477916314930288
2011-11-12,0.46165790269048157,7.299452361591487
2011-11-13,0.4528579193608132,7.160312408125165
2011-11-14,0.44172237406172354,6.984243977459643
2011-11-15,0.43094395657874685,6.813822233367716
2011-11-16,0.42080490771347806,6.653509794757741
2011-11-17,0.41123721711445244,6.502231323554232
2011-11-18,0.40830770848351516,6.455911725059815
2011-11-19,0.39931673694352865,6.31375198283927
2011-11-20,0.4077280141165753,6.4467459523283175
2011-11-21,0.39822615373608,6.296508348271922
2011-11-22,0.3888651044053034,6.148497162399677
2011-11-23,0.39912224319894496,6.310676766721572
2011-11-24,0.3922284930412811,6.201677006129759
2011-11-25,0.3888365494746211,6.148045669302755
2011-11-26,0.3800014186543086,6.008349985214059
2011-11-27,0.41535261134517343,6.567301419747206
2011-11-28,0.4064348227711204,6.426298801818043
2011-11-29,0.39680324584546783,6.274010199097121
2011-11-30,0.38753960501880524,6.127539176907226
2011-12-01,0.46950562906382953,7.423535810559249
2011-12-02,0.5068242487992127,8.013594998046855
2011-12-03,0.49691945997922016,7.856986535976114
2011-12-04,0.5023058037357683,7.942152108632712
2011-12-05,0.49003158706536204,7.748079702768252
2011-12-06,0.4777176267282534,7.553378894357062
2011-12-07,0.4671412889395662,7.386152310779261
2011-12-08,0.45555289112586467,7.202923653162198
2011-12-09,0.45064029772008407,7.125248731259246
2011-12-10,0.4399765929436598,6.95664075431366
2011-12-11,0.4300505306023653,6.799695928337089
2011-12-12,0.4197081872930361,6.636169122332671
2011-12-13,0.40964231692013586,6.477013737280805
2011-12-14,0.40716625398014317,6.437863744679256
2011-12-15,0.3999846087708289,6.324311963635908
2011-12-16,0.40318098442175804,6.374851100208104
2011-12-17,0.39409099134101117,6.231125689956449
2011-12-18,0.3851587000889964,6.08989376455463
2011-12-19,0.37623313952880966,5.9487682607348376
2011-12-20,0.36760507084316835,5.8123465164598285
2011-12-21,0.36091623850578813,5.706586791094282
2011-12-22,0.3583433261838454,5.6659054753080245
2011-12-23,0.36302829606128706,5.739981353218003
2011-12-24,0.3680864464895301,5.819957733723022
2011-12-25,0.3643773270289294,5.761311405677255
2011-12-26,0.35639623064547676,5.635119191692041
2011-12-27,0.3484409095249498,5.509334520397501
2011-12-28,0.34075891948374576,5.387871592932823
2011-12-29,0.33508655795580994,5.2981836822318735
2011-12-30,0.38070782248740825,6.019519210516401
2011-12-31,0.37352882494271733,5.906009292726502
2012-01-01,0.36565261832091384,5.7814755314915045
2012-01-02,0.3573818837318332,5.650703735370347
2012-01-03,0.3493928455146081,5.5243859499675345
2012-01-04,0.3416780339241994,5.402404068243746
2012-01-05,0.46863091595512524,7.409705381945689
2012-01-06,0.4779074180827712,7.556379759159485
2012-01-07,0.4821901751479794,7.624096094115666
2012-01-08,0.4723333731045393,7.468246369602303
2012-01-09,0.46057789879892796,7.282376000695712
2012-01-10,0.4491959541550233,7.102411654312248
2012-01-11,0.4382698966372402,6.9296555163012465
2012-01-12,0.48767017141452956,7.710742442973255
2012-01-13,0.4875679399714854,7.709126021930728
2012-01-14,0.4889266133699932,7.730608534608559
2012-01-15,0.4766485947020608,7.5364760138848945
2012-01-16,0.4647652459661719,7.348583772707437
2012-01-17,0.4532500402281573,7.166512383419605
2012-01-18,0.44210195671094477,6.990245706118743
2012-01-19,0.4406758027484104,6.9676962320403275
2012-01-20,0.43707218012691484,6.910717955482164
2012-01-21,0.42736157539243874,6.757179813389368
2012-01-22,0.4393580482591813,6.946860704125949
2012-01-23,0.4288480910502485,6.78068368967028
2012-01-24,0.4184852721431601,6.616833136038999
2012-01-25,0.4694282511538756,7.4223123583790604
2012-01-26,0.46277985580588044,7.317191997954398
2012-01-27,0.4514581876284403,7.138180706187607
2012-01-28,0.4730195288958817,7.47909544525409
2012-01-29,0.4820019793968143,7.621120458017426
2012-01-30,0.47023110369554777,7.435006571663757
2012-01-31,0.4585423430254704,7.250191037953555
2012-02-01,0.44887239386500444,7.097295716928027
2012-02-02,0.45604688095062923,7.210734318098216
2012-02-03,0.4500166107972339,7.1153873751439045
2012-02-04,0.43898584189122114,6.940975604714084
2012-02-05,0.44315385300848836,7.0068776469314225
2012-02-06,0.43289896977582215,6.844733706159944
2012-02-07,0.42240505582661475,6.678810357913404
2012-02-08,0.41302748833225117,6.530537996942669
2012-02-09,0.4081907251538512,6.454062056209772
2012-02-10,0.40326253483875374,6.376140525517319
2012-02-11,0.39746130737599966,6.2844150654822055
2012-02-12,0.4005062414909313,6.33255970112387
2012-02-13,0.39161796669169124,6.1920237369484985
2012-02-14,0.38247585666914996,6.04747428549308
2012-02-15,0.37806624133419486,5.977752145174757
2012-02-16,0.38210544720269013,6.0416175975885755
2012-02-17,0.3744743863167611,5.920959930773785
2012-02-18,0.3698049157770538,5.847129118911131
2012-02-19,0.38741566382020154,6.125579494489632
2012-02-20,0.3793693655249861,5.998356347759579
2012-02-21,0.370635994138609,5.8602696215941075
2012-02-22,0.36219654781760563,5.726830258768612
2012-02-23,0.3562015359149027,5.632040797706807
2012-02-24,0.35300640109844983,5.581521280450332
2012-02-25,0.3478532521444261,5.500042841366185
2012-02-26,0.34399150857101873,5.438983314208761
2012-02-27,0.33656014289940145,5.321483105969273
2012-02-28,0.3292905616786001,5.206540934502675
2012-02-29,0.3250299037353811,5.139174017345373
2012-03-01,0.34317227474055784,5.426030090006157
2012-03-02,0.3357116294649272,5.3080669305783195
2012-03-03,0.33901667026249416,5.360324213978775
2012-03-04,0.33674153128293005,5.324351108134506
2012-03-05,0.3295996437451267,5.211427951073353
2012-03-06,0.3225742058837561,5.100346025063787
2012-03-07,0.31845491349684657,5.035214293609658
2012-03-08,0.31191518518255124,4.931812109850324
2012-03-09,0.30822092573416887,4.873400739227897
2012-03-10,0.31185216015676415,4.930815596694934
2012-03-11,0.3054587565335731,4.8297270094446505
2012-03-12,0.2993708542140307,4.73346882193277
2012-03-13,0.2934308780870965,4.639549552892082
2012-03-14,0.30312101980959033,4.792764146356621
2012-03-15,0.3017917203285548,4.77174607609386
2012-03-16,0.29576274855553913,4.676419662335895
2012-03-17,0.2899751524880037,4.584909733583666
2012-03-18,0.2844340838348718,4.497297745507375
2012-03-19,0.2791125129844482,4.413156322420886
2012-03-20,0.27392750689424306,4.331174177786423
2012-03-21,0.2694790580653745,4.260838026016756
2012-03-22,0.26468124289767875,4.18497790740465
2012-03-23,0.260334890329814,4.1162560392617795
2012-03-24,0.25936533955728114,4.100926095519881
2012-03-25,0.25504543929463763,4.032622475046315
2012-03-26,0.2508270707899006,3.965924212621876
2012-03-27,0.2467444990718433,3.901373085921637
2012-03-28,0.24304894696710916,3.842941276607692
2012-03-29,0.23934978872628634,3.7844524492757836
2012-03-30,0.2593625810948909,4.100882480399916
2012-03-31,0.3014992028107208,4.767120968034589
2012-04-01,0.3037857076434393,4.803273783796453
2012-04-02,0.29802119350649525,4.712128812411538
2012-04-03,0.2921307569096517,4.618992832117354
2012-04-04,0.33514677942211274,5.299135867219633
2012-04-05,0.35050588724082743,5.541984684895827
2012-04-06,0.3487072718782801,5.513546078994732
2012-04-07,0.34139634866383056,5.3979502332134315
2012-04-08,0.33395825715112654,5.280343680088872
2012-04-09,0.3267797105221683,5.166840891902713
2012-04-10,0.3198537498547127,5.057331838433215
2012-04-11,0.31549507705615604,4.988415170338918
2012-04-12,0.3356129315137243,5.306506378947353
2012-04-13,0.34119942356659183,5.394836574034809
2012-04-14,0.335668690527526,5.307388006365844
2012-04-15,0.33426086745943023,5.285128369177299
2012-04-16,0.3270954617926755,5.171833357847187
2012-04-17,0.32015834584217284,5.062147923865825
2012-04-18,0.3140151578885514,4.965015593726062
2012-04-19,0.3129191635452946,4.947686401589303
2012-04-20,0.31620627765303067,4.999660239135894
2012-04-21,0.31041662184149865,4.908117742971535
2012-04-22,0.30737485326294856,4.860023158854779
2012-04-23,0.3013290022274341,4.764429860523213
2012-04-24,0.29531733048757997,4.669376984307181
2012-04-25,0.28958899138419836,4.578803990424719
2012-04-26,0.2928141853819212,4.629798785068259
2012-04-27,0.2871918763805791,4.54090227430072
2012-04-28,0.28391283127153377,4.489056018825629
2012-04-29,0.28281566816830467,4.471708346971116
2012-04-30,0.27759449957784016,4.389154423003123
2012-05-01,0.2724671187934931,4.308083414455536
2012-05-02,0.2679718972411331,4.2370077209928585
2012-05-03,0.2633989112935617,4.164702464481514
2012-05-04,0.26541703057518323,4.196611732080648
2012-05-05,0.2726285100778288,4.310635234720539
2012-05-06,0.26770501477926967,4.232787938757651
2012-05-07,0.262988806724865,4.1582181419019015
2012-05-08,0.25842439293408964,4.086048423090234
2012-05-09,0.2559352679753509,4.046691901838298
2012-05-10,0.25203469021245595,3.9850183522315374
2012-05-11,0.3051237368426999,4.824429883023827
2012-05-12,0.33299956683629334,5.265185455260788
2012-05-13,0.3259170601808829,5.153201192388796
2012-05-14,0.31902350368114113,5.0442044937975865
2012-05-15,0.3123729304471479,4.939049697971734
2012-05-16,0.30987803764298516,4.899601979076141
2012-05-17,0.3125183201161547,4.941348510483332
2012-05-18,0.3558904386511752,5.627121918070682
2012-05-19,0.3558304171127314,5.626172894219933
2012-05-20,0.35957541025726597,5.685386435012161
2012-05-21,0.3519826447607338,5.565334271469256
2012-05-22,0.3441786998938986,5.441943068901362
2012-05-23,0.3420972396192146,5.4090322922655565
2012-05-24,0.3567883846352321,5.641319690697787
2012-05-25,0.4266079286286248,6.745263611765033
2012-05-26,0.437404080540065,6.915965761791691
2012-05-27,0.43202452702445765,6.830907552271263
2012-05-28,0.4216269340439803,6.666507172262827
2012-05-29,0.4114985879844136,6.5063639598697165
2012-05-30,0.40170088459222325,6.351448667079319
2012-05-31,0.4733163496782216,7.483788593899425
2012-06-01,0.47151239165747016,7.455265513154906
2012-06-02,0.4638383296050726,7.333927938199692
2012-06-03,0.45472173381672015,7.189781902208232
2012-06-04,0.44352755749706435,7.0127864337100645
2012-06-05,0.43269110332048916,6.841447048919955
2012-06-06,0.48422116968746914,7.656208937416428
2012-06-07,0.4962805184136398,7.846883982781176
2012-06-08,0.5000657863868515,7.906734324528367
2012-06-09,0.516259444777237,8.162778545349937
2012-06-10,0.5302773512009475,8.384421106980092
2012-06-11,0.5170289709617455,8.174945822660867
2012-06-12,0.5038705568268527,7.96689302735079
2012-06-13,0.4933715930971003,7.800889835063221
2012-06-14,0.4820797028938962,7.622349374409887
2012-06-15,0.47260166853145275,7.472488492776572
2012-06-16,0.4702066104685426,7.434619299740837
2012-06-17,0.45873853040526374,7.253293032795192
2012-06-18,0.44742839909873605,7.074464154974174
2012-06-19,0.436466723612202,6.901144847428764
2012-06-20,0.43087986668545214,6.812808883178674
2012-06-21,0.45469111225485936,7.189297732803273
2012-06-22,0.44390398514833984,7.018738277471556
2012-06-23,0.43319160852490046,6.849360731053494
2012-06-24,0.4627049392582164,7.3160074633291226
2012-06-25,0.45181102062799133,7.143759485748859
2012-06-26,0.44070896254035097,6.968220534386675
2012-06-27,0.45701689924629596,7.226071654029924
2012-06-28,0.44580480016599056,7.048792801803702
2012-06-29,0.44949090620522364,7.107075255708095
2012-06-30,0.4589072998518286,7.255961512048147
2012-07-01,0.5021678231002864,7.939970443227112
2012-07-02,0.4913169720194043,7.768403423392674
2012-07-03,0.47896260595852536,7.573063744393375
2012-07-04,0.4670694690882438,7.385016739222294
2012-07-05,0.4856348428893784,7.67856107334231
2012-07-06,0.4742260951585534,7.498172932943887
2012-07-07,0.46268026308991733,7.31561729885037
2012-07-08,0.4753011889590371,7.515171658483163
2012-07-09,0.4639373835928641,7.335494119263411
2012-07-10,0.45244850326339253,7.153838971232231
2012-07-11,0.4434606717559476,7.011728877285479
2012-07-12,0.4431805716024303,7.007300104995091
2012-07-13,0.4372616179761039,6.913713230874568
2012-07-14,0.4269765254138477,6.751091638662634
2012-07-15,0.42696723019389055,6.75094466833055
2012-07-16,0.417170073555998,6.59603802048466
2012-07-17,0.4071869608810851,6.438191149530556
2012-07-18,0.39890022469875974,6.3071663460051735
2012-07-19,0.39057349965711063,6.175509263097315
2012-07-20,0.3814660034075446,6.031507103446966
2012-07-21,0.37280160947615415,5.894511006606293
2012-07-22,0.3647351582435152,5.766969213957234
2012-07-23,0.35649556604925264,5.636689822333163
2012-07-24,0.34853684542781554,5.510851400209703
2012-07-25,0.3652854392739534,5.77566992100408
2012-07-26,0.35753103051307566,5.653061953042392
2012-07-27,0.3519266073579295,5.564448242334146
2012-07-28,0.35650527576893304,5.636843346481322
2012-07-29,0.355177474421347,5.615848963788258
2012-07-30,0.34727753381701254,5.490939935339538
2012-07-31,0.3396356989262038,5.37011191655004
2012-08-01,0.3380038644793777,5.344310348468582
2012-08-02,0.33072324125887853,5.229193587657144
2012-08-03,0.3269085873615985,5.16887861365393
2012-08-04,0.3317245642663533,5.245025894542894
2012-08-05,0.32509768503322267,5.140245733765081
2012-08-06,0.3184030612136973,5.0343944370265
2012-08-07,0.31177463348052026,4.929589792313168
2012-08-08,0.30594218936170714,4.837370753607653
2012-08-09,0.2997635484002275,4.739677862194211
2012-08-10,0.29916258052225597,4.73017572571927
2012-08-11,0.2932446749180184,4.636605422282941
2012-08-12,0.2944449953195152,4.655584154236429
2012-08-13,0.28875668426758144,4.565644059418334
2012-08-14,0.2832091296854389,4.477929519799964
2012-08-15,0.2824355610403395,4.465698325574942
2012-08-16,0.28471911355693125,4.501804461120138
2012-08-17,0.3462172579682199,5.474175502188273
2012-08-18,0.3495513353713717,5.526891894634568
2012-08-19,0.3428008956153599,5.420158070450826
2012-08-20,0.33537451587659617,5.302736696731728
2012-08-21,0.328146384104697,5.188449898596577
2012-08-22,0.3216960881543858,5.086461764670859
2012-08-23,0.33658580404452804,5.321888844299114
2012-08-24,0.33038637172920465,5.2238672127167485
2012-08-25,0.33255765145982374,5.258198159647314
2012-08-26,0.34582889687850976,5.468034974197928
2012-08-27,0.3384561504518901,5.351461617602999
2012-08-28,0.3311203988765853,5.235473200967343
2012-08-29,0.3282138428537697,5.189516515072455
2012-08-30,0.33130465321904196,5.2383865179220415
2012-08-31,0.3250763564765529,5.139908499673679
2012-09-01,0.3241164930094459,5.124731725679457
2012-09-02,0.32166960986878856,5.08604310621574
2012-09-03,0.31511659507878564,4.982430844829844
2012-09-04,0.3086057695526679,4.879485654277364
2012-09-05,0.3023294562741677,4.780248427933267
2012-09-06,0.29680802937669526,4.692947003282617
2012-09-07,0.31926393042398665,5.048005974386624
2012-09-08,0.31641556359204626,5.002969340383575
2012-09-09,0.31134260657239493,4.922758847112386
2012-09-10,0.305290286407968,4.827063262871618
2012-09-11,0.2991342074936916,4.729727108747367
2012-09-12,0.29330037424440275,4.6374861059605
2012-09-13,0.3051467730419883,4.824794117315751
2012-09-14,0.32247719459728286,5.098812141943793
2012-09-15,0.3157646987828127,4.99267826415343
2012-09-16,0.3395858434225571,5.369323631822947
2012-09-17,0.33285187823846024,5.262850293492842
2012-09-18,0.325712123201987,5.149960854238271
2012-09-19,0.34516347341641734,5.457513705454294
2012-09-20,0.3375962459500056,5.337865333622061
2012-09-21,0.3340030717435423,5.2810522610111015
2012-09-22,0.3301707224395478,5.220457498061183
2012-09-23,0.32472522799567954,5.134356670919105
2012-09-24,0.31791207623491796,5.026631282877139
2012-09-25,0.31130118582668087,4.922103927618191
2012-09-26,0.30624203747043405,4.842111768486006
2012-09-27,0.31360525468458444,4.958534455002382
2012-09-28,0.3077410492864988,4.865813226377357
2012-09-29,0.30306934107368316,4.791947033796296
2012-09-30,0.29712370282094064,4.697938238685845
2012-10-01,0.2912958420656876,4.6057916693213015
2012-10-02,0.28565380833447074,4.516583283190584
2012-10-03,0.2845708376783225,4.4994600136278065
2012-10-04,0.2813424880706624,4.448415324410223
2012-10-05,0.2774531230599846,4.386919063982687
2012-10-06,0.27257430579192177,4.309778189708493
2012-10-07,0.26816176291733684,4.240009760924318
2012-10-08,0.26344655161613845,4.1654557241205525
2012-10-09,0.2588642464038757,4.093003117096494
2012-10-10,0.2555558890738269,4.0406933947131565
2012-10-11,0.25129313317936364,3.973293306034095
2012-10-12,0.2477195373734558,3.916789795116626
2012-10-13,0.24395021698509717,3.8571916068260075
2012-10-14,0.24039942591729804,3.8010486704778743
2012-10-15,0.23674088161560858,3.7432020059080298
2012-10-16,0.23323374715615822,3.687749341146397
2012-10-17,0.23134236617455609,3.657843982021458
2012-10-18,0.22809303081983956,3.6064674790083813
2012-10-19,0.2254062000296524,3.563984954086074
2012-10-20,0.22264613728634636,3.5203445303169754
2012-10-21,0.22444070723934825,3.548719172676912
2012-10-22,0.22145453258731757,3.5015036057195235
2012-10-23,0.2185967713935942,3.456318433814486
2012-10-24,0.2273304803846748,3.5944104979790152
2012-10-25,0.2508615283588326,3.966469034624163
2012-10-26,0.24684205160107436,3.902915526841039
2012-10-27,0.2429215525480004,3.8409269939798034
2012-10-28,0.255316742599876,4.0369121569527415
2012-10-29,0.25132000588270625,3.973718200781338
2012-10-30,0.24721764968856155,3.9088542540473523
2012-10-31,0.2609108594886729,4.125362911281806
2012-11-01,0.2572686441166416,4.067774429759324
2012-11-02,0.2529292792734983,3.9991630472453634
2012-11-03,0.25015393413564724,3.955280987601947
2012-11-04,0.24796076052973615,3.920603868107729
2012-11-05,0.24406204168828755,3.858959710629777
2012-11-06,0.24025332957730539,3.798738684516919
2012-11-07,0.23748391862416915,3.754950452572277
2012-11-08,0.2813563277229523,4.448634148526527
2012-11-09,0.2763377702345148,4.369283787366743
2012-11-10,0.27135618183167587,4.290517958774486
2012-11-11,0.2687470649023796,4.2492641978830825
2012-11-12,0.26400214642835834,4.174240449434494
2012-11-13,0.2593981478720247,4.101444840523787
2012-11-14,0.2599883412677751,4.110776617476589
2012-11-15,0.257459056612828,4.07078511567386
2012-11-16,0.2583582104244664,4.085001985731856
2012-11-17,0.2605197343619081,4.1191786800283126
2012-11-18,0.2599871430307213,4.110757671685255
2012-11-19,0.25554166544852175,4.0404684994504105
2012-11-20,0.25127077459811087,3.9729397858240514
2012-11-21,0.25043088397335406,3.959659949025785
2012-11-22,0.24657425243998707,3.898681250318448
2012-11-23,0.24266250475182188,3.8368310886859476
2012-11-24,0.23891030565386603,3.777503611766099
2012-11-25,0.24359234069155913,3.8515330857852117
2012-11-26,0.23993702751909937,3.793737509854268
2012-11-27,0.2362975406567806,3.736192169858333
2012-11-28,0.23634902820231155,3.73700625943338
2012-11-29,0.2343966710149204,3.7061367818415993
2012-11-30,0.23341824369153152,3.6906664875073445
2012-12-01,0.2439702866962548,3.8575089368222066
2012-12-02,0.2485065329937434,3.929233288460055
2012-12-03,0.24468034837164807,3.8687359976893956
2012-12-04,0.24084642042674687,3.8081162742351142
2012-12-05,0.23808988744972956,3.764531660971418
2012-12-06,0.234971947863288,3.7152327074716243
2012-12-07,0.23194463029962203,3.6673666139625425
2012-12-08,0.24701991424339398,3.905727782142968
2012-12-09,0.24761484423088878,3.9151344511870634
2012-12-10,0.24401053349265442,3.858145294547946
2012-12-11,0.24020392372528374,3.7979575094062703
2012-12-12,0.23756054273827498,3.756161986193612
2012-12-13,0.23710357695308185,3.7489367227237245
2012-12-14,0.24770519521455883,3.9165630256732338
2012-12-15,0.2448045750198286,3.8707001934610905
2012-12-16,0.2434396654178671,3.8491190777489295
2012-12-17,0.23972963846359469,3.7904584009683386
2012-12-18,0.23609870634094882,3.7330483232831844
2012-12-19,0.23261816324783677,3.6780161049401765
2012-12-20,0.22957966614182324,3.6299732473460122
2012-12-21,0.24429740616754975,3.862681149803617
2012-12-22,0.24139424252553116,3.8167781021587746
2012-12-23,0.2663943339926387,4.212064255901776
2012-12-24,0.26237573967834327,4.148524700774896
2012-12-25,0.2578353147917204,4.076734279841696
2012-12-26,0.2668534928764663,4.219324195305756
2012-12-27,0.2624824086091518,4.1502112846595445
2012-12-28,0.26612973867841305,4.207880636645971
2012-12-29,0.26149971608379446,4.134673551560785
2012-12-30,0.28121455824586944,4.446392576275162
2012-12-31,0.27604703305934386,4.364686828996626
2013-01-01,0.27097855932415266,4.284547222676899
2013-01-02,0.28674965531760854,4.533910145359282
2013-01-03,0.2812770597906223,4.447380812468651
2013-01-04,0.2764492950208197,4.371047149068179
2013-01-05,0.27332399564666904,4.321631827107105
2013-01-06,0.2907764511726985,4.59757937823233
2013-01-07,0.2854474499292015,4.51332047031573
2013-01-08,0.28002362432579053,4.4275622576241505
2013-01-09,0.2748104616513205,4.34513491830265
2013-01-10,0.2756339075980324,4.358154741910866
2013-01-11,0.276697753173835,4.374975617402013
2013-01-12,0.2799760497363926,4.426810037317927
2013-01-13,0.2763844269679882,4.37002149509654
2013-01-14,0.2713046869579953,4.28970375333122
2013-01-15,0.26641779720155534,4.212435241808741
2013-01-16,0.2679236522763254,4.236244901120724
2013-01-17,0.3080216891025973,4.870250531482367
2013-01-18,0.30618430252048434,4.841198898773822
2013-01-19,0.3205602274530007,5.068502230065593
2013-01-20,0.3184847548994151,5.03568612761311
2013-01-21,0.31185359023689685,4.930838208247214
2013-01-22,0.30546003480557016,4.82974722069955
2013-01-23,0.29929778628277104,4.732313516499284
2013-01-24,0.3185492315320537,5.036705592688091
2013-01-25,0.31193830311362364,4.932177636435222
2013-01-26,0.30555157049064524,4.831194526959656
2013-01-27,0.29975836736722494,4.739595942869608
2013-01-28,0.2938079170657436,4.6455110625880245
2013-01-29,0.28807279185373336,4.554830770906983
2013-01-30,0.28295325272811755,4.473883749870518
2013-01-31,0.2806767191932833,4.4378885941713655
2013-02-01,0.28256553029867937,4.467753319985725
2013-02-02,0.28006835297884547,4.428269479725776
2013-02-03,0.27929339518930113,4.416016321198528
2013-02-04,0.27410113622099086,4.333919498492046
2013-02-05,0.26910697523417854,4.25495487989264
2013-02-06,0.27345353575212084,4.323680036014935
2013-02-07,0.27376486247491105,4.328602543717399
2013-02-08,0.27080490137901053,4.281801449474731
2013-02-09,0.26977993615282797,4.265595326288698
2013-02-10,0.2698242443880459,4.266295901000654
2013-02-11,0.2651760827000589,4.192802011666794
2013-02-12,0.2605263284854295,4.119282942275813
2013-02-13,0.2665847572385321,4.215075111784103
2013-02-14,0.261900210555666,4.141005925167886
2013-02-15,0.2697907526766013,4.265766350546143
2013-02-16,0.28160935175701174,4.452634809778486
2013-02-17,0.27757063317433794,4.388777062030004
2013-02-18,0.27246989695048845,4.308127340974551
2013-02-19,0.2675382408235449,4.230151010985219
2013-02-20,0.26279674669355063,4.155181406169718
2013-02-21,0.2879498923974903,4.552887559882361
2013-02-22,0.3160117789693458,4.996584944924149
2013-02-23,0.31986282497468793,5.05747532867902
2013-02-24,0.317508318491131,5.0202473124106515
2013-02-25,0.3109409206037144,4.916407634286579
2013-02-26,0.3045802585000134,4.8158367359145124
2013-02-27,0.30500772995335584,4.822595653050835
2013-02-28,0.3627056032916329,5.734879132535127
2013-03-01,0.35469906425852576,5.6082846349368225
2013-03-02,0.3499111859506925,5.532581631874493
2013-03-03,0.34426353234600665,5.443284387742155
2013-03-04,0.3367454926353422,5.324413742615691
2013-03-05,0.329469436579853,5.209369195023659
2013-03-06,0.32248017623539077,5.098859285781691
2013-03-07,0.3167954273037461,5.00897551303066
2013-03-08,0.3105784680460868,4.9106767561572955
2013-03-09,0.30641894471830833,4.84490891767538
2013-03-10,0.30063201672391726,4.75340955208705
2013-03-11,0.2947284731971051,4.660066333033702
2013-03-12,0.28895932711516253,4.568848124167827
2013-03-13,0.28770358951713054,4.548993169401377
2013-03-14,0.28308230975618165,4.475924320654192
2013-03-15,0.2787598811544245,4.407580723629145
2013-03-16,0.2738096210944606,4.329310239630907
2013-03-17,0.2840644445501966,4.49145323524613
2013-03-18,0.2789867554933009,4.411167921896616
2013-03-19,0.2738065173044774,4.329261164402278
2013-03-20,0.2688555402579906,4.25097934385172
2013-03-21,0.26723558462498176,4.225365596308081
2013-03-22,0.2779020540403184,4.394017286033023
2013-03-23,0.285782412817287,4.518616698605621
2013-03-24,0.2822686868799665,4.463059813427907
2013-03-25,0.27701342675627344,4.379966854990266
2013-03-26,0.2719081460173108,4.299245278841718
2013-03-27,0.26704504640642873,4.222352922548389
2013-03-28,0.2728002737986062,4.3133510576057486
2013-03-29,0.26882365728791785,4.250475229831715
2013-03-30,0.2642305071795894,4.177851149944881
2013-03-31,0.25961759938439116,4.104914673599021
2013-04-01,0.2551854802906905,4.034836717612944
2013-04-02,0.2509287472201761,3.967531858142006
2013-04-03,0.28726191644445864,4.542009704947335
2013-04-04,0.2834745237811194,4.48212576889952
2013-04-05,0.27812404136844804,4.3975272138759465
2013-04-06,0.2992797056774997,4.732027637028624
2013-04-07,0.2968603773746735,4.693774697805424
2013-04-08,0.2910518731127319,4.601934181472769
2013-04-09,0.28541890026381345,4.51286906047042
2013-04-10,0.2952606419770704,4.668480660255319
2013-04-11,0.290810911165514,4.59812423855958
2013-04-12,0.3141804709596662,4.967629422884664
2013-04-13,0.30858092583334895,4.8790928405843745
2013-04-14,0.3069424654948892,4.853186507957458
2013-04-15,0.30080930449748466,4.756212717915917
2013-04-16,0.2948166405460312,4.661460381223028
2013-04-17,0.298127201366574,4.713804943850184
2013-04-18,0.3012196034610027,4.762700114147533
2013-04-19,0.3072225117160816,4.857614427502916
2013-04-20,0.3043023508132629,4.8114426295675115
2013-04-21,0.3071372939360463,4.856267016092641
2013-04-22,0.3017845202209006,4.771632232395932
2013-04-23,0.295756200085812,4.676316121938263
2013-04-24,0.303608013237105,4.800464188539014
2013-04-25,0.29818657650485797,4.714743747217009
2013-04-26,0.2926042212416402,4.626478960517024
2013-04-27,0.2962042411483324,4.683400273152494
2013-04-28,0.2945399420705922,4.657085394185612
2013-04-29,0.2888191891977987,4.566632349140717
2013-04-30,0.2832693041650421,4.478880961862771
2013-05-01,0.28560610187299906,4.515828977803796
2013-05-02,0.2809968094306441,4.442949665205586
2013-05-03,0.2768974594637943,4.378133251098681
2013-05-04,0.3179986257739601,5.027999751246193
2013-05-05,0.31138398922587845,4.923413164315534
2013-05-06,0.3050105902906799,4.822640878954937
2013-05-07,0.298864680379921,4.725465510893935
2013-05-08,0.2971368966613212,4.698146851619281
2013-05-09,0.2958710040116398,4.678131331387987
2013-05-10,0.2964211911115996,4.686830553263565
2013-05-11,0.2906831642980978,4.596104383234646
2013-05-12,0.2875638906515194,4.546784336392012
2013-05-13,0.28207382831711997,4.459978829026996
2013-05-14,0.27677685582454525,4.376226340128019
2013-05-15,0.2716879925481992,4.295764346855817
2013-05-16,0.2699736377900752,4.268658018089723
2013-05-17,0.2712455374487119,4.2887685174721355
2013-05-18,0.27855068818313755,4.40427309233032
2013-05-19,0.28097305306942605,4.442574044153752
2013-05-20,0.2757499135353074,4.359988956830324
2013-05-21,0.27069276931601777,4.280028485885778
2013-05-22,0.26585900754316766,4.203600001541479
2013-05-23,0.26411833890397585,4.176077613784119
2013-05-24,0.2607714495007952,4.123158645830457
2013-05-25,0.29989977637409976,4.741831815586542
2013-05-26,0.31185931584650445,4.930928738083979
2013-05-27,0.30603385368787,4.838820093861949
2013-05-28,0.2998507604604036,4.741056805942171
2013-05-29,0.2938931936122449,4.646859403177712
2013-05-30,0.3961631586575147,6.2638895320220005
2013-05-31,0.3973865227667004,6.283232616985648
2013-06-01,0.38843881266285807,6.141756898130431
2013-06-02,0.40970479730805265,6.478001638955344
2013-06-03,0.4010908222948882,6.341802735208451
2013-06-04,0.39163518722714263,6.192296017521269
2013-06-05,0.3824938783953091,6.047759234003233
2013-06-06,0.40822662098653517,6.454629619158721
2013-06-07,0.4017188451995993,6.351732649216661
2013-06-08,0.4113617545894904,6.504200433930064
2013-06-09,0.4104925435241171,6.490457000260059
2013-06-10,0.40111928757691867,6.342252810835728
2013-06-11,0.39166271360485577,6.1927312477678065
2013-06-12,0.38260940972030955,6.049585944643726
2013-06-13,0.3781696810628264,5.979387670889884
2013-06-14,0.4078405712422438,6.44852563674829
2013-06-15,0.4006501746308768,6.3348354838889085
2013-06-16,0.4274037603798198,6.7578468166053165
2013-06-17,0.4178115160121288,6.60618011623119
2013-06-18,0.40780747599350564,6.448002354919578
2013-06-19,0.3989124495930799,6.307359638556207
2013-06-20,0.4567462463036521,7.221792255259016
2013-06-21,0.44895585971256197,7.098615427853618
2013-06-22,0.5634180030631928,8.90842082211707
2013-06-23,0.5490560006916749,8.681337625843389
2013-06-24,0.5349434942388652,8.458199306419878
2013-06-25,0.5212292050103406,8.241357354157623
2013-06-26,0.50796092464593,8.03156742123149
2013-06-27,0.5152051580429793,8.146108808414162
2013-06-28,0.5024303499111069,7.944121356572376
2013-06-29,0.4907333280133321,7.759175201383208
2013-06-30,0.4845605222097354,7.66157457191685
2013-07-01,0.4725507937596681,7.471684092005168
2013-07-02,0.4607885086065153,7.285706034143442
2013-07-03,0.4496225749500842,7.10915712136017
2013-07-04,0.4543008213777467,7.183126692194968
2013-07-05,0.443741442469512,7.01616825206115
2013-07-06,0.43297272709856155,6.845899911829807
2013-07-07,0.46145222119839424,7.296200251653797
2013-07-08,0.45056053410502794,7.123987557769315
2013-07-09,0.43949849883485864,6.94908142271506
2013-07-10,0.42880021947951436,6.779926773676831
2013-07-11,0.4237650708207788,6.7003140830811
2013-07-12,0.41400845960181404,6.546048514597698
2013-07-13,0.41860846730791196,6.618781022625677
2013-07-14,0.4109841427275018,6.4982298661531575
2013-07-15,0.40135479742516383,6.345976548495004
2013-07-16,0.3918904560728363,6.196332172361639
2013-07-17,0.4101638890278316,6.48526051640247
2013-07-18,0.4393895009607575,6.94735801500368
2013-07-19,0.42896265536860223,6.782495110593191
2013-07-20,0.44032494472833444,6.962148679646442
2013-07-21,0.4308859435181233,6.812904966339677
2013-07-22,0.42045724003320023,6.648012686065215
2013-07-23,0.4103669711599357,6.488471526850131
2013-07-24,0.4016807446518596,6.351130226661874
2013-07-25,0.39645090232593083,6.268439158894436
2013-07-26,0.38865025938737385,6.145100164396691
2013-07-27,0.382440391508017,6.046913532059254
2013-07-28,0.3736101575937614,5.907295274853697
2013-07-29,0.3650806424678809,5.772431799180495
2013-07-30,0.3568293200749615,5.641966936830614
2013-07-31,0.34902148628819624,5.518514245039636
2013-08-01,0.34155628630318957,5.400479069333257
2013-08-02,0.3410248761545426,5.392076737125991
2013-08-03,0.3338746200516671,5.279021261432963
2013-08-04,0.32779834246419853,5.182946877073794
2013-08-05,0.3209935488835219,5.075353643462639
2013-08-06,0.31427277502807616,4.96908887835204
2013-08-07,0.32333499291932144,5.1123751242973565
2013-08-08,0.31810157419779245,5.029627508750366
2013-08-09,0.3115465182949348,4.9259829745365575
2013-08-10,0.3092761064496889,4.890084611248544
2013-08-11,0.3080357812262762,4.870473347521837
2013-08-12,0.30185986943288046,4.772823608044709
2013-08-13,0.29582879649464755,4.677463971947608
2013-08-14,0.29297076533288824,4.632274531473126
2013-08-15,0.3485169747029509,5.510537216463049
2013-08-16,0.3433560956860237,5.428936554352746
2013-08-17,0.37448033948683435,5.921054058657434
2013-08-18,0.369682281426015,5.845190099567835
2013-08-19,0.36143242815458776,5.714748466068328
2013-08-20,0.35330516037715953,5.58624507941449
2013-08-21,0.346158199826557,5.473241710978114
2013-08-22,0.39270254030935836,6.209172351558282
2013-08-23,0.3844382099881997,6.078501815804021
2013-08-24,0.38236649403543754,6.04574511042585
2013-08-25,0.3849348247154466,6.0863539840924386
2013-08-26,0.37659397777522885,5.954473614362766
2013-08-27,0.36795377955542713,5.817860085313239
2013-08-28,0.37709489669697915,5.9623938379418
2013-08-29,0.3855723894612467,6.096434767855212
2013-08-30,0.376631635340852,5.955069032755298
2013-08-31,0.36902092578715384,5.8347331487568495
2013-09-01,0.3750495460114083,5.930054004040845
2013-09-02,0.36675542247329335,5.798912396164558
2013-09-03,0.35844728818768795,5.667549258919313
2013-09-04,0.3504218404928466,5.540655789128079
2013-09-05,0.37134377872531776,5.871460678527911
2013-09-06,0.37317686410056966,5.900444303184614
2013-09-07,0.404873769672896,6.401616385123784
2013-09-08,0.40244130800840794,6.363155789219651
2013-09-09,0.3930264813337026,6.214294308880762
2013-09-10,0.3838376155521591,6.069005583964458
2013-09-11,0.3753067546930745,5.934120830381017
2013-09-12,0.3775380797162904,5.969401176748469
2013-09-13,0.3827697901000041,6.0521217811029135
2013-09-14,0.3767812503499564,5.957434653759883
2013-09-15,0.3685070405303756,5.826607909419851
2013-09-16,0.3601390050694267,5.694297651431573
2013-09-17,0.3520558196039545,5.566491267329271
2013-09-18,0.346252457520125,5.474732055971461
2013-09-19,0.3404657491355466,5.383236162719154
2013-09-20,0.33306565182859443,5.266230350734919
2013-09-21,0.4274985146795413,6.759345013631387
2013-09-22,0.42300422339264515,6.688284028957182
2013-09-23,0.41284004313028105,6.52757422806919
2013-09-24,0.4029984240870452,6.371964567867628
2013-09-25,0.3935562848679755,6.222671238284309
2013-09-26,0.3887270416989939,6.1463141993403525
2013-09-27,0.3875356789176879,6.127477099797952
2013-09-28,0.38317634288010954,6.058549944973947
2013-09-29,0.39904817108263435,6.3095055837283205
2013-09-30,0.3907031277801356,6.177558863685173
2013-10-01,0.3815914123863278,6.033489993506919
2013-10-02,0.38873819834267265,6.146490601365691
2013-10-03,0.40362088932470636,6.381806607444064
2013-10-04,0.4096391814304562,6.476964160835966
2013-10-05,0.403113442497851,6.373783168622624
2013-10-06,0.3942925382898896,6.2343124270260155
2013-10-07,0.38511875471667484,6.089262172762032
2013-10-08,0.3761930359413214,5.948134167340805
2013-10-09,0.37771815896217575,5.972248479630085
2013-10-10,0.37041123172358376,5.856715815774709
2013-10-11,0.36885771769566894,5.832152602248542
2013-10-12,0.3618509673237815,5.721366151391562
2013-10-13,0.3538651017472544,5.595098529842765
2013-10-14,0.3460293563003642,5.471204515955431
2013-10-15,0.33843065721200755,5.35105853408817
2013-10-16,0.33122959840884797,5.237199797174219
2013-10-17,0.3310356757780092,5.234133611157706
2013-10-18,0.33245092329421033,5.256510639178164
2013-10-19,0.32653341515043566,5.162946620143549
2013-10-20,0.3204845871402314,5.0673062517092005
2013-10-21,0.31378127353191354,4.961317557345769
2013-10-22,0.30731837651745547,4.85913018310182
2013-10-23,0.30843900124884643,4.876848815869369
2013-10-24,0.31577329445642005,4.9928141736865435
2013-10-25,0.3141114651224216,4.966538344796964
2013-10-26,0.3078564852094891,4.867638428579622
2013-10-27,0.30175055268003625,4.771095158417702
2013-10-28,0.29572283205783173,4.675788527091034
2013-10-29,0.2899169926467796,4.583990145750557
2013-10-30,0.2849679628792898,4.505739114384351
2013-10-31,0.2802311138016029,4.430842954294558
2013-11-01,0.27501377604638305,4.348349601150134
2013-11-02,0.276504374994905,4.371918039926041
2013-11-03,0.3133692980032028,4.954803652290878
2013-11-04,0.3077170778922417,4.865434205354645
2013-11-05,0.3014729373801792,4.766705675113407
2013-11-06,0.29573630783098426,4.676001597773002
2013-11-07,0.33795890934812606,5.343599545432247
2013-11-08,0.33064092048667404,5.2278919819625935
2013-11-09,0.32832657771231794,5.191299009696001
2013-11-10,0.34181631020687464,5.404590408241922
2013-11-11,0.334656340242985,5.2913813429204986
2013-11-12,0.3274533428127121,5.177491953620487
2013-11-13,0.32080792414219345,5.072418658599252
2013-11-14,0.3190911880979004,5.045274678392883
2013-11-15,0.3174129614979115,5.018739585963657
2013-11-16,0.3126212907737861,4.9429766195347336
2013-11-17,0.3226664924901453,5.101805204432373
2013-11-18,0.31640047169249286,5.002730716499539
2013-11-19,0.30984364401525727,4.89905816807306
2013-11-20,0.3159631093646407,4.995815410905709
2013-11-21,0.3128303327280359,4.946281863044544
2013-11-22,0.30926920962528603,4.889975562879868
2013-11-23,0.33043196775244255,5.224588149145137
2013-11-24,0.3260756378992791,5.15570852627022
2013-11-25,0.3192453133416386,5.047711612468589
2013-11-26,0.31258682732067883,4.942431704495467
2013-11-27,0.30943402801915043,4.892581570504379
2013-11-28,0.3031282754299475,4.7928788677874525
2013-11-29,0.29735717731312394,4.701629794540097
2013-11-30,0.29149836361228953,4.6089938161339115
2013-12-01,0.28655867511092475,4.530890483153629
2013-12-02,0.2811582179138885,4.445501757409213
2013-12-03,0.2758958018763685,4.362295654039406
2013-12-04,0.2710561365527605,4.285773826361721
2013-12-05,0.2750815155740084,4.3494206571247345
2013-12-06,0.2799177258523279,4.4258878557397665
2013-12-07,0.3014972826252695,4.767090607236809
2013-12-08,0.2956174094563321,4.6741216494030375
2013-12-09,0.2899226605170304,4.5840797626479315
2013-12-10,0.28433167272376464,4.495678483663339
2013-12-11,0.2809291884032226,4.441880482883723
2013-12-12,0.2756927915064294,4.359085778251202
2013-12-13,0.27158289533814534,4.29410261405832
2013-12-14,0.2667057174455736,4.216987660586587
2013-12-15,0.27052528243552465,4.277380285783004
2013-12-16,0.2658537439946362,4.203516777531807
2013-12-17,0.2611776266773737,4.129580870888279
2013-12-18,0.26018326870339287,4.11385869085163
2013-12-19,0.2557397469994643,4.043600443767596
2013-12-20,0.31329581305590304,4.953641753254855
2013-12-21,0.3115933108605114,4.926722829960482
2013-12-22,0.3142733395597293,4.969097804381216
2013-12-23,0.30813574506641145,4.872053914614259
2013-12-24,0.30187644280911974,4.773085656131884
2013-12-25,0.3127512126222889,4.945030864330175
2013-12-26,0.3064116470243888,4.844793531003117
2013-12-27,0.30026742422086006,4.747644838449637
2013-12-28,0.2945660137442768,4.657497623541892
2013-12-29,0.28919763937423726,4.572616171832909
2013-12-30,0.28363888928268977,4.484724615668111
2013-12-31,0.27828297662763574,4.400040200973659
2014-01-01,0.273491783689861,4.3242847890102505
2014-01-02,0.26881860406136365,4.250395331304495
2014-01-03,0.2640275640769895,4.174642337746696
2014-01-04,0.2905002253817199,4.59321186499246
2014-01-05,0.28648452973150035,4.529718141768837
2014-01-06,0.2810538622973304,4.4438517502344395
2014-01-07,0.2757953883178677,4.360707976275282
2014-01-08,0.2708451613509006,4.282438015523265
2014-01-09,0.2718595918705872,4.2984775703742555
2014-01-10,0.27130015152039394,4.289632041766191
2014-01-11,0.26681908123894743,4.218780099542877
2014-01-12,0.27302025608349606,4.316829282931448
2014-01-13,0.2685495550835314,4.246141293444045
2014-01-14,0.2637689160368893,4.17055275315142
2014-01-15,0.26647961502772116,4.213412667462163
2014-01-16,0.29451260339806046,4.656653131818582
2014-01-17,0.30360172065688906,4.800364694109805
2014-01-18,0.30074544817582965,4.755203060818766
2014-01-19,0.3192030695844712,5.04704368002073
2014-01-20,0.31312136947464736,4.9508835580550326
2014-01-21,0.3066821898942489,4.8490711893705
2014-01-22,0.3004755655296878,4.750935841504958
2014-01-23,0.4016786484996951,6.351097083586064
2014-01-24,0.39295574311545595,6.213175839444354
2014-01-25,0.39228077548955703,6.202503664220768
2014-01-26,0.38744575382643764,6.1260552592622055
2014-01-27,0.37864314756222295,5.986873833559284
2014-01-28,0.36993413561876337,5.849172264004575
2014-01-29,0.3616862584963084,5.718761876163809
2014-01-30,0.3627458861164863,5.735516059920738
2014-01-31,0.3686412906400662,5.8287305900336
2014-02-01,0.3685536172039783,5.827344351291945
2014-02-02,0.38312523843369806,6.057741912727836
2014-02-03,0.3749211141837226,5.92802331854312
2014-02-04,0.3663371799813269,5.7922994017201646
2014-02-05,0.38746699967720144,6.126391185658414
2014-02-06,0.3803143314175323,6.013297570417678
2014-02-07,0.3769494293582866,5.960093797364642
2014-02-08,0.3737612702635653,5.9096845759531424
2014-02-09,0.3654950007932447,5.778983379558509
2014-02-10,0.35729185859662776,5.649280313000777
2014-02-11,0.3493058986248148,5.523011198931463
2014-02-12,0.3429229826605211,5.422088436128372
2014-02-13,0.34083529129919976,5.389079137362207
2014-02-14,0.346528643166728,5.479098934473019
2014-02-15,0.3409795803866607,5.391360548151626
2014-02-16,0.3488906249453922,5.516445145534992
2014-02-17,0.3417129476039299,5.402956101990977
2014-02-18,0.33426385564856487,5.285175616596023
2014-02-19,0.32707460284769113,5.171503548968493
2014-02-20,0.32547442212222566,5.146202470166636
2014-02-21,0.3331857266244583,5.268128899957466
2014-02-22,0.345971946762262,5.470296791456325
2014-02-23,0.35626278660854815,5.633009256207731
2014-02-24,0.34865648666320187,5.512743094239188
2014-02-25,0.3409670610045135,5.39116259933921
2014-02-26,0.3335432592158307,5.273781986589862
2014-02-27,0.3307030361860952,5.22887411740572
2014-02-28,0.3294270670151749,5.208699273384395
2014-03-01,0.32289703182068397,5.105450351306136
2014-03-02,0.3299767861389694,5.217391095907109
2014-03-03,0.3232799574638484,5.111504937340559
2014-03-04,0.31647792827530596,5.003955412606853
2014-03-05,0.30996809625350713,4.901025930736937
2014-03-06,0.303703430546951,4.80197286867561
2014-03-07,0.2979414455599905,4.710867886663157
2014-03-08,0.3429663632755479,5.42277434387729
2014-03-09,0.3506276846678973,5.543910471309273
2014-03-10,0.34302226325252755,5.423658200119323
2014-03-11,0.33552771790831026,5.305159033543637
2014-03-12,0.3364528990644461,5.319787432051922
2014-03-13,0.32982601639792797,5.215007216987486
2014-03-14,0.3275405933526133,5.178871505786323
2014-03-15,0.33420159427429574,5.2841911778313095
2014-03-16,0.3289739589811247,5.201535006315797
2014-03-17,0.32197025702042725,5.090796755071842
2014-03-18,0.3152147440351535,4.983982716090298
2014-03-19,0.3124418538131134,4.940139472074015
2014-03-20,0.30973060219472687,4.89727081995442
2014-03-21,0.37498737668933746,5.929071020749183
2014-03-22,0.40390113692794477,6.3862377111192465
2014-03-23,0.39606130407417384,6.262279069654577
2014-03-24,0.38688001005762096,6.117110064854663
2014-03-25,0.3778955431944891,5.975053170605638
2014-03-26,0.36921695270567223,5.837832606482961
2014-03-27,0.389220539876329,6.154117090647955
2014-03-28,0.3860885896473813,6.104596609439152
2014-03-29,0.3831897037753632,6.05876119927685
2014-03-30,0.37470841507659464,5.924660250369078
2014-03-31,0.36613314274049524,5.7890732896775425
2014-04-01,0.35784610744447787,5.6580437567494295
2014-04-02,0.3562384774214076,5.632624894210574
2014-04-03,0.34894325335321186,5.517277273726684
2014-04-04,0.3420051356295269,5.407576000320548
2014-04-05,0.33589954038684944,5.311038063130801
2014-04-06,0.3842741652051785,6.075908040040945
2014-04-07,0.3763630123353618,5.950821730108954
2014-04-08,0.3677305775701544,5.814330952054573
2014-04-09,0.4223627692789028,6.678141748887629
2014-04-10,0.4290023069558048,6.783122057235197
2014-04-11,0.4437793547192042,7.016767697362392
2014-04-12,0.4771788968382763,7.544860826877364
2014-04-13,0.46984901569298654,7.428965229890168
2014-04-14,0.45830783778688583,7.246483184567712
2014-04-15,0.4469982495665528,7.0676628936934
2014-04-16,0.4363509580338552,6.8993144329176515
2014-04-17,0.43498030084075295,6.877642439810169
2014-04-18,0.4245800962641516,6.713200766841333
2014-04-19,0.4155342184856951,6.5701728807642
2014-04-20,0.4056045149029212,6.413170481704701
2014-04-21,0.3960002319124631,6.261313433991397
2014-04-22,0.3867128124161863,6.114466438022955
2014-04-23,0.39176341953763516,6.19432354837518
2014-04-24,0.3997726607438103,6.320960771081118
2014-04-25,0.3962398495372025,6.2651021212998765
2014-04-26,0.3875016056447602,6.126938354049011
2014-04-27,0.3822374925835433,6.043705418378577
2014-04-28,0.3735687962422449,5.9066412944642215
2014-04-29,0.3650304030502287,5.771637444239988
2014-04-30,0.36399477405043446,5.755262711988629
2014-05-01,0.3558871882555643,5.627070524803547
2014-05-02,0.3480364229103031,5.5029390254708295
2014-05-03,0.3404937280193858,5.38367854771576
2014-05-04,0.34136595387054425,5.397469649334457
2014-05-05,0.3342188438932599,5.284463918254794
2014-05-06,0.32703116777562447,5.170816780178172
2014-05-07,0.3243116308049765,5.127817125136762
2014-05-08,0.32515201555828666,5.1411047747934555
2014-05-09,0.3209167748061613,5.074139738714052
2014-05-10,0.3378009216930197,5.34110154127062
2014-05-11,0.3319173668151811,5.248074370507802
2014-05-12,0.32481506938367033,5.135777187990114
2014-05-13,0.3179586142024608,5.027367112752691
2014-05-14,0.3184915199252761,5.035793092063864
2014-05-15,0.36049894021396256,5.69998872576495
2014-05-16,0.3546658710947524,5.607759804935468
2014-05-17,0.3471183368062261,5.488422809585661
2014-05-18,0.33955424665279443,5.368824043027177
2014-05-19,0.3322186370927337,5.252837871849689
2014-05-20,0.32510110682135834,5.140299836985977
2014-05-21,0.3222316885575888,5.09493035061999
2014-05-22,0.31610738395643306,4.9980965924984835
2014-05-23,0.3175416826202195,5.020774845610989
2014-05-24,0.3157956095600761,4.9931670064554226
2014-05-25,0.311117234540589,4.919195402405353
2014-05-26,0.30475172260472455,4.818547821453756
2014-05-27,0.2986152280756034,4.72152132364783
2014-05-28,0.2927029748530318,4.6280403922128475
2014-05-29,0.3193381358666355,5.049179265454381
2014-05-30,0.3309894825819118,5.233403232597353
2014-05-31,0.32668448618533147,5.165335262937296
2014-06-01,0.32353185494246123,5.115487786186909
2014-06-02,0.31689949854189225,5.010621023787939
2014-06-03,0.3103248113248685,4.906666091242995
2014-06-04,0.3040557025833049,4.80754277862993
2014-06-05,0.29874202721367754,4.723526194056133
2014-06-06,0.2944570871993309,4.655775343643483
2014-06-07,0.2929701682014078,4.632265089995422
2014-06-08,0.2883052643289822,4.558506483482399
2014-06-09,0.283028432014635,4.475072438761826
2014-06-10,0.27769549015483574,4.390751224230726
2014-06-11,0.2764216308525671,4.370609740161917
2014-06-12,0.27265912206905507,4.31111925280048
2014-06-13,0.2694670559723308,4.260648256263219
2014-06-14,0.29411928895489486,4.650434284433362
2014-06-15,0.290064301451412,4.5863193024607325
2014-06-16,0.28446744286316933,4.497825198057126
2014-06-17,0.279080391281257,4.412648433698846
2014-06-18,0.2912197933204203,4.604589233080088
2014-06-19,0.3323358746451072,5.254691560313708
2014-06-20,0.3255642268017835,5.147622406826357
2014-06-21,0.36304303053100534,5.7402143256401255
2014-06-22,0.359683413691693,5.687094119251711
2014-06-23,0.3516576945996365,5.560196358293725
2014-06-24,0.34386492086183074,5.436981786784675
2014-06-25,0.33637483583934324,5.318553144087805
2014-06-26,0.3295200114198701,5.2101688534574215
2014-06-27,0.3287413070161754,5.197856455759029
2014-06-28,0.3319939498664294,5.249285254868353
2014-06-29,0.32958360165213624,5.211174303311923
2014-06-30,0.3227072902282117,5.102450273310737
2014-07-01,0.31592559092959427,4.99522219236075
2014-07-02,0.309609675508032,4.895358801155153
2014-07-03,0.3529284019800493,5.580288006102178
2014-07-04,0.35121658501563907,5.553221803377919
2014-07-05,0.3486844392254471,5.513185063054852
2014-07-06,0.3413574680830491,5.397335477253334
2014-07-07,0.33392072776096077,5.279750288328267
2014-07-08,0.3267434961736044,5.1662682927755075
2014-07-09,0.3219996848591145,5.091262050056181
2014-07-10,0.3174529722695359,5.019372211810027
2014-07-11,0.3200314590407845,5.060141667378822
2014-07-12,0.31991168447337986,5.058247865185023
2014-07-13,0.31757867312029625,5.021359716771145
2014-07-14,0.31121179735217513,4.920690571738161
2014-07-15,0.3048413683611291,4.819965245317791
2014-07-16,0.30886802303931143,4.883632245987934
2014-07-17,0.32215468585545265,5.0937128309963
2014-07-18,0.31650692205768455,5.004413844558352
2014-07-19,0.3200132334102479,5.05985349485738
2014-07-20,0.3219278498302586,5.0901262385213375
2014-07-21,0.31517635568723495,4.983375743015131
2014-07-22,0.30866338716924047,4.880396668785961
2014-07-23,0.3423277732516405,5.4126773490442455
2014-07-24,0.3537881605540887,5.5938819827612924
2014-07-25,0.3479784988353263,5.502023165429403
2014-07-26,0.3417897103372305,5.4041698273742265
2014-07-27,0.33435376445384524,5.286597199627976
2014-07-28,0.3271860978054749,5.173266439039598
2014-07-29,0.3202457805284941,5.0635303876422135
2014-07-30,0.315124003207508,4.982547977629656
2014-07-31,0.30865808161816594,4.880312780657772
2014-08-01,0.3831702879273809,6.0584542077652115
2014-08-02,0.38024107684794844,6.012139313973177
2014-08-03,0.3794805029907412,6.000113585385404
2014-08-04,0.37088819429987674,5.864257256273447
2014-08-05,0.36244022940546916,5.730683202976088
2014-08-06,0.3734861565692755,5.905334646505847
2014-08-07,0.3815897601140134,6.033463868787777
2014-08-08,0.3774696990216411,5.968319983033088
2014-08-09,0.3687995216393186,5.83123244180401
2014-08-10,0.36608538824060555,5.788318224736674
2014-08-11,0.3578368862579685,5.657897956988935
2014-08-12,0.34983229411186545,5.531334242377031
2014-08-13,0.35057343464030627,5.5430527030576995
2014-08-14,0.34412969470390903,5.441168228813681
2014-08-15,0.35892293665197145,5.675069921482798
2014-08-16,0.3564607081047227,5.63613866983683
2014-08-17,0.3560891205379658,5.630263354531072
2014-08-18,0.3483768424019697,5.508321530238745
2014-08-19,0.34069706245924786,5.386893547499352
2014-08-20,0.3346774790756752,5.291715577212389
2014-08-21,0.3496542081855227,5.52851845664471
2014-08-22,0.40857095463258136,6.460074012141402
2014-08-23,0.4031014101388654,6.373592920322528
2014-08-24,0.3972751266043615,6.281471289007684
2014-08-25,0.3880241827999263,6.135201024366492
2014-08-26,0.3790015941900073,5.9925413723763095
2014-08-27,0.38083508456068793,6.021531400572996
2014-08-28,0.3763577308700539,5.950738222810173
2014-08-29,0.3682510889417153,5.822560959465326
2014-08-30,0.3715780515493341,5.8751648571167685
2014-08-31,0.4205805688581512,6.6499626860052015
2014-09-01,0.41166658548341817,6.509020233560048
2014-09-02,0.4018633801881531,6.354017948043743
2014-09-03,0.3923822695877841,6.20410842681808
2014-09-04,0.41070602821520236,6.493832489607092
2014-09-05,0.41590838750101927,6.576089012355634
2014-09-06,0.4149309068424788,6.560633686106888
2014-09-07,0.4086962463253783,6.462055047747085
2014-09-08,0.3990409371441,6.309391205117209
2014-09-09,0.38965296562263607,6.160954342034097
2014-09-10,0.38556534311740226,6.096323355376586
2014-09-11,0.4309576606241254,6.814038913350489
2014-09-12,0.4429382354151775,7.0034684334390915
2014-09-13,0.43311099899883654,6.84808618253615
2014-09-14,0.4493892040665159,7.105467203701961
2014-09-15,0.4391563052086846,6.943670866417548
2014-09-16,0.42846048487839955,6.7745550979793725
2014-09-17,0.4329003286132229,6.844755191265725
2014-09-18,0.4257279287590012,6.731349592121723
2014-09-19,0.41558947728955925,6.5710465991691365
2014-09-20,0.4066094321660246,6.429059618761848
2014-09-21,0.4103960948671347,6.4889320130934145
2014-09-22,0.4009590898860505,6.339719862940513
2014-09-23,0.3915078001505434,6.190281850988649
2014-09-24,0.4573687983882007,7.231635668005313
2014-09-25,0.4467357314362835,7.0635121175997
2014-09-26,0.4634517377178834,7.327815383757389
2014-09-27,0.45492992938039395,7.193073763107991
2014-09-28,0.4466067765800951,7.0614731622952265
2014-09-29,0.4357218653097344,6.889367603579343
2014-09-30,0.4251367766391025,6.722002656409139
2014-10-01,0.415392599366897,6.56793368588606
2014-10-02,0.41579591139068073,6.574310608900503
2014-10-03,0.408300290274188,6.455794432871647
2014-10-04,0.4006264465256034,6.334460309602788
2014-10-05,0.406636297670574,6.429484399686177
2014-10-06,0.39707181178892625,6.278256599513524
2014-10-07,0.38774893138850985,6.130848917420232
2014-10-08,0.378780934242796,5.989052432268509
2014-10-09,0.3756553964225061,5.9396333401429375
2014-10-10,0.42647105149968423,6.743099394329849
2014-10-11,0.4294584769678685,6.790334738427135
2014-10-12,0.4249799637267471,6.719523226561303
2014-10-13,0.4151779012461166,6.56453901053094
2014-10-14,0.405259838478732,6.4077206689237
2014-10-15,0.40136223695056134,6.346094177719839
2014-10-16,0.3918997455268418,6.196479051526023
2014-10-17,0.3842339046232633,6.075271464347066
2014-10-18,0.4232086502112509,6.691516300765263
2014-10-19,0.42055457890107356,6.649551748701925
2014-10-20,0.41085068253580825,6.496119675239586
2014-10-21,0.4010742036866891,6.341539971941196
2014-10-22,0.4027272158940683,6.3676763898181
2014-10-23,0.4156078472297077,6.571337053425887
2014-10-24,0.40567581514456247,6.414297837511235
2014-10-25,0.40289232699713406,6.370287025581454
2014-10-26,0.4186773461220437,6.619870092301615
2014-10-27,0.4091429637393572,6.469118270240253
2014-10-28,0.3994224711675486,6.3154237877119375
2014-10-29,0.39347715910953995,6.221420150193086
2014-10-30,0.40261355302918544,6.365879222126051
2014-10-31,0.4118999165506452,6.512709521666625
2014-11-01,0.41626534540874205,6.581733012441695
2014-11-02,0.42859048428195406,6.776610569027851
2014-11-03,0.4186757027127225,6.6198441077187
2014-11-04,0.4086434816015435,6.461220764209946
2014-11-05,0.3995261308473563,6.3170627911605175
2014-11-06,0.4243767432164167,6.709985472841437
2014-11-07,0.4166379517736439,6.587624436360523
2014-11-08,0.41321427871782196,6.533491412259793
2014-11-09,0.44753494517530407,7.076148796362722
2014-11-10,0.43742537247669344,6.916302416869399
2014-11-11,0.4267853336297033,6.748068631123596
2014-11-12,0.4167657304934382,6.589644795315775
2014-11-13,0.40687549951555524,6.433266512939452
2014-11-14,0.4199335784574105,6.639732869552173
2014-11-15,0.4351959624829243,6.881052349776138
2014-11-16,0.5132129918187817,8.114609894683552
2014-11-17,0.5022025620770649,7.940519714678131
2014-11-18,0.48950683592412286,7.73978265871281
2014-11-19,0.4777239396939486,7.5534787111089985
2014-11-20,0.4660607265475875,7.3690671192164
2014-11-21,0.4549298118671491,7.193071905060446
2014-11-22,0.44411504437444815,7.022075416850029
2014-11-23,0.45511636604284855,7.1960215855715735
2014-11-24,0.4446390156652295,7.030360130387066
2014-11-25,0.4337668560483522,6.858456193015887
2014-11-26,0.4626687146364343,7.3154347017680745
2014-11-27,0.45230919890783067,7.151636375974444
2014-11-28,0.4424515585086701,6.9957733958932495
2014-11-29,0.4316707244888776,6.825313442999385
2014-11-30,0.5787851448175187,9.151396667468799
2014-12-01,0.5676392667924326,8.97516486206034
2014-12-02,0.5529184025417003,8.742407561268031
2014-12-03,0.7058027297115231,11.159721023263051
2014-12-04,0.7952568526715991,12.574114896496068
2014-12-05,0.7840334861034417,12.396657889644246
2014-12-06,0.7628267636610548,12.061350166519489
2014-12-07,0.7766304326828943,12.279605337400096
2014-12-08,0.7562470822062898,11.95731626814235
2014-12-09,0.7358570777264132,11.634921989855115
2014-12-10,0.7209488816704712,11.399202713149537
2014-12-11,0.8298776215432034,13.121517316398705
2014-12-12,0.8206931938492688,12.976298763808899
2014-12-13,0.8612109257335859,13.61694035570124
2014-12-14,0.8775743364808374,13.875668596952202
2014-12-15,0.8540624672402751,13.503913302711052
2014-12-16,0.8307901896297165,13.13594628476552
2014-12-17,0.8148490978760059,12.883895493108254
2014-12-18,0.8256541212706917,13.054737913601311
2014-12-19,0.8516656317538231,13.466016006141523
2014-12-20,1.0558364120977026,16.6942394938445
2014-12-21,1.0585102188677207,16.736516090926674
2014-12-22,1.0309794790273086,16.30121687310046
2014-12-23,1.0025494245506041,15.851698242355198
2014-12-24,1.003643693872213,15.869000159504855
2014-12-25,1.0057070512818247,15.901624704711644
2014-12-26,0.9781798532574241,15.466381487913678
2014-12-27,0.9513017636940996,15.041401577043148
2014-12-28,0.9319576542670239,14.735544351557678
2014-12-29,0.9065653020501494,14.334056010784932
2014-12-30,0.8817561684703172,13.94178916634675
2014-12-31,0.8769691829162767,13.866100278961294
2015-01-01,0.856950241156175,13.549573017420387
2015-01-02,0.8403099682183579,13.28646720056857
2015-01-03,0.8174413137424572,12.924882024732318
2015-01-04,0.7970735158725825,12.602838863778668
2015-01-05,0.7756082540529267,12.263443274168853
2015-01-06,0.7546454468160546,11.931992189070971
2015-01-07,0.7718411402412129,12.203879974918383
2015-01-08,0.8124284593623146,12.845621837632306
2015-01-09,0.8123222596767922,12.843942673167085
2015-01-10,0.8151596177818367,12.888805243914485
2015-01-11,0.7943677777154831,12.560057387136364
2015-01-12,0.7728530625071346,12.219879870795138
2015-01-13,0.7519716915082983,11.8897164056786
2015-01-14,0.7334119076590246,11.596260456458038
2015-01-15,0.7827778635020002,12.376804753133541
2015-01-16,0.7685085583304017,12.151187228282184
2015-01-17,0.8487383394291586,13.419731450526175
2015-01-18,0.8276182383803469,13.085793331890397
2015-01-19,0.8054537245273482,12.735341596861245
2015-01-20,0.7836102903158492,12.38996657671934
2015-01-21,0.7624111027070762,12.054777989774635
2015-01-22,0.7460455323168057,11.796015601569307
2015-01-23,0.7300557725697828,11.543195301371956
2015-01-24,0.7314438281453681,11.565142387060684
2015-01-25,0.724534611555472,11.455898080703218
2015-01-26,0.7054620879165416,11.154335003571104
2015-01-27,0.6865810841609294,10.855800121681465
2015-01-28,0.6689802237310525,10.577506082995757
2015-01-29,0.658473440837058,10.411379258866168
2015-01-30,0.6900529522242301,10.910695175759605
2015-01-31,0.7887065575672191,12.470545637115613
2015-02-01,0.8324037730831507,13.161459279303582
2015-02-02,0.8122990359093762,12.843575473162662
2015-02-03,0.790253997490248,12.495012810610849
2015-02-04,0.8226338909896511,13.006983879869818
2015-02-05,0.8293176617729385,13.112663575038196
2015-02-06,0.8123270738756231,12.844018792334158
2015-02-07,0.7921420120714352,12.52486494227165
2015-02-08,0.7707974289457143,12.187377450351281
2015-02-09,0.7499766124134397,11.858171435418898
2015-02-10,0.7297723973438905,11.538714745640535
2015-02-11,0.7290038344799148,11.526562699764607
2015-02-12,0.7248162347607349,11.460350934556157
2015-02-13,0.7851911075092602,12.414961491197008
2015-02-14,0.7803125064577425,12.337824035606566
2015-02-15,0.7852743267327192,12.416277302653214
2015-02-16,0.7649611684983301,12.095098070192842
2015-02-17,0.744313200015144,11.768625022881642
2015-02-18,0.7242769089517649,11.451823444769866
2015-02-19,0.7920864203300484,12.523985959662264
2015-02-20,0.7748281630162236,12.251108951877535
2015-02-21,0.7658533685261746,12.109204991275114
2015-02-22,0.7530071722360782,11.906088793543566
2015-02-23,0.7328565452308154,11.587479405457925
2015-02-24,0.71316031482808,11.276054658497427
2015-02-25,0.7636344514776969,12.074120832214277
2015-02-26,0.747418228122386,11.817719827970274
2015-02-27,0.7379928054433669,11.668690810092741
2015-02-28,0.718826055628612,11.365637886306562
2015-03-01,0.7142136825276535,11.29270986421895
2015-03-02,0.6952839582276777,10.99340464288415
2015-03-03,0.6767066489588336,10.699671592449626
2015-03-04,0.7030654319066512,11.116440544775179
2015-03-05,0.7262269070617634,11.482655622072961
2015-03-06,0.7079389108081086,11.193497012062082
2015-03-07,0.7217175591882926,11.411356571861939
2015-03-08,0.7301704286544262,11.545008173247306
2015-03-09,0.7112025439366928,11.245099582729619
2015-03-10,0.6921504550533224,10.943859607452497
2015-03-11,0.7197727414846766,11.380606303975714
2015-03-12,0.7163186187438502,11.325991828081738
2015-03-13,0.7033223481540026,11.120502747322849
2015-03-14,0.7103683941948746,11.231910517260685
2015-03-15,0.8388497252168834,13.263378731458669
2015-03-16,0.8189534625215954,12.948791196247916
2015-03-17,0.7967125687849455,12.597131789219981
2015-03-18,0.7862059042550966,12.431006836591859
2015-03-19,0.7649565804055982,12.0950255260771
2015-03-20,0.7668813585735558,12.125458941083659
2015-03-21,0.8071154980994774,12.761616544078256
2015-03-22,0.7983597154628387,12.623175464932594
2015-03-23,0.777558341089008,12.294276857516774
2015-03-24,0.7565379093069131,11.961914648358714
2015-03-25,0.7362514941412062,11.641158260941634
2015-03-26,0.9136608259027628,14.446246093616487
2015-03-27,0.895413648416735,14.157732884990523
2015-03-28,0.8796286648094843,13.908150379853858
2015-03-29,0.8571425803675043,13.552614167376193
2015-03-30,0.8338101658078121,13.183696300776681
2015-03-31,0.8111324412797255,12.825129992483578
2015-04-01,0.8126226771588598,12.848692690628418
2015-04-02,0.8051929459636448,12.731218325729994
2015-04-03,0.814860963998019,12.884083112971027
2015-04-04,0.7939916406100528,12.554110137308053
2015-04-05,0.7724860872676872,12.214077482787442
2015-04-06,0.7516155649692745,11.884085550685858
2015-04-07,0.7313627754532115,11.563860831472168
2015-04-08,0.8681244328419704,13.726252501112537
2015-04-09,0.8450199066267573,13.360937865616823
2015-04-10,0.8515387265742321,13.46400945906962
2015-04-11,0.835110421838912,13.204255153774914
2015-04-12,0.8399599156637526,13.280932383702003
2015-04-13,0.8176443238105109,12.928091895747295
2015-04-14,0.7954419513333731,12.577041563311345
2015-04-15,0.788581789653864,12.46857288319007
2015-04-16,0.7743001409339346,12.242760189703045
2015-04-17,0.7661900297865114,12.11452807318815
2015-04-18,0.8230508050068724,13.013575869284168
2015-04-19,0.8010525756243675,12.665753322586392
2015-04-20,0.7793390766972613,12.322432759680003
2015-04-21,0.7582660353679858,11.989238720543138
2015-04-22,0.7398226908750374,11.697623839198936
2015-04-23,0.7369449554297256,11.652122846646016
2015-04-24,0.7532852565344366,11.910485692365278
2015-04-25,0.7555153758570072,11.945746974931652
2015-04-26,0.7378535342673176,11.666488739449111
2015-04-27,0.7181700372508913,11.355265325003932
2015-04-28,0.6989104793815878,11.050744977029838
2015-04-29,0.8036905628899977,12.70746356357595
2015-04-30,0.8004194451878118,12.655742651408929
2015-05-01,0.7801815286760471,12.335753095041397
2015-05-02,0.7594927281376982,12.008634436250896
2015-05-03,0.7410274215400575,11.716672303541502
2015-05-04,0.7210886098672348,11.401412009925142
2015-05-05,0.7017422058364714,11.09551850356977
2015-05-06,0.6968239939297239,11.017754745366362
2015-05-07,0.7340755711595095,11.606753897765302
2015-05-08,0.7517940573429993,11.88690776291556
2015-05-09,0.7391368138482055,11.68677917120107
2015-05-10,0.7195675161672869,11.377361406793302
2015-05-11,0.7004009621151409,11.074311578285748
2015-05-12,0.6816709148982143,10.778163528845818
2015-05-13,0.6860784600504718,10.847852936701655
2015-05-14,0.6680875241037295,10.563391262552138
2015-05-15,0.6567701840279515,10.384448404081331
2015-05-16,0.660046730016779,10.43625514499625
2015-05-17,0.695316380926628,10.993917290767012
2015-05-18,0.6779390210280158,10.719157105766579
2015-05-19,0.6598803356297513,10.433624218731874
2015-05-20,0.6424771829256326,10.158456213668206
2015-05-21,0.8385111738926531,13.2580257650115
2015-05-22,0.8348780371914857,13.200580829879302
2015-05-23,0.8246636879563737,13.039077787882539
2015-05-24,0.8114895985921502,12.83077714543481
2015-05-25,0.7896084737696064,12.48480618440638
2015-05-26,0.7682322322348679,12.146818129088045
2015-05-27,0.7474874969340627,11.818815064048831
2015-05-28,0.7978187182566633,12.614621548036084
2015-05-29,0.7764286499461717,12.276414872197368
2015-05-30,0.755487805700095,11.945311052475198
2015-05-31,0.7544272555926379,11.928542282913694
2015-06-01,0.7344649522120973,11.612910552784758
2015-06-02,0.7147209505377397,11.300730475699016
2015-06-03,0.7094850566235469,11.2179437239197
2015-06-04,0.6907063910060661,10.921026950070042
2015-06-05,0.6941515235509093,10.975499278484424
2015-06-06,0.6821214535181476,10.785287169910108
2015-06-07,0.7328685358054143,11.587668993088858
2015-06-08,0.7147557830892433,11.301281226696348
2015-06-09,0.6955978652969976,10.998367949447546
2015-06-10,0.6778102586140891,10.717121193241427
2015-06-11,0.8088190317143052,12.788551775545837
2015-06-12,0.8455496411700774,13.369313704177625
2015-06-13,0.8522561334135986,13.475352657176524
2015-06-14,0.8326825872916356,13.165867719017728
2015-06-15,0.8100495595263414,12.808008128596926
2015-06-16,0.7880707566201657,12.460492741459708
2015-06-17,0.7683665055874253,12.148941177203785
2015-06-18,0.7479027407960442,11.825380645990164
2015-06-19,0.7520269645377298,11.890590349009504
2015-06-20,0.7541142404610841,11.923593079124657
2015-06-21,0.7566064737629069,11.962998747596068
2015-06-22,0.7366871522312002,11.648046620168932
2015-06-23,0.7168771652838756,11.334823224310172
2015-06-24,0.6998033016221926,11.064861736159669
2015-06-25,0.6995109618679489,11.06023943878955
2015-06-26,0.6863562311075493,10.852244882743841
2015-06-27,0.6831404399157909,10.801398759516522
2015-06-28,0.7212569983605068,11.40407446577766
2015-06-29,0.703021001141842,11.115738032700277
2015-06-30,0.6842127929432748,10.818354149629654
2015-07-01,0.679506792195329,10.743945744459829
2015-07-02,0.6758813729796587,10.686622833487533
2015-07-03,0.7199147284990535,11.382851315793705
2015-07-04,0.7055359308273319,11.155502562506873
2015-07-05,0.7085722547518695,11.203511059084873
2015-07-06,0.690060578284233,10.910815754355514
2015-07-07,0.6716393038451652,10.619549831203042
2015-07-08,0.681833760631783,10.780738345972408
2015-07-09,0.6970742107691421,11.021711020973811
2015-07-10,0.6887373860195182,10.889894247661438
2015-07-11,0.6948578455909817,10.986667210525454
2015-07-12,0.6805040918891927,10.75971443717182
2015-07-13,0.6623890190665138,10.473289986674416
2015-07-14,0.6447965276118215,10.195128273105032
2015-07-15,0.7036834401835412,11.126212113614223
2015-07-16,0.6877629504986632,10.874487069267067
2015-07-17,0.7074917585922144,11.186426914746997
2015-07-18,0.7008990268008722,11.082186672430781
2015-07-19,0.7108042454806642,11.238801931181726
2015-07-20,0.6924831330693054,10.949119708742359
2015-07-21,0.6739894756783461,10.656709310631165
2015-07-22,0.6561361347330352,10.374423204477536
2015-07-23,0.6489184185560471,10.260301091357908
2015-07-24,0.6627471484623447,10.478952509613844
2015-07-25,0.6517737367145104,10.305447635483818
2015-07-26,0.7279019968728891,11.509141117515455
2015-07-27,0.7111193245988322,11.243783769464567
2015-07-28,0.6920697149360587,10.942582994106985
2015-07-29,0.6789237679324913,10.734727321451292
2015-07-30,0.6661406815328761,10.532608978703765
2015-07-31,0.6491874150447341,10.2645542992921
2015-08-01,0.6402873215590597,10.123831465276309
2015-08-02,0.6247312512563216,9.877868397284521
2015-08-03,0.608293884191012,9.617970803971444
2015-08-04,0.5923336132710254,9.3656167630689
2015-08-05,0.6570771850909088,10.389302517096521
2015-08-06,0.6405061879620815,10.127292046960495
2015-08-07,0.7041450336151813,11.133510546599002
2015-08-08,0.6855032869714289,10.838758651808716
2015-08-09,0.6672213733100317,10.549696216025898
2015-08-10,0.6494838755757443,10.269241751863778
2015-08-11,0.6322792368902996,9.997212529032526
2015-08-12,0.6819664259406648,10.78283596868519
2015-08-13,0.7074075059283474,11.185094763163217
2015-08-14,0.6935761843681669,10.966402367261397
2015-08-15,0.7162790228224793,11.325365761593815
2015-08-16,0.7079393661820211,11.193504212155837
2015-08-17,0.6892688124009851,10.898296836532124
2015-08-18,0.6708712007988095,10.607405055682051
2015-08-19,0.6530522635818649,10.325662920236617
2015-08-20,0.6495733375146583,10.270656269318092
2015-08-21,0.6429984651206364,10.166698408867727
2015-08-22,0.6302218790422359,9.964682845223006
2015-08-23,0.6364145239284146,10.0625971581276
2015-08-24,0.622153573792153,9.837111737984223
2015-08-25,0.6057734304654451,9.5781189314222
2015-08-26,0.8543669801838827,13.508728075105063
2015-08-27,0.8476546282411169,13.402596472126083
2015-08-28,0.9250191082613843,14.625836306419256
2015-08-29,0.9467188109521265,14.968938731675404
2015-08-30,1.1304556888890587,17.874073853920628
2015-08-31,1.1044357564330551,17.46266259829708
2015-09-01,1.0738785321434765,16.979510459658634
2015-09-02,1.063235604946245,16.811231005085617
2015-09-03,1.0372607317243412,16.40053219850895
2015-09-04,1.0993112608972813,17.381637209535025
2015-09-05,1.0903388407582546,17.23977079071858
2015-09-06,1.0618564623156452,16.789424845430958
2015-09-07,1.0325620684226469,16.326239808550948
2015-09-08,1.004086111402035,15.875995394859968
2015-09-09,0.9764366348948503,15.438818785489866
2015-09-10,0.9791109935874567,15.481104109234398
2015-09-11,0.9985893874083251,15.789084557412869
2015-09-12,0.9780767517335044,15.464751309684575
2015-09-13,1.061049723501775,16.776669184787494
2015-09-14,1.034851832643546,16.362444159764962
2015-09-15,1.0063094677874638,15.91114974600114
2015-09-16,0.9876137416121238,15.615544359876626
2015-09-17,0.9615375463961051,15.203243511907598
2015-09-18,0.9678115564051935,15.302444320364662
2015-09-19,0.9432186342204721,14.913596078249645
2015-09-20,0.9200388589495707,14.54709165071517
2015-09-21,0.8949046767477311,14.149685336297775
2015-09-22,0.8704363502415781,13.762807124837206
2015-09-23,0.8653597347144236,13.682538785483285
2015-09-24,0.9442607683987049,14.930073666403262
2015-09-25,0.9372843287046769,14.819766469443579
2015-09-26,0.9344890160725374,14.775568695994574
2015-09-27,1.0176646583128874,16.090691072628655
2015-09-28,0.991668348631981,15.679653325874906
2015-09-29,0.9643796575857067,15.248181235520557
2015-09-30,0.9394840315264025,14.85454682490434
2015-10-01,0.9320181897384122,14.736501501401774
2015-10-02,0.9411554661650854,14.880974526996033
2015-10-03,0.9220824435481473,14.579403560328885
2015-10-04,0.908374139104713,14.362656235827588
2015-10-05,0.8841021421708632,13.978882267469647
2015-10-06,0.8599497997309352,13.597000202777041
2015-10-07,0.958094414081377,15.148802809908256
2015-10-08,1.0059584347633772,15.905599426550888
2015-10-09,0.9817010404967536,15.522056346634686
2015-10-10,0.954810178442147,15.096874484944927
2015-10-11,0.9596976599635104,15.174152353092392
2015-10-12,0.9341905496858842,14.77084952806045
2015-10-13,0.9085750943335177,14.365833616981304
2015-10-14,0.8840817125669126,13.97855924706875
2015-10-15,0.9520287360561708,15.052896019343835
2015-10-16,0.9283973287857937,14.679250662896566
2015-10-17,0.9119601558217406,14.419356138593823
2015-10-18,0.9053002020616923,14.314053023628047
2015-10-19,0.8812837374555476,13.934319376126865
2015-10-20,0.8572138776941091,13.553741477091952
2015-10-21,0.8769860608697052,13.866367142836676
2015-10-22,0.8556893825807143,13.529637092891331
2015-10-23,0.8700225868678825,13.756264951471039
2015-10-24,0.9007819712924229,14.242613522502316
2015-10-25,0.8779618654798065,13.881795968432739
2015-10-26,0.8541569897982106,13.505407835577758
2015-10-27,0.8308819396565781,13.13739698006684
2015-10-28,0.808662911810221,12.78608330312087
2015-10-29,0.8257351611684541,13.056019266892694
2015-10-30,0.8274340376628179,13.082880862820252
2015-10-31,0.8052585536752318,12.732255674733427
2015-11-01,0.8077737714228732,12.772024759202553
2015-11-02,0.786417195635627,12.434347646654045
2015-11-03,0.7651351400595746,12.097848802100984
2015-11-04,0.7450664821879774,11.780535459816413
2015-11-05,0.9465847785849262,14.966819493872718
2015-11-06,0.9207302438080469,14.55802340517786
2015-11-07,0.9447487903944038,14.93778997167661
2015-11-08,0.9767837172366433,15.44430663916832
2015-11-09,0.9513900088929499,15.042796856147856
2015-11-10,0.9252732639545429,14.629854860772655
2015-11-11,0.9103453320089321,14.39382353225206
2015-11-12,0.8940059338063949,14.135474962669667
2015-11-13,0.8704757881747293,13.763430693312042
2015-11-14,0.9940954544672056,15.718029238682883
2015-11-15,1.0335159941536611,16.341322698694178
2015-11-16,1.0077716605384113,15.934269043357046
2015-11-17,0.9800151490297907,15.49540006201746
2015-11-18,0.9542084444723539,15.087360235494721
2015-11-19,0.9291864955612957,14.691728485218151
2015-11-20,0.9716781979497368,15.363581291245604
2015-11-21,0.9778685841389233,15.461459891015002
2015-11-22,0.970209778376577,15.340363539185818
2015-11-23,0.9444447992876347,14.93298345024748
2015-11-24,0.9185304127064142,14.523241021433677
2015-11-25,0.9421814345550256,14.897196511593766
2015-11-26,0.9284811403880859,14.680575840684524
2015-11-27,0.9319909249388111,14.736070407068336
2015-11-28,0.9068968294115364,14.339297918628175
2015-11-29,0.8821737554746775,13.948391796622076
2015-11-30,0.8580780773041203,13.567405672695276
2015-12-01,0.8346880330842354,13.197576601160813
2015-12-02,0.8589465699018627,13.581137746394587
2015-12-03,0.8392673880595932,13.269982560843587
2015-12-04,0.8494271950321359,13.430623213948062
2015-12-05,0.8574119482769245,13.55687324798782
2015-12-06,0.8993749613097429,14.220366741323003
2015-12-07,0.8754131186116062,13.84149674201907
2015-12-08,0.851515123518846,13.463636261995823
2015-12-09,1.1204133143843562,17.715289971164303
2015-12-10,1.1021195428825878,17.42604004646297
2015-12-11,1.0716296441795619,16.94395241881609
2015-12-12,1.0711335666887474,16.936108744981514
2015-12-13,1.0640163807826526,16.82357615501097
2015-12-14,1.0355131337647736,16.37290024857647
2015-12-15,1.0069515911650357,15.921302608060978
2015-12-16,1.0708511326128296,16.93164307013779
2015-12-17,1.0641438128165142,16.82559103238032
2015-12-18,1.0351963168184386,16.36789093281768
2015-12-19,1.0111763843963355,15.988102454331827
2015-12-20,0.9836779040155201,15.553313303347673
2015-12-21,0.9566295214810832,15.12564082418598
2015-12-22,0.9303601723867194,14.710285945244625
2015-12-23,0.9049367668826613,14.308306608890202
2015-12-24,0.888297930936732,14.045223512875108
2015-12-25,0.9199184822033518,14.54518832723831
2015-12-26,1.053619466328405,16.659186503444225
2015-12-27,1.028771473210565,16.26630523576141
2015-12-28,1.000405467098298,15.817799298576302
2015-12-29,0.9728629034700915,15.382313130250084
2015-12-30,0.9467059394445281,14.968735215270748
2015-12-31,0.9375360055891042,14.823745830389605
2016-01-01,0.9130087343691694,14.435935621171152
2016-01-02,0.8881657474978675,14.043133509196279
2016-01-03,0.8638945113155819,13.659371569376718
2016-01-04,0.8403339558399494,13.286846478167966
2016-01-05,0.817464596935587,12.925250164339777
2016-01-06,0.8963719735053677,14.172885335085333
2016-01-07,0.8786167688299328,13.892150899601107
2016-01-08,0.9139207945628646,14.450356559047407
2016-01-09,0.8974109820586164,14.189313502768643
2016-01-10,0.8979541275632816,14.197901387246763
2016-01-11,0.8736561885538389,13.81371723865829
2016-01-12,0.8498096433532454,13.436670252858129
2016-01-13,0.8281184195688708,13.093701890882924
2016-01-14,0.814698425192142,12.88151314879735
2016-01-15,0.799976221272842,12.648734665985122
2016-01-16,0.7818762822076499,12.362549501203793
2016-01-17,0.8264181041744931,13.06681754394852
2016-01-18,0.8060229837656736,12.74434237572225
2016-01-19,0.7841627789215433,12.39870218859576
2016-01-20,0.762947278297517,12.063255670232525
2016-01-21,0.7435759979173204,11.756968834256758
2016-01-22,0.8249550344156164,13.0436843798797
2016-01-23,0.8029836666082539,12.696286551976876
2016-01-24,0.9515101646279966,15.044696685131253
2016-01-25,0.9301566299894841,14.707067657366254
2016-01-26,0.9046588244793812,14.30391195362667
2016-01-27,1.0303586131110218,16.291400121015293
2016-01-28,1.0027403376137696,15.85471684292861
2016-01-29,0.979261361632042,15.483481636775375
2016-01-30,1.0429561383002943,16.490584483412515
2016-01-31,1.0141927320845407,16.03579509888039
2016-02-01,0.9864067888916729,15.59646076175282
2016-02-02,0.9592710389700045,15.16740688290678
2016-02-03,0.9760026402386959,15.431956727460918
2016-02-04,1.0084860257594366,15.945564149255295
2016-02-05,0.9853455452403631,15.579681026300157
2016-02-06,1.0648418785359786,16.83662842053028
2016-02-07,1.0380764156316238,16.413429293497746
2016-02-08,1.0094501907089264,15.96080893565774
2016-02-09,0.9816449383420753,15.521169293682554
2016-02-10,0.9946923248784788,15.727466588520807
2016-02-11,0.9741090180350053,15.40201593150327
2016-02-12,0.9495578872173236,15.013828468920138
2016-02-13,0.9760127636028773,15.432116791902901
2016-02-14,0.9654404394394086,15.264953669311925
2016-02-15,0.9392988982331208,14.85161961051685
2016-02-16,0.9135345005698765,14.44424871472599
2016-02-17,0.8885218098989236,14.048763350078708
2016-02-18,0.8642499678398448,13.664991830505906
2016-02-19,0.8431508282135073,13.331385141060204
2016-02-20,0.8902073319088136,14.075413793066694
2016-02-21,0.891891269398639,14.10203918259267
2016-02-22,0.8677276806757089,13.719979298552577
2016-02-23,0.8440547977953261,13.345678155130491
2016-02-24,0.8652733497116094,13.681172918660419
2016-02-25,0.8444801941868288,13.352404262658318
2016-02-26,0.832126428131137,13.157074070574016
2016-02-27,0.8352752155863435,13.206860771705106
2016-02-28,0.8126352893564356,12.848892106981614
2016-02-29,0.7905968819363755,12.500434289730888
2016-03-01,0.7691914753402477,12.16198509430211
2016-03-02,0.7528811150764695,11.904095654844891
2016-03-03,0.7953526839753642,12.575630122451274
2016-03-04,0.8655014185869419,13.684779004207638
2016-03-05,0.844196428808603,13.347917538076855
2016-03-06,0.8725505021606735,13.796234801756995
2016-03-07,0.8499488706313968,13.438871629415049
2016-03-08,0.8267972740018429,13.07281274532071
2016-03-09,0.834249883694734,13.190648851029628
2016-03-10,0.8258701981260951,13.058154388664919
2016-03-11,0.8433992670191683,13.335313303485508
2016-03-12,0.8221721191078245,12.999682625339846
2016-03-13,0.843561986433313,13.337886123326637
2016-03-14,0.8218741442665134,12.994971229419995
2016-03-15,0.7995473268111876,12.641953249111824
2016-03-16,0.7816732537930675,12.359339340104727
2016-03-17,0.7606113088493627,12.026320750228855
2016-03-18,0.746092406675151,11.796756750250456
2016-03-19,0.8681385385773428,13.72647553237178
2016-03-20,0.847554885710361,13.401019404242192
2016-03-21,0.8248763803180204,13.042440749401157
2016-03-22,0.8024612641675074,12.688026644136926
2016-03-23,0.7807491207376117,12.34472751352327
2016-03-24,0.7708301414685594,12.187894680752285
2016-03-25,0.7523983603278835,11.896462632060924
2016-03-26,0.7321287414318918,11.575971816986316
2016-03-27,0.7124541307861733,11.264888908398982
2016-03-28,0.6933647588881411,10.963059436900016
2016-03-29,0.6748447662583037,10.670232642100927
2016-03-30,0.6642980065706467,10.503473729363717
2016-03-31,0.653281223679503,10.329283097245773
2016-04-01,0.6756432141507912,10.682857211767036
2016-04-02,0.6738156301555153,10.653960571565324
2016-04-03,0.7435167229631863,11.75603161494043
2016-04-04,0.7248538118932119,11.460945081188983
2016-04-05,0.7053954198329755,11.153280888614566
2016-04-06,0.7111745359101731,11.244656736946776
2016-04-07,0.6957878389407851,11.001371696496395
2016-04-08,0.6773355778460672,10.709615831299294
2016-04-09,0.6778251602806974,10.717356809278503
2016-04-10,0.7099230895844117,11.224869633152501
2016-04-11,0.6920202370373936,10.941800679838881
2016-04-12,0.6735404083333534,10.649608932466258
2016-04-13,0.676313198989144,10.693450602201908
2016-04-14,0.6660889122861581,10.531790435041863
2016-04-15,0.6721814820508263,10.628122421341002
2016-04-16,0.6543026975547823,10.345434017326978
2016-04-17,0.6369528836266992,10.071109372362702
2016-04-18,0.6201297401334144,9.805112118149593
2016-04-19,0.6038108306904487,9.547087504300588
2016-04-20,0.5882556975409414,9.30113925400243
2016-04-21,0.872246584559311,13.791429442550392
2016-04-22,0.8484419723453535,13.415045475484545
2016-04-23,0.8556058760944418,13.528316739411238
2016-04-24,0.8359472224974809,13.217486133917946
2016-04-25,0.8133066676534098,12.85950752993183
2016-04-26,0.791231964308279,12.510475823716076
2016-04-27,0.7843267814490176,12.401295296239976
2016-04-28,0.7788239311307147,12.314287593095877
2016-04-29,0.7578328895474696,11.98239008378407
2016-04-30,0.894814975266455,14.148267031346158
2016-05-01,0.899357272841365,14.220087062081031
2016-05-02,0.8758547720602284,13.848479896189641
2016-05-03,0.8519438446989712,13.47041493904758
2016-05-04,0.8363028170420831,13.223108577340314
2016-05-05,0.9557993221006468,15.112514219414782
2016-05-06,0.9727097934817456,15.37989224877161
2016-05-07,0.946415317227822,14.964140074553557
2016-05-08,0.9344070038375699,14.774271968702083
2016-05-09,0.9090095155845254,14.372702420067125
2016-05-10,0.884128980013866,13.97930661102652
2016-05-11,0.8599922160271933,13.597670863307462
2016-05-12,0.8437041444008384,13.340133838151239
2016-05-13,0.8512018554548219,13.458683058993286
2016-05-14,0.8394934832529214,13.273557439738253
2016-05-15,0.9079479070315328,14.355916915012264
2016-05-16,0.8850368114612073,13.993660686552149
2016-05-17,0.8608571190972543,13.611346181590784
2016-05-18,0.860848054703578,13.611202860942656
2016-05-19,0.8387364742815351,13.261588076944443
2016-05-20,0.8178554527110785,12.931430136775699
2016-05-21,0.8130531709688135,12.855499395418704
2016-05-22,0.7930810082754028,12.5397117758656
2016-05-23,0.7716683709147422,12.201148252011079
2016-05-24,0.7508220239376717,11.871538565302536
2016-05-25,0.7331680218664405,11.592404283490433
2016-05-26,0.7148127941929473,11.302182651394473
2016-05-27,0.6963285393527471,11.009920920664351
2016-05-28,0.6790183737936409,10.736223171457464
2016-05-29,0.6739487778479764,10.656065821432188
2016-05-30,0.6562137858033631,10.375650975702465
2016-05-31,0.6388067742145642,10.100421956314712
2016-06-01,0.6219237194154261,9.833477421181147
2016-06-02,0.6175615638403101,9.764505685554305
2016-06-03,0.6306659031285621,9.971703482466834
2016-06-04,0.6175206336442465,9.763858522331114
2016-06-05,0.9238255423511773,14.606964372350324
2016-06-06,0.9051600583527794,14.311837157028503
2016-06-07,0.8803919811860244,13.920219471479724
2016-06-08,0.8563651863526383,13.540322488744394
2016-06-09,0.9921537024958048,15.68732744427914
2016-06-10,1.0068078216751295,15.919029412830257
2016-06-11,1.035008307937321,16.36491825139432
2016-06-12,1.0120976895177547,16.00266956735014
2016-06-13,0.9847648310285236,15.570499128404945
2016-06-14,0.957676817875271,15.142200034140556
2016-06-15,0.9338055808051741,14.764762635603802
2016-06-16,0.9124450802233,14.42702346660343
2016-06-17,0.8948075870978723,14.148150214143865
2016-06-18,0.9101991669808641,14.391512460237275
2016-06-19,0.8908667089941805,14.085839460200107
2016-06-20,0.8665786311516926,13.701811230351458
2016-06-21,0.8429394164817654,13.32804242807828
2016-06-22,0.8640769740019557,13.66225655776139
2016-06-23,0.8433851179221865,13.335089586619024
2016-06-24,0.8812706837388056,13.93411297874269
2016-06-25,0.8905357255332652,14.080606152178419
2016-06-26,0.989470034387278,15.644894925744635
2016-06-27,0.966566247705287,15.282754260956025
2016-06-28,0.940007615149436,14.862825408876084
2016-06-29,1.0091392050702586,15.955891820968777
2016-06-30,0.9851078844781473,15.57592327970489
2016-07-01,1.1473121427854338,18.140597791851455
2016-07-02,1.1269402594515514,17.818490034039993
2016-07-03,1.0958254157059406,17.326521157658117
2016-07-04,1.0655358243694675,16.847600667563324
2016-07-05,1.0361042355329024,16.38224638815767
2016-07-06,1.0075255514779355,15.93037771743751
2016-07-07,1.0568410635007872,16.710124427285656
2016-07-08,1.055704518457897,16.69215407229112
2016-07-09,1.0402175509356775,16.44728361519478
2016-07-10,1.0304081381454917,16.292183180565907
2016-07-11,1.0028517345491834,15.856478183129962
2016-07-12,0.9752381111156746,15.419868460629527
2016-07-13,0.9679897146072972,15.305261248877105
2016-07-14,0.9485199506863735,14.997417251397659
2016-07-15,0.9527580312378735,15.064427188647672
2016-07-16,0.9356457748606157,14.793858658363291
2016-07-17,0.9103484997773482,14.393873619068536
2016-07-18,0.8854286309190051,13.999855896143215
2016-07-19,0.8612374738575211,13.617360118397439
2016-07-20,0.83912656153935,13.267755898048966
2016-07-21,0.817029690872739,12.918373695705696
2016-07-22,0.7948607103398049,12.56785133626567
2016-07-23,0.7752814615918153,12.258276231672435
2016-07-24,0.7676314786080605,12.137319380221454
2016-07-25,0.747084135713299,11.812437363161836
2016-07-26,0.7269656699775375,11.494336489396527
2016-07-27,0.8136332470109205,12.864671202964473
2016-07-28,0.877452046601602,13.873735024186349
2016-07-29,0.8573285652587842,13.555554846710308
2016-07-30,0.8429098815581557,13.327575439932652
2016-07-31,0.8225618590956328,13.00584495562345
2016-08-01,0.8003088286795926,12.653993650844992
2016-08-02,0.7786170082874286,12.311015855672366
2016-08-03,0.7588531101928477,11.998521188560678
2016-08-04,0.7431433719825822,11.750128417613597
2016-08-05,0.7556944008615513,11.948577608794057
2016-08-06,0.7752562795148935,12.257878068076002
2016-08-07,0.7657136118439053,12.106995244104118
2016-08-08,0.7457389454103667,11.791168036943645
2016-08-09,0.7256603690399294,11.473697869422551
2016-08-10,0.8500235671735122,13.440052685447167
2016-08-11,0.8305134852143234,13.131571203809182
2016-08-12,0.8211318709846833,12.983234858335639
2016-08-13,0.8574806830329376,13.557960039904907
2016-08-14,0.8349776609773581,13.202156020241732
2016-08-15,0.8122744412983147,12.843186598217061
2016-08-16,0.7902301269864299,12.494635384806044
2016-08-17,0.768894535448277,12.157290062368151
2016-08-18,0.7503548648325118,11.86415213129258
2016-08-19,0.7406942647871926,11.711404632756906
2016-08-20,0.766806357570784,12.12427307110588
2016-08-21,0.7515041909965131,11.882324573555922
2016-08-22,0.7315668497476681,11.56708752938404
2016-08-23,0.7119089317589389,11.256268554878138
2016-08-24,0.6999726415107413,11.067539234892335
2016-08-25,0.704832385667468,11.144378536797086
2016-08-26,0.7058489901733561,11.160452465388069
2016-08-27,0.722217705794245,11.419264584056
2016-08-28,0.7426889227323085,11.742942944054493
2016-08-29,0.7238838684787203,11.445608929232613
2016-08-30,0.7044543199234005,11.138400792514389
2016-08-31,0.7754098818309328,12.260306733938808
2016-09-01,0.7547067982986414,11.932962241184983
2016-09-02,0.7516047918661354,11.88391521296892
2016-09-03,0.7601367024412499,12.018816564020115
2016-09-04,0.7686569090388754,12.153532858938568
2016-09-05,0.748733903399169,11.838522480649308
2016-09-06,0.7285665255369382,11.519648238259775
2016-09-07,0.7089977618067101,11.210238916353706
2016-09-08,0.8910447062312551,14.08865384363197
2016-09-09,0.9167805273803494,14.495572905061321
2016-09-10,0.895804556580467,14.163913685757258
2016-09-11,0.9136824365163975,14.446587787420086
2016-09-12,0.8910825705577208,14.08925253120047
2016-09-13,0.8667260154739533,13.704141581100178
2016-09-14,0.9387182697264083,14.84243906773868
2016-09-15,0.9240465477253423,14.61045877413782
2016-09-16,0.9019126795303197,14.260491589506664
2016-09-17,0.9039057448083636,14.29200471852674
2016-09-18,0.9046667222620377,14.304036828534969
2016-09-19,0.8801707091296795,13.91672085307673
2016-09-20,0.8561334277958446,13.536658064210886
2016-09-21,0.8642932168135412,13.665675656822634
2016-09-22,0.8483766861358054,13.41401320987469
2016-09-23,0.8259509307456928,13.059430883461923
2016-09-24,0.825804972611512,13.057123082726724
2016-09-25,0.9363763119965101,14.8054094646871
2016-09-26,0.9132322397589008,14.439469551675526
2016-09-27,0.8882283755331007,14.044123745379872
2016-09-28,0.867477409911652,13.716022170321725
2016-09-29,0.8478997906089881,13.406472829521249
2016-09-30,0.8259156842781824,13.058873587877883
2016-10-01,0.8662381681763384,13.696428038046072
2016-10-02,0.8453822785846281,13.366667469352054
2016-10-03,0.8223645891543984,13.002725843982507
2016-10-04,0.8000233455610628,12.649479766404582
2016-10-05,0.900765913035744,14.242359619170532
2016-10-06,0.8863584999543095,14.014558416529342
2016-10-07,0.8621621012823409,13.631979761644871
2016-10-08,0.896530080077378,14.175385219488303
2016-10-09,0.8740904101217231,13.820582884476707
2016-10-10,0.850345237191891,13.445138735012494
2016-10-11,0.8271820105087286,13.078895963624591
2016-10-12,0.8047090975187924,12.723568010089675
2016-10-13,0.7830898332000485,12.38173742716748
2016-10-14,0.7623137256900878,12.053238323947452
2016-10-15,0.7452723410936575,11.783790374909307
2016-10-16,0.7349443585933619,11.620490633232833
2016-10-17,0.7154423116692965,11.312136196655196
2016-10-18,0.6962639525169826,11.008899713124956
2016-10-19,0.6776597273544221,10.71474108504342
2016-10-20,0.6615781821603033,10.460469529501669
2016-10-21,0.6526664844361172,10.319563216364832
2016-10-22,0.6582300496600568,10.407530906457604
2016-10-23,0.6447941257227876,10.195090295904862
2016-10-24,0.6278411209131978,9.927039753994398
2016-10-25,0.6112890298706928,9.665328215330465
2016-10-26,0.6042096394936999,9.553393225146586
2016-10-27,0.596032892596234,9.42410750491305
2016-10-28,0.5996975475609885,9.48205078754939
2016-10-29,0.5862721753945316,9.269777015142225
2016-10-30,0.5712302081666681,9.031942630493937
2016-10-31,0.5563993165389026,8.797445644119632
2016-11-01,0.542023409091511,8.570142589291958
2016-11-02,0.5721995040794972,9.047268544550096
2016-11-03,0.5758072501790722,9.104312019021325
2016-11-04,0.6301585230085284,9.963681098372854
2016-11-05,0.622897201496952,9.848869524376065
2016-11-06,0.6066645946367328,9.59220947417423
2016-11-07,0.5907552885269026,9.340661257674746
2016-11-08,0.57532820210164,9.096737603854274
2016-11-09,0.5668367761900072,8.962476371537615
2016-11-10,0.8647166914277908,13.672371378384085
2016-11-11,0.948224803431147,14.992750563539344
2016-11-12,1.1192270454374784,17.696533412215988
2016-11-13,1.0915070756822316,17.258242206728188
2016-11-14,1.0613237662592077,16.781002181236296
2016-11-15,1.0320141708167243,16.317576786754604
2016-11-16,1.0035966400580718,15.868256173378432
2016-11-17,1.001468009238667,15.834599564943684
2016-11-18,0.9739190604670481,15.399012438635616
2016-11-19,0.9479978027312674,14.989161367328986
2016-11-20,0.9480794035725579,14.990451589916304
2016-11-21,0.9225794993026485,14.58726270187047
2016-11-22,0.8973027651284375,14.187602442864861
2016-11-23,0.8814961560447733,13.937678008923431
2016-11-24,0.8575477992000083,13.559021239683728
2016-11-25,0.9101646536090915,14.390966755914606
2016-11-26,0.8868891997111561,14.022949516456006
2016-11-27,0.8715593263305492,13.78056293583249
2016-11-28,0.8480137284537612,13.408274345027117
2016-11-29,0.8249189176923393,13.043113324343812
2016-11-30,0.837755566175547,13.246078557993224
2016-12-01,0.8422036355836688,13.316408710594134
2016-12-02,1.038879996331582,16.42613501997585
2016-12-03,1.0123113682504674,16.006048124764693
2016-12-04,0.9851154852666731,15.576043458723664
2016-12-05,0.958061028568663,15.148274938603112
2016-12-06,0.9317499942228465,14.73226095796462
2016-12-07,0.9064093449270046,14.331590112152607
2016-12-08,0.9126935415404622,14.430951984966821
2016-12-09,0.9052725047962386,14.313615091409085
2016-12-10,0.8806441105345884,13.924205986511907
2016-12-11,0.8674621710909016,13.715781223409593
2016-12-12,0.8439298904764304,13.343703197009814
2016-12-13,0.8209549487194308,12.980437471700666
2016-12-14,0.818777587139986,12.946010362296732
2016-12-15,0.7965687433017393,12.594857708657452
2016-12-16,0.7901762764006083,12.49378393228339
2016-12-17,0.8324881240662048,13.162792985450206
2016-12-18,0.8111808741064773,12.825895782713859
2016-12-19,0.7891816383973398,12.478057324594937
2016-12-20,0.7678179924668846,12.14026842326681
2016-12-21,0.7717051600276288,12.201729938960174
2016-12-22,0.79503142431847,12.570550561270725
2016-12-23,0.7753644937229324,12.259589084938973
2016-12-24,0.755875569927153,11.951442143238387
2016-12-25,0.7355046750812414,11.62935001479406
2016-12-26,0.7157295010756853,11.316677059875499
2016-12-27,0.6965425914491273,11.013305381476828
2016-12-28,0.6779277022780237,10.718978140615372
2016-12-29,0.6618091099191161,10.464120817965702
2016-12-30,0.6690419382227837,10.57848187478831
2016-12-31,0.679701162626803,10.747019010826069
2017-01-01,0.6615899553650227,10.460655680213033
2017-01-02,0.6440214533593733,10.18287327313759
2017-01-03,0.6269812568845379,9.91344410995133
2017-01-04,0.6104551487076508,9.65214339646485
2017-01-05,0.6051390519895524,9.568088527010165
2017-01-06,0.592626880632482,9.370253727196854
2017-01-07,0.6007813224601174,9.499186773310223
2017-01-08,0.600016939306362,9.487100814455575
2017-01-09,0.5849598940218753,9.249028024799195
2017-01-10,0.5697094773359084,9.007897764827733
2017-01-11,0.5549971363883582,8.775275229291642
2017-01-12,0.5951267732323096,9.409780499803128
2017-01-13,0.6199741350399223,9.8026517855948
2017-01-14,0.753629242295609,11.915924584805135
2017-01-15,0.7431855030311313,11.750794567981728
2017-01-16,0.7232105952823897,11.43496354529288
2017-01-17,0.7038010702661525,11.128072008526248
2017-01-18,0.6849695968455828,10.830320269996639
2017-01-19,0.6764754398125937,10.69601585485972
2017-01-20,0.6621859145603063,10.470078622461118
2017-01-21,0.644638380175026,10.192627742573077
2017-01-22,0.6288470427147212,9.942944774198567
2017-01-23,0.6124077793092941,9.68301719711554
2017-01-24,0.596322749227315,9.428690540658645
2017-01-25,0.6036127300151883,9.543955257601388
2017-01-26,0.6355440431553759,10.048833648616668
2017-01-27,0.6210433605261816,9.819557724939203
2017-01-28,0.611003101945992,9.660807297886967
2017-01-29,0.5980732632271782,9.456368597236542
2017-01-30,0.5824872395244803,9.20993192440706
2017-01-31,0.5673122772115285,8.969994702826337
2017-02-01,0.5526011863013167,8.737391932115992
2017-02-02,0.5538254416576526,8.756749108934404
2017-02-03,0.5480807574852304,8.665917676818538
2017-02-04,0.5651682904464798,8.936095295572285
2017-02-05,0.5698139248604324,9.009549225195043
2017-02-06,0.5560416954241852,8.791791157810255
2017-02-07,0.541676781284169,8.564661922434205
2017-02-08,0.5286445885910904,8.358604863352545
2017-02-09,0.5287820168597355,8.360777795071604
2017-02-10,0.5204056722033319,8.228336157167524
2017-02-11,0.5232245997510848,8.272907315216987
2017-02-12,0.5139688340722032,8.126560810046582
2017-02-13,0.5011007567621849,7.923098643012631
2017-02-14,0.4884395163202988,7.722906854015647
2017-02-15,0.5106199863809269,8.073610878839435
2017-02-16,0.50387724906048,7.966998840855273
2017-02-17,0.49201140766009316,7.77938341495755
2017-02-18,0.47965644980221006,7.584034378826022
2017-02-19,0.5223443249918445,8.258988949187207
2017-02-20,0.5100862737293993,8.06517214086506
2017-02-21,0.4971442089701726,7.860540129542286
2017-02-22,0.48460692615245193,7.662308282673831
2017-02-23,0.47247683771495114,7.470514744264953
2017-02-24,0.46760889640141085,7.393545833930857
2017-02-25,0.48510122112221726,7.670123772375944
2017-02-26,0.4988473396749203,7.887468990442138
2017-02-27,0.48658233195091566,7.693542190805076
2017-02-28,0.47437690299589785,7.50055741421895
2017-03-01,0.4659183111382774,7.366815333879774
2017-03-02,0.4764747448931704,7.533727207050501
2017-03-03,0.4796830811640625,7.584455457629251
2017-03-04,0.5121206669792293,8.097338722494735
2017-03-05,0.5171104081031915,8.176233456926381
2017-03-06,0.5043171127917464,7.973953697109782
2017-03-07,0.4915552431094035,7.772170820117517
2017-03-08,0.48873130151683863,7.727520383058576
2017-03-09,0.4791632777474348,7.576236643968846
2017-03-10,0.47766394840257737,7.552530165506459
2017-03-11,0.4754052921077767,7.516817673791225
2017-03-12,0.4973386676638833,7.86361479145702
2017-03-13,0.48565442818056404,7.678870743986231
2017-03-14,0.47347822228560815,7.486348024550083
2017-03-15,0.4668096153001197,7.38090809007682
2017-03-16,0.45637696808523753,7.215953453956621
2017-03-17,0.48142731752548484,7.6120342560281475
2017-03-18,0.5799486815198713,9.169793798071977
2017-03-19,0.5659516654505936,8.948481541947503
2017-03-20,0.5514773786668261,8.71962297323161
2017-03-21,0.5372528714463192,8.494713766180046
2017-03-22,0.5234697743658934,8.276783866253234
2017-03-23,0.520770464888287,8.234104035958657
2017-03-24,0.568011365140282,8.98104825352429
2017-03-25,0.5801529141304335,9.173022999181269
2017-03-26,0.5838463809049986,9.231421836530178
2017-03-27,0.5692636574455928,9.000848733429715
2017-03-28,0.55449302800111,8.767304575835148
2017-03-29,0.5548598134005918,8.773103962209435
2017-03-30,0.5406049480366767,8.547714750764351
2017-03-31,0.5591248569442965,8.840540221798948
2017-04-01,0.5459898592957119,8.632857673646532
2017-04-02,0.532388173032113,8.417796130586543
2017-04-03,0.5187868652823938,8.202740572356483
2017-04-04,0.5055737556553637,7.993822965381916
2017-04-05,0.5158851627276583,8.156860626530014
2017-04-06,0.5071272664457357,8.018386127718037
2017-04-07,0.5134933624977025,8.11904294435614
2017-04-08,0.500461624866201,7.912993080429777
2017-04-09,0.4886999791388572,7.727025132777806
2017-04-10,0.4764590851294833,7.533479604446145
2017-04-11,0.46457309650782147,7.345545623009661
2017-04-12,0.4544523258675467,7.1855221885125165
2017-04-13,0.44433512718173596,7.025555231574396
2017-04-14,0.43359674777149443,6.8557665449973015
2017-04-15,0.42319235009484113,6.691258573295359
2017-04-16,0.41301308770243705,6.530310302992901
2017-04-17,0.40316580644514965,6.374611115326328
2017-04-18,0.3936417787796941,6.224023015719849
2017-04-19,0.39864868131446757,6.303189095881622
2017-04-20,0.40455622862193347,6.3965956202655585
2017-04-21,0.42602368140386987,6.736025852030743
2017-04-22,0.4198786029627636,6.63886363065928
2017-04-23,0.410389708210279,6.488831031181925
2017-04-24,0.4006760371226891,6.33524440578938
2017-04-25,0.3912340855464399,6.185954043099557
2017-04-26,0.4155566493566556,6.570527543974882
2017-04-27,0.4621942780558937,7.307933200769024
2017-04-28,0.4918694509071553,7.777138881614922
2017-04-29,0.4934235919915469,7.80171200977453
2017-04-30,0.48112339830455714,7.60722887121397
2017-05-01,0.4691037927006248,7.417182219787221
2017-05-02,0.45745079113359943,7.2329320871406635
2017-05-03,0.44729622425779997,7.072374287240532
2017-05-04,0.43808875875889897,6.926791474970803
2017-05-05,0.4448882292982029,7.034300543907872
2017-05-06,0.5429723134791438,8.585146085025192
2017-05-07,0.5373493386203542,8.496239046126998
2017-05-08,0.5236137655302052,8.279060566464059
2017-05-09,0.5102506413524078,8.067771021176535
2017-05-10,0.4975828249618727,7.867475257302016
2017-05-11,0.48851482437833016,7.724097578963363
2017-05-12,0.5032496118087184,7.957075024555596
2017-05-13,0.5045813793193156,7.978132117792093
2017-05-14,0.5007687290376485,7.91784882373334
2017-05-15,0.4884981857117751,7.723834498545653
2017-05-16,0.4762324551062301,7.5298962691478595
2017-05-17,0.5435879103111394,8.594879525572644
2017-05-18,0.5322950885801838,8.41632433617232
2017-05-19,0.5186775808468709,8.20101263371119
2017-05-20,0.596573916817868,9.432661848961464
2017-05-21,0.6547756680585858,10.352912337617461
2017-05-22,0.639625954625124,10.113374335874514
2017-05-23,0.6227182038975649,9.846039323827236
2017-05-24,0.6131250101359761,9.69435761221754
2017-05-25,0.6022903906552226,9.523047236515483
2017-05-26,0.587061072804698,9.282250578423895
2017-05-27,0.5741714682997107,9.07844803655126
2017-05-28,0.5594723658382386,8.846034819859062
2017-05-29,0.5450039155414934,8.617268534105794
2017-05-30,0.5309788668287992,8.395513042971164
2017-05-31,0.5173873131849358,8.180611710696317
2017-06-01,0.5051592294196459,7.987268730108096
2017-06-02,0.4923914087011473,7.785391758972381
2017-06-03,0.5129979131200011,8.111209201861893
2017-06-04,0.5008686695358868,7.919429021757967
2017-06-05,0.4882179610151639,7.719403757056048
2017-06-06,0.47596104752983415,7.525604938569673
2017-06-07,0.46411686256642093,7.338331931006154
2017-06-08,0.4539501575096654,7.177582209613659
2017-06-09,0.4572409376075598,7.22961401155415
2017-06-10,0.456427252427239,7.216748519213458
2017-06-11,0.44702801612559956,7.068133544316868
2017-06-12,0.43607972101645265,6.895025799113937
2017-06-13,0.4254830846109364,6.727478266223483
2017-06-14,0.4178367386264223,6.6065789207797465
2017-06-15,0.4128239920271275,6.527320437844572
2017-06-16,0.411049244950559,6.499259222681164
2017-06-17,0.46381111798121344,7.333497684648559
2017-06-18,0.4550892375115135,7.1955926458286035
2017-06-19,0.4439700782699893,7.0197833014819695
2017-06-20,0.4331194056335444,6.84821910310182
2017-06-21,0.4226192791747639,6.682197526454097
2017-06-22,0.6577983679632128,10.400705419526435
2017-06-23,0.6501918890780505,10.28043642827098
2017-06-24,0.6519063778363562,10.307544875765979
2017-06-25,0.6528729914406967,10.322828378801082
2017-06-26,0.6362942006055241,10.06069467934773
2017-06-27,0.6194869170078542,9.7949481921026
2017-06-28,0.6032186913173719,9.537724958744654
2017-06-29,0.5908567351680207,9.342265269909282
2017-06-30,0.5756312816041512,9.101529711554504
2017-07-01,0.563436968343282,8.908720689524795
2017-07-02,0.5558502880794175,8.7887647419585
2017-07-03,0.5416630765306244,8.564445231254343
2017-07-04,0.5277411167793976,8.344319719719005
2017-07-05,0.5142504409118807,8.131013405136896
2017-07-06,0.5011785474362422,7.924328621566336
2017-07-07,0.5107547356913834,8.075741452510334
2017-07-08,0.49928434282818285,7.894378616987065
2017-07-09,0.496753034533298,7.854355118627499
2017-07-10,0.4843140816451353,7.657678004456879
2017-07-11,0.47218010813516165,7.465823037658557
2017-07-12,0.4978926686371295,7.87237431596406
2017-07-13,0.48717241272585354,7.702872187066481
2017-07-14,0.48395450865931283,7.651992656355547
2017-07-15,0.47280375550669945,7.47568376841274
2017-07-16,0.48712539576849234,7.702128783696918
2017-07-17,0.4757894205145506,7.52289127718811
2017-07-18,0.4639246125749267,7.335292191739805
2017-07-19,0.4581006319293534,7.243206972296058
2017-07-20,0.47151792950660376,7.455353074237909
2017-07-21,0.45978806722781795,7.269887667032628
2017-07-22,0.44866395810140003,7.094000058133895
2017-07-23,0.4380045491268018,6.925460003779044
2017-07-24,0.42734542261617237,6.756924415571683
2017-07-25,0.4170313122471919,6.5938440115499946
2017-07-26,0.41864351108877007,6.619335113452354
2017-07-27,0.408685247031384,6.461881133638705
2017-07-28,0.39920780555681307,6.312029626385761
2017-07-29,0.4401366387700909,6.959171301021291
2017-07-30,0.4312932290409778,6.81934471589084
2017-07-31,0.42096610953504376,6.6560586193533195
2017-08-01,0.41085927199098604,6.496255486450695
2017-08-02,0.4016065987846151,6.349957877563968
2017-08-03,0.4349031840785943,6.876423116739176
2017-08-04,0.42669983255362337,6.746716740409557
2017-08-05,0.4234259666193212,6.694952374877406
2017-08-06,0.45432154835527283,7.183454414484936
2017-08-07,0.44375176482725837,7.016331462867657
2017-08-08,0.432908106312655,6.844878167491534
2017-08-09,0.42244593363987465,6.679456692891746
2017-08-10,0.4280057818095637,6.767365611196425
2017-08-11,0.4293801663441471,6.789096538747395
2017-08-12,0.5241552261853103,8.287621811131553
2017-08-13,0.5125088746896272,8.103476825345219
2017-08-14,0.4996461489588004,7.900099274207884
2017-08-15,0.4870304589752986,7.700627701195696
2017-08-16,0.4765005159147667,7.534134682679871
2017-08-17,0.47491436678104726,7.5090554628235875
2017-08-18,0.4664581178714748,7.375350427745767
2017-08-19,0.4552713947749947,7.198472805053323
2017-08-20,0.4650464727941812,7.353030359285706
2017-08-21,0.45382393838693263,7.17558651005314
2017-08-22,0.4426575087269212,6.999029754764662
2017-08-23,0.43337893794806104,6.852322669303258
2017-08-24,0.42298749824450876,6.688019581145608
2017-08-25,0.4135626186813461,6.5389991506837735
2017-08-26,0.4179986070705516,6.609138285603528
2017-08-27,0.4818908086441418,7.619362694079225
2017-08-28,0.47227292720147585,7.467290635957772
2017-08-29,0.4605194451884297,7.281451767962538
2017-08-30,0.4491404803786917,7.101534536894155
2017-08-31,0.43945755703845446,6.9484340760743795
2017-09-01,0.42897078070744793,6.782623583480757
2017-09-02,0.4352035271630351,6.881171957870742
2017-09-03,0.4337603208200123,6.85835286198297
2017-09-04,0.4235137097751882,6.696339715985561
2017-09-05,0.413324000941082,6.535226272936989
2017-09-06,0.4034665478528503,6.379366254501624
2017-09-07,0.43592898434346344,6.892642443046128
2017-09-08,0.4253932881835772,6.726058460042478
2017-09-09,0.4236503964343044,6.698500921828392
2017-09-10,0.41346261296579967,6.537417921482966
2017-09-11,0.40360091548149707,6.381490793253222
2017-09-12,0.3940625589326985,6.230676134108289
2017-09-13,0.4009745030199216,6.339963565985082
2017-09-14,0.395284402984709,6.249995184857702
2017-09-15,0.4023214864504412,6.361261244039827
2017-09-16,0.3929228912077311,6.212656405174893
2017-09-17,0.3868606058577715,6.116803257516176
2017-09-18,0.3780278533768695,5.977145178275411
2017-09-19,0.3693394915474964,5.839770115692979
2017-09-20,0.3673447756035441,5.808230887353269
2017-09-21,0.35973143428428606,5.687853391487636
2017-09-22,0.3589304109289845,5.67518810017892
2017-09-23,0.3982289423987554,6.296552440900323
2017-09-24,0.40946220290734947,6.474165884686216
2017-09-25,0.4000895763666811,6.325971647052931
2017-09-26,0.39066697859252825,6.176987294843153
2017-09-27,0.415516035285782,6.569885379129822
2017-09-28,0.4062052904845648,6.422669577707731
2017-09-29,0.4059470937205946,6.418587128414579
2017-09-30,0.3963908618807295,6.267489836101602
2017-10-01,0.38850673033840344,6.14283077087097
2017-10-02,0.379515132853304,6.000661131589189
2017-10-03,0.37077687375546775,5.862497123919936
2017-10-04,0.377173346675839,5.963634241019745
2017-10-05,0.36895562727285575,5.833700688591815
2017-10-06,0.3685137228747119,5.826713566560913
2017-10-07,0.3790926931289145,5.993981773073166
2017-10-08,0.3906984366489966,6.177484690389164
2017-10-09,0.3820152031680566,6.04019071411515
2017-10-10,0.37319320443720094,5.900702666592057
2017-10-11,0.3659439702074088,5.7860822093010595
2017-10-12,0.3612507932278372,5.711876565712481
2017-10-13,0.35799363273970425,5.6603763364764506
2017-10-14,0.35258944633191985,5.57492864673284
2017-10-15,0.3655271881661137,5.779492306609324
2017-10-16,0.35794451016995976,5.659599640451885
2017-10-17,0.3499362399669607,5.532977770654205
2017-10-18,0.34246558041529573,5.414856271619437
2017-10-19,0.34449748048641404,5.446983432632396
2017-10-20,0.34463069864551304,5.449089796674634
2017-10-21,0.3511291455065254,5.551839263346488
2017-10-22,0.370609870727647,5.859856574199646
2017-10-23,0.36258655753934105,5.732996853920074
2017-10-24,0.35441999955818804,5.603872234598724
2017-10-25,0.3489377565877351,5.5171903622333325
2017-10-26,0.38199877621283435,6.03993098114753
2017-10-27,0.3894754415677275,6.1581474402691985
2017-10-28,0.4014961194404471,6.348211045754106
2017-10-29,0.3953230415693729,6.250606114523218
2017-10-30,0.38605795566657136,6.104112243673366
2017-10-31,0.3771008990385829,5.96248874329561
2017-11-01,0.36890885388991695,5.832961136472026
2017-11-02,0.42697598742697207,6.7510831323432425
2017-11-03,0.4183988728931529,6.615467043948233
2017-11-04,0.4303825273239949,6.804945257417381
2017-11-05,0.42098409740646203,6.656343032573019
2017-11-06,0.4108768261625525,6.496533042273632
2017-11-07,0.4010994907065618,6.341939794831374
2017-11-08,0.39183296036923054,6.195423085466298
2017-11-09,0.4539163267963039,7.177047299068207
2017-11-10,0.4438892169339165,7.018504771498797
2017-11-11,0.43476388979080627,6.87422068066687
2017-11-12,0.4390182474911382,6.941487982237495
2017-11-13,0.42853298464336625,6.775701419914981
2017-11-14,0.4181803762361306,6.612012308461618
2017-11-15,0.40823814134478126,6.454811772016315
2017-11-16,0.4084611593334746,6.458337996033618
2017-11-17,0.3990307360330153,6.30922991138875
2017-11-18,0.39017619753927213,6.169227365039424
2017-11-19,0.38843465810552447,6.141691208811212
2017-11-20,0.3797200582851074,6.00390128716415
2017-11-21,0.37097492883434713,5.865628649677051
2017-11-22,0.3751840192573752,5.932180212748903
2017-11-23,0.3697006996670056,5.845481317527955
2017-11-24,0.38688445155280315,6.117180291059626
2017-11-25,0.37857419455832664,5.985783590840169
2017-11-26,0.37197731204547896,5.881477719854502
2017-11-27,0.3635860478292274,5.748800182996388
2017-11-28,0.3553854978006441,5.619138102213977
2017-11-29,0.35520135178923434,5.616226498123527
2017-11-30,0.36584855629446156,5.784573582874147
2017-12-01,0.3590514165727785,5.6771013673995405
2017-12-02,0.3520025523276884,5.5656490377405
2017-12-03,0.34427970728702384,5.443540136015321
2017-12-04,0.33674238008380225,5.324364528854686
2017-12-05,0.3294664327482099,5.20932170027516
2017-12-06,0.33926587469805075,5.364264482075653
2017-12-07,0.3361245435290302,5.314595675180731
2017-12-08,0.34158749130656607,5.400972463758571
2017-12-09,0.34779235862494134,5.499080030284607
2017-12-10,0.3405445651675209,5.384482353605031
2017-12-11,0.33313608811882195,5.267344046270177
2017-12-12,0.32598636348404214,5.154296973825578
2017-12-13,0.3191240749784975,5.045794665632007
2017-12-14,0.3275830774286978,5.179543238009898
2017-12-15,0.35046070520630157,5.541270294203717
2017-12-16,0.3644340709945031,5.762208606550671
2017-12-17,0.35970856776490445,5.687491840070605
2017-12-18,0.35165778319579577,5.560197759122001
2017-12-19,0.3438650064117399,5.436983139447507
2017-12-20,0.37699113886926594,5.960753282638574
2017-12-21,0.36922451142094403,5.83795212026518
2017-12-22,0.3621163627320662,5.725562421245212
2017-12-23,0.35399276957279135,5.597117135405854
2017-12-24,0.3467729230054054,5.482961337856414
2017-12-25,0.3391563295451745,5.36253242112705
2017-12-26,0.33179617689691193,5.246158189651902
2017-12-27,0.3246934826967227,5.133854733670572
2017-12-28,0.3181627454185524,5.030594710674638
2017-12-29,0.3182674400134459,5.0322500775674985
2017-12-30,0.3272796238647119,5.174745215878442
2017-12-31,0.3244288893343709,5.129671145276602
2018-01-01,0.3175861161260989,5.021477401026016
2018-01-02,0.3109868747323265,4.917134232858092
2018-01-03,0.30462455542520517,4.816537131799253
2018-01-04,0.4129378344335344,6.529120444337374
2018-01-05,0.4401553286278114,6.959466813618998
2018-01-06,0.4547014229033405,7.189460758470041
2018-01-07,0.46249193883662715,7.3126396309551325
2018-01-08,0.45129441476005216,7.13559122977238
2018-01-09,0.4402088879519645,6.9603136608903124
2018-01-10,0.42970738264904584,6.794270282802516
2018-01-11,0.4321161178736766,6.832355730753068
2018-01-12,0.4504299336950113,7.121922583974293
2018-01-13,0.49287000101534084,7.792958967889894
2018-01-14,0.48379598310195226,7.649486147212512
2018-01-15,0.4718591483766297,7.460748218287463
2018-01-16,0.4601187774098972,7.275116654136525
2018-01-17,0.4487514604629062,7.09538359194891
2018-01-18,0.4393595257243859,6.946884064901999
2018-01-19,0.4587218965783114,7.253030028898319
2018-01-20,0.4602729856975993,7.277554901252591
2018-01-21,0.48325677583562204,7.640960531749929
2018-01-22,0.47150321829794156,7.455120469605376
2018-01-23,0.459774127337428,7.2696672580128014
2018-01-24,0.44946830706686514,7.106717931956244
2018-01-25,0.4394727030124327,6.948673554950143
2018-01-26,0.5437360532998248,8.597221871890795
2018-01-27,0.5945495061003262,9.400653105026025
2018-01-28,0.6321991423852605,9.995946123712589
2018-01-29,0.6161300025039457,9.741870713388575
2018-01-30,0.5999321872649237,9.485760767019105
2018-01-31,0.6213667053515007,9.824670255527392
2018-02-01,0.6085132186058709,9.621438785572515
2018-02-02,0.593641987920698,9.38630398269785
2018-02-03,0.6193653405043095,9.793025898796797
2018-02-04,0.617823703098263,9.768650471150693
2018-02-05,0.6024074820959585,9.524898614751663
2018-02-06,0.5866259221352772,9.275370242220312
2018-02-07,0.6261533116432872,9.900353146250081
2018-02-08,0.6172726747706166,9.759937948297512
2018-02-09,0.6064365739073382,9.588604149881128
2018-02-10,0.6221261176606271,9.836677618427428
2018-02-11,0.7256491887135891,11.473521092941455
2018-02-12,0.708408485248156,11.200921635869824
2018-02-13,0.689439651289591,10.900998036536755
2018-02-14,0.6714257671619356,10.616173519788024
2018-02-15,0.6539017843496654,10.33909502296594
2018-02-16,0.6382770293071497,10.092045953883186
2018-02-17,0.7111857369596016,11.244833841088667
2018-02-18,0.694678112334289,10.983825378213309
2018-02-19,0.6761195235845575,10.69038832517567
2018-02-20,0.658115325033667,10.405716950842084
2018-02-21,0.6406511771501179,10.129584527311962
2018-02-22,0.6255133825050492,9.890234978160377
2018-02-23,0.6234364636059001,9.857396006976574
2018-02-24,0.6070315937070909,9.598012238981708
2018-02-25,0.6138873239539019,9.706410851999863
2018-02-26,0.5987791540788399,9.467529711590176
2018-02-27,0.583107868925205,9.219744936852837
2018-02-28,0.5683742223055622,8.986785529062278
2018-03-01,0.5541770255209844,8.762308137917852
2018-03-02,0.5433931386833359,8.591799915735455
2018-03-03,0.5297873518567827,8.376673537082343
2018-03-04,0.5186937320412106,8.201268006516418
2018-03-05,0.5054833741519285,7.992393908335888
2018-03-06,0.4926850461256779,7.790034574311293
2018-03-07,0.5012032579739507,7.9247193294731675
2018-03-08,0.49520768066468807,7.829920928548699
2018-03-09,0.5047888872449773,7.9814131061802325
2018-03-10,0.5060535225919851,8.001408746710744
2018-03-11,0.4932587666286883,7.799105891960545
2018-03-12,0.48088266418809156,7.603422530621273
2018-03-13,0.46885691869553636,7.413278799031384
2018-03-14,0.48369876281403446,7.647948959489524
2018-03-15,0.47226064249577077,7.467096397705707
2018-03-16,0.46229967350943924,7.309599649210176
2018-03-17,0.45440722475793976,7.184809077355723
2018-03-18,0.44482729576096713,7.033337100090094
2018-03-19,0.4339552965105804,6.861435698335767
2018-03-20,0.42342724788040154,6.694972633393863
2018-03-21,0.4217563350122372,6.668553181218442
2018-03-22,0.4346664485034517,6.872679998635973
2018-03-23,0.4473684138611164,7.073515705089852
2018-03-24,0.4384596547032628,6.932655854766347
2018-03-25,0.44184982304031595,6.986259122748714
2018-03-26,0.43122774137328923,6.8183092649481
2018-03-27,0.4207878746163346,6.6532404778448395
2018-03-28,0.454178980193749,7.181200213923747
2018-03-29,0.5317613576341864,8.40788530893698
2018-03-30,0.5199466118084889,8.221077775011125
2018-03-31,0.5105032964530979,8.071765849079734
2018-04-01,0.4975482211322618,7.866928122715342
2018-04-02,0.4849982719930595,7.668496003719597
2018-04-03,0.47284273766913615,7.476300130519833
2018-04-04,0.4619941388328081,7.304768721798589
2018-04-05,0.459036901441355,7.258010693104555
2018-04-06,0.47379225726325336,7.4913133535216785
2018-04-07,0.4627006021198278,7.315938887149946
2018-04-08,0.4514583463822345,7.138183216305491
2018-04-09,0.44039717616959834,6.9632907590117945
2018-04-10,0.42966139996512154,6.793543232731873
2018-04-11,0.42863664127458884,6.777340375161199
2018-04-12,0.4255252847780095,6.728145509451435
2018-04-13,0.4962778714315603,7.846842130319692
2018-04-14,0.4969162284367339,7.856935440803054
2018-04-15,0.4847200621795383,7.664097120328908
2018-04-16,0.472622528293822,7.472818314579255
2018-04-17,0.4608579706850166,7.286804326038809
2018-04-18,0.4946900252357931,7.821736077556401
2018-04-19,0.4822424908238727,7.624923277581437
2018-04-20,0.5042164974842582,7.972362829414078
2018-04-21,0.5233026524782576,8.274141437194254
2018-04-22,0.562582914788796,8.895216917145103
2018-04-23,0.5497075255495494,8.691639138358893
2018-04-24,0.5355375125160211,8.467591560057787
2018-04-25,0.6378596607939349,10.085446778256202
2018-04-26,0.6580040595492155,10.40395768906294
2018-04-27,0.7150886849908373,11.306544867928542
2018-04-28,0.6988029038748921,11.049044058921814
2018-04-29,0.6804346156442805,10.758615921285829
2018-04-30,0.6623620204500371,10.472863101065718
2018-05-01,0.6447703394920834,10.194714202574986
2018-05-02,0.6279097349534533,9.928124637227766
2018-05-03,0.6114192059890657,9.667386480485556
2018-05-04,0.619363598251359,9.792998351358879
2018-05-05,0.6318482315764284,9.990397736655181
2018-05-06,0.6262566203742806,9.901986600710686
2018-05-07,0.6100413720253748,9.64560101267155
2018-05-08,0.594028092535817,9.392408832692244
2018-05-09,0.6177231887391473,9.767061199588905
2018-05-10,0.7447085808763056,11.77487654320419
2018-05-11,0.7282394417531086,11.514476589546735
2018-05-12,0.7665887104382689,12.120831767781121
2018-05-13,0.750385116465291,11.864630451605187
2018-05-14,0.7301699972642782,11.545001352370168
2018-05-15,0.710553582214287,11.234838596944277
2018-05-16,0.6915841079849327,10.934904874041145
2018-05-17,0.8303042928526231,13.128263582148769
2018-05-18,0.8433708803283865,13.334864470494981
2018-05-19,0.8447831892683362,13.357195035545276
2018-05-20,0.8729102221616553,13.801922474372097
2018-05-21,0.8504371304614909,13.446591695180372
2018-05-22,0.8272712075324196,13.080306292401447
2018-05-23,0.8333412041824428,13.176281366419774
2018-05-24,0.8812513767406641,13.93380770829815
2018-05-25,0.875456823817737,13.842187782003972
2018-05-26,0.8516614245937767,13.465949485100383
2018-05-27,0.8463229454176453,13.381540717910612
2018-05-28,0.8237979616974329,13.02538945384019
2018-05-29,0.801414560076478,12.67147679931758
2018-05-30,0.7796901485742427,12.327983693448461
2018-05-31,0.7610466803276891,12.033204577727785
2018-06-01,0.7434551434598293,11.75505795750148
2018-06-02,0.7284694950525876,11.518114051594688
2018-06-03,0.7192611690449893,11.372517633487808
2018-06-04,0.7004851452667107,11.075642630783605
2018-06-05,0.6817525862302423,10.779454865989559
2018-06-06,0.664082359899782,10.50006405611489
2018-06-07,0.6465214689330503,10.222401990131148
2018-06-08,0.6857368571721656,10.84245172094807
2018-06-09,0.673400607725854,10.647398490776391
2018-06-10,0.6735505555100302,10.649769373416852
2018-06-11,0.6560817446880557,10.373563222356664
2018-06-12,0.6386787013072855,10.098396945846911
2018-06-13,0.621825273157969,9.831920849177727
2018-06-14,0.6055699529958205,9.574901670139493
2018-06-15,0.5897203555696218,9.324297530821841
2018-06-16,0.5752766430200966,9.095922383195555
2018-06-17,0.6148001898014633,9.720844528382235
2018-06-18,0.5997877719047584,9.483477359682924
2018-06-19,0.5840858228695568,9.235207746407323
2018-06-20,0.6112864707370602,9.665287751874887
2018-06-21,0.5959562981595665,9.422896440533215
2018-06-22,0.5922857562323008,9.364860076846696
2018-06-23,0.6057270162658097,9.577385058489092
2018-06-24,0.6293166680780915,9.950370203174739
2018-06-25,0.6136148911077646,9.702103310483682
2018-06-26,0.5974932750450911,9.447198178879663
2018-06-27,0.5825648776848847,9.211159491508177
2018-06-28,0.5673876621524093,8.971186643398639
2018-06-29,0.5539703916222602,8.759040969109009
2018-06-30,0.548292492110539,8.669265495196024
2018-07-01,0.5443944609766665,8.607632211329596
2018-07-02,0.5306953283948187,8.391029906693285
2018-07-03,0.5171125584645626,8.176267457125006
2018-07-04,0.5041690448726567,7.971612537746157
2018-07-05,0.5246896582351558,8.296071923792075
2018-07-06,0.511971627817694,8.094982206439669
2018-07-07,0.5246638673727816,8.295664134452464
2018-07-08,0.5149416797988433,8.141942851587306
2018-07-09,0.5023537896255894,7.942910832169636
2018-07-10,0.4896533312890177,7.742098953811436
2018-07-11,0.49531886152334126,7.831678852276485
2018-07-12,0.48995168133326344,7.746816282210578
2018-07-13,0.47913533605958963,7.575794847092546
2018-07-14,0.46920857148197925,7.418838917784905
2018-07-15,0.48258219090433535,7.630294407459458
2018-07-16,0.4712191448596019,7.450628874165833
2018-07-17,0.4594990579560146,7.265318029213602
2018-07-18,0.44963051437689794,7.109282654720408
2018-07-19,0.4490338876936505,7.099849158560939
2018-07-20,0.4386508716667012,6.935679260424979
2018-07-21,0.4290395722941399,6.783711273969775
2018-07-22,0.4187379638369512,6.620828542529927
2018-07-23,0.40870371298406755,6.462173105986929
2018-07-24,0.3989976312138238,6.308706478237883
2018-07-25,0.40843812410510527,6.457973777093272
2018-07-26,0.3987581613552021,6.304920127316867
2018-07-27,0.4080434608188,6.451733602625413
2018-07-28,0.40186694271428924,6.354074276527814
2018-07-29,0.4004910613745476,6.332319682409276
2018-07-30,0.3911243202412463,6.184218501237181
2018-07-31,0.38199860853715234,6.039928329962214
2018-08-01,0.38210520749602517,6.041613807493418
2018-08-02,0.40076174148093696,6.336599510676711
2018-08-03,0.39199090504677425,6.197920410092993
2018-08-04,0.40361816609217793,6.381763549357124
2018-08-05,0.3962343703756438,6.265015488148909
2018-08-06,0.38702016189168953,6.119326059924196
2018-08-07,0.37803102361171553,5.977195304089566
2018-08-08,0.36962248887799865,5.844244696373652
2018-08-09,0.3615217397202105,5.716160605912146
2018-08-10,0.36355484974839736,5.748306898026144
2018-08-11,0.3597356411295184,5.687919907551126
2018-08-12,0.3628479647258133,5.737130064450017
2018-08-13,0.35559644395467,5.62247345376585
2018-08-14,0.3476685053791925,5.497121738523752
2018-08-15,0.44612090742487337,7.053790896418613
2018-08-16,0.4583849446807127,7.247702351606681
2018-08-17,0.5262760061369135,8.321154286446992
2018-08-18,0.5595216483509983,8.846814044804747
2018-08-19,0.5534437999011359,8.750714822930304
2018-08-20,0.5391783744305663,8.525158641538408
2018-08-21,0.5253331542621581,8.306246489345058
2018-08-22,0.5119528425795901,8.094685185745684
2018-08-23,0.5686454979574773,8.991074773731272
2018-08-24,0.5707365240495458,9.024136799220157
2018-08-25,0.5746111092715604,9.085399370670135
2018-08-26,0.5872020465495147,9.284479569043414
2018-08-27,0.5725389832094316,9.052636180893522
2018-08-28,0.5576680756547827,8.817506487161046
2018-08-29,0.57840425594363,9.145374285584273
2018-08-30,0.6247483300535244,9.878138436778807
2018-08-31,0.6525579579881201,10.31784726255464
2018-09-01,0.6488371248830606,10.259015725527917
2018-09-02,0.6596512899820873,10.43000268905804
2018-09-03,0.6428255926532888,10.163965055159968
2018-09-04,0.6258214190831903,9.895105464108228
2018-09-05,0.6093303653921088,9.634359010708508
2018-09-06,0.6481177265772986,10.247641039572546
2018-09-07,0.6314313831013664,9.983806783553362
2018-09-08,0.6263198887712387,9.902986961902162
2018-09-09,0.6260081818386586,9.898058442555072
2018-09-10,0.6099490270309735,9.644140910107433
2018-09-11,0.5939385482385731,9.390993013038395
2018-09-12,0.578704131682266,9.150115737329848
2018-09-13,0.589388482415012,9.31905015550768
2018-09-14,0.6336645513642317,10.019116274098643
2018-09-15,0.6515556287997597,10.301999046552206
2018-09-16,0.643053621373012,10.167570505791257
2018-09-17,0.6260841774182367,9.899260038172931
2018-09-18,0.6095851814961931,9.638388007075491
2018-09-19,0.6135981881658958,9.70183921378403
2018-09-20,0.5974849647996067,9.447066782361434
2018-09-21,0.5979125100791207,9.453826866792022
2018-09-22,0.5843917220092162,9.24004443648537
2018-09-23,0.5709987027247343,9.028282208057764
2018-09-24,0.5562512635544055,8.795104720892649
2018-09-25,0.5418799071338715,8.567873624117789
2018-09-26,0.5455463758364045,8.625845584466422
2018-09-27,0.538869193415418,8.52027006045265
2018-09-28,0.5267045812687172,8.327930654272025
2018-09-29,0.5170783794258591,8.175727039072315
2018-09-30,0.516482410024643,8.166303935454268
2018-10-01,0.5038016031049263,7.965802773278623
2018-10-02,0.49105585379066063,7.764274781685581
2018-10-03,0.5097843581421784,8.060398436281435
2018-10-04,0.5010999506880937,7.923085897862175
2018-10-05,0.4920570389141218,7.780104908433651
2018-10-06,0.48009808048127944,7.591017172978353
2018-10-07,0.46825568162672027,7.403772406275473
2018-10-08,0.45663944438580106,7.220103568664599
2018-10-09,0.44538308617685257,7.042124918169545
2018-10-10,0.4352332572647735,6.881642032053551
2018-10-11,0.46767484319542296,7.394588544298179
2018-10-12,0.45920129329141113,7.2606099564792865
2018-10-13,0.4586022691380216,7.251138552988461
2018-10-14,0.4558295359266553,7.207297791528909
2018-10-15,0.44459971765080103,7.029738774221486
2018-10-16,0.43372882011603714,6.857854792120669
2018-10-17,0.4232084743965469,6.691513520890709
2018-10-18,0.44440053527342205,7.026589424310062
2018-10-19,0.43619250757844724,6.896809111240751
2018-10-20,0.4623938233111215,7.311088288283021
2018-10-21,0.46155964278508926,7.297898736072925
2018-10-22,0.4502712754643434,7.119413977082078
2018-10-23,0.4392185018007622,6.944654280885877
2018-10-24,0.43345133549786896,6.853467375075301
2018-10-25,0.44524118420725034,7.039881251027509
2018-10-26,0.47055241968856176,7.440087023596571
2018-10-27,0.4705813074444243,7.440543779121653
2018-10-28,0.4732924242682627,7.4834102999523076
2018-10-29,0.4619274921274718,7.303714944861545
2018-10-30,0.4505025679347747,7.1230710321431285
2018-10-31,0.43972753511419527,6.952702804262631
2018-11-01,0.4465147461386372,7.060018033249837
2018-11-02,0.46281622721448856,7.31776708041895
2018-11-03,0.4813220465261399,7.610369775380687
2018-11-04,0.47863220448138355,7.567839638343114
2018-11-05,0.4670592159902764,7.384854623509044
2018-11-06,0.45547111721183164,7.2016306940545425
2018-11-07,0.44435955244256825,7.025941428857765
2018-11-08,0.4653706208765833,7.358155590483539
2018-11-09,0.45394060130784814,7.177431112796046
2018-11-10,0.44509380660976816,7.037551006606874
2018-11-11,0.4832138669747096,7.640282083088495
2018-11-12,0.4724138226657036,7.469518388852504
2018-11-13,0.46065587678049974,7.28360894084126
2018-11-14,0.45538988484325743,7.200346297532419
2018-11-15,0.47222184759414654,7.466482996452034
2018-11-16,0.46544621264847025,7.359350801341192
2018-11-17,0.45761357879140285,7.2355059860087785
2018-11-18,0.46822214307153337,7.403242115156363
2018-11-19,0.45747935686030555,7.23338375093771
2018-11-20,0.4461961958178529,7.05498131043456
2018-11-21,0.43534144783453,6.8833526751624605
2018-11-22,0.4253668329305535,6.725640165764323
2018-11-23,0.42165175294070883,6.666899593476201
2018-11-24,0.41158018084293196,6.5076540562383265
2018-11-25,0.44359271904125985,7.0138167281876225
2018-11-26,0.43380795412900414,6.859106010727494
2018-11-27,0.42328466556121797,6.692718208980416
2018-11-28,0.45129212326985213,7.135554998131039
2018-11-29,0.44316176711123995,7.007002779883081
2018-11-30,0.4664490219126982,7.375206608009582
2018-12-01,0.535094264049678,8.460583186442683
2018-12-02,0.521834492520098,8.250927790008046
2018-12-03,0.508560493326599,8.04104743445457
2018-12-04,0.49566604778491236,7.837168349070904
2018-12-05,0.5405069453635931,8.546165192445706
2018-12-06,0.5726948705179433,9.055100975659574
2018-12-07,0.5612931661948061,8.874824201315063
2018-12-08,0.5800470560251912,9.171349235574493
2018-12-09,0.6526696631255438,10.319613475857643
2018-12-10,0.6366069201330654,10.065639209226942
2018-12-11,0.6197902039020698,9.799743578953601
2018-12-12,0.630376688309665,9.967130594662896
2018-12-13,0.6163395790443048,9.74518440944694
2018-12-14,0.6112898262488092,9.665340807174097
2018-12-15,0.604012295023659,9.550272935101747
2018-12-16,0.5968486854040865,9.437006321771038
2018-12-17,0.5815611143846379,9.195288600205838
2018-12-18,0.5664144252736026,8.955798417199127
2018-12-19,0.5632056424416786,8.905063105870502
2018-12-20,0.5521074354189115,8.729585045190401
2018-12-21,0.5516248666322899,8.72195496272326
2018-12-22,0.5588960537446301,8.836922525564548
2018-12-23,0.586156595027121,9.267949529073142
2018-12-24,0.5723774015346891,9.050081350291867
2018-12-25,0.5575114389643909,8.815029843627102
2018-12-26,0.5490898243641692,8.681872425062956
2018-12-27,0.534938643335767,8.458122606907382
2018-12-28,0.5324524376573657,8.418812243530422
2018-12-29,0.528803345691703,8.361115033515844
2018-12-30,0.5339697704818926,8.44280338200063
2018-12-31,0.5210580731633538,8.238651522074274
2019-01-01,0.5077743460653081,8.028617354844657
2019-01-02,0.49747103125832853,7.865707643645689
2019-01-03,0.48492350197042494,7.667313785858459
2019-01-04,0.47481377483490694,7.507464964503226
2019-01-05,0.47485041564828717,7.5080443066312395
2019-01-06,0.48607056337208315,7.685450419084985
2019-01-07,0.4753140359731766,7.515374787612229
2019-01-08,0.4634642676745074,7.328013499766963
2019-01-09,0.45199002135122185,7.146589735689988
2019-01-10,0.5346548315563254,8.453635148658279
2019-01-11,0.5629314033520171,8.900727005136593
2019-01-12,0.5606497744517686,8.864651284636341
2019-01-13,0.5626150436440943,8.895724918951887
2019-01-14,0.548293965546975,8.669288792271649
2019-01-15,0.5341674967847058,8.445929709351699
2019-01-16,0.5270241156825476,8.332982936964578
2019-01-17,0.5139503984150571,8.126269316712865
2019-01-18,0.5106057188317097,8.073385289078661
2019-01-19,0.5208623429173392,8.235556755152318
2019-01-20,0.5315017885423368,8.403781161234846
2019-01-21,0.5184085467357209,8.196758830913627
2019-01-22,0.5052072053612839,7.988027296350435
2019-01-23,0.49241750917309685,7.78580444366921
2019-01-24,0.48260875197995723,7.630714374939804
2019-01-25,0.477781555534484,7.554389697535983
2019-01-26,0.47914956104139067,7.576019763803375
2019-01-27,0.47013740534683496,7.433525070689111
2019-01-28,0.45860630977508304,7.251202441070022
2019-01-29,0.4472872034206961,7.072231655282284
2019-01-30,0.4460703316501075,7.052991223205175
2019-01-31,0.4469733243529979,7.067268791463402
2019-02-01,0.44587685711605235,7.049932122220904
2019-02-02,0.5488964698078937,8.678815221093949
2019-02-03,0.535701704364006,8.47018766112211
2019-02-04,0.5222003235059948,8.256712085778538
2019-02-05,0.5088811018464219,8.046116700254048
2019-02-06,0.5037132578226737,7.964405911716382
2019-02-07,0.4941527993963416,7.813241791203588
2019-02-08,0.49429231760647413,7.815447767799032
2019-02-09,0.4827849513434498,7.633500331494346
2019-02-10,0.47431023597307603,7.499503316034254
2019-02-11,0.4625262690827111,7.313182439806429
2019-02-12,0.45108228498027564,7.13223716345416
2019-02-13,0.4558004427106645,7.206837787393957
2019-02-14,0.4447917572383047,7.03277518670864
2019-02-15,0.4349078213738272,6.876496438814769
2019-02-16,0.4428304586858541,7.0017643337219635
2019-02-17,0.4406588662593091,6.967428442634694
2019-02-18,0.4302277341971513,6.802497763182555
2019-02-19,0.419820232452878,6.63794071186216
2019-02-20,0.4097507117689257,6.478727610324832
2019-02-21,0.4352717037686751,6.882249924655548
2019-02-22,0.42476874217220983,6.716183520545006
2019-02-23,0.41733816816456687,6.59869582961202
2019-02-24,0.4098815380542075,6.4807961555213796
2019-02-25,0.400291470831829,6.329163878837176
2019-02-26,0.3908622094278256,6.180074165388337
2019-02-27,0.3972616509743838,6.281258220589509
2019-02-28,0.39057415618383484,6.175519643696282
2019-03-01,0.41193540622930375,6.513270662756567
2019-03-02,0.40751171829693533,6.443326015136142
2019-03-03,0.4222344044972308,6.67611212348046
2019-03-04,0.41238695966171496,6.520410349414999
2019-03-05,0.402560169048529,6.365035147278848
2019-03-06,0.3933937865154499,6.220101913734279
2019-03-07,0.3857883344745288,6.099849158311845
2019-03-08,0.37725995866425227,5.965003696800056
2019-03-09,0.3758209892987265,5.942251593408711
2019-03-10,0.4851958299586339,7.671619669425218
2019-03-11,0.47542462764147203,7.517123395422486
2019-03-12,0.46357136029496165,7.32970678277312
2019-03-13,0.4623432829842581,7.310289175550133
2019-03-14,0.46198727255559774,7.304660156423434
2019-03-15,0.4513894329134335,7.13709359869112
2019-03-16,0.44030491589045384,6.961831995913497
2019-03-17,0.4503619904167555,7.120848306419358
2019-03-18,0.4400052848163115,6.957094412653234
2019-03-19,0.42928212452165376,6.787546361422231
2019-03-20,0.4506195704531949,7.1249210043940465
2019-03-21,0.4416592231724579,6.983245474227921
2019-03-22,0.4316608073553997,6.8251566393511345
2019-03-23,0.42579001611803186,6.732331279463931
2019-03-24,0.4884208532552461,7.722611765047215
2019-03-25,0.4787528288318432,7.569746876786769
2019-03-26,0.466794339017277,7.380666550837
2019-03-27,0.4552399331637688,7.197975353301661
2019-03-28,0.4848427150030857,7.666036431748211
2019-03-29,0.5433371227048289,8.59091422534823
2019-03-30,0.5294578324227518,8.371463377358207
2019-03-31,0.5255802361939907,8.310153197711386
2019-04-01,0.5125011726153712,8.103355044858434
2019-04-02,0.49948379343098176,7.897532207914756
2019-04-03,0.525271652547313,8.305274061850474
2019-04-04,0.5119176298769511,8.094128424031137
2019-04-05,0.5131430108399041,8.113503398252845
2019-04-06,0.5031651663791574,7.955739825078576
2019-04-07,0.4912013716658759,7.766575621315322
2019-04-08,0.47892004002367117,7.572390717869007
2019-04-09,0.4669562677939234,7.3832268696016365
2019-04-10,0.46513757372951803,7.354470791548886
2019-04-11,0.4643468725507613,7.34196870818163
2019-04-12,0.4536870167034417,7.17342158814866
2019-04-13,0.47046372062362196,7.4386845682388865
2019-04-14,0.45912403731152374,7.259388432182725
2019-04-15,0.44782725068818224,7.080770552329316
2019-04-16,0.4368527861318763,6.907249031835736
2019-04-17,0.4687919862062129,7.41225212622935
2019-04-18,0.4827719976087542,7.633295514965129
2019-04-19,0.4728584017330182,7.476547801116241
2019-04-20,0.46152053246916086,7.2972803476812125
2019-04-21,0.4501085654953349,7.116841306581667
2019-04-22,0.4390610021544568,6.942163992820897
2019-04-23,0.4283682516962359,6.773096763321961
2019-04-24,0.42757966590447305,6.760628127159872
2019-04-25,0.4743358136470315,7.499907734568995
2019-04-26,0.5030550603603743,7.953998896061336
2019-04-27,0.5093355853331161,8.053302715138491
2019-04-28,0.5032466473263091,7.957028151973111
2019-04-29,0.4906630114934239,7.7580633995829755
2019-04-30,0.47832919986966704,7.563048714770319
2019-05-01,0.4847041952244884,7.663846241741462
2019-05-02,0.4879404263774565,7.715015549132322
2019-05-03,0.47731770560197323,7.547055586139736
2019-05-04,0.5134403700043458,8.118205059466648
2019-05-05,0.5184338489335419,8.19715889378824
2019-05-06,0.5058287331729809,7.997854513920948
2019-05-07,0.49301961197458877,7.795324524860624
2019-05-08,0.48086781851553256,7.603187799927856
2019-05-09,0.48736828813445476,7.705969249210461
2019-05-10,0.4760793355519402,7.527475236418531
2019-05-11,0.46526449681887205,7.356477621799005
2019-05-12,0.45789193581601684,7.239907197011217
2019-05-13,0.4471226228056293,7.069629407270671
2019-05-14,0.4361707537621888,6.896465153204863
2019-05-15,0.43035913279077725,6.8045753573685595
2019-05-16,0.4251342459340228,6.72196264244845
2019-05-17,0.43567103693353576,6.888563936386565
2019-05-18,0.42534619189089323,6.725313802271321
2019-05-19,0.44266938722457516,6.999217570303499
2019-05-20,0.432569787709638,6.839528880689833
2019-05-21,0.4220865153334413,6.6737737904862975
2019-05-22,0.45454497834780305,7.186987152854886
2019-05-23,0.4440970617556911,7.021791086682195
2019-05-24,0.4337096776096229,6.857552122518703
2019-05-25,0.4446490810860814,7.030519278664568
2019-05-26,0.4391459396380869,6.943506972355869
2019-05-27,0.42859655767736576,6.77670659784101
2019-05-28,0.4182418891390773,6.6129849128556195
2019-05-29,0.40822381275547753,6.45458521712703
2019-05-30,0.3989969414509713,6.3086955721295865
2019-05-31,0.39693101742147474,6.276030445099177
2019-06-01,0.405594623580714,6.413014086168475
2019-06-02,0.4133275451615384,6.535282311982849
2019-06-03,0.4039602165040568,6.3871718412378025
2019-06-04,0.3944100308148331,6.236170146960344
2019-06-05,0.3851864631411344,6.090332736952401
2019-06-06,0.5861027812557439,9.267098658637966
2019-06-07,0.5717808679421523,9.040649326025772
2019-06-08,0.5585839093012563,8.831987088564416
2019-06-09,0.5534585299263353,8.750947725078412
2019-06-10,0.5394067862068237,8.528770148825298
2019-06-11,0.5255545091130763,8.3097464168452
2019-06-12,0.5251788476992019,8.303806688360789
2019-06-13,0.5130079764837261,8.111368317613362
2019-06-14,0.5139199022364555,8.125787129791302
2019-06-15,0.5008673218311297,7.919407712674737
2019-06-16,0.49008068838250257,7.748856062759645
2019-06-17,0.47777911371693793,7.554351089010602
2019-06-18,0.46585139244144663,7.365757256379596
2019-06-19,0.4681130151744164,7.401516651600592
2019-06-20,0.485814706528766,7.681404967185871
2019-06-21,0.47824845144537476,7.561771970079152
2019-06-22,0.5753541098500994,9.097147241325164
2019-06-23,0.5623507788802727,8.891546526156873
2019-06-24,0.5479410260550337,8.663708328917865
2019-06-25,0.5338254323317904,8.440521195462738
2019-06-26,0.5201678169493059,8.224575335386724
2019-06-27,0.5102928755618931,8.068438802662286
2019-06-28,0.5010645622009575,7.922526356750686
2019-06-29,0.5153789233621657,8.14885627934904
2019-06-30,0.5062026769131571,8.003767083599543
2019-07-01,0.49345963960604317,7.802281972604649
2019-07-02,0.48103796594544423,7.60587806701058
2019-07-03,0.47014822677415585,7.4336961724784505
2019-07-04,0.4651446846745066,7.354583225461287
2019-07-05,0.45418847280585295,7.181350305299711
2019-07-06,0.4430412649106399,7.005097472798287
2019-07-07,0.4351753604296244,6.8807266027116185
2019-07-08,0.4247442782169664,6.715796711449278
2019-07-09,0.41451458611798997,6.554051077474307
2019-07-10,0.41493435911707194,6.560688271361001
2019-07-11,0.4236251217783912,6.698101294429578
2019-07-12,0.4177622821998095,6.605401661307078
2019-07-13,0.41913028634263283,6.627031706006418
2019-07-14,0.4093728309219518,6.472752789521876
2019-07-15,0.399738700559675,6.320423813422987
2019-07-16,0.3903276858914038,6.171622606198033
2019-07-17,0.38130193941003343,6.028913023876128
2019-07-18,0.3773902978142069,5.96706453971079
2019-07-19,0.38928247251201925,6.155096331599348
2019-07-20,0.3806765977304411,6.019025503759393
2019-07-21,0.3915613992511666,6.191129327181179
2019-07-22,0.3827496442962676,6.0518032479774035
2019-07-23,0.37390307756594426,5.911926746274951
2019-07-24,0.37674695770900246,5.956892439497898
2019-07-25,0.3812799328670332,6.028565069879592
2019-07-26,0.3770133237387918,5.961104056225051
2019-07-27,0.38267652658685863,6.050647155482269
2019-07-28,0.4023031191324286,6.360970831242685
2019-07-29,0.3934085912098224,6.220335996505678
2019-07-30,0.38420704972447606,6.074846851114561
2019-07-31,0.42072391341011744,6.65222916237715
2019-08-01,0.4460688339148391,7.052967541931274
2019-08-02,0.4568750029623279,7.223828076785658
2019-08-03,0.4992021865263057,7.893079611796725
2019-08-04,0.5355883461814099,8.468395310880005
2019-08-05,0.523267029144877,8.273578182837603
2019-08-06,0.5099146728973651,8.062458893477022
2019-08-07,0.7004867519563882,11.075668034777976
2019-08-08,0.7103027077487337,11.230871923354648
2019-08-09,0.6927830542748916,10.953861879383538
2019-08-10,0.6997528799753058,11.064064499921974
2019-08-11,0.6847706611319313,10.82717482018119
2019-08-12,0.6666383778202233,10.540478247958898
2019-08-13,0.6489183678904936,10.26030029026517
2019-08-14,0.6979959609955143,11.03628517171937
2019-08-15,0.699456478898799,11.059377987408539
2019-08-16,0.7120928494571341,11.2591765490197
2019-08-17,0.6938235934813256,10.970314248818715
2019-08-18,0.675631933455874,10.682678848319398
2019-08-19,0.6576821083611272,10.398867193814159
2019-08-20,0.6402309758146664,10.122940560832607
2019-08-21,0.6247110669617556,9.877549255565562
2019-08-22,0.6278963616433582,9.927913186628986
2019-08-23,0.6367620548468104,10.068092104424903
2019-08-24,0.6215213644651236,9.827115630827148
2019-08-25,0.6116220827979878,9.670594244488658
2019-08-26,0.5960280551825686,9.424031018687213
2019-08-27,0.5804404451277189,9.177569263427877
2019-08-28,0.6141966129553537,9.711301140498998
2019-08-29,0.6088774193949588,9.627197305668256
2019-08-30,0.6069998596747495,9.597510479874007
2019-08-31,0.5957078101216412,9.418967499677464
2019-09-01,0.6376184992457471,10.081633679374573
2019-09-02,0.6219914243373408,9.834547929991418
2019-09-03,0.6056161861154877,9.575632679946912
2019-09-04,0.5897371807560315,9.324563560377399
2019-09-05,0.5776889673657879,9.134064580132854
2019-09-06,0.6012151370022508,9.506045983486446
2019-09-07,0.5931719739617943,9.378872409486808
2019-09-08,0.5795544926620302,9.163561124976784
2019-09-09,0.5647343967379965,8.929234833666165
2019-09-10,0.5501025811704253,8.697885516180992
2019-09-11,0.5375724643431955,8.499766973570749
2019-09-12,0.52462071117415,8.29498177503831
2019-09-13,0.5112472949799686,8.08352949868334
2019-09-14,0.5044039008563763,7.975325936899524
2019-09-15,0.4917237785927615,7.77483560008736
2019-09-16,0.47937208325610026,7.579538148945711
2019-09-17,0.46739403232048093,7.3901485345153715
2019-09-18,0.4566924946754525,7.220942367393749
2019-09-19,0.4598170073194562,7.270345250058982
2019-09-20,0.4490392850495001,7.099934498250075
2019-09-21,0.43802553663115207,6.925791845359791
2019-09-22,0.4472309439934631,7.07134211563272
2019-09-23,0.4370094731585955,6.9097264712568975
2019-09-24,0.42638284518113456,6.741704729976672
2019-09-25,0.48908166477800763,7.733060112627268
2019-09-26,0.48557092859147033,7.67755049956011
2019-09-27,0.48702871468932407,7.700600121612845
2019-09-28,0.4897254447063302,7.743239167054265
2019-09-29,0.5049069401633713,7.983279686713009
2019-09-30,0.49284700297648576,7.792595336967398
2019-10-01,0.480444568156301,7.596495624149575
2019-10-02,0.48672806452680534,7.69584642515055
2019-10-03,0.47482191055853457,7.507593601588611
2019-10-04,0.4634069637555432,7.32710744525306
2019-10-05,0.4839878049081182,7.65251911627437
2019-10-06,0.5017564856301204,7.933466626763631
2019-10-07,0.4906577605882172,7.7579803754818215
2019-10-08,0.47832411402612884,7.562968300523298
2019-10-09,0.4740711295149159,7.495722710979045
2019-10-10,0.4630616663323097,7.321647813615035
2019-10-11,0.453914324913051,7.177015646514762
2019-10-12,0.4457818431923327,7.048429820178987
2019-10-13,0.45458105025535805,7.187557499791991
2019-10-14,0.4443157063513177,7.025248161283527
2019-10-15,0.43345393081583017,6.853508410655349
2019-10-16,0.4241026229325997,6.705651250592869
2019-10-17,0.4474794357756227,7.075271115690014
2019-10-18,0.4376320949745143,6.919570986552965
2019-10-19,0.42789408989660127,6.765599606990512
2019-10-20,0.4978026784373075,7.8709514459714045
2019-10-21,0.4867919764621056,7.69685696157664
2019-10-22,0.4745799466011795,7.5037678155040615
2019-10-23,0.4746626288235527,7.505075136227581
2019-10-24,0.47674856919190045,7.538056749363928
2019-10-25,0.4792071416629977,7.576930193370207
2019-10-26,0.48160355880525285,7.614820875337197
2019-10-27,0.4828383122310455,7.6343440412082
2019-10-28,0.4708069402604176,7.444111347188736
2019-10-29,0.45909992075336853,7.259007115917253
2019-10-30,0.4602297770454264,7.276871712475129
2019-10-31,0.44886454058250136,7.097171545628934
2019-11-01,0.4482743751368575,7.08784021060612
2019-11-02,0.44586299357389103,7.049712920372566
2019-11-03,0.5108684268207238,8.077539067102697
2019-11-04,0.5001734928252176,7.908437312847874
2019-11-05,0.4875412863384775,7.708704590989612
2019-11-06,0.47567199590989884,7.521034631167889
2019-11-07,0.48913135213576636,7.733845738734434
2019-11-08,0.47928827705909405,7.578213056622829
2019-11-09,0.4697366612840093,7.427188750702517
2019-11-10,0.47247892487027776,7.470547745088267
2019-11-11,0.4609424550458694,7.288140141073601
2019-11-12,0.44954889788121843,7.1079921846154654
2019-11-13,0.4390852938495068,6.942548078243818
2019-11-14,0.5248805690949296,8.299090489526806
2019-11-15,0.6146553197620295,9.718553931935588
2019-11-16,0.5986215076193256,9.465037102204544
2019-11-17,0.6128376967293371,9.689814788381135
2019-11-18,0.5976714166724159,9.450014845321839
2019-11-19,0.5820338170749664,9.202762685993475
2019-11-20,0.5908813326594614,9.342654190397678
2019-11-21,0.5903994246386096,9.3350345555547
2019-11-22,0.5828876981986117,9.216263732002192
2019-11-23,0.5708407195080317,9.025784274073462
2019-11-24,0.5816349915708965,9.196456701084347
2019-11-25,0.5673823552782464,8.971102734350586
2019-11-26,0.5526693638163742,8.738469913279953
2019-11-27,0.5669846213455436,8.9648140087002
2019-11-28,0.5976482942542628,9.449649247789965
2019-11-29,0.6106717843635785,9.65556870694053
2019-11-30,0.5956199550371152,9.41757838882182
2019-12-01,0.5884217455455201,9.303764703479404
2019-12-02,0.5733896482702958,9.066086376484805
2019-12-03,0.558492710744962,8.830545112778369
2019-12-04,0.5700073839175961,9.012608081468175
2019-12-05,0.5559049983491506,8.789629787277294
2019-12-06,0.562556207784553,8.894794642330664
2019-12-07,0.5550016793562884,8.775347059921623
2019-12-08,0.5620076354227055,8.886120951706383
2019-12-09,0.54836290089783,8.670378755871674
2019-12-10,0.5342343081805196,8.446986090273832
2019-12-11,0.5418301849862182,8.56708744793409
2019-12-12,0.5282496417471748,8.352360205445203
2019-12-13,0.5495089270092118,8.688499019721636
2019-12-14,0.5369498297746021,8.489922256637191
2019-12-15,0.5287584509769698,8.360405185748544
2019-12-16,0.5152375745352811,8.146621358161298
2019-12-17,0.5021349329699751,7.939450404605495
2019-12-18,0.4921322581703589,7.781294229301716
2019-12-19,0.49200714332615314,7.77931598991778
2019-12-20,0.494065283893007,7.811858049598022
2019-12-21,0.48262168874612976,7.630918923173115
2019-12-22,0.47151757896650776,7.455347531712336
2019-12-23,0.4597953532085717,7.270002868503478
2019-12-24,0.4484383425734597,7.090432763414931
2019-12-25,0.4420379538125909,6.989233731440491
2019-12-26,0.4370596352515424,6.910519603586464
2019-12-27,0.42661789309252596,6.745421163772984
2019-12-28,0.45092110204284547,7.129688637442982
2019-12-29,0.4490262996431713,7.0997291809483665
2019-12-30,0.4382093968147675,6.928698930115999
2019-12-31,0.42754408517142545,6.760065546373627
2020-01-01,0.4488714939604688,7.09728148818798
2020-01-02,0.44098873218055556,6.972644080802737
2020-01-03,0.4302339175043924,6.802595529854328
2020-01-04,0.42840985641756,6.773754591725965
2020-01-05,0.41817596008058067,6.611942482911421
2020-01-06,0.40816961550116854,6.4537282832943115
2020-01-07,0.3984810619467455,6.300538800971826
2020-01-08,0.3891611020659961,6.153177296349029
2020-01-09,0.3805537511517151,6.017083128801726
2020-01-10,0.3768104250806965,5.957895946756187
2020-01-11,0.3702993014766248,5.854946043177432
2020-01-12,0.3864239006529764,6.109898341950162
2020-01-13,0.3779779676074451,5.976356415004355
2020-01-14,0.369291280471621,5.839007831651912
2020-01-15,0.38037516815991607,6.014259483774466
2020-01-16,0.3811710500776509,6.02684348181739
2020-01-17,0.39704280251691637,6.277797922649451
2020-01-18,0.4012851098567855,6.344874691291634
2020-01-19,0.3941900581993987,6.232692074522158
2020-01-20,0.38503127919101754,6.087879063259044
2020-01-21,0.37610848034275624,5.94679722593888
2020-01-22,0.36748460291028057,5.81044175119514
2020-01-23,0.39507539323947977,6.246690450617222
2020-01-24,0.3990700724348197,6.309851874512036
2020-01-25,0.4081759594351224,6.453828589697411
2020-01-26,0.39883633642245714,6.306156183660682
2020-01-27,0.3896518986270858,6.1609374713531375
2020-01-28,0.3805751352599858,6.017421241241062
2020-01-29,0.39161170110610294,6.191924669341829
2020-01-30,0.38310060475485,6.057352420066291
2020-01-31,0.3748311886795376,5.9266014714783015
2020-02-01,0.39100748259259166,6.182371135806145
2020-02-02,0.38270748951755934,6.051136722402511
2020-02-03,0.3740447208975918,5.914166323991855
2020-02-04,0.36549029438803615,5.778908964758255
2020-02-05,0.3791839298434003,5.9954243521931945
2020-02-06,0.4004410444772278,6.331528845824149
2020-02-07,0.3923398251377307,6.203437321137071
2020-02-08,0.42393694669558085,6.703031679277141
2020-02-09,0.44665400545802975,7.062219916423264
2020-02-10,0.43681171691603227,6.9065996705168144
2020-02-11,0.42619146677372155,6.738678771664668
2020-02-12,0.4789992725561371,7.573643494205885
2020-02-13,0.4761870332561088,7.529178086638249
2020-02-14,0.5086852666362476,8.043020273703005
2020-02-15,0.4974080442797981,7.864711732070248
2020-02-16,0.48532041939413084,7.673589601368043
2020-02-17,0.4732197608891655,7.482261391050151
2020-02-18,0.46143628658277913,7.295948303258882
2020-02-19,0.4500270022364524,7.115551678224394
2020-02-20,0.47642505242605004,7.532941500157235
2020-02-21,0.4718784534848094,7.461053458849082
2020-02-22,0.46021223232944064,7.27659430615805
2020-02-23,0.4563437008478526,7.215427452748631
2020-02-24,0.4451421591387762,7.038315527218348
2020-02-25,0.434253843062645,6.866156133796338
2020-02-26,0.4274945334812312,6.759282065359003
2020-02-27,0.4361402382962787,6.895982661324178
2020-02-28,0.4438798099693282,7.01835603432896
2020-02-29,0.5071908301610045,8.019391158301996
2020-03-01,0.5140955315803161,8.128564073544105
2020-03-02,0.5020888095603631,7.9387211294663595
2020-03-03,0.4893966431088085,7.738040357321911
2020-03-04,0.4875747664975244,7.709233958784677
2020-03-05,0.6199220984849029,9.801829015417551
2020-03-06,0.6202973583395365,9.807762394692881
2020-03-07,0.6886296086244145,10.8881901374174
2020-03-08,0.7429904346730983,11.747710266427662
2020-03-09,0.7256446797286572,11.473449799629856
2020-03-10,0.7061627721582439,11.165413794192938
2020-03-11,1.4495948022742087,22.920106297639645
2020-03-12,1.438857822675906,22.75033974403266
2020-03-13,1.4307175296985362,22.621630410884855
2020-03-14,1.7060606871123016,26.975187988733733
2020-03-15,1.7655112456930935,27.91518385515658
2020-03-16,1.7180432759961064,27.16464935442492
2020-03-17,1.6698806602329066,26.403131535008722
2020-03-18,1.792853160984614,28.347497494719537
2020-03-19,1.7926460151692203,28.344222231797453
2020-03-20,1.8208183422204172,28.78966583414224
2020-03-21,1.7725314502582346,28.02618303548737
2020-03-22,1.7696526170283646,27.98066468543653
2020-03-23,1.7212428969588571,27.215239803882486
2020-03-24,1.6729889379655964,26.45227772118714
2020-03-25,1.6264397783382347,25.71627088324105
2020-03-26,1.5873876333041972,25.09880225412709
2020-03-27,1.5497014204565065,24.502930909204075
2020-03-28,1.5835696590974873,25.0384347814222
2020-03-29,1.5727511949985393,24.867379844735016
2020-03-30,1.5292943344478371,24.180266548232325
2020-03-31,1.4865262378979933,23.50404356679485
2020-04-01,1.457645099012362,23.047392665303587
2020-04-02,1.417774256542648,22.416979293133245
2020-04-03,1.3846918084894522,21.893899861021733
2020-04-04,1.3474168794723338,21.304531484445754
2020-04-05,1.3389679651410638,21.170942419233494
2020-04-06,1.3026515161469512,20.596728942479864
2020-04-07,1.266381859750054,20.023255321650407
2020-04-08,1.241887029933227,19.635958056053514
2020-04-09,1.2699194375819565,20.079189338395068
2020-04-10,1.235385182455637,19.53315482091249
2020-04-11,1.2017231043019583,19.00091063221139
2020-04-12,1.1683578179367713,18.47335913372263
2020-04-13,1.1359545292672006,17.96101815434378
2020-04-14,1.104486516199622,17.463465180676327
2020-04-15,1.0780150700210995,17.04491486626287
2020-04-16,1.048379900319056,16.576341690742513
2020-04-17,1.0793999972322565,17.066812488166878
2020-04-18,1.0528804256149153,16.64750124375311
2020-04-19,1.0399817551224362,16.443555356031908
2020-04-20,1.011640379374488,15.995438859101036
2020-04-21,0.9837715349493048,15.554793738398713
2020-04-22,0.9613526792986793,15.200320506446149
2020-04-23,1.034534688612207,16.357429672338167
2020-04-24,1.0086819343195579,15.948661735570832
2020-04-25,0.9846458264424748,15.568617500685345
2020-04-26,0.9764189703406506,15.438539484364254
2020-04-27,0.9497109476221158,15.016248566413793
2020-04-28,0.9236431166126894,14.604079968163024
2020-04-29,0.8990317148633132,14.214939538475619
2020-04-30,0.8750645517299546,13.835985415704462
2020-05-01,0.9163826232689647,14.489281488649715
2020-05-02,0.9357309367340041,14.795205185811861
2020-05-03,0.9100997558771573,14.38994063267515
2020-05-04,0.8851873753788397,13.996041311117931
2020-05-05,0.861003277451817,13.613657148088189
2020-05-06,0.9103356405030477,14.393670296089303
2020-05-07,0.9718756528554618,15.36670332743193
2020-05-08,0.9813348808951676,15.51626685499393
2020-05-09,0.9784105903991906,15.470029762457576
2020-05-10,0.9660538536044814,15.274652598865126
2020-05-11,0.9403364225617694,14.868024310548682
2020-05-12,0.9145417800306992,14.46017520140852
2020-05-13,0.8979227544112381,14.197405334157581
2020-05-14,0.9021203544315091,14.263775218009707
2020-05-15,0.8850343223814549,13.99362133074567
2020-05-16,0.9104087043330074,14.394825536675542
2020-05-17,0.9000738354856928,14.231416912292376
2020-05-18,0.8756920505727371,13.845907043566026
2020-05-19,0.8517858878868949,13.467917422557077
2020-05-20,0.9263763071045977,14.647295504330756
2020-05-21,0.9080809965479153,14.358021245034559
2020-05-22,0.8851997374187583,13.996236772131274
2020-05-23,0.8818193840151236,13.942788691872332
2020-05-24,0.8638961890176902,13.659398096176206
2020-05-25,0.840367169810091,13.287371637146887
2020-05-26,0.8174968355356782,12.925759901364094
2020-05-27,0.795298803181906,12.57477819230395
2020-05-28,0.8512073547386275,13.458770010304914
2020-05-29,0.8465939574228364,13.385825793958878
2020-05-30,0.8391304934067542,13.267818066331241
2020-05-31,0.8163430120952527,12.907516350916914
2020-06-01,0.7941948990081562,12.557323934765872
2020-06-02,0.772683350572846,12.217196489502815
2020-06-03,0.7522848293586153,11.894667549821651
2020-06-04,0.828733634113071,13.103429286929599
2020-06-05,0.868149869991522,13.726654697761363
2020-06-06,0.8523936988187664,13.477527757214393
2020-06-07,0.8523272569929539,13.476477219707055
2020-06-08,0.8297640209451972,13.11972113323242
2020-06-09,0.8072052064680872,12.763034957928182
2020-06-10,0.8103997239140465,12.813544713700058
2020-06-11,0.8192154221913504,12.952933142305572
2020-06-12,0.8131760095079257,12.857441643258914
2020-06-13,0.8279978819908198,13.091796024431517
2020-06-14,0.8077908978824879,12.77229555230574
2020-06-15,0.7859484831596335,12.426936651694664
2020-06-16,0.7646802636177245,12.090656574049985
2020-06-17,0.7443842536080438,11.769748478829152
2020-06-18,0.7301143076098433,11.544120821619558
2020-06-19,0.7133604180025412,11.279218567489066
2020-06-20,0.6978906001150206,11.034619269926166
2020-06-21,0.7105482207509581,11.234753824765725
2020-06-22,0.6920191063054568,10.941782801397164
2020-06-23,0.6735393113824196,10.649591588149097
2020-06-24,0.657264890963913,10.39227040754094
2020-06-25,0.6609222124840554,10.450097738236934
2020-06-26,0.6503199204117484,10.28246078140275
2020-06-27,0.6399846668771901,10.119046074580202
2020-06-28,0.6306401717387259,9.971296633470615
2020-06-29,0.614372493700061,9.714082059248206
2020-06-30,0.5982279205662212,9.458813944477725
2020-07-01,0.58403668721672,9.234430843520904
2020-07-02,0.5688286454257927,8.993970589469122
2020-07-03,0.5807180904106356,9.18195922080597
2020-07-04,0.6690822442991501,10.579119169812621
2020-07-05,0.6519680978221378,10.308520754427095
2020-07-06,0.6348573485289516,10.037976053234171
2020-07-07,0.618093412433378,9.772914950176558
2020-07-08,0.6078020243550409,9.610193817115315
2020-07-09,0.592276578618908,9.364714966037669
2020-07-10,0.5769857620430859,9.122945927720394
2020-07-11,0.5632800273096696,8.906239233902014
2020-07-12,0.5559947067717476,8.79104820198083
2020-07-13,0.541933309073459,8.568717982920626
2020-07-14,0.528003006787124,8.348460564323277
2020-07-15,0.5186486549835407,8.20055527565414
2020-07-16,0.5348990919642931,8.457497244815178
2020-07-17,0.546566057481964,8.641968166907604
2020-07-18,0.5478034158603463,8.661532520695507
2020-07-19,0.5631635329566608,8.904397296451735
2020-07-20,0.5490622734094983,8.681436806220596
2020-07-21,0.5349121349044051,8.457703471805873
2020-07-22,0.5217035654311655,8.248857650965835
2020-07-23,0.532919522397527,8.42619750172651
2020-07-24,0.5200065673024022,8.222025754606157
2020-07-25,0.5383771100759002,8.512489539695158
2020-07-26,0.55104573493726,8.712798086615816
2020-07-27,0.5376276127706983,8.500638946772176
2020-07-28,0.5238303176707496,8.282484556445585
2020-07-29,0.5132738783010307,8.115572594496664
2020-07-30,0.5594678530572526,8.845963466526577
2020-07-31,0.5455340060440677,8.625650000876584
2020-08-01,0.5477909938074577,8.661336110793792
2020-08-02,0.5365916155931267,8.484258393119017
2020-08-03,0.5228700815712077,8.267301890615242
2020-08-04,0.5095300541209151,8.056377536654775
2020-08-05,0.5454184065859733,8.623822212957286
2020-08-06,0.5470271592974633,8.649258826758688
2020-08-07,0.544872837643723,8.615196010566487
2020-08-08,0.5310798818690762,8.397110230997207
2020-08-09,0.5177198376013962,8.185869383364482
2020-08-10,0.5045399236948083,7.977476646815754
2020-08-11,0.4917710875182837,7.775583619878887
2020-08-12,0.4794363479513704,7.580554262996663
2020-08-13,0.4969048280329777,7.856755184592478
2020-08-14,0.4935600529716295,7.80386964731853
2020-08-15,0.48609813717326983,7.685886399162478
2020-08-16,0.4827102540997888,7.632319264369819
2020-08-17,0.4708532437530701,7.44484346969075
2020-08-18,0.4591447562458696,7.259716027298847
2020-08-19,0.4480738717449113,7.084669973620423
2020-08-20,0.4371046289053146,6.91123101571733
2020-08-21,0.44593021420050516,7.0507757718017885
2020-08-22,0.4676552184214377,7.394278249376382
2020-08-23,0.4968799522331158,7.856361863661568
2020-08-24,0.48543072898865053,7.675333749200302
2020-08-25,0.47326156988493423,7.482922449316718
2020-08-26,0.47323669485495384,7.482529140558704
2020-08-27,0.48123020423899415,7.608917621316189
2020-08-28,0.49990712938230336,7.9042257370228075
2020-08-29,0.5146705951110048,8.137656626325477
2020-08-30,0.5931445013804795,9.378438029836014
2020-08-31,0.5804617167825079,9.177905597821548
2020-09-01,0.5653485991738666,8.938946226875029
2020-09-02,0.5727324170857709,9.05569463902286
2020-09-03,0.6713837523729623,10.61550920764519
2020-09-04,0.6677279363604531,10.557705681114971
2020-09-05,0.6550101299052492,10.356619504916788
2020-09-06,0.7311059560522505,11.559800160200384
2020-09-07,0.7130399265733853,11.27415115305559
2020-09-08,0.6939331068968042,10.972045807954999
2020-09-09,0.6753961388904942,10.678950608886948
2020-09-10,0.7376403699272819,11.663118315296913
2020-09-11,0.764464386455603,12.0872432564144
2020-09-12,0.7484273578697174,11.83367557025126
2020-09-13,0.7378377783603101,11.666239616685383
2020-09-14,0.7180354149198723,11.353136759054227
2020-09-15,0.6987798637609712,11.048679762734114
2020-09-16,0.6825547970717597,10.792138933103937
2020-09-17,0.6679571608407951,10.561330038381717
2020-09-18,0.664170886271156,10.50146378094755
2020-09-19,0.647888736466713,10.244020388017024
2020-09-20,0.6345034618287784,10.032380613203228
2020-09-21,0.6178254332439601,9.768677827156127
2020-09-22,0.6015762754187363,9.511756083219849
2020-09-23,0.6957440746893097,11.000679722922621
2020-09-24,0.6837634489417294,10.811249397140564
2020-09-25,0.7141882356826262,11.292307514271192
2020-09-26,0.6952523002818563,10.99290408680996
2020-09-27,0.6767439796218927,10.700261842058781
2020-09-28,0.6587498574380541,10.415749789077317
2020-09-29,0.6412666477894541,10.139315972578276
2020-09-30,0.6258718829476639,9.895903367864582
2020-10-01,0.6215412189065599,9.827429557110193
2020-10-02,0.6134750972964718,9.699892976251277
2020-10-03,0.6121587440756338,9.679079604335543
2020-10-04,0.6451695709107038,10.201026605556688
2020-10-05,0.6291208847118157,9.947274596347706
2020-10-06,0.6125301308789164,9.684951745292054
2020-10-07,0.6416360191054932,10.145156245883362
2020-10-08,0.6314796305965377,9.984569643434059
2020-10-09,0.6240201943784897,9.866625600885138
2020-10-10,0.6083676223942788,9.6191367073359
2020-10-11,0.5967558513910519,9.435538487143424
2020-10-12,0.581342217511983,9.191827536754452
2020-10-13,0.5662022119532217,8.952443029987974
2020-10-14,0.551525364131966,8.720381690053733
2020-10-15,0.5663985138557143,8.955546835592477
2020-10-16,0.5631284139955313,8.903842016920596
2020-10-17,0.5528940457170909,8.742022446056355
2020-10-18,0.542617981148437,8.579543598956844
2020-10-19,0.528727893342794,8.359922027129036
2020-10-20,0.5152060948395297,8.146123620468181
2020-10-21,0.5046655379235708,7.97946278216283
2020-10-22,0.49712626967236934,7.8602564843388745
2020-10-23,0.5514015226780531,8.718423584738176
2020-10-24,0.537197495375396,8.493838193620105
2020-10-25,0.5262068447914464,8.320060749558403
2020-10-26,0.5127868422323759,8.107871878098647
2020-10-27,0.4997605580925455,7.901908241446691
2020-10-28,0.49993079672831775,7.904599950620692
2020-10-29,0.4905307878663153,7.755972760472216
2020-10-30,0.49038631985450193,7.753688520640384
2020-10-31,0.4809319121825058,7.604201209783994
2020-11-01,0.47087662028679805,7.445213085142651
2020-11-02,0.4592320700505922,7.261096579769339
2020-11-03,0.4478930129963872,7.081810345719903
2020-11-04,0.4370674028053006,6.910642419395082
2020-11-05,0.4686958593508651,7.410732227193307
2020-11-06,0.45737576898330595,7.23174588279121
2020-11-07,0.49797155558454725,7.87362162812155
2020-11-08,0.4906575477092768,7.757977009570233
2020-11-09,0.4789821969001199,7.573373504378106
2020-11-10,0.46701646115296336,7.384178610174549
2020-11-11,0.7548673378699494,11.935500594684585
2020-11-12,0.7468514784029989,11.808758728087652
2020-11-13,0.7270734181004208,11.496040136806123
2020-11-14,0.7103164123030605,11.2310886113846
2020-11-15,0.6913252858880685,10.930812537366785
2020-11-16,0.6729003983069892,10.639489485422981
2020-11-17,0.6549926397861554,10.356342961852368
2020-11-18,0.6377697904356296,10.084025803124302
2020-11-19,0.6219265781466782,9.83352262169102
2020-11-20,0.6089372229219039,9.628142882454545
2020-11-21,0.592958947773801,9.375504169710197
2020-11-22,0.5775167428027699,9.131341470692034
2020-11-23,0.5624971219332918,8.893860412993288
2020-11-24,0.5479339381111642,8.66359625868509
2020-11-25,0.5411043257812378,8.555610606192406
2020-11-26,0.537590288914777,8.50004880479332
2020-11-27,0.5446281942663936,8.611327859132304
2020-11-28,0.5311201650687758,8.397747164309658
2020-11-29,0.5198060866074968,8.218855876492185
2020-11-30,0.5066501727980375,8.010842614798415
2020-12-01,0.4938153855158311,7.807906809320743
2020-12-02,0.49645668548228794,7.849669428709392
2020-12-03,0.5248877748389387,8.29920442234333
2020-12-04,0.5311106563710465,8.397596818597625
2020-12-05,0.6102579808963438,9.649025899639847
2020-12-06,0.5950097472032888,9.407930155816976
2020-12-07,0.579647517224109,9.165031972449329
2020-12-08,0.5645592682473181,8.926465809097506
2020-12-09,0.5641696579956336,8.920305530122134
2020-12-10,0.5495939921942604,8.689844018393321
2020-12-11,0.5653280346078722,8.938621072536852
2020-12-12,0.5591082892325397,8.840278263275106
2020-12-13,0.5543477058073439,8.765006830200782
2020-12-14,0.5402930715211659,8.542783550075697
2020-12-15,0.52641341682923,8.323326940259896
2020-12-16,0.5178124842771635,8.187334255929821
2020-12-17,0.5047610186813125,7.980972465498742
2020-12-18,0.4928748665234198,7.79303589832741
2020-12-19,0.4808164432702825,7.602375485976156
2020-12-20,0.4753881488439923,7.516546614990785
2020-12-21,0.4636276859790384,7.330597370035369
2020-12-22,0.45214865645499974,7.149097976913965
2020-12-23,0.4485925396362281,7.092870833049211
2020-12-24,0.43775248032201747,6.9214744460280695
2020-12-25,0.5059693614909394,8.000078042862283
2020-12-26,0.49869531210094903,7.8850652234376435
2020-12-27,0.4862312321940786,7.687990816217394
2020-12-28,0.4740368593183754,7.495180851594397
2020-12-29,0.4622275125056941,7.308458683559783
2020-12-30,0.4508627655230305,7.128766256076068
2020-12-31,0.4555749312487062,7.203272138102644
2021-01-01,0.5458724871337929,8.631001856818722
2021-01-02,0.5343966436603214,8.449552839579981
2021-01-03,0.5206992743576496,8.232978414835406
2021-01-04,0.5074266995262298,8.023120580423846
2021-01-05,0.494567656666153,7.819801260586003
2021-01-06,0.5072723628750099,8.020680303702356
2021-01-07,0.5525140148648654,8.736013630685518
2021-01-08,0.5678553529233353,8.97858148378247
2021-01-09,0.6248532027439891,9.8797966196099
2021-01-10,0.6186027309244748,9.78096798260809
2021-01-11,0.6026188537475518,9.528240694010794
2021-01-12,0.5868308724459608,9.278610791164907
2021-01-13,0.5737054484482467,9.07107961572386
2021-01-14,0.5644386966553957,8.924559404839572
2021-01-15,0.5520273539206989,8.728318845526447
2021-01-16,0.5421951068911813,8.572857369872946
2021-01-17,0.5291980588566323,8.367355996633997
2021-01-18,0.515674601510815,8.153531361369406
2021-01-19,0.5025583504863563,7.946145223370376
2021-01-20,0.48985149150287155,7.745232141898457
2021-01-21,0.493624993131386,7.804896441400758
2021-01-22,0.4816375266553998,7.615357954205615
2021-01-23,0.4700543459097348,7.4322117856770715
2021-01-24,0.552137246532259,8.730056400279219
2021-01-25,0.5400461230812723,8.538878952402252
2021-01-26,0.5261740959380194,8.319542944720462
2021-01-27,0.6225358631834388,9.843156263993135
2021-01-28,0.6061728999936794,9.584435099247468
2021-01-29,0.5941041708978175,9.393611737215126
2021-01-30,0.6446104957837999,10.192186851635869
2021-01-31,0.6479122025245232,10.244391418968952
2021-02-01,0.6313187528993783,9.982025943695326
2021-02-02,0.6146616227096261,9.718653590287477
2021-02-03,0.6009877057383992,9.502449979461938
2021-02-04,0.5935897257588367,9.38547764536322
2021-02-05,0.5781011199398021,9.140581284519785
2021-02-06,0.6271818906416776,9.916616408191723
2021-02-07,0.6219777196615571,9.834331240041065
2021-02-08,0.6058172259987936,9.578811399605817
2021-02-09,0.5899321175862589,9.32764578229426
2021-02-10,0.5785373323761123,9.14747840873194
2021-02-11,0.5883546183002867,9.302703328539453
2021-02-12,0.6093732747763427,9.635037467644379
2021-02-13,0.616758841456834,9.751813530251388
2021-02-14,0.6005571873324854,9.495642885775375
2021-02-15,0.5849278509086066,9.248521378692935
2021-02-16,0.5696784117389646,9.007406574611657
2021-02-17,0.5548950792586806,8.77366156438544
2021-02-18,0.5407822000595948,8.55051735132582
2021-02-19,0.5572393816412744,8.810728239651219
2021-02-20,0.5521544072350242,8.730327734814153
2021-02-21,0.5543789642925596,8.765501070248224
2021-02-22,0.5403338870873786,8.543428900841805
2021-02-23,0.5264529717726253,8.323952358829137
2021-02-24,0.5851592256102969,9.252179733944352
2021-02-25,0.5820803466595673,9.203498383323078
2021-02-26,0.5677185873706445,8.976419030522697
2021-02-27,0.5563272658085106,8.796306422044044
2021-02-28,0.5934436922325202,9.383168652573689
2021-03-01,0.5790078189308566,9.15491745433933
2021-03-02,0.5639391122849111,8.916660282368808
2021-03-03,0.5537553778051547,8.755641302156707
2021-03-04,0.5586480838256745,8.833001776889013
2021-03-05,0.5584237724282856,8.829455102284593
2021-03-06,0.5972305035271531,9.443043396375144
2021-03-07,0.5834287525246441,9.22481855204294
2021-03-08,0.5682853642851344,8.98538056039765
2021-03-09,0.553544703448782,8.752310248103068
2021-03-10,0.5528021438189201,8.740569349458793
2021-03-11,0.5513491738928521,8.717595877768286
2021-03-12,0.5690874158355382,8.998062108898377
2021-03-13,0.5693740420889692,9.00259406788859
2021-03-14,0.6421388231284703,10.153106275529879
2021-03-15,0.6264533086290258,9.905096515080677
2021-03-16,0.6099431559284334,9.644048079825417
2021-03-17,0.5941955047850562,9.395055852771282
2021-03-18,0.595395115673147,9.414023366332803
2021-03-19,0.6126176188387237,9.686335051396215
2021-03-20,0.6112159227562267,9.664172290356086
2021-03-21,0.6010117762777722,9.502830568106575
2021-03-22,0.5855146289734181,9.257799154522086
2021-03-23,0.5702472906125943,9.016401339378762
2021-03-24,0.5575437453280748,8.815540652087895
2021-03-25,0.5815059626859186,9.194416575281938
2021-03-26,0.6148224749300573,9.721196887203767
2021-03-27,0.6138888151706532,9.70643443020696
2021-03-28,0.5995791666688901,9.480179021297023
2021-03-29,0.5839180097230193,9.232554387585433
2021-03-30,0.5686993810336067,8.991926739970797
2021-03-31,0.594305480702926,9.396794724712464
2021-04-01,0.607137420718047,9.599685510944653
2021-04-02,0.7105705442032549,11.235106789538206
2021-04-03,0.7000164970428508,11.068232651739658
2021-04-04,0.6812979217213516,10.772265988892878
2021-04-05,0.6631386925031162,10.485143364479363
2021-04-06,0.6455236974137991,10.206625837204747
2021-04-07,0.6676194518056636,10.55599038969455
2021-04-08,0.6502839175408018,10.28189152603027
2021-04-09,0.6331250320045841,10.010585724007433
2021-04-10,0.616887319217066,9.753844942006436
2021-04-11,0.6120678723281306,9.677642795850197
2021-04-12,0.5961873622026815,9.426549883841268
2021-04-13,0.5805949053339357,9.180011493725399
2021-04-14,0.565708515928613,8.944637010440303
2021-04-15,0.5576366715872769,8.817009945255485
2021-04-16,0.5438110689893497,8.598407974086529
2021-04-17,0.5985275811952913,9.463551995042426
2021-04-18,0.5927891288300489,9.372819096449694
2021-04-19,0.5778533141584409,9.13666313108749
2021-04-20,0.5628198848842888,8.898963743340627
2021-04-21,0.5499395566313001,8.695307871890318
2021-04-22,0.5559107840071077,8.789721266561829
2021-04-23,0.5419022531830526,8.568226946178381
2021-04-24,0.5350245291335759,8.459480580606066
2021-04-25,0.5315543815554566,8.404612729787196
2021-04-26,0.5180137687117581,8.190516842284111
2021-04-27,0.5048247092421352,7.981979501687008
2021-04-28,0.5061271856687748,8.0025734622213
2021-04-29,0.606312231301606,9.58663812065956
2021-04-30,0.6118476741593295,9.674161157100148
2021-05-01,0.6029273510144494,9.53311846408746
2021-05-02,0.6023814698144835,9.52448732446867
2021-05-03,0.5871553715222598,9.283741572063537
2021-05-04,0.5718379973635292,9.041552621490565
2021-05-05,0.7382489031755541,11.67274007077932
2021-05-06,0.7184587049948701,11.359829562793909
2021-05-07,0.7044868038723389,11.138914408844599
2021-05-08,0.7396573981913367,11.695010332393657
2021-05-09,0.7313289402999686,11.563325850726025
2021-05-10,0.7124787034907646,11.265277436972877
2021-05-11,0.69338859967213,10.96343639279306
2021-05-12,0.7801404677157361,12.335103864253915
2021-05-13,0.7626196481859167,12.058075383318965
2021-05-14,0.7487949425180263,11.8394875938591
2021-05-15,0.728757388863294,11.522666052425174
2021-05-16,0.7332159586003099,11.593162229803516
2021-05-17,0.7148868263277757,11.303353202224985
2021-05-18,0.6957250065777728,11.000378229606948
2021-05-19,0.6774595661942185,10.711576259216693
2021-05-20,0.6918304211696997,10.938799427449112
2021-05-21,0.6975239172042436,11.028821504040588
2021-05-22,0.7248321534212323,11.460602630678512
2021-05-23,0.709844536250967,11.223627595895081
2021-05-24,0.6910019683323471,10.925700437948795
2021-05-25,0.6725525631226686,10.633989728258994
2021-05-26,0.6656765268854025,10.525270049340918
2021-05-27,0.6586332301316932,10.413905749449961
2021-05-28,0.6539274303525978,10.33950052187667
2021-05-29,0.6460938344262521,10.215640494893323
2021-05-30,0.632771677250739,10.004998694786439
2021-05-31,0.6162263738823881,9.743394478674215
2021-06-01,0.6000256397404501,9.487238380397327
2021-06-02,0.5843164601147007,9.23885444144693
2021-06-03,0.6476396346205947,10.24008174200159
2021-06-04,0.6443826268054688,10.188583926737758
2021-06-05,0.6372767661277386,10.076230404350484
2021-06-06,0.682042167177912,10.78403354279769
2021-06-07,0.6656043452489224,10.524128757458342
2021-06-08,0.6479153569152228,10.244441294265156
2021-06-09,0.6307579202877103,9.973158401500468
2021-06-10,0.6215172301449731,9.827050261485887
2021-06-11,0.6087807131059346,9.625668244981362
2021-06-12,0.5966016198156691,9.433099871816795
2021-06-13,0.6317123156376933,9.988248716971567
2021-06-14,0.6160508241180624,9.74061879318434
2021-06-15,0.5998554070843385,9.484546765770062
2021-06-16,0.5845111606309791,9.241932926912181
2021-06-17,0.7052165675108956,11.150452985101653
2021-06-18,0.6954916497081186,10.996688533528177
2021-06-19,0.72748205663376,11.502501279331435
2021-06-20,0.708983029134335,11.210005972350073
2021-06-21,0.6903365071078817,10.91517857212962
2021-06-22,0.6719069868966292,10.623782271871292
2021-06-23,0.6608195610952718,10.448474677269258
2021-06-24,0.6718028918724109,10.622136385023191
2021-06-25,0.659498336164028,10.427584276848608
2021-06-26,0.6420054751916221,10.150997859521256
2021-06-27,0.6512186247278692,10.29667054431258
2021-06-28,0.6346953336111205,10.035414372457815
2021-06-29,0.6179362860074307,9.77043056324358
2021-06-30,0.6243556889276413,9.87193023547459
2021-07-01,0.6744126956687612,10.663401006236297
2021-07-02,0.6621726589103505,10.469869032232488
2021-07-03,0.6713692674350472,10.6152801806673
2021-07-04,0.653512052680649,10.332932824213987
2021-07-05,0.6361865595602293,10.058992724983465
2021-07-06,0.6193825228977271,9.79329757629106
2021-07-07,0.6030862280947313,9.535630531295903
2021-07-08,0.5873311519607185,9.286520904831699
2021-07-09,0.6081883326978778,9.616301888327763
2021-07-10,0.6028924038713697,9.532565901238222
2021-07-11,0.5935538005087997,9.38490961728508
2021-07-12,0.5783949833643264,9.145227673232354
2021-07-13,0.5633450013983957,8.907266564448356
2021-07-14,0.5496959085132499,8.691455456887057
2021-07-15,0.5355368721364937,8.46758143476842
2021-07-16,0.5488901689219294,8.678715595339327
2021-07-17,0.5424837660301542,8.577421471605833
2021-07-18,0.5311455590435803,8.398148678305795
2021-07-19,0.5175498821100446,8.183182151096862
2021-07-20,0.504375256736999,7.974873033605514
2021-07-21,0.5065143074885364,8.00869439563328
2021-07-22,0.4945083337174911,7.818863282409559
2021-07-23,0.49741907494223797,7.8648861421572995
2021-07-24,0.4888994041235871,7.730178318648259
2021-07-25,0.4791566123789823,7.576131255240076
2021-07-26,0.4672281699078698,7.387526019505063
2021-07-27,0.45563470554794266,7.204217252758283
2021-07-28,0.47599005859830124,7.526063643838229
2021-07-29,0.4643685749695963,7.342311853552898
2021-07-30,0.4607808010711144,7.285584167308375
2021-07-31,0.5792701463654923,9.159065215270319
2021-08-01,0.6116126583723218,9.670445231234941
2021-08-02,0.5962133672177066,9.4269610592316
2021-08-03,0.5806201191802463,9.180410159639973
2021-08-04,0.5671905450085906,8.968069947696968
2021-08-05,0.6428951787352631,10.165065307722399
2021-08-06,0.6283244440065859,9.934681763098721
2021-08-07,0.6120026200952198,9.676611067458145
2021-08-08,0.6512818437950858,10.29767012553236
2021-08-09,0.6349571308873232,10.039553750847958
2021-08-10,0.6181901841261438,9.774445044987408
2021-08-11,0.6393788135870472,10.10946669295641
2021-08-12,0.6284462658823845,9.93660793608051
2021-08-13,0.6289705603376193,9.944897759296206
2021-08-14,0.7002634863913254,11.072137896234562
2021-08-15,0.7382635010562635,11.672970883539584
2021-08-16,0.7203857681223169,11.390299106182205
2021-08-17,0.701060274958393,11.084736229662138
2021-08-18,0.6825691256462962,10.792365487759731
2021-08-19,0.6898230458567168,10.907060036910016
2021-08-20,0.6909414760334326,10.924743970721448
2021-08-21,0.6791417347917527,10.738173680099788
2021-08-22,0.6630206046174204,10.483276231065002
2021-08-23,0.6454110531601714,10.204844775170782
2021-08-24,0.6283290079480583,9.934753925349524
2021-08-25,0.6118021829115053,9.67344187731651
2021-08-26,0.5964976477096843,9.431455928476613
2021-08-27,0.5820662445150488,9.203275408840222
2021-08-28,0.5673081483428505,8.969929419680426
2021-08-29,0.5761905078419718,9.110371854748704
2021-08-30,0.5622677935958278,8.890234413601258
2021-08-31,0.5477116471538815,8.660081530043728
2021-09-01,0.5575355353704111,8.815410841259341
2021-09-02,0.5740808538665028,9.077015296562148
2021-09-03,0.5659368746932913,8.948247679540533
2021-09-04,0.58115034706268,9.188793798577066
2021-09-05,0.5668967670134042,8.963424909740834
2021-09-06,0.5522567714875533,8.731946255759016
2021-09-07,0.5380082755385942,8.506657753607051
2021-09-08,0.5241992142007412,8.288317322724115
2021-09-09,0.5196406352790673,8.216239861293497
2021-09-10,0.5064221277020455,8.007236905235583
2021-09-11,0.497241213644451,7.862073908114299
2021-09-12,0.48503130536759703,7.669018307231297
2021-09-13,0.47291241810740625,7.4774018749862945
2021-09-14,0.46113867791777113,7.291242697094746
2021-09-15,0.4505414322542825,7.123685530989914
2021-09-16,0.44032355480955315,6.962126703100884
2021-09-17,0.42959609629555723,6.792510691054923
2021-09-18,0.4223276740857647,6.6775868451614295
2021-09-19,0.41265285451641853,6.524614516209913
2021-09-20,0.4029114093180204,6.370588743566668
2021-09-21,0.3933957613900916,6.220133139244084
2021-09-22,0.38681510144474335,6.116083769572386
2021-09-23,0.3801234086774612,6.0102788168389525
2021-09-24,0.3720512872125136,5.882647369945106
2021-09-25,0.3697513865432247,5.846282747409613
2021-09-26,0.36972851831051606,5.845921168902502
2021-09-27,0.3614062181973515,5.714334050257118
2021-09-28,0.3532798431775302,5.58584477934046
2021-09-29,0.3519434307973633,5.56471424426759
2021-09-30,0.35050106635624645,5.541908460017765
2021-10-01,0.3444103452754084,5.4456057039765104
2021-10-02,0.3644261968842704,5.762084105936259
2021-10-03,0.3799816589105982,6.008037556233528
2021-10-04,0.37245957183938194,5.8891029167177855
2021-10-05,0.3639585723244786,5.75469031244238
2021-10-06,0.35582902954654094,5.626150954872103
2021-10-07,0.36042043258236456,5.698747411117174
2021-10-08,0.35641650462698615,5.63543975148609
2021-10-09,0.35286095083805935,5.579221509904839
2021-10-10,0.3451101981320514,5.456671349246347
2021-10-11,0.33761439178289976,5.338152244431994
2021-10-12,0.3303080002533969,5.222628050881042
2021-10-13,0.3245045997856469,5.130868232620159
2021-10-14,0.3589787922755167,5.675953076435459
2021-10-15,0.3518040895558685,5.562511065791994
2021-10-16,0.4221316419457484,6.674487304876187
2021-10-17,0.42288188295884865,6.686349656853531
2021-10-18,0.413010934908589,6.5302762643334376
2021-10-19,0.40316372408923107,6.374578190388318
2021-10-20,0.39363939956507704,6.223985397033688
2021-10-21,0.3847845450987388,6.083977854718969
2021-10-22,0.37747846474223556,5.968458581245144
2021-10-23,0.37983391144219797,6.005701463640186
2021-10-24,0.37347768980085483,5.905200775142695
2021-10-25,0.36495777393441675,5.770489077087938
2021-10-26,0.356710622866497,5.640090169177356
2021-10-27,0.353614124657024,5.591130233614518
2021-10-28,0.34615818064117676,5.473241407630618
2021-10-29,0.35727935870341504,5.649082672335472
2021-10-30,0.35377212647056133,5.593628461640593
2021-10-31,0.36542865454218554,5.777934353220707
2021-11-01,0.35755688441543093,5.653470739131623
2021-11-02,0.34956186312742477,5.5270583530734605
2021-11-03,0.3418590872180607,5.405266772176134
2021-11-04,0.33529241328322884,5.30143854074749
2021-11-05,0.5164924179650141,8.166462174885567
2021-11-06,0.5033937575113049,7.959354168231089
2021-11-07,0.5196265137321255,8.216016580031392
2021-11-08,0.5073455723419217,8.021837847010996
2021-11-09,0.49448906324343866,7.818558589461575
2021-11-10,0.4862730633066607,7.688652224181486
2021-11-11,0.474138604125493,7.496789578247328
2021-11-12,0.46360674964937115,7.330266337597405
2021-11-13,0.4530551135224281,7.163430321585117
2021-11-14,0.4572283106263659,7.2294143614514255
2021-11-15,0.4461002572644654,7.053464388713929
2021-11-16,0.4351811875809683,6.880818738064205
2021-11-17,0.42464176598419506,6.714175850731344
2021-11-18,0.41968446680004007,6.635794068407223
2021-11-19,0.4104323127642174,6.489504668327629
2021-11-20,0.4444113332844838,7.026760155855836
2021-11-21,0.4617794941861255,7.301374891943193
2021-11-22,0.45074947795173664,7.126975022296681
2021-11-23,0.4396813937397275,6.9519732450741865
2021-11-24,0.4387568990905264,6.937355701193617
2021-11-25,0.4688927817471377,7.413845843665906
2021-11-26,0.4784877052127041,7.565554904296836
2021-11-27,0.46705899593883493,7.384851144190257
2021-11-28,0.45649948982295313,7.217890692726935
2021-11-29,0.4465452641489358,7.0605005653608375
2021-11-30,0.4356119156608023,6.887629146986536
2021-12-01,0.4411951604484783,6.975907998303133
2021-12-02,0.44609638447287325,7.053403154502257
2021-12-03,0.5639404316922103,8.916681144029942
2021-12-04,0.551414632511293,8.71863086940209
2021-12-05,0.5374237945842577,8.497416298283591
2021-12-06,0.523637034455479,8.279428480476906
2021-12-07,0.5102731877043233,8.068127510301439
2021-12-08,0.4982399915934236,7.877865974091822
2021-12-09,0.5011080055270711,7.923213256048949
2021-12-10,0.49477522384880296,7.823083185909393
2021-12-11,0.4879610461826275,7.7153415768785685
2021-12-12,0.47571337322351376,7.5216888639403
2021-12-13,0.4640013821856047,7.33650602586394
2021-12-14,0.45251046638080544,7.154818694141977
2021-12-15,0.44342851226775015,7.011220391130032
2021-12-16,0.5073513996887181,8.021929985453959
2021-12-17,0.5961569477408233,9.426068988974867
2021-12-18,0.5805711720686216,9.179636237851872
2021-12-19,0.5677331687678917,8.97664958265654
2021-12-20,0.5530197639075499,8.744010225182182
2021-12-21,0.5387477892873543,8.51835049264251
2021-12-22,0.5250717940501298,8.302114021546288
2021-12-23,0.511672555158502,8.090253452495018
2021-12-24,0.5034837955789533,7.960777795080535
2021-12-25,0.49090680652105184,7.761918137430615
2021-12-26,0.4788357722624288,7.571058327574761
2021-12-27,0.46688577278462573,7.3821122456363595
2021-12-28,0.45530318259554214,7.1989754146272364
2021-12-29,0.444543031646781,7.028842489800702
2021-12-30,0.4438360521906751,7.017664163099494
2021-12-31,0.4489433459813237,7.098417568389917
2022-01-01,0.5181878122681137,8.19326871253491
2022-01-02,0.5067034086711157,8.01168434785919
2022-01-03,0.4938669582911606,7.80872224649723
2022-01-04,0.48143249606627936,7.612116135947482
2022-01-05,0.7699258818129308,12.173597080212353
2022-01-06,0.754540123173771,11.930326876065566
2022-01-07,0.7981176516384633,12.619348099811805
2022-01-08,0.7768152231068896,12.28252713054816
2022-01-09,0.7573275314676134,11.974399670952497
2022-01-10,0.7369114416965541,11.65159294799743
2022-01-11,0.7170947958141383,11.338264265130274
2022-01-12,0.6980221032568323,11.036698517164133
2022-01-13,0.698219927431976,11.039826392012623
2022-01-14,0.7072706670103617,11.182931149896277
2022-01-15,0.703251830187978,11.119387760379848
2022-01-16,0.7475457964903202,11.819736860970584
2022-01-17,0.7284223067794743,11.517367939485247
2022-01-18,0.7088578293760719,11.208026390357004
2022-01-19,0.6898756040196526,10.907891054432573
2022-01-20,0.6890558046221724,10.894928887830217
2022-01-21,0.7083114443788027,11.199387285003427
2022-01-22,0.7037846905349511,11.12781302223596
2022-01-23,0.6974151983282807,11.027102507677109
2022-01-24,0.6789513690925572,10.735163734110646
2022-01-25,0.6608623747912251,10.449151621240569
2022-01-26,0.6463485107680669,10.219667281424796
2022-01-27,0.6298512284882358,9.958822345389788
2022-01-28,0.6637436485120937,10.494708558842234
2022-01-29,0.6470714186151638,10.23109745810097
2022-01-30,0.6884049769241396,10.884638398379677
2022-01-31,0.6709038684061588,10.60792157590671
2022-02-01,0.6530559486559654,10.325721186374137
2022-02-02,0.6625684993365104,10.476127818915673
2022-02-03,0.6453261538038856,10.203502398482055
2022-02-04,0.6296459411990001,9.955576468346454
2022-02-05,0.620318692932338,9.808099724223906
2022-02-06,0.6074209428979279,9.60416839022265
2022-02-07,0.5915559474419616,9.353320786677276
2022-02-08,0.576104472841742,9.109011521952608
2022-02-09,0.5613165797605252,8.875194402294156
2022-02-10,0.5481292379572625,8.666684220386845
2022-02-11,0.5480715847212966,8.665772642686187
2022-02-12,0.565935381940413,8.948224077045136
2022-02-13,0.5529282046793318,8.7425625466723
2022-02-14,0.538659342777618,8.516952030533213
2022-02-15,0.5248301602865276,8.29829345628338
2022-02-16,0.5237989533532869,8.28198864304339
2022-02-17,0.5156154736876536,8.152596468398018
2022-02-18,0.5165132763132636,8.166791974329055
2022-02-19,0.5234742756221548,8.276855037363823
2022-02-20,0.5287909045223913,8.360918321356943
2022-02-21,0.5158385861246267,8.156124185773749
2022-02-22,0.5027172289966428,7.948657313189175
2022-02-23,0.4900053990958883,7.747665634614092
2022-02-24,0.4779061179942406,7.556359202954902
2022-02-25,0.4893720986061422,7.737652274659604
2022-02-26,0.5121713713255583,8.098140428603084
2022-02-27,0.5233821278066173,8.275398052471287
2022-02-28,0.5107725089975447,8.07602247315544
2022-03-01,0.49780903564564527,7.8710519622609425
2022-03-02,0.4870791343348427,7.70139732620613
2022-03-03,0.4846607631684141,7.6631595206381675
2022-03-04,0.5088527973070653,8.045669166191606
2022-03-05,0.719890501061139,11.382468246365304
2022-03-06,0.7534957140815918,11.913813318364191
2022-03-07,0.7338758405794052,11.60359588000772
2022-03-08,0.7141493349496711,11.29169243967725
2022-03-09,0.6951543621542802,10.991355549045396
2022-03-10,0.6933785058589736,10.96327679559381
2022-03-11,0.7018616988616455,11.09740785419004
2022-03-12,0.7539221582661245,11.920555992954474
2022-03-13,0.7637811983714917,12.076441104334007
2022-03-14,0.7441646234297004,11.76627582079678
2022-03-15,0.7241327393368966,11.449543923008001
2022-03-16,0.7272098279864406,11.498196966482055
2022-03-17,0.7591192429551221,12.002729117004575
2022-03-18,0.7397751619296659,11.696872340588138
2022-03-19,0.720833773547882,11.397382693926698
2022-03-20,0.7049669710874431,11.146506519131945
2022-03-21,0.6861084637857999,10.848327337411403
2022-03-22,0.6678053318137671,10.558929410680038
2022-03-23,0.6500901456981399,10.278827724184174
2022-03-24,0.7132132575863959,11.276891757006878
2022-03-25,0.6942933170087978,10.97774122990562
2022-03-26,0.7438556964500486,11.761391256364899
2022-03-27,0.7311216855838517,11.56004886593232
2022-03-28,0.71159821167124,11.25135563891866
2022-03-29,0.6925343356906322,10.949929293270175
2022-03-30,0.6746055573567773,10.666450417273875
2022-03-31,0.6649923634323411,10.51445247532332
2022-04-01,0.6553818975584215,10.362497667638788
2022-04-02,0.6391764666819156,10.1062673074679
2022-04-03,0.6360372939130676,10.056632627876215
2022-04-04,0.6194757530392047,9.794771674259305
2022-04-05,0.6031766364185044,9.537060012408705
2022-04-06,0.7109737525834741,11.241482073804002
2022-04-07,0.7014549548498004,11.090976666679714
2022-04-08,0.690690817422678,10.920780710095856
2022-04-09,0.6885426318285327,10.886814913524551
2022-04-10,0.6704555926840146,10.600833714398048
2022-04-11,0.6526372751850218,10.319101377553787
2022-04-12,0.6353377809944978,10.045572357499253
2022-04-13,0.675751346320787,10.684566931494652
2022-04-14,0.6578775698906804,10.4019577119558
2022-04-15,0.643249190727062,10.170662728787885
2022-04-16,0.6264921729389972,9.905711013776678
2022-04-17,0.6099808456357754,9.644644006423146
2022-04-18,0.5939694018222734,9.391480851030753
2022-04-19,0.5784444413204685,9.146009672181481
2022-04-20,0.5640102578314461,8.917785192230948
2022-04-21,0.5773565840937934,9.128809139154646
2022-04-22,0.562619718080858,8.895798828286644
2022-04-23,0.5500458365179413,8.69698830444657
2022-04-24,0.5998026193477013,9.483712118368569
2022-04-25,0.5867387838796418,9.27715474308477
2022-04-26,0.5714341119950422,9.035166633100388
2022-04-27,0.897820066330637,14.19578169304133
2022-04-28,0.8798331976886301,13.91138432862632
2022-04-29,0.865667995732185,13.687412820133122
2022-04-30,0.8492173058447225,13.42730457450572
2022-05-01,0.8441892549591957,13.347804109558265
2022-05-02,0.8213888660321174,12.987298306822012
2022-05-03,0.7990763233872689,12.634506031085218
2022-05-04,0.8132099354672562,12.857978059775368
2022-05-05,0.7956586360633936,12.580467649716562
2022-05-06,0.8257913592237269,13.056907836166364
2022-05-07,0.8044836353136203,12.720003139616535
2022-05-08,0.8068883676206597,12.758025295882714
2022-05-09,0.7855352815940165,12.420403361294177
2022-05-10,0.764279260015265,12.084316150381463
2022-05-11,0.7533049323861519,11.910796794896898
2022-05-12,0.7330043579688553,11.589816530054884
2022-05-13,0.7139761243002655,11.288953738841657
2022-05-14,0.7194004567719423,11.374719965824205
2022-05-15,0.7004986067035425,11.07585547478844
2022-05-16,0.6817653366207964,10.779656467365598
2022-05-17,0.6635921203134593,10.492312687655097
2022-05-18,0.6787063385650471,10.731289461294626
2022-05-19,0.677887831337958,10.718347725700074
2022-05-20,0.6641845009921844,10.501679048588338
2022-05-21,0.646725436451685,10.225626999769041
2022-05-22,0.7225124053816011,11.423924193663785
2022-05-23,0.7052714032910802,11.151320014914932
2022-05-24,0.686396085005853,10.852875028205224
2022-05-25,0.702858597768591,11.11317020990444
2022-05-26,0.6993042025040184,11.056970286201608
2022-05-27,0.6845867870921477,10.824267516339726
2022-05-28,0.6812880119925657,10.772109302323088
2022-05-29,0.6653585944325485,10.520243095875406
2022-05-30,0.647915333506006,10.24444092413294
2022-05-31,0.6307578975830582,9.973158042508398
2022-06-01,0.6142707440670461,9.712473256291139
2022-06-02,1.0186589488075715,16.10641218572394
2022-06-03,1.017071589614721,16.081313833152873
2022-06-04,0.9897782162413562,15.64976770870674
2022-06-05,0.9656501211442845,15.2682690281673
2022-06-06,0.9392121092672154,14.850247356476691
2022-06-07,0.9134502416780158,14.442916464668983
2022-06-08,0.904318897079686,14.298537229515995
2022-06-09,0.881587899306886,13.93912859726468
2022-06-10,0.8584983312374815,13.574050470820607
2022-06-11,0.881618430436186,13.939611336805307
2022-06-12,0.9486686451041838,14.999768316575825
2022-06-13,0.9254770960592084,14.633077729327699
2022-06-14,0.9001158082809441,14.232080560456167
2022-06-15,1.0205807249413765,16.136798134402824
2022-06-16,1.0350555656131808,16.36566546085754
2022-06-17,1.0371751801097024,16.399179508710137
2022-06-18,1.0109191833303157,15.984035748405597
2022-06-19,0.9830851513960035,15.543941061514154
2022-06-20,0.9560725267327677,15.116833963938834
2022-06-21,0.9298193981929579,14.701735554483987
2022-06-22,0.9043336945083719,14.2987711974068
2022-06-23,1.1470665697446403,18.13671494114725
2022-06-24,1.1191049912440707,17.694603565970272
2022-06-25,1.1153428361234254,17.63511867050975
2022-06-26,1.1376460555894512,17.98776353384598
2022-06-27,1.1073847007319917,17.509289501685117
2022-06-28,1.0767422156245545,17.024789271148663
2022-06-29,1.0469998255520028,16.554520792716442
2022-06-30,1.0489647122972892,16.585588380013345
2022-07-01,1.0514148297061745,16.62432813774788
2022-07-02,1.0266893220042559,16.23338353453739
2022-07-03,1.0372826297198605,16.40087843621912
2022-07-04,1.0094673972349564,15.961080994722108
2022-07-05,0.9816616452496464,15.521433453085466
2022-07-06,0.9547573032329103,15.096038454480198
2022-07-07,0.9889489226717489,15.636655426062289
2022-07-08,1.061025048321547,16.776279035931516
2022-07-09,1.0330090397661533,16.33330704602248
2022-07-10,1.0104367050591794,15.976407097113942
2022-07-11,0.982709985679919,15.538009170699977
2022-07-12,0.9556817192427551,15.110654754963369
2022-07-13,1.1250419787312194,17.78847558046682
2022-07-14,1.1900801524355495,18.816819399283588
2022-07-15,1.2366135886302492,19.552577627930436
2022-07-16,1.2100315896262552,19.132279319865695
2022-07-17,1.3135813878288953,20.769545387721458
2022-07-18,1.2809266831384953,20.25322917201222
2022-07-19,1.2452815404863933,19.689629980500932
2022-07-20,1.2924595119948243,20.43557920726679
2022-07-21,1.2565770998533552,19.86822845572718
2022-07-22,1.2218379109889057,19.318953651335086
2022-07-23,1.3274369364968306,20.988620847831395
2022-07-24,1.2905149085952061,20.40483232782429
2022-07-25,1.254637586657969,19.837562059480323
2022-07-26,1.2197486224398015,19.2859190988127
2022-07-27,1.2016529581721371,18.999801524514986
2022-07-28,1.1770034659442021,18.610058831480522
2022-07-29,1.1476544945521279,18.146010848570135
2022-07-30,1.134247569540198,17.93402875128624
2022-07-31,1.1568740276522864,18.291784466369204
2022-08-01,1.1265490949560506,17.812305180312126
2022-08-02,1.0953527562642866,17.31904775569207
2022-08-03,1.114927198077923,17.628546855979707
2022-08-04,1.1537329382762456,18.242119482556976
2022-08-05,1.1246782502643637,17.782724528441296
2022-08-06,1.1473541904321753,18.14126262352122
2022-08-07,1.1978819477743679,18.940176614829344
2022-08-08,1.1660083528162015,18.436210828402018
2022-08-09,1.1336728435288832,17.92494153515475
2022-08-10,1.1148060585936759,17.62663147255571
2022-08-11,1.0843540131908977,17.14514235813752
2022-08-12,1.0654641512041794,16.8464674153162
2022-08-13,1.0579856468018478,16.728221878301383
2022-08-14,1.0490324070303194,16.586658727723208
2022-08-15,1.0208527568513213,16.14109933656118
2022-08-16,0.9927165078004716,15.696226177489
2022-08-17,0.9654399851618211,15.264946486552592
2022-08-18,0.958220319644919,15.150793551662655
2022-08-19,1.061351197356626,16.781435904969097
2022-08-20,1.1263974783917354,17.809907911940897
2022-08-21,1.1091950764162395,17.537914054599163
2022-08-22,1.0785635976001509,17.053587848808974
2022-08-23,1.0487548265040953,16.582269794238325
2022-08-24,1.0223009030230086,16.163996537998102
2022-08-25,1.003506738037652,15.866834697624542
2022-08-26,0.9788961293714601,15.477706807683319
2022-08-27,0.966337896568613,15.279143712465133
2022-08-28,0.9612297466771915,15.198376771032965
2022-08-29,0.9349785081100044,14.783308244669133
2022-08-30,0.9093400753852608,14.3779290294332
2022-08-31,0.8846986587135032,13.988314022153201
2022-09-01,0.8639964851241454,13.660983916860433
2022-09-02,0.8483715333478552,13.413931737143578
2022-09-03,0.8546320321550658,13.512918914741343
2022-09-04,0.8320774000599321,13.156298868702553
2022-09-05,0.8094508230912887,12.798541274332445
2022-09-06,0.787489652320968,12.451304675741806
2022-09-07,0.7662240095284836,12.115065340082834
2022-09-08,0.747566865169862,11.820069986043809
2022-09-09,0.7422432619137256,11.735896427801409
2022-09-10,0.7541702387671282,11.92447849008571
2022-09-11,0.7422501376525309,11.736005142777515
2022-09-12,0.7227528661315873,11.427726211952928
2022-09-13,0.7033569552842568,11.121049934097275
2022-09-14,0.6949760066272856,10.988535500552484
2022-09-15,0.7459626799191479,11.794705590138284
2022-09-16,0.7441305622717899,11.76573726660308
2022-09-17,0.7306639656907917,11.552811678970128
2022-09-18,0.7275437287121669,11.503476400510445
2022-09-19,0.7084328151600194,11.20130632555362
2022-09-20,0.6894632560970259,10.901371261312875
2022-09-21,0.6784772476832824,10.72766721640686
2022-09-22,0.660743604916151,10.44727370462733
2022-09-23,0.6518301149261141,10.306339053279189
2022-09-24,0.6430196722222066,10.167033722585387
2022-09-25,0.666395290061242,10.536634693010464
2022-09-26,0.649753180679862,10.273499839436381
2022-09-27,0.6325404390575501,10.001342497923943
2022-09-28,0.702516881600614,11.10776720288388
2022-09-29,0.7273671218333786,11.500684000573324
2022-09-30,0.7998840334789354,12.647277048979067
2022-10-01,0.8226007043964249,13.006459153757936
2022-10-02,0.8444464938407393,13.351871413400424
2022-10-03,0.8227006655234401,13.008039677952164
2022-10-04,0.8003495368267899,12.654637303167336
2022-10-05,0.8059408102392237,12.743043098187501
2022-10-06,0.8278691449674004,13.089760513365539
2022-10-07,0.8954282491420157,14.157963742727409
2022-10-08,0.928879335003474,14.686871850367728
2022-10-09,0.922561002035098,14.586970234390726
2022-10-10,0.8974642925420926,14.190156415523392
2022-10-11,0.8729211314477633,13.802094965330836
2022-10-12,0.8492283773098735,13.427479629740283
2022-10-13,0.826292244501479,13.064827527787076
2022-10-14,0.8038676498444731,12.710263554176173
2022-10-15,0.7850074741932329,12.41205799353233
2022-10-16,0.767894122496139,12.141472144720705
2022-10-17,0.7472642381662796,11.815285032979846
2022-10-18,0.7271404322936832,11.497099724237462
2022-10-19,0.7076851035683711,11.18948396724103
2022-10-20,0.8822329444015904,13.949327655728606
2022-10-21,0.8980303924692878,14.199107241289354
2022-10-22,0.9237991463726585,14.606547015284383
2022-10-23,0.9026267525089388,14.271782074646747
2022-10-24,0.878151566167778,13.884795399671194
2022-10-25,0.8541733923491084,13.505667182679128
2022-10-26,0.8716532544227514,13.782048069370656
2022-10-27,0.8558379500208879,13.53198615037678
2022-10-28,0.8604755497209906,13.60531304001897
2022-10-29,0.8954057135384283,14.157607423548496
2022-10-30,0.8737953278486045,13.815917224075735
2022-10-31,0.8499481602531042,13.438860397348025
2022-11-01,0.826796584467578,13.072801842826701
2022-11-02,0.890609673844081,14.08177537763492
2022-11-03,0.9199433333697102,14.545581258679332
2022-11-04,0.9046716912287115,14.3041153947965
2022-11-05,0.8979121319053963,14.19723737759299
2022-11-06,0.8733559184696255,13.808969551761665
2022-11-07,0.849519431736215,13.432081604291847
2022-11-08,0.8263804359953998,13.06622195774229
2022-11-09,0.8039328706053203,12.711294784951203
2022-11-10,0.8197449459598607,12.961305648224014
2022-11-11,0.9116914632528397,14.415107736053379
2022-11-12,0.9756427372070531,15.426266160876963
2022-11-13,0.9541559580039852,15.086530351562804
2022-11-14,0.9279586470515859,14.67231449565652
2022-11-15,0.9025249589117817,14.27017257655556
2022-11-16,0.8781434991495252,13.884667848913168
2022-11-17,0.8550672925954499,13.519800986576252
2022-11-18,1.0262686116411437,16.226731519624035
2022-11-19,1.0694963684816505,16.910222368403662
2022-11-20,1.0560838210513788,16.698151372880176
2022-11-21,1.0271254671026382,16.24027959404342
2022-11-22,0.9988072116599849,15.792528661237201
2022-11-23,0.9836212544848761,15.5524175956216
2022-11-24,0.9700113904489093,15.337226750627265
2022-11-25,0.9524600694637542,15.059715999338263
2022-11-26,0.9267106642775769,14.652582155423902
2022-11-27,0.901670562078026,14.256663376454037
2022-11-28,0.8770107363098861,13.86675729580287
2022-11-29,0.8530659626821183,13.488157182198476
2022-11-30,0.8620704457503034,13.630530560437906
2022-12-01,0.8463097537372273,13.381332139129182
2022-12-02,0.8273102105204085,13.080922983789433
2022-12-03,0.8218146109039456,12.994029924307581
2022-12-04,0.7995827097598812,12.642512702652848
2022-12-05,0.7779706936427678,12.300796723861115
2022-12-06,0.7569380785271184,11.968241879285424
2022-12-07,0.7590803984102762,12.002114930822646
2022-12-08,0.7394054198130867,11.691026204411731
2022-12-09,0.7198646527240374,11.38205954827046
2022-12-10,0.7005608893726125,11.07684025025352
2022-12-11,0.6843169074248714,10.82000034412592
2022-12-12,0.666114585792333,10.532196368817038
2022-12-13,0.6484102892528413,10.252266861637885
2022-12-14,0.6338757946321976,10.022456323434389
2022-12-15,0.6443989357263878,10.188841793419178
2022-12-16,0.6273498933130386,9.91927276366419
2022-12-17,0.6145253404687657,9.716498778858725
2022-12-18,0.5986357004917722,9.4652615112219
2022-12-19,0.5829784418008047,9.217698514332282
2022-12-20,0.5677884864869089,8.97752423259184
2022-12-21,0.5619186280927624,8.884713622251033
2022-12-22,0.5478541944077343,8.662335400025611
2022-12-23,0.5337491901421308,8.439315700597124
2022-12-24,0.5216176184008392,8.24749870909604
2022-12-25,0.5109806707983576,8.079313800217497
2022-12-26,0.4981641129552749,7.876666227480315
2022-12-27,0.4855948586245588,7.677928866605324
2022-12-28,0.47342052917732175,7.485435816412685
2022-12-29,0.47062810709108516,7.441283746507351
2022-12-30,0.4599345386953104,7.272203584280145
2022-12-31,0.5057692144140695,7.996913439712616
2023-01-01,0.4943738008737643,7.816736131378178
2023-01-02,0.4819234282347832,7.61987845509307
2023-01-03,0.4698648400159184,7.429215434404641
2023-01-04,0.45818769546525734,7.244583567669079
2023-01-05,0.46587005366900036,7.366052316294619
2023-01-06,0.5980256789727214,9.455616224112319
2023-01-07,0.6309409616200425,9.976052539081076
2023-01-08,0.8009315433530474,12.663839634347617
2023-01-09,0.7829181386803321,12.379022698447116
2023-01-10,0.761739389194008,12.04415726659259
2023-01-11,0.7413862229558474,11.722345452049447
2023-01-12,0.8006045131051925,12.658668832112664
2023-01-13,0.8165684518433477,12.911080866312487
2023-01-14,0.8155646845060943,12.895209911179473
2023-01-15,0.7960900530948394,12.587288951920348
2023-01-16,0.7745227884748559,12.246280556426779
2023-01-17,0.7535920617969057,11.915336709502919
2023-01-18,0.7337759302259809,11.602016158614454
2023-01-19,0.7141340901629458,11.291451398434774
2023-01-20,0.6960460122114216,11.005453774327327
2023-01-21,0.6857746544531387,10.843049348434251
2023-01-22,0.7071498460278018,11.181020802426135
2023-01-23,0.6894252742337283,10.900770715323889
2023-01-24,0.6710229863597544,10.609804996124613
2023-01-25,0.772020874589972,12.206721824497613
2023-01-26,0.7529314954930499,11.904892239174202
2023-01-27,0.7332087824341335,11.59304876465359
2023-01-28,0.7138554817287528,11.287046212297858
2023-01-29,0.7016747769601086,11.094452359422908
2023-01-30,0.6830217992157007,10.799522885339114
2023-01-31,0.6648109892428801,10.511584697586002
2023-02-01,0.7584687728746313,11.992444281983856
2023-02-02,0.7386895484962649,11.679707285048025
2023-02-03,0.7191999272246423,11.371549315286053
2023-02-04,0.7583753596392026,11.990967289046052
2023-02-05,0.8839547774822729,13.976552227156512
2023-02-06,0.8622856931192076,13.633933920168383
2023-02-07,0.8387722928093844,13.262154417596633
2023-02-08,0.9593486348966114,15.168633782232925
2023-02-09,0.9351131874842135,14.785437712550868
2023-02-10,0.910992580954607,14.404057436659437
2023-02-11,0.8998223746163826,14.227440966845245
2023-02-12,0.8982052517512945,14.201872009295169
2023-02-13,0.8740323882527371,13.81966547817623
2023-02-14,0.8501748258411819,13.44244429497556
2023-02-15,0.8521456380141722,13.473605571510737
2023-02-16,0.8461499623276759,13.378805615105627
2023-02-17,0.9664725580347314,15.281272897195093
2023-02-18,0.9881602076211065,15.624184746137862
2023-02-19,1.002509060533013,15.851060031199681
2023-02-20,0.9755323306822313,15.42452048044206
2023-02-21,0.9487128151133561,15.0004667057421
2023-02-22,0.9230467132531166,14.594650003060892
2023-02-23,0.9052481344985297,14.313229763169003
2023-02-24,0.8902393569959722,14.075920154155128
2023-02-25,0.9158661106390679,14.481114706896127
2023-02-26,0.891025289616968,14.088346840003991
2023-02-27,0.8666784430164609,13.70338939450234
2023-02-28,0.8430363036450323,13.329574348638062
2023-03-01,0.8409414066339547,13.296451118545638
2023-03-02,0.8207216620857548,12.97674888615022
2023-03-03,0.8158517266798108,12.89974844644682
2023-03-04,0.7943360833201916,12.55955625474545
2023-03-05,0.8459264343986103,13.375271328223086
2023-03-06,0.8248182649016427,13.041521863986546
2023-03-07,0.8024048577503838,12.687134780373125
2023-03-08,0.8144293193085514,12.877258211177859
2023-03-09,0.7949321781409551,12.568981341420663
2023-03-10,0.7754789733114982,12.261399166166308
2023-03-11,0.7638427396283471,12.077414157042671
2023-03-12,0.7442384246581123,11.76744272067628
2023-03-13,0.7242047574044291,11.450682628638434
2023-03-14,0.7047656660616686,11.143323607202513
2023-03-15,0.6901932615429882,10.912913660880715
2023-03-16,0.6845466469931732,10.823632845648406
2023-03-17,0.8158518673090854,12.899750669990889
2023-03-18,0.8051643072023756,12.730765507155112
2023-03-19,0.830206923518471,13.126724037797896
2023-03-20,0.808263245093901,12.779764017478213
2023-03-21,0.7863370502355733,12.43308043661327
2023-03-22,0.7654904172921657,12.103466228379931
2023-03-23,0.745958320340143,11.794636659141808
2023-03-24,0.7395353321871029,11.693080299402384
2023-03-25,0.7251169910078982,11.465106308363959
2023-03-26,0.7063673165607658,11.168647925165976
2023-03-27,0.6875426557287396,10.871003903119162
2023-03-28,0.6691966423687998,10.58092796211272
2023-03-29,0.6973016348113769,11.025306910814532
2023-03-30,0.683915146277366,10.81364794261852
2023-03-31,0.6756797355947938,10.683434666499467
2023-04-01,0.6581728116031346,10.40662589331402
2023-04-02,0.6491167962240963,10.26343771769765
2023-04-03,0.6320750546563496,9.993984124447408
2023-04-04,0.6153950906288239,9.730250736364125
2023-04-05,0.6365663451238439,10.064997662000831
2023-04-06,0.6223953489558506,9.840934538978946
2023-04-07,0.6104261811516213,9.651685379188342
2023-04-08,0.595162494930537,9.410345309444567
2023-04-09,0.5796012221603151,9.164299983219271
2023-04-10,0.5645143873583484,8.92575617993472
2023-04-11,0.5498893190384935,8.694513545803153
2023-04-12,0.5378311931468039,8.503857835149214
2023-04-13,0.5777458922699062,9.134964641895857
2023-04-14,0.6220650296278059,9.835711731819957
2023-04-15,0.6148458358842218,9.721566256321141
2023-04-16,0.6011687601088468,9.505312700416649
2023-04-17,0.5854245844016609,9.256375424833651
2023-04-18,0.5701599926092951,9.01502103675071
2023-04-19,0.5565740754576536,8.800208825243038
2023-04-20,0.5846957197886807,9.244851063419079
2023-04-21,0.6379338679746914,10.086620096805856
2023-04-22,0.6229679519292463,9.84998818693352
2023-04-23,0.6089839154861391,9.62888115671843
2023-04-24,0.5930908664458463,9.377589987058037
2023-04-25,0.577592651079892,9.132541685936859
2023-04-26,0.6032664001408652,9.538479301478281
2023-04-27,0.5875008049946935,9.289203354828294
2023-04-28,0.6650184954621607,10.514865658993887
2023-04-29,0.8264080786608466,13.066659026659341
2023-04-30,0.8045688431174415,12.721350393289013
2023-05-01,0.7828251431284822,12.377552309666566
2023-05-02,0.7616491397661368,12.04273029784459
2023-05-03,0.7411418202089413,11.718481105316322
2023-05-04,0.7422910294933098,11.736651699550405
2023-05-05,0.7739303279364472,12.236912932801074
2023-05-06,0.7973012645006299,12.60643988577171
2023-05-07,0.8056197342490409,12.737966441032642
2023-05-08,0.785405430217342,12.418350230756177
2023-05-09,0.7641532420409025,12.082323631255932
2023-05-10,0.8079834537775636,12.775340128332399
2023-05-11,0.8377543765320675,13.24605974807823
2023-05-12,0.8149971257662649,12.886236019560492
2023-05-13,0.8421375855011572,13.31536436709224
2023-05-14,0.8520234912090362,13.471674260945024
2023-05-15,0.8293294771815001,13.112850393050897
2023-05-16,0.8067834358575946,12.756366179031799
2023-05-17,0.8411327219164042,13.299476078764334
2023-05-18,0.8326627636574415,13.165554279839952
2023-05-19,0.8100470993355601,12.807969229565188
2023-05-20,0.7881145345584553,12.461184931441016
2023-05-21,0.7670772053682361,12.128555550801824
2023-05-22,0.7463824914317357,11.801343392976973
2023-05-23,0.7262848309595283,11.48357147931242
2023-05-24,0.7068560663470258,11.176375737818487
2023-05-25,0.7093933509098891,11.216493729271651
2023-05-26,0.7494963814670272,11.85057831745109
2023-05-27,0.7510245898441316,11.874741413506085
2023-05-28,0.7316664901773478,11.568662982908169
2023-05-29,0.7120502796168402,11.258503460744908
2023-05-30,0.6929729371596525,10.956864191406176
2023-05-31,0.6745961107033006,10.666301052567611
2023-06-01,0.714063390285005,11.290333535211829
2023-06-02,0.7145677683004301,11.298308451864123
2023-06-03,0.7003431623555286,11.073397683842822
2023-06-04,0.723297254567145,11.43633374889402
2023-06-05,0.7053421882265538,11.152439223015556
2023-06-06,0.686464759392853,10.853960865604403
2023-06-07,0.7200368084183463,11.384781568801378
2023-06-08,0.7530046755171899,11.906049316951744
2023-06-09,0.7471865446201255,11.814056590153132
2023-06-10,0.7373805056811125,11.659009500795223
2023-06-11,0.7177294385666089,11.348298848121901
2023-06-12,0.6985090546136323,11.04439789415012
2023-06-13,0.6798354655511203,10.749142526512387
2023-06-14,0.6627455224633104,10.478926800311736
2023-06-15,0.650610094986903,10.287048844285554
2023-06-16,0.6334353311960229,10.015491985012709
2023-06-17,0.6274522321566034,9.920890882858052
2023-06-18,0.6138558467835533,9.705913154236871
2023-06-19,0.5979673993551127,9.454694742448282
2023-06-20,0.5823207982732139,9.207300257154008
2023-06-21,0.5675329466790926,8.973483793464132
2023-06-22,0.553650223971965,8.753978674068822
2023-06-23,0.5441203807603623,8.603298622604031
2023-06-24,0.5845063580151468,9.241856990888397
2023-06-25,0.6578491610015095,10.401508527977924
2023-06-26,0.6420746908445832,10.152092255086721
2023-06-27,0.6250931408440888,9.883590374078743
2023-06-28,0.6086606013802885,9.623769111847688
2023-06-29,0.6007056278867289,9.49798993701811
2023-06-30,0.5981775865438935,9.45801809370596
2023-07-01,0.5917709587923337,9.356720414627096
2023-07-02,0.5843576673279796,9.239505984696876
2023-07-03,0.5692597196787632,9.000786471869334
2023-07-04,0.5544892108463891,8.767244221319652
2023-07-05,0.5401732697235433,8.540889317334347
2023-07-06,0.5263100283894658,8.321692225492967
2023-07-07,0.591937264640445,9.359349940968286
2023-07-08,0.694819871374801,10.986066785448
2023-07-09,0.6801565726728293,10.754219675899893
2023-07-10,0.6620561441933155,10.468026772798684
2023-07-11,0.6444736458861882,10.190023064765798
2023-07-12,0.6613645171219853,10.457091188614509
2023-07-13,0.6948214866415937,10.986092325058468
2023-07-14,0.7653238213544502,12.100832115319367
2023-07-15,0.7510323448588015,11.874864031054312
2023-07-16,0.7319336639396616,11.57288737100791
2023-07-17,0.7123633833667877,11.263454065713779
2023-07-18,0.6932767144860003,10.961667332670052
2023-07-19,0.685165587512707,10.833419154537879
2023-07-20,0.7948459885513915,12.567618564352584
2023-07-21,0.7733805212462644,12.228219725732194
2023-07-22,0.7524888329429213,11.897893129707878
2023-07-23,0.733226008753139,11.59332113667238
2023-07-24,0.7135702558368324,11.28253639496725
2023-07-25,0.6944476416741916,10.980181317114559
2023-07-26,0.6888995483301885,10.89245825892321
2023-07-27,0.6965715134961772,11.013762679193189
2023-07-28,0.6981496513941959,11.038715230291038
2023-07-29,0.6915515952389392,10.934390802389514
2023-07-30,0.6730898755351109,10.64248538345098
2023-07-31,0.6552305353212431,10.360104420532675
2023-08-01,0.6378530754276259,10.085342654472388
2023-08-02,0.6412793858473357,10.13951737895764
2023-08-03,0.9100536978139248,14.389212390752997
2023-08-04,0.8939327882297247,14.134318429554446
2023-08-05,0.986154618545315,15.592473598488597
2023-08-06,1.077659400790163,17.03929124194587
2023-08-07,1.0495303001006067,16.594531108389816
2023-08-08,1.0205623982779375,16.13650836441093
2023-08-09,0.9931520453432922,15.70311263069813
2023-08-10,0.9659215448118385,15.272560613169034
2023-08-11,0.9739769283973841,15.399927410952325
2023-08-12,1.0308875313966277,16.299763053408423
2023-08-13,1.0236533046600644,16.18537988542029
2023-08-14,0.9955603843326041,15.741191813618197
2023-08-15,0.9681585887507903,15.307931383533846
2023-08-16,0.9989391133982297,15.794614210838146
2023-08-17,1.012364561664511,16.006889186489182
2023-08-18,0.99295260572406,15.699959213435879
2023-08-19,1.0017523236241104,15.839094970091445
2023-08-20,0.9986842622357123,15.790584660148662
2023-08-21,0.9715275825265208,15.361199852305042
2023-08-22,0.9448245752735152,14.938988235827571
2023-08-23,0.918913472191742,14.529297723698514
2023-08-24,0.8939189082348571,14.134098967565981
2023-08-25,0.8848775339755266,13.99114228837847
2023-08-26,0.8624614876167958,13.636713475230902
2023-08-27,0.8862465992802417,14.012789111520531
2023-08-28,0.8627440641430836,13.641181402412743
2023-08-29,0.8392172281557422,13.269189463126667
2023-08-30,0.8165629789737148,12.9109943326456
2023-08-31,0.7945828944351874,12.563458681121613
2023-09-01,0.7825900414563706,12.373835025838632
2023-09-02,0.7696671587367628,12.169506309192675
2023-09-03,0.7755387038135684,12.262343588327944
2023-09-04,0.7552596185726914,11.941703097198566
2023-09-05,0.7348988626899735,11.619771279838263
2023-09-06,0.7155513991180878,11.313861020666785
2023-09-07,0.7113132193704708,11.246849514988448
2023-09-08,0.6924388937559771,10.948420223781161
2023-09-09,0.727457038620412,11.502105709807873
2023-09-10,0.7208059089028089,11.396942115203583
2023-09-11,0.7021294420792619,11.10164124616869
2023-09-12,0.6833478274889161,10.804677844963974
2023-09-13,0.6703254435813928,10.598775876399488
2023-09-14,0.6529816659256408,10.324546673280928
2023-09-15,0.6737028012995803,10.652176590712596
2023-09-16,0.6610377744759985,10.451924933764367
2023-09-17,0.6434857382362329,10.174402873306983
2023-09-18,0.626461967605614,9.9052334255218
2023-09-19,0.6099515532024998,9.644180852386349
2023-09-20,0.6103084135243058,9.649823309503587
2023-09-21,0.5942946387881736,9.396623298988388
2023-09-22,0.5787595251270051,9.15099158459394
2023-09-23,0.5901766882818809,9.331512784529746
2023-09-24,0.5753147197932615,9.09652442984131
2023-09-25,0.5603585708067739,8.860046950730709
2023-09-26,0.5458610299227797,8.630820702406547
2023-09-27,0.8164070356966322,12.908528652938744
2023-09-28,0.7958556901383531,12.58358334821201
2023-09-29,0.7882209696472131,12.4628678179582
2023-09-30,0.7681857538754017,12.146083241698939
2023-10-01,0.7690342454834166,12.159499071983268
2023-10-02,0.7488131276139897,11.839775125472666
2023-10-03,0.7286434011688474,11.520863748726763
2023-10-04,0.8686185209800132,13.734064720517972
2023-10-05,0.8546121753568597,13.512604951194495
2023-10-06,0.9031775774313543,14.280491381380841
2023-10-07,1.0280718566374578,16.255243326462306
2023-10-08,1.0033008783753878,15.863579770569006
2023-10-09,0.9759144364959771,15.430562103835204
2023-10-10,0.9490838058714868,15.006332584674928
2023-10-11,0.9230526478659155,14.59474383752827
2023-10-12,1.2201609232284862,19.292438146679334
2023-10-13,1.1871825567627035,18.77100438896138
2023-10-14,1.1586743869263019,18.320250645931687
2023-10-15,1.1267332457133432,17.815216859441573
2023-10-16,1.0956323646705772,17.323468752776108
2023-10-17,1.0653297254600154,16.844341957677596
2023-10-18,1.037291687774082,16.401021656631666
2023-10-19,1.0222997201203694,16.163977834665154
2023-10-20,0.9943184414568029,15.721554972561442
2023-10-21,0.969543455649074,15.329828051807592
2023-10-22,0.9467204743996528,14.96896503309016
2023-10-23,0.920791821463303,14.558997033395768
2023-10-24,0.8955672608765931,14.160161711241187
2023-10-25,0.8736729619020377,13.813982448579766
2023-10-26,0.8498517678150637,13.4373362990809
2023-10-27,0.8317142443132024,13.150556872177328
2023-10-28,0.8504925315515003,13.4474676633268
2023-10-29,0.8441039693127949,13.346455625086532
2023-10-30,0.8216841221690382,12.991966716251074
2023-10-31,0.7993628942745749,12.63903711466013
2023-11-01,0.8369350395633465,13.233104893116545
2023-11-02,0.9069651503259252,14.340378167134645
2023-11-03,0.8821690691879165,13.948317699922407
2023-11-04,0.9364829809232286,14.80709604850708
2023-11-05,0.9712896951215735,15.357438522173538
2023-11-06,0.9468222194123794,14.970573762994055
2023-11-07,0.9208385537008799,14.559735934950265
2023-11-08,0.8956132882994107,14.160889468695842
2023-11-09,0.8894942965418597,14.064139714007554
2023-11-10,0.9292718238390936,14.693077643751456
2023-11-11,0.9131549111909065,14.43824687966022
2023-11-12,0.8910273572787236,14.088379532606883
2023-11-13,0.8668616073630299,13.706285477108812
2023-11-14,0.8432141009441471,13.332385570773205
2023-11-15,0.8204582179388489,12.972583468447906
2023-11-16,0.8988462129128229,14.212006495105852
2023-11-17,0.8861276220911527,14.0109079169849
2023-11-18,1.0344218992368133,16.355646315727604
2023-11-19,1.0174610719982637,16.0874720903554
2023-11-20,0.9899918451029436,15.653145477589565
2023-11-21,0.962751881348658,15.222443833369695
2023-11-22,1.0449850909533973,16.52266504165475
2023-11-23,1.0415060513273915,16.467656595213956
2023-11-24,1.028747490638568,16.265926038003112
2023-11-25,1.000715158037852,15.82269594227484
2023-11-26,1.0082217437363632,15.941385483567549
2023-11-27,0.9813825611850625,15.517020746571754
2023-11-28,0.954392894550417,15.090276647301097
2023-11-29,0.9843142089938091,15.563374168437157
2023-11-30,0.9675458710300934,15.298243465733101
2023-12-01,0.9536353597234174,15.078298969999995
2023-12-02,0.9950833285552908,15.733648899481938
2023-12-03,1.0510999955039808,16.619350171926612
2023-12-04,1.0236196391668089,16.184847587234085
2023-12-05,0.995403100533466,15.738704938396594
2023-12-06,0.9715920074641023,15.3622185000094
2023-12-07,0.9538430624637511,15.08158303867856
2023-12-08,0.9538648815685213,15.08192802901646
2023-12-09,0.9311482241613854,14.722746137855037
2023-12-10,0.905804773770238,14.322031002837482
2023-12-11,0.8810178597244641,13.93011548008016
2023-12-12,0.8569557819754385,13.549660625465268
2023-12-13,0.8400625094063665,13.282554533203708
2023-12-14,0.8216352504607602,12.991193986694565
2023-12-15,0.8002634871574504,12.65327673843225
2023-12-16,0.8258389841602969,13.057660852531274
2023-12-17,0.8051075873402368,12.729868687390466
2023-12-18,0.7832740924126689,12.384650821126227
2023-12-19,0.762084831997537,12.049619196894918
2023-12-20,0.7573113799162728,11.974144292502588
2023-12-21,0.737089251579191,11.65440436909553
2023-12-22,0.7246304092041984,11.457412774525539
2023-12-23,0.7071102706257514,11.180395060377153
2023-12-24,0.7019424040965463,11.098683915996967
2023-12-25,0.6836529531434143,10.809502305167795
2023-12-26,0.66542326172406,10.521265575531856
2023-12-27,0.647739706568297,10.241664018424734
2023-12-28,0.6835078835540359,10.807208553559489
2023-12-29,0.6729320960650659,10.639990670984197
2023-12-30,0.6651790245508074,10.51740384674806
2023-12-31,0.6478982015061594,10.244170043430994
2024-01-01,0.6307412812186806,9.972895314719075
2024-01-02,0.6141015880433033,9.709798664716315
2024-01-03,0.5979652235327947,9.454660339676739
2024-01-04,0.719084811882141,11.369729181906381
2024-01-05,0.7000587457942717,11.068900663153599
2024-01-06,0.6838443213714267,10.812528102529342
2024-01-07,0.6696564709898678,10.588198490992266
2024-01-08,0.651997764617999,10.308989827656097
2024-01-09,0.6347175027578764,10.035764897445471
2024-01-10,0.6180385692482404,9.772047803280692
2024-01-11,0.6176561075305188,9.766000552551588
2024-01-12,0.6041102876446653,9.551822334483095
2024-01-13,0.5968070743818465,9.436348393740808
2024-01-14,0.6040117169472244,9.550263794910771
2024-01-15,0.5887833896066511,9.30948279815664
2024-01-16,0.5734163875530804,9.066509161667799
2024-01-17,0.5588336168562104,8.835935311677448
2024-01-18,0.586233377208382,9.269163561955645
2024-01-19,0.5804518148252594,9.177749034130553
2024-01-20,0.5934611468701344,9.383444634626658
2024-01-21,0.5842507871462971,9.237816060642631
2024-01-22,0.5694493899581712,9.003785422306184
2024-01-23,0.5546730717506522,8.7701513174703
2024-01-24,0.544505129262613,8.609382030571282
2024-01-25,0.5724806144560285,9.051713289868829
2024-01-26,0.5627469489918251,8.897810525623814
2024-01-27,0.5483122006424953,8.669577114447625
2024-01-28,0.5358082006917998,8.47187151591347
2024-01-29,0.5221230601896854,8.25549044548296
2024-01-30,0.508806238992224,8.044933014597015
2024-01-31,0.49831073811438154,7.878984574805623
2024-02-01,0.4889900896034528,7.731612181983664
2024-02-02,0.48711608698738557,7.701981598944232
2024-02-03,0.4936430322926244,7.80518166558372
2024-02-04,0.547479889632505,8.656417121881603
2024-02-05,0.5345331579444375,8.451711319934752
2024-02-06,0.5208315645211767,8.235070105979315
2024-02-07,0.5846673801552047,9.244402974469885
2024-02-08,0.5945478696231998,9.400627230050734
2024-02-09,0.5877251681004368,9.292750847013584
2024-02-10,0.5748701437648807,9.089495065627332
2024-02-11,0.5846675547960469,9.244405735784055
2024-02-12,0.570048251369185,9.013254252614113
2024-02-13,0.5552535926782798,8.779330159273785
2024-02-14,0.5497699260087021,8.692625776248708
2024-02-15,0.5366539493119438,8.485243975751468
2024-02-16,0.5245375655563469,8.293667127389712
2024-02-17,0.5114116268700266,8.08612781400726
2024-02-18,0.5006510478575653,7.915988120899344
2024-02-19,0.48804833394413655,7.716721717569699
2024-02-20,0.47579675817761835,7.523007295828096
2024-02-21,0.46414930068097776,7.33884482263116
2024-02-22,0.45542925598755835,7.200968809982809
2024-02-23,0.457922808256364,7.240395333153341
2024-02-24,0.44855762738117066,7.092318821828041
2024-02-25,0.4495710828738492,7.108342960148402
2024-02-26,0.43869910768495163,6.936441938839623
2024-02-27,0.4280180159275084,6.767559049585766
2024-02-28,0.4257666335926364,6.731961569275449
2024-02-29,0.4470939687674635,7.069176347146844
2024-03-01,0.4361426689596509,6.896021093486585
2024-03-02,0.4255608268956062,6.728707479673791
2024-03-03,0.4166709380185129,6.588145994686734
2024-03-04,0.40671153762028167,6.430674047746741
2024-03-05,0.397070867931847,6.278241675822743
2024-03-06,0.3940563066240496,6.230577276428465
2024-03-07,0.3900704783051533,6.167555797177903
2024-03-08,0.3880712325378473,6.135944946042214
2024-03-09,0.38320571271748033,6.0590143228769495
2024-03-10,0.385075902546025,6.0885846204523535
2024-03-11,0.37643760529794384,5.9520011484048485
2024-03-12,0.36780266307164633,5.815470723909523
2024-03-13,0.35945850230210513,5.683537957937655
2024-03-14,0.36957413320828236,5.84348012610322
2024-03-15,0.36961380946013167,5.844107462727532
2024-03-16,0.3664391350237197,5.793911452484666
2024-03-17,0.3671685792507317,5.80544497840176
2024-03-18,0.35912743974994343,5.678303399373559
2024-03-19,0.35107876760896667,5.551042718846406
2024-03-20,0.3439678340982918,5.438608987927657
2024-03-21,0.3522624289305261,5.56975804761827
2024-03-22,0.34578280946743295,5.467306268245612
2024-03-23,0.33868464300575435,5.355074402095998
2024-03-24,0.33999201760663855,5.375745809565236
2024-03-25,0.33280947831873103,5.262179891898079
2024-03-26,0.3256712108786556,5.149313973607789
2024-03-27,0.31880745837625707,5.040788517591491
2024-03-28,0.3798270603448238,6.005593138279315
2024-03-29,0.38301650840521684,6.056022740027557
2024-03-30,0.3744399453431334,5.920415371166299
2024-03-31,0.36587220912911067,5.7849475670272
2024-04-01,0.35759402454291206,5.65405797610877
2024-04-02,0.34959773360570995,5.527625515134164
2024-04-03,0.35774465173866105,5.656439601189424
2024-04-04,0.38402801454777125,6.072016056416172
2024-04-05,0.4149116555781526,6.560329296891345
2024-04-06,0.4795576030030469,7.582471473702158
2024-04-07,0.4682481489295241,7.403653303875151
2024-04-08,0.4567599237343909,7.222008514427385
2024-04-09,0.44549972017031736,7.043969063529294
2024-04-10,0.43792412375219647,6.924188366951918
2024-04-11,0.4283805298323068,6.773290897698988
2024-04-12,0.5170368105516269,8.175069777460601
2024-04-13,0.5039236384897589,7.967732322134654
2024-04-14,0.5313337172671427,8.401123721040536
2024-04-15,0.5193634149052451,8.211856622318088
2024-04-16,0.5061323736769153,8.002655491832519
2024-04-17,0.503706828412584,7.964304253816906
2024-04-18,0.5701560393547689,9.014958530308345
2024-04-19,0.6115509043015881,9.669468813643412
2024-04-20,0.6110513811747375,9.661570659519526
2024-04-21,0.600526268250254,9.495154012160308
2024-04-22,0.5850362978920265,9.250236076057842
2024-04-23,0.5697835504391376,9.00906896342554
2024-04-24,0.5556771745870671,8.786027577310833
2024-04-25,0.5429473141152978,8.58475081037615
2024-04-26,0.5526131310264479,8.737580794803188
2024-04-27,0.5637121448464677,8.913071612067931
2024-04-28,0.6014267756733795,9.509392284695137
2024-04-29,0.5867585546650662,9.277467346650129
2024-04-30,0.5714532799153689,9.035469704531593
2024-05-01,0.634926833762669,10.039074711245652
2024-05-02,0.6423065798840003,10.155758742731653
2024-05-03,0.6255043680506669,9.890092447121818
2024-05-04,0.6093371128058397,9.634465696687032
2024-05-05,0.5936960235676196,9.387158361293416
2024-05-06,0.5781902308259724,9.141990251342856
2024-05-07,0.5631465055561654,8.90412806961075
2024-05-08,0.5486012294064094,8.674147060463984
2024-05-09,0.5364533740648806,8.482072602636615
2024-05-10,0.5373902107417227,8.496885291108635
2024-05-11,0.5239165288603643,8.28384767504046
2024-05-12,0.5147569968956539,8.13902275849245
2024-05-13,0.5018085817813559,7.934290339239794
2024-05-14,0.48912518526328375,7.73374823191901
2024-05-15,0.4782084170923539,7.561138971378166
2024-05-16,0.4908758970637271,7.761429415998685
2024-05-17,0.5056664518074766,7.995288620236968
2024-05-18,0.49620983156468723,7.8457663255646235
2024-05-19,0.484867835665049,7.666433624288887
2024-05-20,0.47272211808746,7.474392967477266
2024-05-21,0.46095440572666685,7.288329097928149
2024-05-22,0.45439272761609256,7.184579857416725
2024-05-23,0.4439093170016527,7.018822581474648
2024-05-24,0.4406616889046169,6.96747307257569
2024-05-25,0.4303111392548582,6.803816512936213
2024-05-26,0.4999229746314869,7.904476272410371
2024-05-27,0.48869469329614323,7.726941556266158
2024-05-28,0.47642278028990936,7.532905574530442
2024-05-29,0.46479836541304886,7.349107437142317
2024-05-30,0.48470786383202163,7.663904247519694
2024-05-31,0.47672042299082,7.537611718849452
2024-06-01,0.4655551654790087,7.361073496851311
2024-06-02,0.45541613343647785,7.200761324232178
2024-06-03,0.44439015153956424,7.0264252430620235
2024-06-04,0.4335259848073485,6.854647684293871
2024-06-05,0.42305436832997034,6.689076890032552
2024-06-06,0.5068593516809639,8.0141500233407
2024-06-07,0.5011449114925172,7.9237967905992335
2024-06-08,0.49096502692246247,7.762838682804349
2024-06-09,0.4801099126423259,7.591204255871096
2024-06-10,0.4681291899438785,7.401772397161234
2024-06-11,0.45650711839490776,7.218011311040291
2024-06-12,0.4456362031896417,7.046127049544303
2024-06-13,0.4452187101817031,7.0395259054829
2024-06-14,0.5792855283297998,9.159308425480814
2024-06-15,0.7131318533057636,11.27560464231645
2024-06-16,0.7101505608607035,11.228466269829239
2024-06-17,0.6921469450960924,10.943804110155813
2024-06-18,0.6736633309824851,10.651552510202647
2024-06-19,0.6570660576455417,10.389126576737025
2024-06-20,0.6767062365510155,10.699665071709475
2024-06-21,0.659418854587838,10.426327562784705
2024-06-22,0.7528547078121539,11.903678119334835
2024-06-23,0.7718189176071485,12.203528604222123
2024-06-24,0.7515045151154788,11.882329698326743
2024-06-25,0.7312550165354227,11.56215701338013
2024-06-26,0.7473235931213992,11.81622351722282
2024-06-27,0.7272607330576822,11.499001846329937
2024-06-28,0.7502473069818385,11.86245149235078
2024-06-29,0.7392449322183998,11.688488672734668
2024-06-30,0.724352650979007,11.453021031373286
2024-07-01,0.7049705162476624,11.14656257303676
2024-07-02,0.6861041695574916,10.848259439700168
2024-07-03,0.6678591891541813,10.559780970002178
2024-07-04,0.6569409272646376,10.387148091696318
2024-07-05,0.6644143405115785,10.505313130476358
2024-07-06,0.6471982629932834,10.233103043817199
2024-07-07,0.6304157261674207,9.967747837390304
2024-07-08,0.6137915630644906,9.704896739393346
2024-07-09,0.5976645931068901,9.449906955277715
2024-07-10,0.6260261918736323,9.898343206211354
2024-07-11,0.6274775962349025,9.921291924148933
2024-07-12,0.6535065925820385,10.332846492474694
2024-07-13,0.6368636951252636,10.069699178334533
2024-07-14,0.630595792983733,9.970594943743114
2024-07-15,0.6143640553476158,9.713948637181076
2024-07-16,0.5982197378942998,9.458684565074638
2024-07-17,0.5825704111415397,9.211246983139995
2024-07-18,0.5919036203125677,9.358817977436097
2024-07-19,0.5907391445668058,9.340405999252942
2024-07-20,0.5803342619464087,9.175890359917164
2024-07-21,0.5655278003789349,8.941779646712343
2024-07-22,0.5508766000361123,8.710123829018546
2024-07-23,0.5366705877545249,8.48550705262784
2024-07-24,0.5446353220116411,8.61144055868012
2024-07-25,0.5344051222026269,8.449686897104598
2024-07-26,0.534412539743814,8.449804178728545
2024-07-27,0.5336059814105409,8.437051371733885
2024-07-28,0.52264010884834,8.263665702595379
2024-07-29,0.5096548537640323,8.058350792271908
2024-07-30,0.4967262508203491,7.853931630941926
2024-07-31,0.5491705223099553,8.683148371618861
2024-08-01,0.5442033311680204,8.604610183709227
2024-08-02,0.5523705956854094,8.73374597434935
2024-08-03,0.5405504709914162,8.546853393048254
2024-08-04,0.5651245226475893,8.935403265908954
2024-08-05,0.5523996297786573,8.734205043671658
2024-08-06,0.5381467374226554,8.50884702822081
2024-08-07,0.5580067782631047,8.822861845619732
2024-08-08,0.5736487959324255,9.070183860797993
2024-08-09,0.5601501061294789,8.85675083477099
2024-08-10,0.5608942198776469,8.868516306183269
2024-08-11,0.5566586537348626,8.801546125225807
2024-08-12,0.5432452119302777,8.58946098840277
2024-08-13,0.5292744188074099,8.368563353466374
2024-08-14,0.5159298539565136,8.157567256903087
2024-08-15,0.508925298758787,8.046815514797151
2024-08-16,0.49692184818165774,7.857024296772196
2024-08-17,0.48440694745215207,7.659146341791493
2024-08-18,0.4765281683875601,7.534571906664685
2024-08-19,0.4646780819090119,7.347205587953803
2024-08-20,0.4531656474384749,7.1651780162521455
2024-08-21,0.4420517905185316,6.989452508970923
2024-08-22,0.44190195879722394,6.987083461445544
2024-08-23,0.4313440033764836,6.82014752862524
2024-08-24,0.4922123387629689,7.782560414646834
2024-08-25,0.5168614169950797,8.172296561832567
2024-08-26,0.5046177727385505,7.978707548275212
2024-08-27,0.49184650264028246,7.776776037656565
2024-08-28,0.48169647263664356,7.616289972003835
2024-08-29,0.49427048061466367,7.815102494642194
2024-08-30,0.48423979027793096,7.656503354802611
2024-08-31,0.6235961142751002,9.859920305699786
2024-09-01,0.619267058511158,9.7914719240401
2024-09-02,0.6034392765583779,9.541212717643635
2024-09-03,0.5876263742359676,9.29118877886072
2024-09-04,0.5725136087622873,9.052234975656804
2024-09-05,0.5577912552151563,8.819454127020839
2024-09-06,0.544446111863885,8.60844888356349
2024-09-07,0.5321597126603157,8.4141838549367
2024-09-08,0.5457355085077882,8.628836034574045
2024-09-09,0.5320706682084368,8.41277593853201
2024-09-10,0.5184452992945626,8.197339939892522
2024-09-11,0.6856182469875848,10.840576329263227
2024-09-12,0.7349811897219053,11.62107298450779
2024-09-13,0.7177019455740027,11.347864145740253
2024-09-14,0.728497128704594,11.518550977996732
2024-09-15,0.7742995717523147,12.242751190151438
2024-09-16,0.7554218408690825,11.94426805691786
2024-09-17,0.7350562797393626,11.622260261931325
2024-09-18,0.7599033421128409,12.01512681325363
2024-09-19,0.7411766216383614,11.719031364230307
2024-09-20,0.7848287030740917,12.409231373950611
2024-09-21,0.7636981437404791,12.075127895312884
2024-09-22,0.7479126022795332,11.82553656973483
2024-09-23,0.7279517871001476,11.509928370132226
2024-09-24,0.7084012945827671,11.200807941467218
2024-09-25,0.6894328975586733,10.900891250674738
2024-09-26,0.6750352039288541,10.673243726057107
2024-09-27,0.7285960851997448,11.520115617566452
2024-09-28,0.71246923440849,11.265127717636181
2024-09-29,0.7151570558617363,11.307625906316792
2024-09-30,0.6963078314302549,11.009593499660923
2024-10-01,0.6776999511155668,10.715377078549798
2024-10-02,0.6652800349409228,10.519000961248596
2024-10-03,0.6724582467503282,10.632498455472792
2024-10-04,0.6706148189383659,10.603351302533286
2024-10-05,0.6547356763215566,10.352280012734466
2024-10-06,0.6452060105286123,10.201602766504973
2024-10-07,0.628488729619599,9.937279346718313
2024-10-08,0.6119170725014081,9.675258441234186
2024-10-09,0.5975588973783584,9.44823575907216
2024-10-10,0.623237601994423,9.854251728819378
2024-10-11,0.6072240346132479,9.601054996873923
2024-10-12,0.5978647155715026,9.453071169273423
2024-10-13,0.5933858253293054,9.382253696497193
2024-10-14,0.5782892610004593,9.143556055885169
2024-10-15,0.5632425095895086,8.905646026660387
2024-10-16,0.5489511024282707,8.67967903866862
2024-10-17,0.5994865203253219,9.478714153984212
2024-10-18,0.5920515222094156,9.36115651175759
2024-10-19,0.5770391446559526,9.123789980940945
2024-10-20,0.5628871054796736,8.900026594276069
2024-10-21,0.5484012533488475,8.670985161367
2024-10-22,0.5342714789797081,8.447573812213253
2024-10-23,0.5521112076298587,8.729644689082438
2024-10-24,0.5611611888443175,8.872737456179573
2024-10-25,0.5723696845127153,9.049959333460913
2024-10-26,0.5626618808109166,8.896465479583425
2024-10-27,0.548344801202093,8.670092574554248
2024-10-28,0.5342272716168709,8.446874832433679
2024-10-29,0.5205351433986909,8.23038327651112
2024-10-30,0.5304082182381366,8.386490296520867
2024-10-31,0.5310583134442604,8.396769204257406
2024-11-01,0.5562553010485646,8.795168559280562
2024-11-02,0.5543532954284865,8.765095209871124
2024-11-03,0.5426817079101806,8.580551207531927
2024-11-04,0.5287360875177933,8.360051588411755
2024-11-05,0.5152140349928681,8.146249165315782
2024-11-06,0.5021137582716623,7.939115603228316
2024-11-07,0.4950840849682527,7.827966709000045
2024-11-08,0.5040204309748934,7.9692627457017196
2024-11-09,0.6564895180154844,10.380010684775366
2024-11-10,0.6454141144330909,10.204893178145607
2024-11-11,0.6283326340295137,9.934811258731425
2024-11-12,0.6117656927630152,9.672864917409576
2024-11-13,0.5956998297735087,9.418841319294364
2024-11-14,0.68756027124777,10.871282428930671
2024-11-15,0.7370004958849057,11.653001018349274
2024-11-16,0.7210369802807715,11.400595674485759
2024-11-17,0.7202503366666485,11.388157746848483
2024-11-18,0.701144505939699,11.086068038414528
2024-11-19,0.6823922742706845,10.789569221988396
2024-11-20,0.7170048187962101,11.33684160356166
2024-11-21,0.6982518702813558,11.040331452807603
2024-11-22,0.6811317918556686,10.769639245078197
2024-11-23,0.6788768820831543,10.73398599108161
2024-11-24,0.7021488255223429,11.10194772531385
2024-11-25,0.6838216496395162,10.812169630972653
2024-11-26,0.6655869118568289,10.523853111326552
2024-11-27,0.6712035693234413,10.612660263483981
2024-11-28,0.6763085330564731,10.693376827328663
2024-11-29,0.6585391607678366,10.412418382210811
2024-11-30,0.6411005509092222,10.13668975030937
2024-12-01,0.6299491727159695,9.960370979606312
2024-12-02,0.6134185609096269,9.698999057485747
2024-12-03,0.5973028947079217,9.444188001443832
2024-12-04,0.6278272816579739,9.926820936156258
2024-12-05,0.6261442470114119,9.900209821835697
2024-12-06,0.6161802121773967,9.742664598031968
2024-12-07,0.6052847200385141,9.570391741095325
2024-12-08,0.5896088880842959,9.322535075128435
2024-12-09,0.5742913543514818,9.080343601467668
2024-12-10,0.5593668313521944,8.84436617312109
2024-12-11,0.5620501038241896,8.886792436092765
2024-12-12,0.547503734162454,8.656794137003477
2024-12-13,0.5372753931836469,8.495069866114145
2024-12-14,0.5414396182442044,8.560912045518716
2024-12-15,0.5308020869107548,8.392717907043172
2024-12-16,0.5172342915924685,8.178192226879402
2024-12-17,0.5040694873361146,7.970038394877614
2024-12-18,0.5059165492130958,7.9992430074302465
2024-12-19,0.5020013749370134,7.93733866668564
2024-12-20,0.5271522727245602,8.335009277719328
2024-12-21,0.5679157850122969,8.979536999006873
2024-12-22,0.5532861262736055,8.748221783980618
2024-12-23,0.5392699086540881,8.526605924689326
2024-12-24,0.5254218604180634,8.30764905682075
2024-12-25,0.5345430492491937,8.451867715195055
2024-12-26,0.5212189319781235,8.241194923256211
2024-12-27,0.5080831041057952,8.033499248113804
2024-12-28,0.49691252761572674,7.856876925685078
2024-12-29,0.49635697621378455,7.848092886747892
2024-12-30,0.4842844686799401,7.657209782365439
2024-12-31,0.47215142849995434,7.465369572809967
2025-01-01,0.4604022566121246,7.279598853878155
2025-01-02,0.4490419813498933,7.099977130502568
2025-01-03,0.4380285831557923,6.925840015143846
2025-01-04,0.42742942522573096,6.758252613449699
2025-01-05,0.4848407671290576,7.666005633155591
2025-01-06,0.47488073698154093,7.508523729005114
2025-01-07,0.46304467963179513,7.321379230297249
2025-01-08,0.4515951782485084,7.140346718075077
2025-01-09,0.4562838754399964,7.21448152999476
2025-01-10,0.4470426599599076,7.0683650836673255
2025-01-11,0.46296052335958443,7.320048602799375
2025-01-12,0.4641312691641386,7.338559719316763
2025-01-13,0.45298424545434296,7.162309799042492
2025-01-14,0.44184466055745153,6.986177496727548
2025-01-15,0.4348820481792187,6.876088928827061
2025-01-16,0.4489272447868158,7.098162986151445
2025-01-17,0.4421533653299254,6.991058547755455
2025-01-18,0.4899743495392277,7.7471746980171625
2025-01-19,0.47789787759486296,7.556228910800589
2025-01-20,0.4659866630568868,7.3678960726060145
2025-01-21,0.4544326359053556,7.185210862874684
2025-01-22,0.44327755155205717,7.008833492636037
2025-01-23,0.46819027708903027,7.402738269733419
2025-01-24,0.4744560355507188,7.501808609770462
2025-01-25,0.48675347035507943,7.696248126566496
2025-01-26,0.5540793612788718,8.760763930662703
2025-01-27,0.5420119776113221,8.569961841719838
2025-01-28,0.5280792468244903,8.349666025158145
2025-01-29,0.5235228831601862,8.277623590021987
2025-01-30,0.5101683722534215,8.066470232507301
2025-01-31,0.5146508663834922,8.137344687754094
2025-02-01,0.512035373434748,8.095990113143387
2025-02-02,0.506086493214946,8.0019300580329
2025-02-03,0.49339777720447914,7.801303842152298
2025-02-04,0.4809780460164248,7.604930649745894
2025-02-05,0.4696696204780805,7.426128742487975
2025-02-06,0.5125303088159855,8.103815728639956
2025-02-07,0.5495478323961017,8.689114167900746
2025-02-08,0.5643274079290802,8.92279977557429
2025-02-09,0.590781100232429,9.341069376573532
2025-02-10,0.5762959103419101,9.112038414603107
2025-02-11,0.5613100860788499,8.875091728171686
2025-02-12,0.5622708411228026,8.890282599233613
2025-02-13,0.5561365643729962,8.793291167597598
2025-02-14,0.5440802138081925,8.602663527326412
2025-02-15,0.5301181658498684,8.381904165582373
2025-02-16,0.6142623229683906,9.712340107030377
2025-02-17,0.600494292827049,9.49464843632793
2025-02-18,0.5847708684709013,9.246039268413965
2025-02-19,0.569797458948554,9.009288876268608
2025-02-20,0.5585377425297479,8.8312571278135
2025-02-21,0.5498220529452597,8.693449975483553
2025-02-22,0.5492132185678541,8.683823458731492
2025-02-23,0.5400248540542536,8.538542659557278
2025-02-24,0.5261695700812271,8.319471384641325
2025-02-25,0.5127271139629379,8.106927491238027
2025-02-26,0.5405974128628077,8.547595609204395
2025-02-27,0.5278821762413474,8.346550065645399
2025-02-28,0.5149094604806842,8.141433419437103
2025-03-01,0.5053561891726087,7.990382937241829
2025-03-02,0.5061278639632666,8.002584186998892
2025-03-03,0.4934413628446187,7.801992991632885
2025-03-04,0.48102026306730566,7.605598159930288
2025-03-05,0.49781591375354867,7.871160714695778
2025-03-06,0.5104468943385533,8.070874053345682
2025-03-07,0.5068455897702242,8.013932428426234
2025-03-08,0.5197004245548386,8.21718521274894
2025-03-09,0.5199189872128585,8.220640991802957
2025-03-10,0.5067690518858703,8.01272225821699
2025-03-11,0.49393055084590415,7.809727733073323
2025-03-12,0.5129349491890048,8.110213654699963
2025-03-13,0.5054602036609788,7.992027550706362
2025-03-14,0.5266923400365303,8.327737103396638
2025-03-15,0.5159658418607578,8.158136275631225
2025-03-16,0.5029766940736684,7.952759816272534
2025-03-17,0.4903726533549621,7.7534724343094465
2025-03-18,0.4780479696377697,7.558602074371854
2025-03-19,0.4816705872634417,7.615880688316827
2025-03-20,0.5470290674892949,8.64928899792069
2025-03-21,0.5412780694763965,8.558357735221382
2025-03-22,0.5793908116508001,9.160973100950752
2025-03-23,0.5795180474088959,9.162984874927757
2025-03-24,0.5646846772499599,8.928448699534698
2025-03-25,0.5500543864441528,8.697123490649846
2025-03-26,0.5378063481940537,8.503465001953964
2025-03-27,0.6253642437114317,9.887876886783772
2025-03-28,0.6301213996738436,9.963094126913132
2025-03-29,0.6201967545126623,9.806171708521623
2025-03-30,0.6199897915950769,9.802899337467805
2025-03-31,0.6046117261178935,9.559750772892286
2025-04-01,0.5887632177021501,9.309163852341808
2025-04-02,0.5736444877169837,9.07011574193076
2025-04-03,0.6035126581844875,9.5423729830282
2025-04-04,0.588215886785994,9.300509790697408
2025-04-05,0.6213600749985062,9.824565420441624
2025-04-06,0.8751950984834732,13.83804954111576
2025-04-07,0.8600077547453917,13.597916552014594
2025-04-08,0.8365611322847986,13.227192899946914
2025-04-09,0.9716630000045251,15.363340990632487
2025-04-10,0.9468417134585881,14.970881990928216
2025-04-11,0.9836492853080803,15.552860801851672
2025-04-12,1.0614745466522448,16.78338622857876
2025-04-13,1.0323432025776826,16.322779235690426
2025-04-14,1.0039394706660305,15.873676801242281
2025-04-15,0.9762942532903368,15.436567534654007
2025-04-16,0.969175003968725,15.324002319219497
2025-04-17,0.9874390067478719,15.612781559088244
2025-04-18,0.9808334071776491,15.508337859323577
2025-04-19,0.9560065515817086,15.115790805207231
2025-04-20,0.9297553443767089,14.700722774723124
2025-04-21,0.9042692440896007,14.297752146809458
2025-04-22,0.8795271955583237,13.906546010123161
2025-04-23,0.8897691018467022,14.068484767389549
2025-04-24,0.8754916548371464,13.842738508776769
2025-04-25,0.8583658011137977,13.571954985573482
2025-04-26,0.8420766825725271,13.31440140723901
2025-04-27,0.8316408647338018,13.149396639154073
2025-04-28,0.8095841849726235,12.800649910822761
2025-04-29,0.7876190867515546,12.453351213783309
2025-04-30,0.7698074144601116,12.171723946895957
2025-05-01,0.7601860763047316,12.019597233347538
2025-05-02,0.7539095149018835,11.920356083813031
2025-05-03,0.7337947904462555,11.602314364880655
2025-05-04,0.7312687470834841,11.562374112407111
2025-05-05,0.7118362937338106,11.25512004685743
2025-05-06,0.6927653255121096,10.953581563031097
2025-05-07,0.7036970169916132,11.126426781798536
2025-05-08,0.6877836675436467,10.874814634509749
2025-05-09,0.6696081807721396,10.587434955608634
2025-05-10,0.6929734709782001,10.956872631818515
2025-05-11,0.6775572137292827,10.713120202310213
2025-05-12,0.6597644000869591,10.431791116846918
2025-05-13,0.6422507173438079,10.1548754784172
2025-05-14,0.6261922538048954,9.900968875888543
2025-05-15,0.6122261042374592,9.680144662010173
2025-05-16,0.5987679611874082,9.46735273643754
2025-05-17,0.5847044535032248,9.244989155571043
2025-05-18,0.5694617792010379,9.003981313435903
2025-05-19,0.5546911871755148,8.770437747487037
2025-05-20,0.5403677979350731,8.543965078422312
2025-05-21,0.5533662625765955,8.749488850184187
2025-05-22,0.5414974362489613,8.561826228442706
2025-05-23,0.5347806427265918,8.455624397923943
2025-05-24,0.5241226342608892,8.28710648755906
2025-05-25,0.5227708118571968,8.2657322986205
2025-05-26,0.509535645956728,8.056465951342126
2025-05-27,0.4966107630880936,7.8521056095632495
2025-05-28,0.48553581801142737,7.676995352545583
2025-05-29,0.5041269201886414,7.97094648801014
2025-05-30,0.49159006288526796,7.772721369114258
2025-05-31,0.49104320372929083,7.764074766653233
2025-06-01,0.5503528398952945,8.701842454055573
2025-06-02,0.5373504739937318,8.496256997956339
2025-06-03,0.5235617461031233,8.27823806710328
2025-06-04,0.5102335080426952,8.06750011976379
2025-06-05,0.4998464348131987,7.903266071622941
2025-06-06,0.5102678148540856,8.068042558080048
2025-06-07,0.5003314875828708,7.910935429310626
2025-06-08,0.5666946553509287,8.960229243765305
2025-06-09,0.5531132928188163,8.74548904711557
2025-06-10,0.5388384405010115,8.519783814181585
2025-06-11,0.5251177202231528,8.302840178101127
2025-06-12,0.594339879939427,9.397338624398033
2025-06-13,0.5813441367538907,9.1918578826335
2025-06-14,0.5831952106288882,9.221125930444629
2025-06-15,0.5930122827952404,9.37634747044421
2025-06-16,0.5778422050829363,9.136487481181023
2025-06-17,0.5628091153113968,8.898793461441796
2025-06-18,0.6028056271749547,9.53119384119574
2025-06-19,0.5870167800978643,9.281550249237252
2025-06-20,0.5802009359415174,9.173782290683228
2025-06-21,0.5655893636668008,8.942753047761867
2025-06-22,0.5537129881481354,8.754971062829636
2025-06-23,0.5394257050118577,8.529069281397879
2025-06-24,0.5255728434322445,8.3100363078848
2025-06-25,0.5124843482638964,8.103089028504357
2025-06-26,0.5036439396878146,7.963309895769834
2025-06-27,0.49444103911167664,7.817799261266474
2025-06-28,0.49831649974983083,7.879075674260959
2025-06-29,0.5199520809606251,8.221164249899225
2025-06-30,0.5072239962178478,8.019915559705153
2025-07-01,0.49437128432317407,7.816696341219617
2025-07-02,0.48203966569906936,7.621716330776004
2025-07-03,0.4874597399005125,7.707415228594397
2025-07-04,0.521919585589033,8.252273229562686
2025-07-05,0.5287838627841456,8.360806981699225
2025-07-06,0.5152600278723681,8.146976376592631
2025-07-07,0.5021566870363235,7.939794366595652
2025-07-08,0.4894623964501973,7.739080008934687
2025-07-09,0.5505294231973697,8.70463448121213
2025-07-10,0.5623960001283452,8.892261536869595
2025-07-11,0.5725834818677618,9.053339766459246
2025-07-12,0.5594101442586638,8.845051010303713
2025-07-13,0.5484724646044683,8.672111110181012
2025-07-14,0.5344197242992695,8.449917776524622
2025-07-15,0.5207216408063653,8.23333205944096
2025-07-16,0.5080707446561016,8.033303828055516
2025-07-17,0.4952539795430616,7.830652978092556
2025-07-18,0.493422360905065,7.801692544588133
2025-07-19,0.4888155500774439,7.728852469764093
2025-07-20,0.4824805410196548,7.6286871816620385
2025-07-21,0.4706363418170402,7.441413948956978
2025-07-22,0.45893473120866185,7.256395239882656
2025-07-23,0.470328406230538,7.436545059827144
2025-07-24,0.49494513134129275,7.825769659248372
2025-07-25,0.48477961203912406,7.665038686282079
2025-07-26,0.47751761077530125,7.5502163644585725
2025-07-27,0.5417109435409158,8.56520207514086
2025-07-28,0.529351283813609,8.369778695926135
2025-07-29,0.5158101619902462,8.155674760747942
2025-07-30,0.6064059190266424,9.588119453659132
2025-07-31,0.6141277581464711,9.710212450379375
2025-08-01,0.6215177926589428,9.827059155612687
2025-08-02,0.6053830292382852,9.57194614602645
2025-08-03,0.7239524632717732,11.446693508140987
2025-08-04,0.7062907814227021,11.167437798379392
2025-08-05,0.6873850710847837,10.868512271123326
2025-08-06,0.6785743093662534,10.72920189636545
2025-08-07,0.6605115314854394,10.44360430150004
2025-08-08,0.6795644912476291,10.744858046580337
2025-08-09,0.6629610976088224,10.482335342645436
2025-08-10,0.6468048034709799,10.226881902529394
2025-08-11,0.6298271197159284,9.95844115222938
2025-08-12,0.6132150341648563,9.695781017094573
2025-08-13,0.5980358940071562,9.455777737988274
2025-08-14,0.5971585196829002,9.441905231862274
2025-08-15,0.5840670588429323,9.234911061096275
2025-08-16,0.5884805713963644,9.304694821849232
2025-08-17,0.608446284141713,9.620380458769004
2025-08-18,0.5930882196243995,9.37754813713638
2025-08-19,0.5775900848437132,9.132501110180165
2025-08-20,0.5625764811438473,8.895115192286628
2025-08-21,0.5543524366522626,8.765081631426783
2025-08-22,0.546200997397607,8.636196060160698
2025-08-23,0.5332968898813688,8.432164205545643
2025-08-24,0.526574864426608,8.325879650912276
2025-08-25,0.5136496794290616,8.121514532055855
2025-08-26,0.5005965042743961,7.915125711126536
2025-08-27,0.48912585410220233,7.7337588071908625
2025-08-28,0.5017574043140375,7.93348115243177
2025-08-29,0.4892431101090921,7.735612787446403
2025-08-30,0.5113935338826646,8.085841738758557
2025-08-31,0.4984180066513134,7.880680639295515
2025-09-01,0.4858419863261459,7.6818362986550115
2025-09-02,0.47365987263313447,7.489220168729805
2025-09-03,0.46236094640107156,7.31056845869209
2025-09-04,0.4524263850563192,7.153489251671677
2025-09-05,0.44512938019306547,7.03811347434564
2025-09-06,0.4349979061725264,6.8779208045470055
2025-09-07,0.454877872779722,7.192250675981145
2025-09-08,0.4445472070984779,7.028908509488813
2025-09-09,0.43367799601658297,6.857051192549158
2025-09-10,0.4327014400272023,6.841610486603548
2025-09-11,0.4446851510553153,7.031089594954124
2025-09-12,0.4348349443995966,6.875344152677018
2025-09-13,0.4342920540699268,6.866760302869837
2025-09-14,0.4251442826872747,6.722121337451395
2025-09-15,0.4149066725213257,6.560250507844929
2025-09-16,0.4049974725281586,6.403572299002264
2025-09-17,0.4033493044709741,6.377512473865076
2025-09-18,0.4076310765579281,6.4452132349476114
2025-09-19,0.39855408383946467,6.301693378472072
2025-09-20,0.39698232642506737,6.276841711678309
2025-09-21,0.3878198604307833,6.131970404049424
2025-09-22,0.3788078459967012,5.98947794445936
2025-09-23,0.37009330832141646,5.851689005413117
2025-09-24,0.4427658575538412,7.000742900139034
2025-09-25,0.43269899401939704,6.841571811824352
2025-09-26,0.4880113234960129,7.716136531003229
2025-09-27,0.47921999543237104,7.5771334293088985
2025-09-28,0.4743372264889386,7.499930073560996
2025-09-29,0.4625841878100682,7.314098215294563
2025-09-30,0.4511383603628718,7.133123793102507
2025-10-01,0.444791268665689,7.0327674616973
2025-10-02,0.454803011101013,7.191067008910224
2025-10-03,0.49607392116115906,7.843617393400316
2025-10-04,0.48834042122145704,7.72134002292915
2025-10-05,0.49884036802640397,7.8873587590003496
2025-10-06,0.48675890995818494,7.6963341342434
2025-10-07,0.47454792119718786,7.503261449406058
2025-10-08,0.4778774374419459,7.555905723605888
2025-10-09,0.47342790407731106,7.485552423820096
2025-10-10,0.4698563555794993,7.429081283685905
2025-10-11,0.46470700315675745,7.347662873032053
2025-10-12,0.45418309214159336,7.181265229527786
2025-10-13,0.44329647742985495,7.009132737038832
2025-10-14,0.4324674493356922,6.837910768921299
2025-10-15,0.42622581586664327,6.7392218785106355
2025-10-16,0.42357931555909245,6.697377034509652
2025-10-17,0.45965069918067775,7.267715687499166
2025-10-18,0.49766592971296997,7.868789258791259
2025-10-19,0.5746749442699478,9.086408690616821
2025-10-20,0.5634866899679941,8.909506857440066
2025-10-21,0.5488931444610745,8.678762642744154
2025-10-22,0.7212389936989099,11.403789787081926
2025-10-23,0.7043318192426021,11.136463886683169
2025-10-24,0.6976012086931196,11.030043589783558
2025-10-25,0.6817159763085113,10.778876012301408
2025-10-26,0.6794054227559009,10.742342952891194
2025-10-27,0.6619161754179991,10.465813672142163
2025-10-28,0.6443378792485358,10.187876405739578
2025-10-29,0.6312898567727401,9.981569055816658
2025-10-30,0.6412759784524389,10.139463503313833
2025-10-31,0.6247006366250806,9.877384337462283
2025-11-01,0.6162371885618303,9.743565473770225
2025-11-02,0.6032774687427696,9.53865431144094
2025-11-03,0.5875575128551817,9.290099984830182
2025-11-04,0.5722278781369522,9.047717177790188
2025-11-05,0.5574206999186163,8.81359513334031
2025-11-06,0.5438086436454339,8.598369626032113
2025-11-07,0.5620593987821664,8.886939402282575
2025-11-08,0.584481178134915,9.241458862024682
2025-11-09,0.584311880393892,9.238782029702914
2025-11-10,0.5697183950866389,9.008038766847303
2025-11-11,0.5549338380763489,8.774274395101674
2025-11-12,0.5459705701117438,8.632552684868806
2025-11-13,0.5325703880162165,8.420677202454435
2025-11-14,0.5825382197533311,9.210737992601084
2025-11-15,0.5677689512688596,8.977215353673719
2025-11-16,0.6238465805949234,9.863880525938793
2025-11-17,0.608903857694229,9.62761533188403
2025-11-18,0.5929250814216886,9.374968695666617
2025-11-19,0.5800234503197043,9.170975996598923
2025-11-20,0.6044819256027608,9.557698446545874
2025-11-21,0.594781900377531,9.404327581181803
2025-11-22,0.5925514033120468,9.369060325975545
2025-11-23,0.733526243137174,11.598068259099621
2025-11-24,0.7166160184796091,11.33069413078439
2025-11-25,0.6974027167663962,11.026905156855552
2025-11-26,0.6795387654000843,10.744451285215439
2025-11-27,0.664506385990861,10.50676849729063
2025-11-28,0.6683854784869013,10.568102335000404
2025-11-29,0.6513448732702435,10.298666709038475
2025-11-30,0.6535785143866562,10.333983676054801
2025-12-01,0.6368852891278056,10.070040609493695
2025-12-02,0.6200601768690455,9.804012226365183
2025-12-03,0.6447863881862476,10.194967954710137
2025-12-04,0.6546749584991729,10.351319979667977
2025-12-05,0.6826421283655197,10.793519762100392
2025-12-06,0.671748174462519,10.621271226808574
2025-12-07,0.8113693470985369,12.828875802375535
2025-12-08,0.7922217908005877,12.52612635473643
2025-12-09,0.7707684443575548,12.18691916377315
2025-12-10,0.7507685064022429,11.870692378768968
2025-12-11,0.7535771381316348,11.91510074563645
2025-12-12,0.7343044209599121,11.610372330822036
2025-12-13,0.7509778019690739,11.874001632245777
2025-12-14,0.7412991859760705,11.720969276565661
2025-12-15,0.7216817019445393,11.410789619057557
2025-12-16,0.7023176538587607,11.104617135697136
2025-12-17,0.7017408183081734,11.09549656482107
2025-12-18,0.7003438811051055,11.073409048271472
2025-12-19,0.684468482925282,10.822396963219804
2025-12-20,0.6681319530738831,10.564093746251041
2025-12-21,0.7151524081902549,11.307552420178306
2025-12-22,0.698035406664591,11.036908862509929
2025-12-23,0.6793759546501934,10.741877021229362
2025-12-24,0.673889189825731,10.655123652074387
2025-12-25,0.6799896360299701,10.751580175818008
2025-12-26,0.7192077584311212,11.371673137532554
2025-12-27,0.7017750036992474,11.09603708331356
2025-12-28,0.6851351460372684,10.83293783254927
2025-12-29,0.6669104075616302,10.54477941582966
2025-12-30,0.6491822374851839,10.264472434887603
2025-12-31,0.6366220283887805,10.065878091724601
2026-01-01,0.6980639423641559,11.037360051536186
2026-01-02,0.682681209407887,10.79413768763646
2026-01-03,0.6644805892221407,10.506360614563485
2026-01-04,0.6846359117803825,10.825044245860564
2026-01-05,0.6671113594608988,10.547956744338789
2026-01-06,0.6493771616206562,10.26755445608276
2026-01-07,0.6476170332270439,10.23972438259202
2026-01-08,0.6692748582373625,10.582164663581853
2026-01-09,0.6655784529425303,10.523719364147972
2026-01-10,0.6568694608427137,10.386018108348807
2026-01-11,0.6429870330562321,10.16651765205835
2026-01-12,0.6262234196901713,9.901461651802379
2026-01-13,0.609720215152008,9.640523076641264
2026-01-14,0.5940153771089817,9.39220778414114
2026-01-15,0.6856381953030577,10.840891739825118
2026-01-16,0.6676673740951724,10.556748107622239
2026-01-17,0.6929018878233891,10.955740802762
2026-01-18,0.6762318296763222,10.692164040401112
2026-01-19,0.6583276483452356,10.409074077166617
2026-01-20,0.6408571218940716,10.132840799627132
2026-01-21,0.6287979083718408,9.942167892024377
2026-01-22,0.6274979440654193,9.921613651598312
2026-01-23,0.6110080343799321,9.660885286515262
2026-01-24,0.6278862053557193,9.927752601621432
2026-01-25,0.6158686104349731,9.737737741887289
2026-01-26,0.5997167349252874,9.48235416641679
2026-01-27,0.584016945314394,9.234118696637431
2026-01-28,0.6190520267569609,9.788071973477477
2026-01-29,0.6033206240725408,9.539336657117204
2026-01-30,0.5933035277390075,9.380952457340769
2026-01-31,0.5786683206627541,9.149549515394897
2026-02-01,0.565752092838131,8.945326021877642
2026-02-02,0.5511513622807549,8.714468201559
2026-02-03,0.536936891053981,8.489717677501336
2026-02-04,0.576538889357894,9.115880250173786
2026-02-05,0.5631252682322807,8.903792278036338
2026-02-06,0.565930561598676,8.94814786075019
2026-02-07,0.5889292603548455,9.311789217198076
2026-02-08,0.58049900193497,9.17849512784498
2026-02-09,0.5657971863210947,8.946039012446619
2026-02-10,0.5511327828288531,8.714174434630566
2026-02-11,0.5473820527169946,8.65487018442031
2026-02-12,0.536384807632412,8.48098847214845
2026-02-13,0.5271815865293346,8.33547276966919
2026-02-14,0.5274473153750168,8.339674311631006
2026-02-15,0.5190186953115499,8.206406126967265
2026-02-16,0.5059717860043592,8.000116377785405
2026-02-17,0.4931581945209151,7.797515707312309
2026-02-18,0.480908062868623,7.603824119021485
2026-02-19,0.47818560142314825,7.560778223973013
2026-02-20,0.46768471281204177,7.394744596638919
2026-02-21,0.48047648592587006,7.597000288397928
2026-02-22,0.4692088730646269,7.418843686225252
2026-02-23,0.45757828160076536,7.23494788842168
2026-02-24,0.4462919644561301,7.056495545561403
2026-02-25,0.435394011020527,6.884183772106589
2026-02-26,0.42983258310712846,6.7962498758607035
2026-02-27,0.42108035264099575,6.65786496146222
2026-02-28,0.48029927104375086,7.594198275084054
2026-03-01,0.47204950298272874,7.463757988879349
2026-03-02,0.4606906612825461,7.284158932109966
2026-03-03,0.4493051245008007,7.104137789040272
2026-03-04,0.4387051370325033,6.936537271194964
2026-03-05,0.44873066378668286,7.095054767625776
2026-03-06,0.5118157523496778,8.09251759888829
2026-03-07,0.5077513980564694,8.028254514966177
2026-03-08,0.4982121330746552,7.877425492234089
2026-03-09,0.4863090322340351,7.6892209428589675
2026-03-10,0.47411220930743253,7.496372239529843
2026-03-11,0.5251884306257842,8.303958207734041
2026-03-12,0.5354884533237506,8.466815866119072
2026-03-13,0.5307436289113497,8.391793604915287
2026-03-14,0.5194046339284636,8.212508352299578
2026-03-15,0.5169443897701956,8.173608476598325
2026-03-16,0.5040151613306614,7.969179425310561
2026-03-17,0.49126273351371297,7.767545837318331
2026-03-18,0.490916479918798,7.762071087278568
2026-03-19,0.47859976229684775,7.567326682366091
2026-03-20,0.4683841546730519,7.405803743497214
2026-03-21,0.4618259382949387,7.3021092377819246
2026-03-22,0.45233099919429276,7.151981068768766
2026-03-23,0.44135750360408366,6.978474868974393
2026-03-24,0.430590823597249,6.808238710675419
2026-03-25,0.4203300420452132,6.646001509286066
2026-03-26,0.4121734586333166,6.517034601752363
2026-03-27,0.40482187742814646,6.400795896692247
2026-03-28,0.4098209577312762,6.4798382965121215
2026-03-29,0.40883723111190035,6.464284212951296
2026-03-30,0.3991857248764759,6.311680500175003
2026-03-31,0.3897929708994143,6.1631680198294045
2026-04-01,0.3809701985978748,6.023667741079851
2026-04-02,0.37298870156586844,5.897469192284782
2026-04-03,0.3850245172867346,6.087772148164774
2026-04-04,0.37610667813520016,5.946768730535412
2026-04-05,0.3674828612992014,5.810414213906098
2026-04-06,0.3591500773769306,5.678661331684062
2026-04-07,0.3511006325088691,5.551388433268922
2026-04-08,0.3521088535176827,5.5673298071323405
2026-04-09,0.3514510216282068,5.556928571691161
2026-04-10,0.3795875480054376,6.001806115678438
2026-04-11,0.3809865103252085,6.023925652134582
2026-04-12,0.3786235971139848,5.9865647138307345
2026-04-13,0.37010639597373374,5.851895939365852
2026-04-14,0.3616848439931015,5.718739510904352
2026-04-15,0.38356579217722087,6.064707679034064
2026-04-16,0.40335668516680134,6.377629172912731
2026-04-17,0.43912885865280804,6.943236898265064
2026-04-18,0.4325917005845466,6.839875353663801
2026-04-19,0.44554862917853083,7.0447423828495666
2026-04-20,0.4352268757647563,6.881541131678838
2026-04-21,0.42465776386992576,6.714428799514625
2026-04-22,0.445949263963198,7.0510769749967634
2026-04-23,0.43567022588411514,6.888551112569244
2026-04-24,0.4265650658730883,6.744585892093601
2026-04-25,0.42002936402992064,6.641247372432749
2026-04-26,0.41181457242872843,6.5113601126158045
2026-04-27,0.4021345026578757,6.35830477068961
2026-04-28,0.3926444549135741,6.208253940810929
2026-04-29,0.4835061030050425,7.644902740439585
2026-04-30,0.5235141724791402,8.277485862061605
2026-05-01,0.5293469649786898,8.36971040915022
2026-05-02,0.5409982393158455,8.553933231894623
2026-05-03,0.5273863868386827,8.338710946884426
2026-05-04,0.5139061846654671,8.125570235949862
2026-05-05,0.5008450169179197,7.9190550410309575
